:020000040000FA
:10000000F80B0020690600000D070000E55900000C
:10001000055A0000255A0000655A0000455A0000A4
:10002000000000000000000000000000CD260000DD
:100030000D070000000000000D0700000D07000084
:10004000000000000000000000000000B5320000C9
:10005000000000000D07000000000000000000008C
:100060000D0700000D0700000D0700000D07000040
:10007000000000000D0700000D0700000D07000044
:100080000D0700000D070000000000000000000048
:100090000D0700000D070000000000000000000038
:1000A0000D07000000000000000000000D07000028
:1000B0000D0700000D0700000D0700000D070000F0
:1000C0000D0700000D0700000D0700000D070000E0
:1000D0000D070000000000000D07000000000000F8
:1000E0000D070000000000000D07000000000000E8
:1000F0000D070000000000000000000000000000EC
:10010000000000000D0700000000000000000000DB
:1001100000000000000000000000000000000000DF
:10012000000000000D0700000000000000000000BB
:1001300000000000000000000000000000000000BF
:100140000D07000000015F5F00000000FE0B0000D3
:10015000A927000080060000000000000000000049
:10016000000000000000000000000000401200201D
:100170000000000001015F5F030100001F0100009B
:1001800085040000000000000000000001000000E5
:10019000010000000000000000000000000000005E
:1001A00000000000700000008C5E00008000000075
:1001B000000F000001000000D102000001015F5F9C
:1001C000040100001F010000F30500000000000012
:1001D000000000000000000001000000000000001E
:1001E000000000000000000000000000975E00001A
:1001F000400000000507000001000000DF040000CF
:1002000038B50025054C29462046D4F80024C4F80A
:10021000045405F090FCC4F8005438BD200C0020B4
:1002200013B511460022CDE9002242680346382A60
:10023000046844D194F82820022A19D01AB900F091
:1002400047F902B010BD21482468D0F80404013AEF
:10025000CDE90040082A35D8DFE802F0050A0E1380
:10026000181D22272C006A46184600F02EF9E8E7F0
:10027000184600F018F9E4E76A46184600F016F947
:10028000DFE76A46184600F00BF9DAE76A461846D7
:1002900000F00FF9D5E76A46184600F00DF9D0E7EF
:1002A0006A46184600F00BF9CBE76A46184600F09C
:1002B00009F9C6E76A46184600F00EF9C1E76FF083
:1002C0008000BEE76FF08500BBE700BF200C002078
:1002D0002DE9F04F05680446A1B0002D40F0AA803A
:1002E0002022294602A805F026FC12AF202229462A
:1002F0000AA805F020FC38222946384605F01BFCE8
:10030000E26904F11C039846B2B10426E26A04F1E2
:100310002C03EAB10425EEB96FF08306304621B014
:10032000BDE8F08F002EF1D053F8041D3246013E97
:100330000029F7D01646E9E70326F5E7002DEAD0B5
:1003400053F8041D2A46013D0029F7D01546E2E77F
:100350000325F5E738233A460021606805F028FCBC
:100360003828D9D14FF00109CDE90270334F0DF192
:10037000080A04F1100B4E45D7F800141CD10DF1FA
:1003800028094B46002008EB850EC64533D108B13D
:10039000C7F80014A3683146C7F804340AAA2B46EC
:1003A00002A8FFF73DFF00270646BD4209F10809F4
:1003B00038D1FFF725FFB1E75BF8043FC1F5806254
:1003C000D81C20F00300904204D9FFF719FF6FF00A
:1003D0008C06A3E70844CA19C7F8000449466068B8
:1003E000019205F0E5FB019ACAF80C0009F1010938
:1003F0004AF8082FBFE758F804CFC1F5806A0CF11E
:10040000030222F00302524503F1080305D87818CD
:1004100043E9020C11440120B7E70028D5D0C7F802
:100420000014D2E7394659E90223606805F0D5FB8C
:100430000137BAE76FF0850670E700BF200C002097
:1004400008B528220021024805F075FB002008BDF0
:100450002810002010B5044C0F222046034905F057
:1004600045FB204610BD00BF51100020F6050000DE
:1004700008B50121024803F0F1FA002008BD00BFD1
:100480005010002008B5FFF7DBFF40B9FFF7E2FF8F
:10049000FFF7EEFF18B9BDE8084003F04DBB08BDFB
:1004A0006FF0850070476FF0850070476FF0850032
:1004B00070476FF0850070476FF0850070476FF0F0
:1004C000850070476FF0850070476FF085007047BA
:1004D000D1E9000103F010BB6FF085007047F0B563
:1004E00003680546B3F57D7FA7B007D040F2F5322B
:1004F000934207D06FF0850027B0F0BD01F066FC95
:100500000020F9E700243C22214607A8CDE9024457
:10051000CDE90444069405F00EFB3C22214617A8C1
:10052000169405F008FBEA69019405F11C0302B377
:100530000426EA6A05F12C033AB30424731E012B46
:1005400052D8012C50D80423002168680DEB030217
:1005500005F02EFB04281AD06FF08000CCE7002EA7
:10056000E7D053F8041D3246013E0029F7D0164665
:10057000DFE70326F5E7002CE0D053F8041D224600
:10058000013C0029F7D01446D8E70324F5E7022EF2
:1005900016D16E69402E29D806AF33463A4601215E
:1005A000686805F005FB8642D6D1CDE9027602A93E
:1005B00044B92246019801F0F2FD044620469BE72B
:1005C0000021F5E72B6A402BC6D816AACDE90423F3
:1005D000019804AA01F0E3FDDDE9042304460021AB
:1005E000686805F0FAFAE9E7012085E76FF089000D
:1005F00082E7002070474D62656420544C532033DD
:100600002E352E3000000000000000000000000029
:1006100000000000000000000000000000000000DA
:100620001431000001000000407C00008010002018
:100630004A000000407C0000200C00200000000068
:10064000407C0000000C002000000000A8110020E9
:10065000C4050000200C002018010000000C002040
:100660000800000002F05CBC08B572B61E4A1F4BC1
:100670009A601F4B83F309881E4B83F30A8883F328
:100680000B881D4B16A1D1E90001C3E9000100F060
:1006900089F81A4B1A498B4212D30020194B1A4978
:1006A0008B4218D303F04AF8186850F82240586873
:1006B00040F82240013298688242F5D30C33EAE7D1
:1006C0000022F8E71C6844F8220001325C68A2426C
:1006D000F8D30833E4E70022F8E700BFAFF3008067
:1006E000A5EDF5FEA5EDF5FE0000000000ED00E033
:1006F000F80B002000040020F80B00202806000062
:100700004C0600004C06000064060000EFF3088071
:10071000EFF309812DE9F00F6B46724600F010F9F6
:1007200008B0FFF79FFFFEE708B5EFF31083012B3A
:100730000C4A07D1126ABFF34F8F511C4A424A41FB
:10074000104608BD01F096FB00B172B6126ABFF305
:100750004F8F531C5A425A4101F08CFB0028EFD0B6
:1007600062B6EDE70080FF0008B5EFF31083012BC0
:100770000B4A06D1D269BFF34F8F02F00102104637
:1007800008BD01F077FB00B172B6D269BFF34F8F9D
:1007900002F0010201F06EFB0028F0D062B6EEE735
:1007A0000080FF005D4A10B5D2F8D03043F002035C
:1007B000C2F8D03001F05EFB30B14FF05023002280
:1007C000C3F81421C3F8182101F063FB28B10122FA
:1007D000534BC3F8382AC3F878254FF47F02D2F878
:1007E0003031D2F83421BFF34F8FC3F30B03092B01
:1007F00005D1012A1EBF0122494BC3F8782501F01B
:1008000048FB18B10E22474BC3F8E42E01F032FB2F
:1008100030B10022424BC3F80C270122C3F8102745
:100820000022D30003F57F03D3F80013BFF34F8FEB
:10083000013108D0D3F800130132D3F80433B2F5F4
:10084000807F0B60EDD1EFF31084FFF78DFF002860
:100850004DD0BFF34F8F344BD3F80024012AFBD186
:10086000C3F80425D3F80024012AFBD1012C03D0BE
:1008700001F000FB00B172B6FFF776FF58B12B4ACA
:10088000D36923F00103D361BFF34F8F264AD2F817
:100890000034012BFBD1FFF747FF68B1234A136AED
:1008A00023F0FF0343F020031362BFF34F8F1E4A70
:1008B000D2F80034012BFBD1012C03D001F0DAFA7D
:1008C00000B162B60022184BC3F80425D3F8002407
:1008D000012AFBD1BFF34F8F1049154BCA6802F4B0
:1008E000E0621343CB60BFF34F8F00BFFDE7FFF71C
:1008F0001BFF0028ADD1094BD3F88C2042F4406295
:10090000C3F88C20D3F8882042F47002C3F8882002
:10091000BFF34F8FBFF36F8F10BD00BF00ED00E03E
:100920000040005000A00350009003500080FF00E2
:100930000400FA057C22014905F0D8B8DC18002033
:1009400038B51D46374B384C5B68C3F3080323604A
:10095000EFF30383C4E901206365C2F3801302F05F
:100960000C020C2AE16038D10BB9EFF38981202207
:100970002E48216105F0BAF825B1202229462C48DD
:1009800005F0B4F8274B9A6AA265D96AE165986BBD
:10099000206602F400406066586BA06602F080009A
:1009A000E0669A62D962D3F8E4202267D3F8E810AF
:1009B000616702F04001A167C3F8E42000F06AF823
:1009C0000E211C4801F077FA2268D31E042B1CD894
:1009D000DFE803F0090F1215180013B9EFF388814F
:1009E000C5E70146C3E70C211348BDE8384001F0D4
:1009F00062BA12211148F8E70B211148F5E70D21E1
:100A00001048F2E70E211048EFE70F2A98BF142193
:100A1000BDE8384089BF25210C480D48103A01F047
:100A2000F5BB00BF00ED00E0DC180020F01800204E
:100A3000101900208833000096330000A233000014
:100A4000B4330000BF330000CC330000DA330000C1
:100A5000EE3300002DE9F34106460F460C4DD5F864
:100A60002C80C04710F00104FBD1394630466B6939
:100A7000984740B9C047C307FCD42B6A019302B022
:100A8000BDE8F0411847204602B0BDE8F08100BF44
:100A90001434000010B5094C0020A368984723695E
:100AA00002209847A46A4FF4E1310120A047234671
:100AB000BDE8104001211520184700BF1434000084
:100AC00010B5044C002023699847E368BDE8104046
:100AD000184700BF14340000064B82B0186800238A
:100AE00082B262F30F03000C60F31F43184602B09A
:100AF000704700BF54340000014B1869704700BFB5
:100B000084100020014B5869704700BF84100020FA
:100B100038B50C4D0C4695F8203013B94FF0FF3026
:100B200038BD0A460146284600F06CFF064B984245
:100B300005D00B3B9842F1D100206C61F0E76FF0DB
:100B40000100EDE7841000200B00AD0BF0B51B4E4B
:100B5000054696F820300C4691B01BB94FF0FF3097
:100B600011B0F0BD00F06043B3F1005F21D100236C
:100B70000A460146304600F031FC114B98421AD02B
:100B80000B3B9842EAD1346111E0A71B402F28BFEC
:100B90004027A9193A46684604F0A8FF3946684636
:100BA000FFF7D4FF0028DBD14036B442EDD8002057
:100BB000D6E70026F9E76FF00100D1E784100020A6
:100BC0000B00AD0BC3B2012B10B540F096804DF673
:100BD000C023994270D028D8B1F5615F6FD011D889
:100BE000B1F5965F6DD008D8B1F5966F6BD0B1F5C1
:100BF000166F6BD06FF007005DE0B1F5165FF9D1AD
:100C0000454B33E047F61223994262D007D8B1F53D
:100C1000964F61D0B1F5E14FECD1404B26E0B1F5F4
:100C2000164FE7D14FF41D0320E03D4B994255D0BC
:100C300011D8B1F5E13F54D007D8B1F5614F53D089
:100C4000B1F5963FD6D1374B10E0B1F5613FD1D128
:100C50004FF06C730AE0B1F5612F48D0324B9942E6
:100C600048D0B1F5E12FC5D14FF0E86310F4E06F43
:100C700046D110F4404103D0B1F5804F43D110214B
:100C800010F4405203D0B2F5805F3FD10E2210F431
:100C9000403003D0B0F5403F3BD10120234C2076BB
:100CA0006276E361A1760A4324681043C4F82435D0
:100CB000C4F86C05002010BD4FF46503D6E71C4B4B
:100CC000D4E71C4BD2E74FF49E23CFE74FF41D230C
:100CD000CCE74FF40003C9E7174BC7E74FF0806339
:100CE000C4E74FF0EB73C1E74FF46B03BEE74FF07F
:100CF0007063BBE74FF08053B8E76FF00300DAE7AB
:100D00006FF00800D7E76FF00A00D4E76FF0090032
:100D1000D1E76FF00B00CEE70050270000C0750050
:100D200090D0030000903A0140420F008410002050
:100D300000F03A0000B0130000A04E0010B5114CB6
:100D4000204600F0D5FD0021206884F8201000F036
:100D500047FF226842F30732002A11DB01215309C1
:100D60009B0003F1604303F56143D3F8800202F076
:100D70001F0201FA02F20243C3F88022D3F8803244
:100D8000002010BD8410002010B5264C00212068E2
:100D90008EB000F017FF226842F30732002A12DB00
:100DA000012053099B0003F1604303F56143D3F82D
:100DB000801202F01F0200FA02F221EA0202C3F8D6
:100DC0008022D3F880322422002105A804F0B3FE4B
:100DD000D4E902124FF0FF33CDE90133CDE90333FB
:100DE0004FF0EB730B93072301A88DF8363001F019
:100DF00080F8014600220B4800F03AFA0A4B98426C
:100E00000DD10C9B002023831B0CA3760B9BC4E904
:100E10000400E361012384F820300EB010BD6FF0B0
:100E20000100FAE7841000200000AD0B7FB500251B
:100E30000C46C0F808511646D0F80821D0F8002218
:100E400022F02002C0F80022104AC0F8082301F066
:100E5000A0F8A560256104F14C03D3E8EF1F21F44D
:100E60007F0121F47041C3E8E21F002AF5D110226E
:100E70002946684604F05FFE042368468DF800307A
:100E80000196D4E90013984704B070BD10020A001F
:100E900000F01F03400909D1074A02EB8303D3F88E
:100EA0000012064A0A40C3F800227047002280332D
:100EB00052F82330FFDE00BF00258450F0F8FCFF1D
:100EC0002DE9F04F804690F804A05020664F0E4662
:100ED00000FB0A70416885B049B113F0020304D0E9
:100EE000836B002B00F0B2800123009300E000919F
:100EF0004FF0500909FB0A73DB6CD90600F1A6809C
:100F00004FF0010BB3180293029BB34200F0A7808D
:100F100006F06043039398F80450D8F8004009FBAA
:100F200005739A6B9AB9039BB3F1005F40F0998007
:100F3000019200F0A1FD09FB0572D16C204601F081
:100F4000010100F0F4FF28B900F09EFDE3E7012362
:100F50000193EEE7516C33460029BCBFD4F84C1521
:100F60005164019A42B109FB05713078D1E90E2331
:100F7000D054D1E90E3213441BB1C4F84435C4F83F
:100F800048B50022C4F82021D4F82011C4F8582113
:100F9000D4F85811C4F85021D4F850210822C4F8CC
:100FA0000025009AE2B14FF48003C4F80433C4F87A
:100FB00008B000F069FD502303FB0A725168002954
:100FC0004BD1D26C120748D503FB0A734C33D3E8DC
:100FD000EF1F21F00801C3E8E21F002A36D0F6E730
:100FE000C4F808B0019300F04FFD09FB0572D16C05
:100FF000019B01F001012046019300F098FF844617
:10100000019BD4F84C05D4F84425BCF1000F0DD158
:101010009342F0D005EB850507EB0515D1B100F043
:101020002BFD2946204600F0F9FFC2E705EB8505B8
:10103000934207EB0515F1D10028EFD100F01CFD1C
:101040002946204600F0EAFF00F01EFD074805B0E3
:10105000BDE8F08FC4F80CB0E1E7013654E704486E
:10106000F5E70448F3E700BF581900200800AD0B6E
:101070000000AD0B0400AD0B430904D10123034A6A
:1010800083409360704700239B60FFDE00258450FF
:1010900000F01F0340090BD1084A02EB8302D2F88B
:1010A0000012074B0B4043F00303C2F800327047B5
:1010B0000022803352F82330FFDE00BF0025845029
:1010C000F0F8FCFF2DE9F84391F8303005460C4666
:1010D00090F804800F6853BB5023DFF85091781CC0
:1010E00003FB0893DE6C46F00072DA6404D03846E5
:1010F000FFF7C2FFFFF7CCFF6068411C01D0FFF78C
:10110000C7FE94F82C30012B11D1502303FB089318
:10111000E06846F02066421CDE6401D0FFF7B8FEAE
:10112000A068431C03D0FFF7A7FFFFF7B1FF94F8B7
:101130002F0038B950223D4B02FB0833DA6C42F0E5
:101140008072DA6494F82CC094F82D1094F82EE094
:10115000A26A2B6841EA0C01E668D4E90198C3F859
:1011600024254EEA0102C3F86C2550B9BCF1010FE9
:10117000C3F80C75C3F8149504BFC3F80885C3F809
:101180001065D3F8682503F26458012A08BFDA60B5
:10119000D3F86425012A13D1082149F64046244F8B
:1011A000C3F8001547F001075A60D8F800309BBB20
:1011B0002B68D3F88024C3F880240022C3F80025CC
:1011C00000212B6894F83220C3F81011D3F81001D5
:1011D000C3F82011D3F82001C3F82411D3F8240157
:1011E000C3F84411D3F84401C3F85811D3F8581187
:1011F00043F307335201002BD2B212DB0D49C8185A
:1012000080F800230122580903F01F0302FA03F3B8
:1012100041F82030BDE8F8834020B847013EC4D1F2
:10122000C6E7054903F00F03CA54F3E75819002035
:101230006034000000E100E014ED00E000F01F0366
:1012400040090BD1084A02EB8302D2F80012074B87
:101250000B4043F00203C2F8003270470022803393
:1012600052F82330FFDE00BF00258450F0F8FCFF69
:101270002DE9F3479046502290F80490514C02FB20
:1012800009FA04EB0A070D4697F8481006460029AC
:1012900040F0858009EB890004EB001004F04BFC62
:1012A0002B69AA6944F80A306B69BB6302B1013A41
:1012B000502303FB0943DA632A6A042A81BFEA69DF
:1012C0009A610022DA6195F83130B8F1000F37D019
:1012D00083F001073F0233B1502303FB0943DA6C6B
:1012E00042F00102DA64502303FB09440123C4F8ED
:1012F000048084F848303468D4F84C2112BB294665
:101300003046FFF7DFFE0822002334688DF80730EF
:10131000C4F800250DF10702C4F84425C4F8483587
:1013200001230A25A360E360D4F85831002B38D19B
:10133000254B402043F001039847013DF4D128E0BC
:101340004746C8E708224FF06409C4F800256360E7
:101350001D4B43F0010AD4F84431F3B9D4F82431D9
:10136000DBB94FF42070D047B9F10109F3D14B46F6
:101370000022C4F84C21D4F84C11C4F81021D4F840
:101380001011C4F84421D4F84411C4F80025002BEE
:10139000B5D10E4802B0BDE8F0870123E8E70C485C
:1013A000F8E70023C4F820319845D4F82021C4F888
:1013B0000035084B08BF00231F4333680648C3F8B5
:1013C0000473E7E758190020603400000100AD0BFA
:1013D0000C00AD0B10020A000000AD0B2DE9F04728
:1013E00084460F469E4616460579002A51D04FF096
:1013F000500ADFF8BC80D0F800900AFB058ADAF8C2
:10140000044074B96BB9DAF82C50002D43D1CAF8F6
:101410002C20FFF755FD0446CAF82C502046BDE8A5
:10142000F0871EF0030F07D0734632463946BDE8F9
:10143000F0476046FFF744BD07F06043B3F1005F3B
:101440004FF0500414D104FB058400F015FBE26A50
:101450001AB1134C00F018FBE0E7C4E90A7605EB7B
:101460008505484608EB051100F0E3FD0D4CF1E75A
:1014700004FB0584A36B83B100F0FEFAE36A002B42
:10148000E7D1E36C012243F00203C4E90A76E36486
:10149000E5E7054CC2E7024CC0E7044CBEE700BFDD
:1014A0000B00AD0B0000AD0B0600AD0B0A00AD0B41
:1014B000581900202DE9F84350230679284D046877
:1014C00003FB0653D4F80473DA6AC4F8087322B92C
:1014D0002448C4F80473BDE8F88306EB860005F1E0
:1014E0004C024FEA001802EB0012D2E8EFCF4CF0AA
:1014F000080CC2E8E0CF0028F7D10122E26031B346
:10150000D96C01EA02094946204600F010FD002886
:10151000FAD000F0B1FAB9F1000F1CD1D4F82031A3
:1015200053B10123E360D4F85831002BFBD020469F
:1015300005EB080100F072FD00F0A6FA0023C4F8E4
:101540002031D4F82021502202FB0655EB620648D8
:10155000C4F80473BFE7D4F85831002BE7D1EBE7A8
:10156000581900200500AD0B0000AD0B2DE9F84324
:1015700090F80480484F08EB8806360106F14C05C8
:1015800004683D44D5E8EF3F43F48052C5E8E02FBE
:101590000028F7D1DB047BD4480705D5502303FB93
:1015A00008739B69002B75D03C4B3E44C4F808334C
:1015B0000823C4F800350023C4F81031D4F81021F2
:1015C000C4F84C31D4F84C21C4F844310A03D4F89F
:1015D00044318B0303F4804302F400524903134364
:1015E00001F400410B43D5E8EF2F1A43C5E8E12F82
:1015F0000029F8D14FF0500909FB0879D9F80830D3
:10160000BBB9D9F8043063B9D5E8EF3F23F47F03C1
:1016100023F47043C5E8E23F002AF5D12048BDE835
:10162000F8830321304600F08FFCD9F80830002BF6
:10163000EAD0D4F80433590713D5502303FB0873B9
:101640005A6872B1DB6C1A030BD5D5E8EF3F23F46F
:101650000023C5E8E23F002AF7D10621304600F01A
:1016600073FC502303FB0873DB6CDB0401D40D48CF
:10167000D5E7D4F84C310BB901232360502303FB89
:1016800008735B68002BF2D0044BC4F80433EEE718
:101690000548C4E70548C2E75819002010020A00AF
:1016A0000200AD0B0000AD0B0B00AD0B0800AD0B45
:1016B0002DE9F84F056801F06043D5F804A3B3F1B4
:1016C000005F90F804B089461746C5F808A37CD19E
:1016D0005023404E03FB0B639A6852B15B68002BAA
:1016E0005ED1D5F81021002A5AD0C5F81031D5F8AE
:1016F0001031502404FB0B64E269C4E90297002A0C
:101700003CD00BEB8B0897424FEA081824D24FF0DD
:10171000000B3A46A1694846C4E902BB04F0E6F969
:10172000E269A069D21BC119E26104F0A9F96368FA
:101730006BB1B04449463A46404600F016FCE36CB3
:10174000990404D55A4641462846FFF76FFB2248C4
:10175000C5F804A3BDE8F88F4846A16904F0C6F9AE
:10176000E36963620023E3611C4B9844D8E8EF3FD0
:1017700043F40023C8E8E23F002AF7D1502303FBDB
:101780000B63586ADA689968DB6C121A0144C5F871
:101790003415C5F83825DA04D9D501232B60D6E7EE
:1017A000502303FB0B6633698BB9F36CC5F8349592
:1017B0005B04C6E90497C5F83875C8D5D5F800327A
:1017C00043F02003C5F80032C1E70548C0E70548EB
:1017D000BEE700BF581900200000AD0BA41900207F
:1017E0000A00AD0B0B00AD0B50232DE9F0413C4D31
:1017F00090F80480046803FB0853DB6CD4F8000203
:1018000003F48223B3F5805F68D1D4F80463C4F88D
:10181000086309B9830656D4D4F8003223F02003B4
:10182000C4F800324FF4842308EB8801090101F168
:101830004C072F44D7E8EF0F1843C7E8EC0FBCF173
:10184000000FF7D12AB9502303FB08535B68002B24
:1018500041D1244BC4F8083301236360D4F84431E8
:10186000002BFBD00023C4F84C31D4F84C21C4F831
:101870001031D4F81021C4F84431D4F84431502345
:1018800003FB0853DA6C12F400421FD1DA612046E0
:1018900000F07FFB502303FB08550023AB602B6156
:1018A000D7E8EF3F23F47F0323F47043C7E8E23F18
:1018B000002AF5D126F4202626F404760A48C4F836
:1018C0000463BDE8F0814FF48033ADE7204629443E
:1018D00000F071FBDBE701236360EFE70348F0E70B
:1018E0005819002010020A000000AD0B0500AD0BD6
:1018F0002DE9F8432F4A03680679C3F8082343F318
:101900000733002B04460DDB01215A0903F01F03A6
:10191000994002F12003284A42F82310BFF34F8F69
:10192000BFF36F8F012220461146FFF75DFF0121B3
:101930002046FFF7BFFD50212279204D236801FB8F
:101940000252D46CD3F80C05E201D3F81495D3F805
:101950000875D3F8108509D54FF0FF32C3F80C2570
:10196000C3F81425C3F80825C3F81025A30116D51C
:10197000411C01D0FFF762FCB9F1FF3F02D048469D
:10198000FFF75CFC22010AD5B8F1FF3F02D04046C8
:10199000FFF754FC7B1C02D03846FFF74FFC502366
:1019A000002203FB0653DA6483F848205A60BDE83E
:1019B000F88300BF10034A0000E100E0581900203E
:1019C00010B5502402790B4B04FB02335B686BB9F2
:1019D0000368D3F810211AB9D3F80025082A07D0D4
:1019E00011B1D3F83C350B60034810BD0348FCE748
:1019F0000348FAE7581900200000AD0B0800AD0BB2
:101A00000B00AD0BF7B505461646FFF751FE164B1A
:101A10000446984222D1032128462F79FFF7A6FDDC
:101A2000124B984201D0A0421BD15022104B02FB16
:101A300007335B6893B90C4C284601A9FFF7C0FF38
:101A4000A042F9D1019BB34207D301222846114697
:101A500003B0BDE8F040FFF7C7BE064C204603B018
:101A6000F0BD0446FAE700BF0000AD0B0B00AD0B64
:101A7000581900200800AD0B72B6024A13680133F2
:101A800013607047A8190020034A1368013B1360D4
:101A900003B962B6704700BFA81900200722024BA5
:101AA000C3F80423704700BF00300050084BD3F840
:101AB0000801D3F80021003818BF012080000AB1C6
:101AC00040F00100D3F804310BB140F00200704740
:101AD000003000500022074BC3F80021D3F800115A
:101AE000C3F80421D3F80411C3F80821D3F808314E
:101AF000704700BF0030005000231720094A03F54B
:101B0000C0710133202B42F82100F8D100231720A7
:101B1000044A03F5E0710133202B42F82100F8D18B
:101B2000704700BF0030005010B59DF80840C00B52
:101B300043EA0423064CC90B43EA0213884200D946
:101B400010BDC2B202F5C07244F822300130F5E790
:101B50000030005010B59DF8084000F1604043EAA5
:101B6000042301F16041074C400B490B43EA021387
:101B7000884200D910BDC2B202F5E07244F82230AA
:101B80000130F5E700300050C0F30E03C3F5004309
:101B9000B3FA83F3C3F11B03064AC0F3C730DBB2C9
:101BA00040F4807043F48073C2F80005C2F8043535
:101BB000704700BF0030005043030148184470478D
:101BC000FF1FF81F054BC0F30730090241F0300139
:101BD00000F5007043F82010704700BF003000503F
:101BE000044BC0F30730090200F5007043F82010E1
:101BF000704700BF00300050003A18BF0122003982
:101C000018BF012103688900074841EA42011863AF
:101C100059605A6842F001025A60BFF34F8FBFF318
:101C20006F8F0020704700BF04AAFF0008B5FFF7C0
:101C30003DFF044B162118600348BDE8084000F042
:101C40003AB900BFEC1F0020663400000C220149A5
:101C500003F04CBFEC1F002010B501F010FB044650
:101C600090B901F09FFF044680B90A4A2E21D3683B
:101C7000094823F008031B041B0C43F0BF6343F423
:101C80000033D36000F017F9204610BD45F223540D
:101C9000FAE700BF00ED00E07C340000024B186062
:101CA000024B002019607047FC1F0020F81F002025
:101CB0001FB5374C426923685A6282699A62C269C9
:101CC000DA62026A1A63426A5A63826A9A63C26A71
:101CD000DA63026B1A64426B5A60826B9A60C26B61
:101CE000DA60026C1A61426C5A61826C9A61C26C51
:101CF000DA61026D1A62826D5A65C26D9A65026F71
:101D0000DA65026E1A66826E5A66426F9A66EFF361
:101D100088825A64EFF389829A644268DA64EFF346
:101D200094821A65026801A81A67FFF78FFF23687B
:101D3000019ADA6601221A70164B1C686408640066
:101D40002046214622462346B7EE000AF7EE000A57
:101D5000B7EE001AF7EE001AB7EE002AF7EE002AE7
:101D6000B7EE003AF7EE003AB7EE004AF7EE004A57
:101D7000B7EE005AF7EE005AB7EE006AF7EE006AC7
:101D8000B7EE007AF7EE007A03F089FF04B010BDD9
:101D9000FC1F0020F81F002000B5A1B001A8FEF72D
:101DA000C9FD029B63B15B060AD4019B23F00203C9
:101DB000052B05D1044B1B6813B101A8FFF778FF71
:101DC00021B05DF804FB00BFF81F0020BFF34F8F68
:101DD0000549064BCA6802F4E0621343CB60BFF3C7
:101DE0004F8F00BFFDE700BF00ED00E00400FA05E3
:101DF00038B543680C2B30D14B68042B2DD14FF0F4
:101E0000FF3304680D6821682B6031B3A26822B3E8
:101E10000623012001F08BF9F8B96168104B994253
:101E20000DD9A2680F485318834202D9F43883426F
:101E300010D8206803F05AFE0020286038BD0A4BF5
:101E400099420AD9A26809488B188342F1D9073010
:101E5000814202D906488342EBD90220EEE700BF57
:101E6000FF01FF002C02FF002F01FF003801FF00DF
:101E70004C01FF004FF47F03D3F83001D3F8343125
:101E8000BFF34F8FC0F30B00A0F109035842584134
:101E900070474FF47F02D2F83031D2F83401BFF3EB
:101EA0004F8FC3F30B03092B03D1431E58425841F4
:101EB000704700207047FEF7CDBD012070476FF0DE
:101EC00003007047002382B00193019802B070476D
:101ED0006FF003007047002382B00193019802B0B5
:101EE0007047022814BF6FF0030000207047FEF710
:101EF0002DBE30B501EB8202914200D130BD51F8C8
:101F0000044B04F07F037F2B4FEA144408BF4FF0CB
:101F1000FF33032CF0D8DFE804F002040608036066
:101F2000EAE74360E8E78360E6E7C360E4E7034687
:101F3000D0F8580130B931B9D3F82001003818BFB2
:101F4000012070470120704730B504460D4685B02A
:101F500010220021684603F0EEFDD4E90013684624
:101F60008DF80050984705B030BD7FB504460E4649
:101F7000154600211022684603F0DDFD0123684666
:101F80008DF80030CDE90165D4E90013984704B01D
:101F900070BD10B50446FFF76FFDD4F8583133B16A
:101FA000D4F8043313F4800308BFC4F80035BDE847
:101FB0001040FFF769BD70B50D4604460522AA2101
:101FC000D0F83C65A86903F0B6FD0522AB69C4F8FA
:101FD0003435C4F838250022C4F81021D4F8101183
:101FE0000121E162D4F810110029FBD0C4F84C2182
:101FF000D4F84C11C4F81021D4F81021D4F83C25A1
:102000009642EA6109D15A1E043312F8011FAA2927
:1020100003D19A42F9D10023EB6170BDD0F8583159
:1020200033B1CB6CC3F30032DB0458BFC0F80025DA
:10203000704770B5CE6C0D4606F001010446FFF7FF
:1020400076FF38B94FF4800346F00406EE64C4F816
:10205000043370BDD5E90A365AB1296CEA6B761A99
:10206000964228BF164619443246A86B03F03EFD3F
:10207000AB6B4FF0FF326A641BB1C4F84435C4F84F
:1020800048650023C4F82031D4F82021C4F8583121
:10209000D4F85821C4F85031D4F850310823C4F88A
:1020A00000354FF48003C4F804330123A360D0E764
:1020B000C0037047C00300F5FF407F307047002029
:1020C00070471F2070474FF40040704700F57F4075
:1020D000C03040037047402070475F2070474FF486
:1020E000005070474B6830B513F01F052DD10268C2
:1020F0000C681068C0F30720844226D250685560EF
:1021000094600C7C23F01F0304F001041C438B7CBF
:10211000DB0003F018031C434B7C5B0003F0060359
:102120002343D3608B68013B23F01F04CB685B0023
:1021300003F00E03234343F0010313615060BFF328
:102140004F8FBFF36F8F284630BD0120FCE7036837
:1021500000205A68C9B258609960D86018615A6006
:10216000704770B50546002403681E68C6F307264D
:10217000B44201D1002070BD21462846FFF7E7FF99
:102180000134F5E70020704708B5FFF705FE72B689
:1021900020BFFDE7002070470020704770470B46C6
:1021A00070B5114618B1032806D0032070BD18463B
:1021B000BDE87040FFF71CBE5A68082A01D0022013
:1021C000F4E74C68042CFAD11D684FF0FF330E6819
:1021D000296833600029F2D06B68002BEFD02623EA
:1021E0007422012000F0A3FF0028E8D12246232317
:1021F0000120696800F09BFF04460028DFD1D5E983
:102200000001FFF74BFD30602046CFE730B50C46AC
:10221000154685B038B139B1FFF74DFE041E03DA1B
:10222000204605B030BD044640F60D23ADF80E3013
:1022300009230B4901A805F00F028A5C2D091A54E5
:10224000013B012BF7D147F630030C21ADF80430E8
:10225000FFF731FE0028B4BF04462418E0E700BFB2
:10226000AA34000008B5194B83F30A88184800F017
:10227000F1FF40BBFFF7F0FC28BBFFF783FF10BB6B
:10228000FFF788FFD8B9FFF789FF00F067FA35211B
:102290001048FFF710FE17210F48FFF70CFE18211A
:1022A0000E48FFF708FE00F049FC26210C48FFF716
:1022B00002FE00F03FFA00F0D7FE002008BDFFF755
:1022C0006BFF0028DFD000F02BFEEEE700040020BB
:1022D000AC190020BA340000EF34000006350000CD
:1022E0001E3500002DE9F04F93B00093574B814607
:1022F000D3F800B00BB2002B0D461646C1F30268AE
:10230000C1F3024A04DA6FF0800013B0BDE8F08F29
:102310008B42C36001D10020F7E708EB0A03042BCE
:10232000F1D8CC0F64014FEAC80731463A46DBF8D2
:10233000080044F0020300F0FAFE01460028E2D152
:10234000202202A803F0F7FB3A46314602A84FEAE2
:10235000CA0603F0CBFB32460099DBF8080044F0D4
:10236000060300F0E4FE07460028CCD101462022F7
:102370000AA803F0E0FB324600990AA802AE03F077
:10238000B5FB33460137B84514D91A46BC460DE0B3
:10239000D2F808E0D16818687144884203D25968BD
:1023A00008448645AFD30CF1010C0832C445EFD187
:1023B0000833E7E715F0006F18BF202409F118076C
:1023C00007EB880844F00203474513D1202C26D19F
:1023D000002D02DBC5F3C0456C0109F128050AAEEA
:1023E00005EB8A0A44F0060455451AD1009BC9F84A
:1023F0007C3090E77268DBF8080056F8081B019300
:1024000000F095FE00287FF47EAF56F8042C019B67
:1024100047F8042F56F8082C38633A62D4E70024B2
:10242000DBE77268234656F8081BDBF8080000F06B
:102430007EFE00287FF467AF56F8043C45F8043F61
:1024400056F8083C28642B63CEE700BFB019002083
:102450002DE9F0411F461A4B0D461646D3F8008071
:1024600000F05BFF044608B900F05AFDE368002B5A
:1024700001DA00F055FD032D01D900F051FD04EB08
:102480008504E569E36CED1A16D006233A46314619
:10249000D8F8080000F04BFE08B100F041FDBD4245
:1024A00028BF3D46E36CE16B2A461944304603F0F1
:1024B0001DFBE36C2B44E3642846BDE8F08100BFBC
:1024C000B01900202DE9F0411D461A4B0F46164663
:1024D000D3F8008000F021FF044608B900F020FD89
:1024E000E368002B01DA00F01BFD032F01D900F097
:1024F00017FD04EB8704E36AE26E9B1AAB4201D23C
:1025000000F00EFD02232A463146D8F8080000F0FC
:102510000EFE08B100F004FDE36EE06D2A46314680
:10252000184403F0E3FAE36E00202B44E366BDE8B1
:10253000F08100BFB01900202DE9F04105464FF0B1
:1025400001080E4E0E4B37685C681CB92846376090
:10255000BDE8F0812268936813F400700CD1A36980
:10256000012B09D0D368346023B19847002801DAE1
:1025700000F0D6FCC4F81880246AE6E7B019002001
:10258000B419002038B5044610B96FF0800038BD8A
:102590008368002BF9D01A68002AF6D05D68002DF8
:1025A000F3D00B4BE861A8691D6020B92B68DB688C
:1025B00053B90123AB61A36804F10C001B681B69CC
:1025C000984701232360E2E798470028F1DADCE727
:1025D000B01900204268024B08461A60704700BFDD
:1025E000B0190020002330B505680446AA68C0E988
:1025F000063312F4406F85B01CD012F4006202D092
:1026000000F0C2F90246A96A2B6968460B440731FB
:1026100023F0070321F00701CDE902130093002303
:1026200005490193EB6800F0A9FA684600F058FEEE
:10263000024B1C6005B030BD39250000B0190020E8
:1026400001F00C0370B50C2B0CBF154605464A066D
:102650000C461ED58B0658BF2835AB6913F8026CA3
:1026600084F00803C3F3C003C6F38012934201D081
:1026700000F056FC16F0A00F1ED176B1032E17D035
:1026800032461C210E48FFF7C1FD6FF083032B601B
:102690000CE000F045FC2026E2E700F045FB044694
:1026A000FEF70EFA2146074800F014FE204670BDE2
:1026B000284600F049FAF9E732461F210248E2E7CE
:1026C00044350000F80B002060350000EFF308806F
:1026D0007146EFF30982EFF30B830CB406B4FFF7F6
:1026E000AFFF8646009900F0080001F00801401A8B
:1026F00002DC12DB04B070471EF020031CBF2DE982
:10270000F00FBDF1080D0A4C254626462746A04687
:10271000A146A246A34630B4704704B030BC1EF0B8
:1027200020031CBF1DF1080DBDE8F00F04B0704779
:10273000A5EDF5FE084BDA6882F07F4282F47F0255
:1027400042F48042DA6000221A765A76DA76DA7734
:10275000602283F82220704700ED00E0114BD3F88F
:10276000882042F47002C3F88820BFF34F8FBFF374
:102770006F8FD3F88C2042F44062C3F88C20D3F8DA
:10278000342242F08042C3F83422D3F8342242F09B
:102790003C42C3F834224FF0E022D36843F42003D4
:1027A000D360704700ED00E0009A164B9A4227D1A3
:1027B00001229043014641EC100B41EC110B41EC1E
:1027C000120B41EC130B41EC140B41EC150B41ECDB
:1027D000160B41EC170BEFF3148222F0040282F384
:1027E0001488BFF36F8F024603460446054606462B
:1027F000074680468146824683468446864604478D
:10280000FEE70000A5EDF5FE2DE9F041044618B9FC
:1028100043F6DA30BDE8F0810029F9D0836800255D
:1028200013F4406F14BF01230023134F43F002033E
:10283000DFF848800B6000F13006236AAB4201D814
:102840000020E7E71421A369E26906EB830301FB9B
:1028500002330C226A4399188968090709D59B58E5
:10286000BB4201D04345D3D1186810B10121FFF715
:10287000A9F90135E1E700BFB4100020AC10002039
:1028800070B5324C86B03248FFF76BFC23680125E7
:102890005A1C01932F4B2260DA681B694FF4407673
:1028A000039300232A4801A902920495ADF814600D
:1028B0008DF81630FFF716FC18B143F6DA3006B083
:1028C00070BD23688DF816005A1C0193224B2048D6
:1028D0000293224B01A9CDE903352260ADF81460C3
:1028E000FFF700FC0028E8D123688DF816005A1C79
:1028F00001931B4B164802931A4B01A9CDE90335EE
:102900002260ADF81460FFF7EDFB0028D5D12368F5
:102910008DF816005A1C0193134B0D480293134B6C
:1029200001A903930223049340F201132260ADF83E
:102930001430FFF7D7FB04460028BED12A462946AB
:102940000348FFF759F92046B9E700BFBC1900203A
:10295000A8100020F035000020360000C05E000006
:102960002006000020060000000C0020200C0020A3
:10297000014B1868704700BFF0350000014B1B6821
:1029800018687047F0350000014B1B6858687047A5
:10299000F035000008B5FFF749F9FFF79BF80A4B3F
:1029A0005A68103AD3B2120609D401215A0903F029
:1029B0001F03994002F16003044A42F82310BDE866
:1029C000084000F0ADBA00BF00ED00E000E100E01B
:1029D0000020034BD8765A6A42F470225A6270473C
:1029E00000ED00E00349044BCA68002092B2134393
:1029F000CB60704700ED00E00800FA0500224FF0C0
:102A0000FF300D4B02F1A0010132102A43F82100E2
:102A1000F8D1D3F88022002022F00802C3F88022E7
:102A2000D3F88022D3F8802222F40072C3F88022E7
:102A3000D3F88032704700BF00E100E008B5FFF72F
:102A40002DF80822024BC3F880211A60002008BD2F
:102A500000E100E0064BD3F8D02022F00102C3F8D9
:102A6000D020D3F8D02042F00202C3F8D020704723
:102A700000ED00E037B50124FFF73EF8174D224680
:102A8000052347F6FF7100200094FFF74DF822461A
:102A900007234FF0005012490094FFF75BF8D5E987
:102AA0000101072300220094FFF73EF807230022CC
:102AB0000C490D480094FFF74DF82969E868013981
:102AC000FFF762F8062300224FF4782007490094AC
:102AD000FFF72AF8002003B030BD00BFF03500003A
:102AE000FF7F0020FFFF032000800020FF9F0F00DA
:102AF00038B500240E4D002155F8040B0134FFF7C2
:102B00006FF81C2CF7D10020012240F20111094B73
:102B1000C3F88004C3F88424C3F8C004C3F8C424F1
:102B2000054AC2F840154FF48072C3F8402438BDFE
:102B30008035000000300050009003500122014B0E
:102B40001A607047C019002010B50446094B22894D
:102B5000186861680623806800F0E9FA28B9064B16
:102B60001B68012B01D100F087F86FF0860323600A
:102B700010BD00BFB0190020C01900202DE9F84396
:102B800005461E460068134B9046AA68A0F108044B
:102B900040E90233503890420F4601D200F0C0F9AC
:102BA000A4F1480948220021484602F0C4FF00234E
:102BB00044E9073344F8143C4FF0807344F8043C74
:102BC0006FF0020344E9036744F8208CC5E90093E1
:102BD000BDE8F883A5EDF5FE30B5094C0246616805
:102BE0000023084640B105686D68954205D11BB1C8
:102BF000826860609A60816030BD03468068F1E75A
:102C0000441A002038B504462AB10B689B68DB05DE
:102C100012D5002038BD0B4B1D680DB900F080F9AE
:102C200000222B6899692C338A4203D053F8040F91
:102C3000A04204D19142ECD16FF0FC00EAE70132EE
:102C4000F2E700BFB019002070B504460E461546E5
:102C5000002130220C3002F06EFF064B20461B682C
:102C6000A6606360656100F001FA002320612360C3
:102C700070BD00BFB0190020044B1B681BB11B685E
:102C80000BB1586870474FF0FF307047B019002003
:102C9000064B10B51C680CB900F042F923689B681C
:102CA00013F4406F14BF0120002010BDB0190020A4
:102CB0002DE9F843904607460C46FFF7E9FF024628
:102CC00024B96FF080042046BDE8F8836300F8D58E
:102CD000144B04F01F0153F82150002DF1D02B6844
:102CE00029465868FFF78EFFB0B9C4F3072128467C
:102CF00000F001FB04460028E3D1EFF3108972B61F
:102D000000F0C1F9064689F3108840B142462946D1
:102D1000FFF79AFF3E60D6E76FF08104D3E76FF0CC
:102D20008204D0E7C41900202DE9F04100F0AAF98F
:102D30000023134E134F73607B6000F0E5F8DFF85B
:102D40004880304600F022F80446A8B13946802376
:102D5000424600F07FF80546204600F011FB20684F
:102D600004F10801FFF750FD08B100F0D9F8294639
:102D70002046FFF737FCE4E7BDE8F04100F071B909
:102D8000B4190020441A0020C4190020F8B50546E3
:102D900008B900F0C5F82A4E346814F1290F4CD850
:102DA000284B196804F128038B4246D2236AA26992
:102DB00003EB43030C321344606AE269024402EB02
:102DC000820213449B00E31801D2994201D200F021
:102DD000A7F823681C4A1B0C1B04934201D000F087
:102DE0009FF82388B3F5817F01D300F099F86368D9
:102DF000002B01DA00F094F8144A176807F1240355
:102E00001360134A1268934201D900F089F8236ACB
:102E1000A26903EB43030C32616A1344E2693C602C
:102E20000A4402EB82021344326802EB83026B68AD
:102E300032603B626F603846F8BD0027FBE700BF99
:102E4000C41000201436000000005F5FC010002096
:102E5000103600002DE9F74F0F46904606460093C6
:102E600000B109B900F05CF8D6F800A0DAF8182033
:102E70000AF1300303EB820BDAF81C40204B1D688B
:102E800054B10C2202FB04541C601E4B1B689C4274
:102E900001D900F045F82C4625464FF00009DAF834
:102EA0001C204A4500D91CB9002003B0BDE8F08FB2
:102EB000142303FB09B20023C5E900269268AB6026
:102EC000930516D5B8F1000F02D0009B802B03D0DC
:102ED000019200F025F8019A12F0E00FD0B202D171
:102EE00058F820201AB1019000F01AF8019848F81B
:102EF00020507A6809F10109AA607D600C35CEE79F
:102F0000BC1000200C36000008B5FFF731FD034B64
:102F10009860FFF733FD80F3888808BD00ED02E07C
:102F2000FFF732B98230012808B506D8FFF7B0FEA6
:102F300018B9BDE80840FFF7F3BF08BDF8B506466D
:102F40000D4600F0EAF9044608B9FFF7E9FFA76863
:102F50000FB9FFF7E5FFE368991C20D05A1C21D177
:102F6000A5B315F1820F13D102232360EFF310866E
:102F700072B629462046FFF72DFB054686F31088DA
:102F80002368022B24D1204600F086F82846F8BD9D
:102F900015F1830FEAD0FFF7C3FF0025E6E7022310
:102FA0002360FAE7002BF6DB204600F0DAF93B68F5
:102FB0009B689B0501D50223236015F1810FD5D1B4
:102FC0006369002BD2DBFFF7ABFFCFE73546F4E7B1
:102FD00000232360DAE708B5FFF7D6F86FF0830027
:102FE00008BD2DE9F3410E46174698460546FFF702
:102FF0004FFE00F0A6F92946024601A8FFF758FE49
:10300000044660B943463A4631460198FFF76AF9EB
:10301000044640B16B0002D5019800F03DF820460F
:1030200002B0BDE8F0810198FFF7ACFA0446F6E77C
:1030300040F20110704770B50546FFF729FE0646BD
:103040002846FFF7C9FD044608B9002070BD0146B7
:1030500032462846FFF7D6FD0028F6D12368D86807
:10306000F4E76FF00200704700DF70474FF48050C4
:103070007047B0F5805F03D1EFF30B808038704765
:10308000002070477047EFF30B8000F1800383F35B
:103090000B88704700207047EFF30B83803B83F36E
:1030A0000B88704780EA0000E1EE100A00EE100A7B
:1030B00000EE900A01EE100A01EE900A02EE100AEC
:1030C00002EE900A03EE100A03EE900A04EE100AD4
:1030D00004EE900A05EE100A05EE900A06EE100ABC
:1030E00006EE900A07EE100A07EE900A08EE100AA4
:1030F00008EE900A09EE100A09EE900A0AEE100A8C
:103100000AEE900A0BEE100A0BEE900A0CEE100A73
:103110000CEE900A0DEE100A0DEE900A0EEE100A5B
:103120000EEE900A0FEE100A0FEE900A70472DE98E
:10313000F0410E461546002A4AD0C4074BD480F011
:103140000204C4F34004A40003F00602062A4AD194
:1031500044F0010422462946304602F075FBB8BB14
:1031600046E800F205EB0608100E120208F1FF37E0
:1031700047E800F34FEA136166D51B0264D5884225
:1031800062D046E800F547E800F7FEF798FF2D0EFD
:1031900085424FEA176734D3FEF793FF874230D852
:1031A0002846FEF787FF2246C6F10101014430465A
:1031B00002F04AFB002847D00135AF4218D8384604
:1031C000FEF776FF2246A8EB000102F03DFBD8B3E4
:1031D0000020BDE8F081EFF39484A40004F004041F
:1031E00044F01204B0E7990731D544F00804B1E780
:1031F0002846FEF75DFF0646FEF765FF22460146BC
:10320000D5E7FEF768FF85421ED3FEF766FF8742CB
:103210001AD82846FEF7D0FC2246C6F10101014427
:10322000304602F011FB78B10135AF4203D8384681
:10323000FEF74CFFC6E72846FEF748FF0646FEF7B6
:103240004EFF22460146EBE76FF07F00C1E74CF2EC
:10325000DA20BEE710B50446FFF7FCFBFFF70AFCD7
:1032600010B143F6DA3010BDFFF742FC0028F8D168
:10327000FFF706FB0028F4D102232360F3E708B52B
:10328000FFF7A6FB10B143F6DA3008BDFFF7AAFB43
:103290000028F8D100F01CF80028F4D162B6FDF740
:1032A000F9FBFFF7ABFB0028EDD1FFF7C7FB0028C8
:1032B000EBD0E8E7EFF30880EFF309812DE9F00F99
:1032C0006B467246FDF73CFB08B0FFF763FBFEE779
:1032D0000020704704460D46FFF7E4FEA546284748
:1032E0000368283383F30988836883F30B88BFF36B
:1032F0006F8F4068704703689A68DB6812F4806FCC
:1033000005D18B422CBF00206FF0FA0070478B4232
:103310000CBF00206FF0FA00704710B5FFF7A9FE50
:103320000446FFF7B7FE50B9FFF7A6FCA3685B6839
:103330001B685B68834218BF0024204610BD002430
:10334000FBE738B5054648B100F01BF8B5EBD07F78
:10335000044601D0FFF7E4FD204638BDFFF78CFCA2
:10336000F4E7002310B500F1280252F8041F19B148
:10337000C16F146C19444C600833202BF5D110BD7B
:1033800070474FF0FF307047464154414C20455242
:10339000524F523A2000486172644661756C740D58
:1033A0000A004D656D4D616E616765206661756CE3
:1033B000740D0A004275734661756C740D0A0055F0
:1033C000736167654661756C740D0A0053656375BA
:1033D00072654661756C740D0A005265736572768C
:1033E000656420457863657074696F6E2000506C69
:1033F0006174666F726D2065787465726E616C20A1
:10340000696E7465727275707420284952516E2904
:103410003A200000D90A0000BB1E0000890D000000
:103420003D0D0000E31E0000EF1E0000110B000028
:10343000BF1E0000F90A0000050B0000C50B0000CC
:10344000C51E0000D11E0000D71E0000180000009D
:10345000170002000302020200000000000000004A
:103460000338FDD87047506C6174666F726D2045EB
:103470007863657074696F6E3A0D0A00416C6C2058
:1034800070696E732068617665206265656E206381
:103490006F6E66696775726564206173206E6F6E0A
:1034A0002D7365637572650D0A0030313233343522
:1034B000363738394142434445461B5B313B333450
:1034C0006D5B536563205468726561645D2053656C
:1034D0006375726520696D61676520696E697469DD
:1034E000616C697A696E67211B5B306D0D0A00544F
:1034F000462D4D20466C6F6174204142493A204868
:103500006172640D0A004C617A7920737461636B97
:10351000696E6720656E61626C65640D0A001B5BF5
:10352000313B33346D426F6F74696E672054462DA2
:103530004D2076322E302E302D6E6373321B5B3071
:103540006D0D0A00556E6B6E6F776E2053504D20D7
:10355000535643207265717565737465643A200033
:10356000556E6B6E6F776E20535643206E756D628D
:103570006572207265717565737465643A20000028
:1035800000400050005000500080005000A000504B
:1035900000B0005000E0005000F00050000001506A
:1035A00000100150004001500050015000700150C7
:1035B0000080015000B0015000C0015000D0015007
:1035C00000E0015000F001500000025000100250D5
:1035D00000200250003002500040025000600250B3
:1035E0000080025000A0025000900350002584503B
:1035F0000080000000800000FF7F0F00007C0000C2
:103600000080000000800F00FF9F0F002C120020A0
:0836100014120020000200006A
:10362000009A204B9A4208D110B502F0A7FA02F096
:10363000A9F906BC96460C46744702F0E3FA009AD4
:10364000184B9A4208D110B502F0A4FA02F09AF988
:1036500006BC96460C46744702F0D4FA0CB4029AA3
:10366000104B9A420CD14FF0004319430CBC10B5DB
:1036700000F09EF802F086F906BC96460C467447A8
:1036800002F0C0FA009A074B9A4202D10649086834
:10369000744702F0B7FA009A024B9A4200D174477D
:1036A00002F0B0FAA5EDF5FE801000200348044BAF
:1036B000834202D0034B03B118477047A811002082
:1036C000A8110020000000000548064B1B1AD90F66
:1036D00001EBA301491002D0034B03B11847704717
:1036E000A8110020A81100200000000010B5064C11
:1036F000237843B9FFF7DAFF044B13B10448AFF363
:1037000000800123237010BDC018002000000000BD
:10371000AC5E000008B5044B1BB104490448AFF38C
:103720000080BDE80840CFE700000000C41800207A
:10373000AC5E0000A3F5803A704700BF174B002B2A
:1037400008BF134B9D46FFF7F5FF00218B460F4640
:103750001348144A121A02F0EEF90E4B002B00D057
:1037600098470D4B002B00D0984700200021040003
:103770000D000D48002802D00C48AFF3008002F085
:10378000DBF820002900FEF76DFD02F0C1F800BF54
:10379000000008000000000000000000F80B0020FE
:1037A000A8110020B8280020000000000000000040
:1037B0002DE9F84304460D4616461F46EFF30583F0
:1037C000C3F308030BB1FFF7ABFBDFF834903B46C4
:1037D000204632462946D9F80080FFF702FCD9F886
:1037E00000300446984506D0DB6901461869BDE8FB
:1037F000F843FFF7A3BBFFF795FB2046BDE8F8832E
:10380000B019002001680E4A0346914215D1C169E2
:10381000A2F11022A2F1EF1291420ED18268012A88
:103820000BD8C26812B101698A4206D0586928B122
:103830009B691B1A5842584170470120704700BFCE
:1038400055AA00FF0D4B70B59E68A6B13046FFF734
:10385000D9FF044678B9F3686BB935690DB92046CC
:1038600070BD2846FFF7CEFF28B9EB68B34202D1FE
:103870002E462D69F2E70124F1E700BF4C1A002023
:103880002DE9F041394E3468F368D4B1B468C4B15D
:10389000002861D000295FD001FB00F5B5FBF0F0F6
:1038A000884259D1291D57D8AA070DD025F0030207
:1038B00004321C4603E0616891424FD2A469002C97
:1038C000F9D12046BDE8F0812A46F2E7891A23297A
:1038D00004F12007D4E9050C1AD80123A360A0B194
:1038E000C0F818C0A36903B158610023C4E90533C7
:1038F0003369DB0702D5FFF7A5FFA0BB2A460021ED
:1039000038463C4602F017F9DBE7C6F80CC0E9E799
:1039100002F1200804EB08032039C3E9011E2169E4
:10392000DFF84CE0DC60196144F808E0AEF1102EDD
:10393000AEF1EF1EC3F81CE001B1CB60C3E9050C8A
:1039400040B18361996901B14B6101212361C4E9EF
:103950000121CAE7F360F5E70024B2E7D4F808E0F4
:10396000BEF1000FB2D0012001F0D2FF4C1A0020AE
:1039700055AA00FFF8B5054600283AD0364E336800
:10398000002B36D0B268002A33D0834203D8726845
:103990001344984202D3012001F0BAFFA0F12004A1
:1039A0002046FFF72FFF0028F5D155F8183C012BD2
:1039B000F1D145F8180C55E90570DFB1BB68CBB9FA
:1039C00055F81C2C7B68203213447B60386100B1B1
:1039D000C76020220021204602F0ADF8386908B106
:1039E00083682BB333699B0703D5FFF72BFF0028B0
:1039F000D1D1F8BD40B3836833BB426863681344D8
:103A0000203363600369D4E90521236192B9B9B910
:103A1000426981696261A161A2B19461A26902B146
:103A2000546103B1DC602022002102F084F8D9E760
:103A30003C46E2E79161A1690029E9D04A61E7E7E4
:103A4000F160F8E7F460E9E7F36845F8083C03B192
:103A50005C61F460C6E700BF4C1A002038B50D4623
:103A6000142200210446124802F065F81149124858
:103A700000F02CF8232D1AD914F003031FBF043DC6
:103A8000ED18C3F10403E4182A460021204602F091
:103A900052F8074B094AC3E900459C602260A2F135
:103AA0001022203DA2F1EF126560E261DC6038BDBA
:103AB0004C1A0020753900008138000055AA00FF1B
:103AC000014B1B68184700BFC8100020024B18604C
:103AD000024B002019607047CC100020C810002055
:103AE00010B50A46044619B1024B00211B689847DD
:103AF00010BD00BFD0100020054B0A46197819B13F
:103B00000146181D02F0B8B86FF08800704700BF7A
:103B1000601A002010B5074C00F032F8204602F081
:103B2000BCF8201F0821FFF7DBFFBDE8104002F0C2
:103B3000A0B800BF641A002070B50C4D2B787BB97B
:103B400002F095F8044670B90126281D6E7002F047
:103B500091F8044638B900F00BF8044618B92E70F5
:103B60000024204670BDFFF7D5FFFAE7601A002059
:103B70000122024B002083F880257047681A00203C
:103B8000F8B5074C2025264601272046276202F07B
:103B90005DF8013D04F12C04F7D186F88055F8BD9D
:103BA000681A002010B50C4C236813B10B4B1B682E
:103BB0002BB900F089FC30B90122084B1A600123AF
:103BC0002360002010BD0138062801D9044810BD2B
:103BD000044B53F8200010BD0420002000200020DA
:103BE000FE8FFFFF145D0000144B2DE9F043002809
:103BF00014BF04461C46124F236883B0BB4219D041
:103C000016460D4620464FF4147104F1040900F0E5
:103C100047F804F58E78484600F0CEF8404600F0AC
:103C200019FA2B464A4640460649009600F034FBF6
:103C300008B92760002003B0BDE8F0830820002009
:103C4000A5BCC95A3D3E000070B50D4C1D4600286C
:103C500014BF064626460B4B306882B098420DD101
:103C600006F58E70002633460096144600F03EFBA3
:103C7000002818BF34462C6002B070BD0248FBE734
:103C800008200020A5BCC95AE88FFFFF38B131B128
:103C9000002201440346013081421A70FAD1704774
:103CA00038B131B1002201440346013088421A7014
:103CB000FAD170472DE9F043202B1D460646884671
:103CC00091468BB026D8DBB202AF8DF80480B046A7
:103CD00058F8041B8DF8053021B9404601F038F939
:103CE000044640B9012302224046336001A901F095
:103CF00043F9044638B138462021FFF7D1FF20466A
:103D00000BB0BDE8F0832A464946404601F034F93D
:103D10000446F0E702AF1946104600233A4601F088
:103D2000B1FA04460028E6D12023B9461D46CCE767
:103D30002DE9F041D0F8F830A6B0002BD8BF02AE84
:103D400031DD05460027D0F80C4102AEA4F1010890
:103D50009022D5F8FC403146D0F8000101AB019724
:103D6000B8FA88F8A0474FEA5818044620B9019BD2
:103D700053B9B8F1000F16D030469021FFF790FFED
:103D8000204626B0BDE8F081014632462846FFF7BE
:103D900091FF58B9D5F80431019A1344C5F804319C
:103DA000B8F1000FE8D16FF03C04E5E70446204687
:103DB00026B0BDE8F08100BF70B50025044614228E
:103DC00004F588762946C0F8F850FC3001F0B3FEBF
:103DD00008222946304601F0AEFE144B30461B68DF
:103DE0009847204640F8045B01F098F8104B3046A5
:103DF0001B689847C8B9D4F8F830AB420FDC03EB26
:103E0000830204EB82022021C2F800010120C2E9F2
:103E1000421008490133C2F8FC10C4F8F830064BD0
:103E20003046BDE870401B68184770BDF010002098
:103E3000EC100020214E0000E81000202DE9F04792
:103E4000202A88B07AD83F4B00F5887904461B6851
:103E500048461746884698470546F8B940F2011685
:103E6000D4F8F830002B65D02046FFF761FF0546F7
:103E700038B9D4F8F830002B14DC013EF2D16FF0E1
:103E80003B056E4620213046FFF70AFF2E4B484681
:103E90001B689847002818BF6FF01D05284608B01A
:103EA000BDE8F087D4E94132934203D3D4F80C2122
:103EB000012A02D0013ED7D1E1E71F2BFAD96E4685
:103EC00001462022304604F1040A01F034FE314656
:103ED000504601F07BF805460028D3D1504601F04A
:103EE00031F8504601F01AF82946504601F030F8F2
:103EF00005460028C6D150462022314601F03CF844
:103F000005460028BED1034632462021304601F046
:103F1000B9F905460028B5D1D4F8F8303A46002B57
:103F2000C8BF002340463146C8BFC4F8043101F081
:103F3000DDFDA7E76FF03F056E46A3E76FF03B0599
:103F4000ACE700BFEC100020E810002070B590B086
:103F500000287AD03E4C0D464022362106462046A7
:103F600001F0E9FD40225C21A01801F0E4FD2B1DC9
:103F7000A34203D904F144039D4252D32B68226823
:103F8000534023602B68226C534023646B68626843
:103F9000534063606B68626C53406364AB68A268B3
:103FA0005340A360AB68A26C5340A364EB68E26823
:103FB0005340E360EB68E26C5340E3642B69226991
:103FC00053402361226D2B695340236562696B69FD
:103FD000534063616B69626D53406365AB69A2696D
:103FE0005340A361AB69A26D5340A365EB69E269DD
:103FF0005340E361EB69E26D5340E36500213046D5
:1040000000F0A6FF044628B940223046104900F0CF
:10401000B3FF044640216846FFF742FE204610B039
:1040200070BD631E04F13F01013D1F3415F8010FFF
:1040300013F8012F42401A7011F8012F2878A3427B
:1040400082EA00020A70F1D1D8E76FF07304E5E765
:104050005822002010B54FF49A720021044601F056
:104060006AFD42F21072044BC4F8202104F59670E8
:104070001B68BDE810401847F01000202DE9F04FF4
:1040800004468846914695B0002900F0A780002A92
:104090000CBF0126022600238DF80C30002C00F006
:1040A0009F80DFF844A104AF0AF1400B00212046B5
:1040B00000F04EFF034648B1384620210193FFF738
:1040C000EFFD019B184615B0BDE8F08F4022514628
:1040D000204600F051FF03460028EDD104F1F4051D
:1040E00020222946204600F047FF03460028E3D15E
:1040F0000122204603A900F03FFF03460028DBD140
:10410000022E62D020460CA900F060FF0346002872
:10411000D2D10146204600F01BFF03460028CBD138
:1041200040225946204600F027FF03460028C3D10D
:10413000202220460CA900F01FFF03460028BBD117
:104140003946204600F042FF03460028B4D13946E4
:104150002046FFF7FBFE03460028ADD1202229466A
:10416000204600F009FF03460028A5D120460CA9EF
:1041700000F02CFF034600289ED10146204600F0A7
:10418000E7FE0346002897D140225946204600F01A
:10419000F3FE034600288FD1202220460CA900F010
:1041A000EBFE0346002887D12946204600F00EFF8B
:1041B0000346002880D19DF80C200132D2B2B242D1
:1041C0008DF80C20FFF472AF76E74A464146204650
:1041D00000F0D2FE0346002894D06DE701265AE78E
:1041E0006FF0730304AF67E7582200202DE9F04118
:1041F0000446884615461F46D0F81801E0B013B1B2
:1042000000EB40004008B5F5807F3ED82844B0F56B
:10421000C07F3AD84FF4C0720021684601F08BFC91
:104220006946D4F82431D4F81821D4F828019847E5
:1042300070BBD4F8186157B1D4E9493072080DEB5E
:104240000601984720BBD4F8183106EB5306B8F1A5
:10425000000F00D08DB9324669462046FFF70EFFA9
:10426000054610B90123C4F8143131466846FFF7FA
:1042700017FD284660B0BDE8F0810DEB0600414611
:104280002A462E4401F032FCE5E76FF00405F0E722
:104290006FF00805EDE700BF2DE9F047044604F193
:1042A000F4050F4691461E46DDF8208000F036FEEC
:1042B00029462046FFF74AFE08B1BDE8F0872846A8
:1042C0002022012101F037FCD4F81831C4F8247100
:1042D000C4F8289113B92023C4F818314246314656
:1042E0002046BDE8F0470123FFF780BFB2F5806F9D
:1042F00000F295802DE9F04F89B09A46129BB3F5F4
:10430000807F00F29080D0F82431164604460F4694
:104310004BB3D0F81C31012B05D0D0F81421D0F8C4
:1043200020319A421FDD514600232046129AFFF7A2
:104330005DFF014698B900231293002E5ED0DFF88E
:10434000EC9009F1400B0021204600F001FE202EE8
:104350003546014628BF202504F1F40890B10846EF
:1043600009B0BDE8F08FBAF1000FE6D0129B002B28
:10437000E1D051461A462046FFF780FE014600284C
:10438000DBD0ECE749464022204600F0F5FD01462F
:104390000028E4D141462022204600F0EDFD0146F0
:1043A0000028DCD16946204600F010FE01460028B6
:1043B000D5D1204600F0CCFD01460028CFD159468A
:1043C0004022204600F0D8FD01460028C7D16946AA
:1043D0002022204600F0D0FD01460028BFD14146F2
:1043E000204600F0F3FD01460028B8D138462A46A1
:1043F000414601F07BFB761B2F44A4D15146204659
:10440000129AFFF73BFE01460028A8D10846D4F8CF
:1044100014310133C4F8143109B0BDE8F08F6FF0E6
:104420000201084670476FF0040198E75822002007
:10443000002130B58DB0282202A8019101F07BFB4C
:1044400002A800F047FF044610B120460DB030BD71
:10445000174D4FF0FF31286800F042F9044620B1B3
:10446000144800F0D3F9012C18D0002000F068F9AE
:10447000D0B9114A02A901A800F0C4FC04460120E9
:1044800000F05EF960B9286800F032F90028DCD04D
:104490000A4800F0BBF920460DB030BD0524F2E714
:1044A000074800F0B3F9EEE7064800F0AFF9E0E79F
:1044B000D4100020305D0000D8220020885D00006C
:1044C000685D0000485D000030B583B000F05CF826
:1044D00028B100F0ABF80324204603B030BD00F053
:1044E00077F8D8B900F02CF9E0B9224CD4F8283983
:1044F0001B0EF02B0AD1D4F8242A1F4B9A4231D03C
:1045000000F044F8072400F091F8E5E7062400F0F5
:104510003DF800F08BF8204603B030BD042420465F
:1045200003B030BD00F032F800F080F8FFF780FFF4
:10453000044698B9114D2B68002BCDD10246014697
:10454000FFF752FB50B968220D4901ABFFF77CFB26
:1045500020B920460B4B2B6003B030BD052420460C
:1045600003B030BD012000F0EBF80028DAD1C4F828
:104570000C0ADBE7001084500000E020F824002043
:10458000FC2400205AEA5A5A002070470020704745
:10459000430504D54FF0FF32034BC3F80821024B0B
:1045A000C3F8080A704700BF00108450014BC3F8DD
:1045B000040A70470010845008B100F06BB84FF443
:1045C0007500704708B100F04FB84FF475007047A0
:1045D00010B5114800F070F800B110BD0F4800F0A0
:1045E0006BF80028F9D10E4C204600F065F8002841
:1045F000F3D10C4B0C481C6000F05EF8014600281B
:10460000EBD100F02DF8044608B1204610BD00F0B3
:1046100079F82046FAE700BFE4100020E0100020FF
:10462000DC100020D4100020D810002008B5084865
:1046300000F04CF8074800F049F8074800F046F849
:10464000064800F043F8BDE8084000F00BB800BF92
:10465000E4100020E0100020DC100020D810002022
:1046600000207047704700BF024610B4084CD4F8D1
:10467000003A1342FBD021B1D4F804310B60C4F8E6
:104680000831034B0020C3F8082A5DF8044B70473B
:1046900000108450044AD2F8003A1842FBD0C2F805
:1046A000080A0020704700BF0010845001F0E8B9EC
:1046B0000A46002101F03FBA08B5034B02681B68A7
:1046C00010689847002008BD1011002008B5034B62
:1046D00002685B6810689847002008BD1011002030
:1046E000024B02689B681068184700BF1011002039
:1046F00008B5034B0268DB6810689847002008BDC6
:104700001011002070B5094C094D2069AB6898471D
:1047100018B1084B08485B6898470021074AEB68C6
:1047200011602069BDE87040184700BFFC100020F0
:1047300010110020F4100020A05D0000642500206E
:10474000F8B51A4D1A4E0446B26828699047E8B980
:10475000184F3B684CB1A3B1012B19D0013B3B6012
:104760002869F36898470020F8BD43B90121124A2F
:10477000C2F800151149D1F81029002AFBD10133E4
:104780003B60F368286998470020F8BD0C48F8BDE5
:104790000A4AD2F81039002BFBD1074A6FF07E404D
:1047A000C2F80035FFF702FF3B68D7E7FC10002096
:1047B0001011002064250020000084500010845057
:1047C000E98FFFFF014B1B68184700BF1011002045
:1047D000014B9B68184700BF10110020014BDB689C
:1047E000184700BF10110020BFF34F8F0549064B3B
:1047F000CA6802F4E0621343CB60BFF34F8F00BF7F
:10480000FDE700BF00ED00E00400FA0530B44FF012
:10481000FE320025074B084C08494968C3F80024BC
:10482000C3F80424C3F80824C3F80C24C4F80055C2
:1048300030BC08470010845000008450F410002061
:1048400010B5044650B1636813F0685F05D0064A9E
:10485000934202D000236260236010BD034B0448E2
:104860005B689847EFE700BF2C5F5CA9F41000205D
:10487000C05D0000C8B143680D4A934213D013F0E5
:10488000685F0ED0012350E8002F194640E8001C55
:104890009CF0000FF7D1012AF5D0BFF35F8F002005
:1048A000704704487047044870476FF4E040704711
:1048B0002C5F5CA9E98FFFFFEA8FFFFF034680B101
:1048C000426809498A420AD012F0685F05D0BFF3F6
:1048D0005F8F002210461A607047044870470448F2
:1048E00070476FF4E04070472C5F5CA9E98FFFFFD1
:1048F000EA8FFFFF10B5044620B10023034A23606E
:10490000626010BD0248FFF781FFF6E73A00003A07
:10491000E85D00002DE9F047002878D00C4600291A
:1049200075D01D46002B72D007461AB10122002314
:104930002A6003602B68002B64D02946204600F0D3
:10494000B7FD804600285FD12146286800F096FD1B
:104950008046002858D12B68082B6CD0042B6DD0D2
:10496000A3F10209B9FA89F94FEA59190121354E23
:10497000C6F8C411C6F84011C6F8C411636AC6F877
:104980003031D6F830219342F6D14FF0000A4FF083
:10499000FF30C6F82CA1FFF7FBFD6FF01B0350465C
:1049A000C6F80031FFF702FEC6F80C91D6F8040AEB
:1049B00040F48060FFF7FAFD0A23C6F83831089BFF
:1049C000012B29D02369204AA2FB03231B09626A19
:1049D000404602FB03F303EB43031A4ADB039B0944
:1049E000C2F8D8310123C2F82C313B682A6823F081
:1049F0007F4343EA02633B602A6843EA02233B6049
:104A0000BDE8F087DFF844804046BDE8F087DFF876
:104A100040804046BDE8F0874FF47F03D3F80C2C6C
:104A2000013206D0D3F80C3C074AA2FB03231B0932
:104A3000CDE71623CBE74FF0030997E74FF00209C4
:104A400094E700BF00108450ABAAAAAA310CF10071
:104A5000350CF10058B34B1EB3F5047F27D230B5A7
:104A60004FF0000ECD00744671464B0901F01F0C4B
:104A700050F82330BCF11F0F23FA0CF306D003F0DB
:104A8000010319B901211C468E46EEE79C4201F153
:104A9000010106D01C464FF0010EA942E5D10020CD
:104AA00030BD0EF1010E9645F7D1024830BD0148E8
:104AB000704700BF360CF100C0B32DE9F0434C1E27
:104AC000B4F5047F1DD2E3B1DAB100252E46A84625
:104AD0002C46CF0003F1FF394FEA541C04F01F0E9F
:104AE00050F82C10BEF11F0F21FA0EFC0CD00CF068
:104AF000010C4CB90126E04634463546ECE79642B7
:104B000016D90C48BDE8F083AB420BD0C44508BFB2
:104B10000136A945F3D001350134BC42DCD1002077
:104B2000BDE8F0830125E0462E46F5E701487047D1
:104B30001D46F1E7370CF1002DE9F04F91B08346A7
:104B4000DDE91B460D46002E6ED10F691C60002367
:104B50001A990B60002A00F02F819D4B6A6AD3F8E6
:104B60003811D3F830319A4269D10A2967D19BF8BC
:104B70000330089304F10803079304230593954B2E
:104B8000934CA3FB07239B0803EB4303A7EB4303CF
:104B9000039306971A9B069E1E60002E00F0EA8083
:104BA00000F096FC00230993BBF1000F00F0D580C4
:104BB00098464FF0010ADDF81C90002D00F0CD80E2
:104BC000089B002B3DD0284608A900F071FC002866
:104BD00039D0814B984220D0089B082B00F0E4800C
:104BE00000225B000893294608AB58460092FFF765
:104BF00091FE7A4B984200F0D38070B9DBF8002028
:104C0000130A03F47F03134323F07F43CBF80030F0
:104C1000059B013B0593BDD10020039000F058FC9B
:104C2000039811B0BDE8F08F4FF47F01D1F80C0C60
:104C300001300CBF4FF40477D1F80C7C86E768484C
:104C4000EBE76648C5E72946089800F017FC0028FE
:104C5000BFD1089B082B00F0A980042B00F0A9808D
:104C6000A3F10203B3FA83F35B090493C4F8C4A16C
:104C7000C4F840A1C4F8C4A16B6AC4F83031D4F8B8
:104C800030219342F6D100234FF0FF30C4F82C318D
:104C9000FFF77EFC002318466FF01B03C4F80031B9
:104CA000FFF784FC049B4B4FC4F80C31D4F8040A82
:104CB00040F48060FFF77AFC0A23C4F838312B698E
:104CC00009A8A7FB03236A6A1B0902FB03F303EB92
:104CD0004303DB039B09C4F8D831C4F82CA1DBF8EB
:104CE0000030089923F07F420B0243EA016313432B
:104CF000CBF8003000F0B2FB099B03F01A0303432A
:104D00007FF46AAFA7FB0637D4F81431B8EB970FDE
:104D10000A93D4F818310B93D4F81C310C93D4F8BF
:104D200020310D93D4F824310E93D4F828310F9309
:104D300001D1039B9BB9484618220AA9183EFFF7E8
:104D4000B5FC09F1180908F101089EB100F0C0FB9B
:104D500000230993002D7FF433AF224839E74846FA
:104D60001A46F61A0AA9994408F10108FFF79EFCB1
:104D7000002EEBD1069F079E6A6939463046FFF741
:104D800069FEAA6940B94FF4806339463046FFF79F
:104D900093FE00283FF440AF00231A9A136018E7EF
:104DA0002B6A002B3FF439AF0F4836E703230493F7
:104DB0005CE70223049359E70122294658460096EE
:104DC00008ABFFF7A7FD00283FF4D4AE25E700BFEE
:104DD00000108450ABAAAAAA020CF100310CF10019
:104DE000300CF100350CF100320CF10030B4DDE98B
:104DF000023402940024049DCDE9035430BCFFF733
:104E00009BBE00BF30B51546012487B005AB0093AB
:104E10000022CDE9015404ABFFF78EFE07B030BD90
:104E2000F0B587B0002966D01E46002B63D014462B
:104E3000002A60D0314F0D4638684FF0FF31FFF740
:104E40004FFC00284DD10020FFF77AFC002844D108
:104E50002B4800F03FFAD8B101204FF0FF35FFF7A3
:104E60006FFC002835D14FF408712648FEF70EFF7D
:104E700004212548FEF70AFF21482821FEF706FFF6
:104E80003868FFF735FC00282FD1284607B0F0BD61
:104E90001C4A0346029205AA019204AA03900092BA
:104EA000174902461848FFF7A1FF03460028D3D14F
:104EB00028461D46059B22469C4228BF1A46049957
:104EC00032600831FFF7F2FB0120FFF739FC0028C0
:104ED000C9D00E48FFF79AFCC5E70D48FFF796FCCE
:104EE000B6E70C48FFF792FCADE70B48FFF78EFCE6
:104EF000284607B0F0BD4FF0FF35C6E7D4100020BC
:104F00007C250020A425002078250020685D000075
:104F1000485D0000305D00000C5E000010B50446E6
:104F200028B12046BDE81040F421FFF7C1BB04487A
:104F3000FFF76CFC2046BDE81040F421FFF7B8BB3A
:104F4000245E000010B1F421FEF7A0BE704700BF40
:104F500008B521B1012908D06FF0360008BD012144
:104F600000F058F80028F7D108BD022100F052F8EF
:104F70000028F9D0F0E700BF30B505468818B0F535
:104F8000801F0B461446A1B001D8802A0CD9B3F576
:104F9000801F17D922461946284600F07DF804469E
:104FA00084B9204621B030BD6846FFF77FFB22461A
:104FB0006946284600F070F8802104466846FFF7ED
:104FC00077FBEDE76FF03604EBE700BF70B5E8B1B3
:104FD0000E46D9B1044600F031F80546B0B9236851
:104FE000012B0BD0022B01D0284670BD1C2230466D
:104FF00004F10801FFF75AFB284670BD2022304615
:1050000004F10801FFF752FB284670BD6FF036052A
:10501000EAE700BF78B138B50D46F0210446FFF746
:1050200047FB402320462560E36500F091FA0038F5
:1050300018BF012038BD0120704700BFF0B5056ED4
:10504000A5B0044604AEE5B900230127019330461C
:105050006760294602AA009300F046FA10B10120C9
:1050600025B0F0BD2A46204602A900F099FA002892
:10507000F5D1204600F0AAFB0028F0D1206625B02B
:10508000F0BD802D2A46304628BF802204F16401FD
:10509000FFF70CFB256ED7E7002800F0AE802DE966
:1050A000F04F1446A5B0002A3DD00F46002949D044
:1050B000B2F5803F0546006E20D34FF6FF7805F12C
:1050C000640AEB6D1A1AB2FBF3F103FB1122002AFA
:1050D00065D18342B9464FF6FF7672D0B6FBF3FB3B
:1050E00003FB0BFBBBF1000F30D1002E45D1A4F523
:1050F0007F44FF3CB4F5803F4744E2D2EA6D161A84
:10510000B6FBF2F302FB1366A64228BF2646002E2A
:1051100075D1824200F08D80B4FBF2F602FB06F6F8
:105120002EB9002C79D1002025B0BDE8F08F0023E6
:1051300031463846CDE9003302AA00F0D5F90028FF
:1051400000F09580012025B0BDE8F08F002359467E
:105150004846CDE9003302AA00F0C6F90028F1D193
:105160005A46284602A900F01BFA0028EAD1A6EB0D
:105170000B06286ED944002EB9D019304946324664
:1051800005EB8000FFF792FAA4F57F44286EFF3C00
:105190003044B4F5803F4744286692D2AEE742459A
:1051A00028BF4246164639465044FFF77FFA286E1C
:1051B000EB6D3044834207EB06092866A8EB060630
:1051C0008CD1802B28BF802351461A4604A8FFF7B4
:1051D0006DFA0023E96D02AACDE9003304A800F0BE
:1051E00083F90028AED12846EA6D02A900F0D8F96B
:1051F0000028A7D1EB6D286670E70120704705F104
:105200006403394632461844FFF750FA286EEA6DB7
:105210003044A41B374428667BE72B6E22461933A3
:1052200005EB83003946FFF741FA2B6E23442B66CA
:1052300079E7802A28BF802205F1640104A8FFF7DE
:1052400035FA0023E96D04A8CDE9003302AA00F085
:105250004BF900287FF476AF2846EA6D02A900F0EA
:105260009FF900287FF46EAFEA6D286654E7324656
:10527000284602A900F094F900287FF463AF374470
:10528000A41B4EE7F8B51C460546114816460F46C6
:10529000FFF744FE21460E48FFF75AFE044620B1B0
:1052A0000B48FFF74FFE2046F8BD3A46294608480E
:1052B000FFF762FE04460028F2D131460448FFF7AA
:1052C00085FE04460248FFF73DFE2046F8BD00BFBC
:1052D000C42700201C2370B582B001A905460193A4
:1052E00000F032F8044638B9019B1C2B07D0144C4F
:1052F0001C212846FFF7DCF9204602B070BDD5E935
:105300000112131E18BF0123003918BF0121012605
:1053100028689B00EA6843EA4103002818BF43F06D
:105320000103EE612AB9C5E90834002BE4D1054C2C
:10533000DEE7204643F00803C5E9083402B070BD3B
:10534000370CF0000E0CF0000346002866D0002950
:1053500064D00A681C2A61D14FF47F023B49D2F81D
:10536000100C88425CD0D2F8101C013158D0D2F811
:10537000101C4FF47F021960D2F8140C3449884293
:1053800060D0D2F8141C01315CD0D2F8141C4FF458
:105390007F025960D2F8181C11F5947F4FD0D2F8D3
:1053A000181C01314BD0D2F8181C4FF47F029960C1
:1053B000D2F81C0C274988423ED0D2F81C1C01317F
:1053C0003AD0D2F81C1C4FF47F02D960D2F8001CEE
:1053D00070312FD0D2F8001C01312BD0D2F8001C34
:1053E0004FF47F021961D2F8041CAF3120D0D2F8FB
:1053F000041C01311CD0D2F8041C4FF47F02596107
:10540000D2F8080C144988420DD0D2F8081C01319A
:1054100009D0D2F8082C00209A617047012070470B
:1054200040F6FC01A5E740F2373200209A61704750
:105430005121E2E79021D3E742F60411C3E740F699
:10544000D861B2E742F2D001A1E700BFFCF8FFFF4C
:10545000D020FFFF0429FFFF37F3FFFF014608B507
:105460004FF48060FFF7AEF80022034BC3F8C82169
:10547000C3F82C2108BD00BF001084500138072854
:1054800005D8DFE800F0100E040A040404060748FB
:105490007047CB6800204B6270478B6800204B62DE
:1054A00070474B68F6E70B68F4E700BF310CF1007A
:1054B0000B6802E0082B0B6006D8026A13424FEA21
:1054C0004303F7D00020704700487047310CF100CB
:1054D0000022044B4FF48060C3F82C21C3F8C42190
:1054E000FFF756B800108450F0B5002483B0B0F137
:1054F000005F8DF8074025D38C468444BCF1804F73
:1055000004461FD817461D4601220DF1070300F07F
:1055100097F90646B0B99DF80730099A3C603B718F
:1055200092B14DB10246089928460DF1070300F0EB
:1055300087F938B99DF807303046099A156013711C
:1055400003B0F0BD4FF47506304603B0F0BD00BFA8
:10555000D8B108B50368012B04D0022B0FD043B19A
:105560000B4808BD20220B490830FFF79FF80020A8
:1055700008BD142208490830FFF798F8F7E7202201
:1055800006490830FFF792F8F1E74FF473007047CF
:105590000100F300345E0000745E0000545E000001
:1055A0002DE9F843002900F0F9800446002800F0B6
:1055B000F98003680F469046002B00F0C380013B42
:1055C000012B00F2D7804FF0FF3178484FF00209ED
:1055D000FFF786F8002840F0BF800020FFF7B0F802
:1055E0000646002840F0C280714AD2F81C39002BD0
:1055F000FBD16F4DD5F8203C002BFBD14FF0FF3095
:10560000FEF7C6FFD5F8040A20F04000FEF7CEFFF3
:1056100001230722C5F81838C5F80029C5F8C43792
:10562000A36CC5F8CC37E36CC5F8D037C5F8C09784
:1056300023685BB1013B012B18D8636AC5F85C365F
:10564000236AC5F85836E369C5F85436A269584B41
:10565000C3F850266269C3F84C262269C3F848266D
:10566000E268C3F84426A268C3F84026504AD2F83C
:105670001039002BFBD1B8F1000F5FD063684020D8
:10568000012B08BFC2F884363A68494BC3F8282C6E
:10569000C3F82C8CFEF790FF0646454AD2F8103925
:1056A000002BFBD1424AD2F8203C002BFBD12368CF
:1056B0005BB1013B012B18D8D2F85C366362D2F89B
:1056C00058362362D2F85436E361394BD3F850266A
:1056D000A261D3F84C266261D3F848262261D3F840
:1056E0004426E260D3F84036A36000230121304A0B
:1056F000D2F8CC07A064D2F8D007E064C2F8C4178F
:10570000C2F88436C2F8C837D2F81039002BFBD162
:10571000C2F81838002E3BD1254BD3F8040A40F0CC
:105720004000FEF743FF0120FFF70AF860BB1F4867
:10573000FEF7DEFF10BB3046BDE8F8830423C2F855
:10574000C837AAE74FF0FF3118484FF00109FEF7BC
:10575000C7FF00283FF441AF1648FFF757F8002075
:10576000FEF7EEFF064600283FF43EAF1248FFF773
:105770004DF839E7114E3046BDE8F8831048FFF781
:1057800045F83046BDE8F8830E48FFF73FF8CEE70E
:10579000102104F10800FEF78BFFBDE70A4E3046EA
:1057A000BDE8F8834FF47306C5E700BFE41000209E
:1057B00000108450305D0000485D00000100F300DF
:1057C000885D0000685D00000300F300A0B303469D
:1057D00070B4D0E90240D3E9041226BA05BA0CBA73
:1057E00010BAC3E90440D3E90612986A09BAC3E9BA
:1057F000026512BA996100BAD3E9084125BA0CBA18
:10580000C3E90725D3E90B12C3E9094009BAD86BEC
:1058100012BAD962D3E90D4125BAC3E90C250CBAF5
:1058200000BAD3E9101209BA12BAC3E90E401964DA
:1058300000205A6470BC70474FF47300704700BF7B
:1058400000201870704700BF431810B501D21F2AFE
:1058500001D9002010BD013902F014030144102BBE
:1058600080EA01043CD009DC8BB1042BF1D11F2C60
:1058700040E840F315D941E840F10EE0142BE8D19F
:105880001F2C40E8C0F30CD941E8C0F105E01F2C03
:1058900040E800F305D941E800F11C460B468C4274
:1058A000D7D122F01402013A0A2AD2D801A151F824
:1058B00022F000BF03590000FD580000EF5800001F
:1058C000535800005358000053580000535800002C
:1058D0000959000003590000F7580000EF58000074
:1058E0001F2C40E880F3DCD941E880F1D5E713F4C0
:1058F000001FAFD1ADE713F4801FFAE75B02A9D513
:10590000A7E713F4002FF4E713F4802FF1E700BFAB
:1059100008B5074B044613B10021AFF30080054BD7
:105920001868836A03B19847204600F029F800BF41
:1059300000000000885E000070B50D4D00260D4C83
:10594000641BA410A64209D10B4D00260B4C00F09D
:10595000D5F9641BA410A64205D170BD55F8043BCF
:1059600001369847EEE755F8043B01369847F2E7D1
:10597000A0110020A0110020A0110020A4110020DF
:10598000FEE700BFB7EE000AF7EE000AB7EE001A16
:10599000F7EE001AB7EE002AF7EE002AB7EE003A4B
:1059A000F7EE003AB7EE004AF7EE004AB7EE005ABB
:1059B000F7EE005AB7EE006AF7EE006AB7EE007A2B
:1059C000F7EE007AF1EE10CA40F29F01CFF200012B
:1059D0003CEA010CE1EE10CA002383F30088704713
:1059E000FDF79EBAEFF30880EFF309812DE9F00F80
:1059F0006B467246FAF7A4FF08B0FFF7F1FFFEE727
:105A0000FDF78EBAEFF30880EFF309812DE9F00F6F
:105A10006B467246FAF794FF08B0FFF7F1FFFEE716
:105A2000FDF77EBAEFF30880EFF309812DE9F00F5F
:105A30006B467246FAF784FF08B0FFF7F1FFFEE706
:105A4000FDF76EBAEFF30880EFF309812DE9F00F4F
:105A50006B467246FAF774FF08B0FFF7F1FFFEE7F6
:105A6000FDF75EBAEFF30880EFF309812DE9F00F3F
:105A70006B467246FAF764FF08B0FFF7F1FFFEE7E6
:105A8000814270B40546144602D370BC00F02EB8B3
:105A9000821821443CB141EA020313F003030FD101
:105AA000E018032812D86FF00300A3084343002036
:105AB00019441A442344984210D1284670BC7047B8
:105AC00011F8013D013C02F8013DE3E7581850F898
:105AD000046C981840F8046C043BE1E70C1A14F8C5
:105AE000016C141A04F8016C0130E4E770B5044647
:105AF0003AB141EA040313F003030CD1D518032D86
:105B00000FD822F003031C441944002302F00302BF
:105B100093420CD170BD11F8013B013A04F8013BEE
:105B2000E6E7CD1A2E68E51A2E60043BE6E75D5CD9
:105B3000E5540133ECE7F0B5044662B922F0030303
:105B4000234402F003021A44934214D1F0BD04F836
:105B5000011B013AF1E7A307F9D115460B0443EA0B
:105B600001630B4343EA01231619032DE6D9771B82
:105B70003B60043DF9E703F8011BE5E708B5EFF3E7
:105B80000583C3F308030BB1FDF7CAF9BDE808406C
:105B9000FDF74EBA10B50446EFF30583C3F30803CF
:105BA0000BB1FDF7BDF92046BDE81040FDF743BA43
:105BB0002DE9F04104460D4616461F46EFF30583D6
:105BC000C3F308030BB1FDF7ABF93B463246294658
:105BD0002046BDE8F041FCF73BBC2DE9F04104460E
:105BE0000D4616461F46EFF30583C3F308030BB1BA
:105BF000FDF796F93B46324629462046BDE8F0417E
:105C0000FCF760BC08B5EFF30583C3F308030BB1E1
:105C1000FDF786F9BDE80840FDF7DDB900207047C3
:105C2000704710B5044608B1FDF75AFF2046BDE89D
:105C30001040FDF745BF10B50446406A10B1A16A97
:105C4000FFF7EFFF0020C4E9090010BD38B5044696
:105C5000FFF7F1FF236A2C22012B0CBF05466FF0E2
:105C6000960500212046FFF766FF284638BD002034
:105C7000704770470020704713B5002001AB1446F1
:105C8000FDF7E2FF30B9019BA34218BF6FF093000C
:105C900002B010BD6FF09200FAE7002070472DE9C6
:105CA000E04F2746A046A146A246A346A4462DEDB6
:105CB000108B4FF0000545EC185B45EC195A45EC8C
:105CC0001A5A45EC1B5A45EC1C5A45EC1D5A45EC3A
:105CD0001E5A45EC1F5AF1EE105A4FF66076C0F688
:105CE000FF763540E1EE105A84F3008825462646BB
:105CF000A447BDEC108BBDE8E08F0000F8B500BFF5
:105D0000F8BC08BC9E467047F8B500BFF8BC08BC9C
:105D10009E467047FF8FFFFFFF8FFFFFFE8FFFFF45
:105D2000FE8FFFFFFD8FFFFFFC8FFFFFFC8FFFFF4C
:105D30004661696C20746F206163717569726520BA
:105D40006D757465780A00004661696C20746F2077
:105D5000696E63726561736520504D20636F756E67
:105D60007465720A000000004661696C20746F203F
:105D7000646563726561736520504D20636F756E55
:105D80007465720A000000004661696C20746F201F
:105D900072656C65617365206D757465780A0000C5
:105DA000436F756C64206E6F74206C6F636B207032
:105DB0006F7765722073617665206D757465780004
:105DC0006D757465785F667265652063616C6C657E
:105DD000642077697468204E554C4C207061726164
:105DE0006D6574657200000043616E277420696EF2
:105DF000697469616C697A65206D757465782C20A9
:105E0000776173204E554C4C0D0A00004661696C59
:105E100020746F20756E6C6F636B206D7574657880
:105E20000A0000000A637478206973204E554C4CB8
:105E30000A00000067E6096A85AE67BB72F36E3C34
:105E40003AF54FA57F520E518C68059BABD9831F45
:105E500019CDE05BD89E05C107D57C3617DD7030C3
:105E600039590EF7310BC0FF11155868A78FF96427
:105E7000A44FFABE0123456789ABCDEFFEDCBA988B
:105E800076543210F0E1D2C34011002054464D5FE9
:105E900043525950544F0054464D5F504C41544664
:105EA0004F524D5F53455256494345000000000094
:105EB00000000000000000000000000000000000E2
:107C00007FE97FE9FBF70CBD7FE97FE9FBF717BD53
:107C10007FE97FE9FBF73FBD7FE97FE9FBF732BDF5
:107C20007FE97FE9FBF71ABD0000000000000000BB
:107C30000000000000000000000000000000000044
:107C40007AFFFFFF00900050000000004C3400005D
:107C50000200000000000000000000000000000022
:107C6000000000000000000090ED00E000A00350C4
:107C70007FA60350009000506F9500501412002012
:107C8000A811002044010000215C00001D5C0000E0
:107C9000375B0000DC1000200C11002004110020D4
:107CA00000110020FC100020DD470000D14700003B
:107CB000C547000000000000E9470000381100201F
:107CC00030110020281100200000000020110020A9
:107CD000F54800004148000075480000BD4800001C
:107CE000682500203A00003A6C2500203A00003A4E
:107CF000702500203A00003A742500203A00003A2E
:107D00000000000000000000000000000000000073
:107D10000000000000000000000000000000000063
:107D20000000000000000000000000000000000053
:107D30000000000000000000000000000000000043
:107D40000000000000000000000000000000000033
:107D50000000000000000000000000000000000023
:087D600015370000ED360000AC
:10800000586A01209D4E0100BBB30200354E0100AD
:10801000354E0100354E0100354E0100354E010050
:10802000000000000000000000000000955001006A
:10803000354E01000000000019500100354E0100CE
:10804000E1520100E1520100E1520100E152010060
:10805000E1520100E1520100E1520100E152010050
:10806000E1520100E1520100E1520100E152010040
:10807000E1520100E1520100E1520100E152010030
:10808000E1520100E1520100E1520100E152010020
:10809000E1520100E1520100E1520100E152010010
:1080A000E1520100E1520100E1520100E152010000
:1080B000E1520100E1520100E1520100E1520100F0
:1080C000E1520100E1520100E1520100E1520100E0
:1080D000E1520100E1520100E1520100E1520100D0
:1080E000E1520100E1520100E1520100E1520100C0
:1080F000E1520100E1520100E1520100E1520100B0
:10810000E1520100E1520100E1520100E15201009F
:10811000E1520100E1520100E1520100E15201008F
:10812000E1520100E1520100E1520100E15201007F
:10813000E1520100E1520100E1520100E15201006F
:10814000E1520100FFFFFFFF2DE9F04F00224FF049
:10815000090BDFED205A9FED206ADFED206AB1EEBA
:10816000047ADFED1F7A4FF0FF346FF00045DFF83F
:1081700080A0DFF88090DFF88080DFF880E0DFF813
:1081800080C0184F184E1949C0ED015A80ED046A9D
:10819000C0ED056A80ED067AC0ED097AC0E91645A2
:1081A00080F800B0C0F828A0C0F82C90C0F8388043
:1081B000C0F83CE0C0F840C0C76406650166826054
:1081C000C260C26102620263426342648264BDE8CB
:1081D000F08F00BF07F0963D1C7CE13D3480D73F17
:1081E000CDCC0C3E5DFEE33E363C85BF00004040FA
:1081F00067D5273EE63F4CC091ED3CBFFB3A403F80
:10820000B15083402DE9F04786B004AB05AE04467B
:108210000078CDE900360DF10F030D4605F096FE0E
:108220009DF90F00E0B94FF0010A04F1400904F193
:108230002C0804F118075FFA8AF3013B032B24D8BA
:10824000DFE803F01D1711024A463146284602F0C6
:10825000ADFF0AF1010ABAF1060FECD19DF90F004A
:1082600006B0BDE8F08742463146284602F09EFF40
:10827000EFE73A463146284602F098FFE9E73146F3
:108280002846221D02F092FFE3E73146284602F01D
:1082900019FD84ED180ADCE72DE9F0432DED048B80
:1082A00083B0BDF840400546DDE90E89B4F5E16FC5
:1082B00017461E46B0EE408AF0EE608A6BD028D991
:1082C00041F270739C422ED047F230539C4208BF5B
:1082D000012408D1D5E916014FF0FF326FF00043B9
:1082E00006F0D8FA08B39FED309A4FF0FF326FF0E6
:1082F00000433846314606F0CDFA08B9C5E916768E
:1083000038EE490A30EE680A03B0BDEC048BBDE8D4
:10831000F083642C05D0B4F5967F08BF0424D9D02F
:10832000E1E70524D6E70224D4E7D5E91601B8EB46
:10833000000069EB010106F041FC19A3D3E9002319
:1083400006F094FD0B460246CDE9002306F05CFFE3
:10835000DDE9002305EB840407EE900AD4ED009AD2
:1083600094ED057A67EEA99A94ED0A9A104619469B
:1083700027EE899A79EE879A06F04EFC06F044FFC4
:1083800007EE900A94ED0F7A79EE277A77EE877AE6
:1083900089EEA79AA9E790ED189AA6E7AFF30080B7
:1083A0000000000065CDCD41000000002DE9F04740
:1083B000052482B00746904600780DF103020D4671
:1083C0008DF8034005F0E4FD9DF80360019036B39D
:1083D000012407F1400A07F12C09E3B2013B042B09
:1083E0000BD8DFE803F031102A230300414628466A
:1083F00097ED180A01AA02F07DFCA64204F10103E0
:108400000CD01C46E9E701AB4246294607F11800AB
:1084100002F02EFEA64204F10103F2D10198C0F34E
:10842000072328706B7002B0BDE8F08742462946EA
:10843000504601AB02F01CFEDFE7424629464846A3
:1084400001AB02F015FED8E74246294601AB381DC4
:1084500002F00EFED1E700BF2DE9F043012485B004
:108460008046914600780DF10B020E468DF80B40C8
:1084700005F08EFD9DF80B50039035B1002403AF3D
:1084800054B10134A542FBD10398C0F307233070E7
:10849000737005B0BDE8F083D8E916014B4632464B
:1084A000009702F075FCECE770B586B004AB05AE42
:1084B00004460078CDE900360DF10F030D4605F0B6
:1084C00045FD9DF90F0008B106B070BD3146284644
:1084D00002F042FCC4E916019DF90F0006B070BD20
:1084E0002DE9F04F2DED028B4FF0000B99B0259D3B
:1084F0009146C5E900BBC5E902BB85F839B0A5F8CE
:108500003AB0A5F83CB085F83EB0D0F8D62AD0F8FD
:10851000DACAD0F8DE7AD0F8E26A2A61EE61C5F8EC
:1085200014C0AF61D0F8E62A1E462A62D0F8C23ADB
:10853000D0F8CA7AD0F8CE2AD0F8C6CA2A63C5F8CD
:1085400028C0EF626B62D0F8D23A00F6F80A6B638B
:1085500090F8EA3A044685F83830249B00F6C227A2
:1085600083F800B0B0F85C3A059300F0E1FDDAE979
:10857000002352EA030104D094F8BD1A002900F048
:10858000FE8094F8EB3A93B394F8EA3A94F8ED2A23
:10859000013BDBB29A4204D194F8BD3A022B00F0C1
:1085A00059810022012194F8B83A85F83A3094F8BC
:1085B000B60AA34B85F83B0094F8B70A19EB0303FE
:1085C00046EB0202C5E9003285F83C0085F8391017
:1085D00002222946204601F077F90423A4F85A3AEA
:1085E000CAE9009619B0BDEC028BBDE8F08F0DF121
:1085F0003E070DF13D032A4601212046009700F079
:108600009DFD9DF83D30BDF83E803BB194F8B83AF1
:1086100085F83A3094F8B63A85F83B302A460DF1A1
:108620003D0302212046009700F088FDBDF83E3052
:108630009DF83D20984528BF98463AB194F8B73A3E
:1086400085F83C3094F8B63A85F83B302A460DF16F
:108650003D0303212046009700F070FDBDF83E3039
:108660009DF83D20984528BF9846002A40F0CE80CE
:108670002A4604210DF13D032046009700F05EFDDF
:10868000BDF83E300599434528BF4346994228BF6F
:1086900019469DF83D208B46002A40F0718104F573
:1086A0001067B4F8B23AB4F85E2AB3FBFBF10BFBE7
:1086B0001131ABEB010B1FFA8BFB5B449BB2B3FB9D
:1086C000F2F102FB1133CAE900969FED5B0BA4F8AF
:1086D000B23AA4F85ABAADF83E2005F0E1FE51ECEA
:1086E000100B06F077FF0B464FF00008A0FB0B01C4
:1086F00003FB0B113B687A6810EB090941EB060696
:10870000B9EB0300C5E9009666EB020184F8BA8A6A
:1087100006F09AFEDFED4B8A07EE900A9FED4A8A3B
:10872000C7EEA87AF4EEC87AF1EE10FA1FD49FEDE6
:10873000477AF4EEC77AF1EE10FA18DCD4F808099B
:10874000D4F80C19B9EB000066EB010106F07CFED1
:1087500007EE900AC7EEA87AF4EEC87AF1EE10FAA6
:108760004ABF662384F8BB8A84F8BB3A3AE765239C
:1087700084F8BB3A19B0BDEC028BBDE8F08FB9EBC1
:1087800002010A914FF00001B4F85A0A66EB0302A5
:108790009FED290B0B92CDE9060105F081FE51EC0E
:1087A000100B06F017FF8C46069B0B9AA0FB0301EB
:1087B0000CFB0311030943EA017302930A9BCDE901
:1087C0001001C31A08934FEA2113039361EB0203CC
:1087D0000993DDE90823DDE902BC93457CEB030343
:1087E000C0F265810A9B1B1A0C930B9B63EB010380
:1087F0000D93DDE90C23DDE90201904271EB0303E7
:10880000BFF6BFAE6423249A1370BAE64FF6FF7228
:108810000F4B94F8B61A5B7B85F83B1004EB4303CF
:10882000B3F8A0389342ADF83E303FF421AFAB68C7
:1088300043F40053AB601BE700000000D01263411B
:10884000C00E1602286B6E4E00007042000070438E
:1088500038FC020094F8EC3A002B3FF4A2AE94F8F6
:10886000BF3A94F8BE0A184406F06CF941EC100BBC
:1088700094F8C00A00F044FB94F8BE2A0130C3B259
:108880009A4284F8C03ABFF48CAE38687968BA6806
:10889000FB680DF14C0CE046ACE80F0038692F4640
:1088A000CCF80000BDF84C0006F03CF902940D46EF
:1088B00004460DF15E0B38F8020F06F033F902465C
:1088C0000B462046294605F0F1FFC34504460D46F8
:1088D000F1D106F07FFE029C3D4694F8BF7AA7FBDB
:1088E000002301FB07334FEAC20CDF001CEB020C34
:1088F00047EA527743EB07074FEA8C01BF0047EA8C
:108900009C77B1EB020C67EB030E4FEA8E0747EA48
:108910009C77BE4690484FEA8C0CA2FB007800FB87
:10892000038817EB090348EB0602C5E90032294624
:1089300000222046CDE910CE00F0C6FFDDE9107818
:108940000123002F84F8C03A78F10003C0F2D780E9
:108950000A2200233846414606F004FE0A22054654
:1089600000233846414606F0FDFD002B08BF052ACE
:1089700080F0E580A8B2A4F85A0ACAE9009631E668
:10898000012385F8393094F8B52A0DF13D0302F240
:10899000375234F8121010AAA98194F8B70A13A913
:1089A00085F83C0094F8B67A204685F83B7002F0D2
:1089B00097F8DDED137AF5EE407AF1EE10FA0ED16C
:1089C00094F8BA3A5BB994F8B53A04F5106703F233
:1089D000335334F81330EB81C7E9009661E604F5B0
:1089E000106704F60818D7E90023D8E9000182428D
:1089F00073EB010CCDE9102303DA02460B46CDE9F7
:108A00001001B9EB020066EB030106F01DFDDFED7E
:108A1000537A07EE100A87EE270AF1EE000A8DED71
:108A2000130A07F00DFEF0EE080AB0EE408A9DED45
:108A3000130A07F005FEDFED4A6ADFED4A7A9DED85
:108A4000137A28EE268A20EE270ADFED476A67EEC2
:108A5000077A38EE008A67EEA67ADFED446A78EE90
:108A6000277A27EE267ADFED426A77EE877A9FED46
:108A7000417A77EEA67A67EE877AF8FE677AFCEE9F
:108A8000E77A17EE902A94F8BA3AEA8143BB00934A
:108A90009FED390A4A4633461621204601F02EFF43
:108AA00094F8BA3A002B97D0C8E90096F9E59FED03
:108AB000280BDAE90067B4F85A8A05F0F1FC51ECAA
:108AC000100B06F087FD6424A0FB082301FB08338C
:108AD000961947EB0303C5E90063249B1C7081E5ED
:108AE0000023B7EE000A00934A463346162120467B
:108AF00001F004FFAB6843F40013AB60D0E7B8F1BA
:108B0000004F08BF002F1DD07F4268EB48080A22A3
:108B100000233846414606F025FD0D4602904146A9
:108B200038460A220023039506F01CFDDDE9020108
:108B3000002B08BF052A08D2404280B21BE7681C00
:108B400080B218E743F2333015E7C04380B212E732
:108B500000000000D0126341003B5808286B6E4EA5
:108B6000598207B0DFE0C2343767D9B85A8E863CE5
:108B70006A92E43E00007A44000000000000000019
:108B80002DE9F04F2DED048B044600200D461646CE
:108B900098468DB01A9F0DF1080904F6782C04F65A
:108BA000982A3870CE46DCF80000DCF80410DCF8B7
:108BB0000820DCF80C300CF1100CD445AEE80F00A6
:108BC00009F11009EED1DCF80000BCF80430C9F856
:108BD0000000A9F8043076BB0C2384F8EB6A3B70E4
:108BE000204602A900F0D8FA002840F0248197F925
:108BF0000000002856DB0023B94EDFF8F89203E0AE
:108C00005D1C1A2D2B464DD046FA03F2D507F7D539
:108C100013F809200CA901EB420002F23B5130F895
:108C20002A2C34F811005D1C9042E9B2E9D02046AC
:108C300000F068FCE5E72B79013BDAB2012A40D964
:108C400000229FEDA88A9FEDA89ADFEDA88ADFF8A1
:108C500090B205EBC60684F8EB2A0092CDF80480AA
:108C600012E04BFA03F2D20711D5012202FA03F304
:108C7000009A13EA020A00F09380F3233B70083550
:108C8000B54209D02B79013BDBB2192BE9D90A2374
:108C90000835B5423B70F5D197F90030DDF8048016
:108CA000002B9DDA98F80030072B22D8F1234FF0E3
:108CB000000E3B7088F800E00DB0BDEC048BBDE801
:108CC000F08FD5ED007AF5EE407AF1EE10FAB7D1DB
:108CD00047F23053BDF808209A4200F0ED80BDF80D
:108CE0000A209A4200F0E8800B234FF0000E3B7000
:108CF000E0E700259FED7B6AAE46DFED7B5ADFF8AB
:108D0000F8A177497A4FDFF8ECC1DDF86CB002E0EA
:108D10000135182DCED00122AA4012EA0A0FF7D051
:108D20000EF1010E5FFA8EFE0EF1FF360BEBC6065A
:108D3000013586ED006A00234FF6FF7935710CE0AE
:108D4000484507D007EE900AF8EEE77A85EEA77A55
:108D500086ED007A01331A2BDBD041FA03F0C0070D
:108D6000F8D557F823000242F4D0D6ED007AF4EE9D
:108D7000467AF1EE10FA13F80C0000F23B5034F88A
:108D80001000DDD007EE100AB8EEC77AC5EE876A8C
:108D9000F4EEE67AF1EE10FA48BFC6ED006AD9E7C4
:108DA000D5ED007AF5EE407AF1EE10FA009A42EA3B
:108DB0000302009229D1F6233B70D5ED007AF5EE3F
:108DC000407AF1EE10FAB0EE677A1ED1B5EEC07AB5
:108DD000F1EE10FA31DCB5EE407AF1EE10FA14BF84
:108DE0004FF0FF3300231FFA83F897F90030002B70
:108DF0007FF445AF3F4A2B79134413F8013C0CAA8A
:108E000002EB430323F82A8C39E7F4EE487AF1EEBB
:108E100010FA4ED0B2EE047AF4EEC77AF1EE10FA00
:108E200004DCF4EEE87AF1EE10FA4DD5F2233B7053
:108E300095ED007ACAE73870DBE6B4EEC87AF1EE59
:108E400010FAC8D5C9EE077AF8FE677AFCEEE77A21
:108E500017EE903A1FFA83F8264A2B79134413F839
:108E6000013C534403F2A74334F813900AF1130A68
:108E7000484605F057FE18A3D3E9002305F0CCFEC1
:108E800041EC100B05F00CFB51EC100B06F09CF9BB
:108E900080B2A9EB00039BB2814443451FFA89F9D4
:108EA00001D8C145A1D2BAF1720FD5D1F4233B70DC
:108EB000E5E6B0EE677A8EE794F9BB3A3BB901225A
:108EC0009E4684F8BA2AF5E6B0EE677A7EE74FF060
:108ED000000E3B70EEE600BF7B14AE47E17A843FA4
:108EE000EF79F20300FF7F470000C8420E74DA3AC0
:108EF00050FC0200ECFC02000F20E000000000002B
:108F00002DE9F84F2DED028B55EC104B074605F07F
:108F1000C7FA51EC100B06F057F9C6B2304605F00F
:108F200011FE22462B4606F0DFF840B1BDEC028B65
:108F3000B7FBF6F306FB1370C0B2BDE8F88F3846F6
:108F400005F0F0FD002241EC180B002320462946D5
:108F500006F0CAF8B0BB45EC104B20F0A3F8204651
:108F600053EC102B294606F0BFF858BB22462B467F
:108F700051EC180B05F07AFF21F0004700221E4B40
:108F80003946064605F092FC41EC100B20F08AF8B9
:108F9000304653EC102B394605F086FC0022804603
:108FA0008946164B3046394605F036FE29F0004B0F
:108FB00002460B464046594606F0AAF810B19FED0E
:108FC0000C0B07E0B0EE480AF0EE680A45EC114BD6
:108FD00020F09CF805F064FA51EC100B06F0F4F860
:108FE000BDEC028BC0B2BDE8F88F00BFAFF30080CC
:108FF00000000000000000000000E03F0000B03C66
:109000002DE9F0470646344D01F010FC334F0023A4
:1090100003E05C1C1A2C234610D045FA03F2D1075A
:10902000F7D5DA5D5C1C02F23B5336F8132030466C
:10903000E1B201F0CBFC1A2C2346EED1304601F010
:1090400079FB0025DFF89090244FDFF8988002E04C
:1090500001351A2D1AD049FA05F3DA07F8D5EB5D78
:10906000334493F89D3A002BF2D0002338F915A031
:1090700002E00B2C2346EBD04AFA03F25C1CD30728
:10908000F7D53046E1B201F069FCF2E7002314495C
:10909000C6F8AA3AC978C6F89E3AC6F8A23AC6F8FF
:1090A000A63AC6F8AD3A86F8B53A06EB41011A463B
:1090B000B1F8A00886F8B93A06F5266333F8021B22
:1090C0000132884203D0042AF8D1BDE8F08786F83F
:1090D000B52ABDE8F08700BFEF79F203ECFC02008F
:1090E00038FC0200B8FC0200F0B41468049F04EBE2
:1090F000030C8C4516D805998B4216D8002B0CDD35
:10910000791ECE18C7F1010700E014687B1811F82A
:10911000015F2344B142C554F7D10020C2F800C01A
:10912000F0BC70476FF02800FAE76FF02500F7E712
:1091300090F8B93A03B9704762E700BF70B40026EF
:109140004FF6FF75134C0139645C00EB4404B4F82E
:10915000A0481E70039EAC42348013D0B0F8B26AAF
:10916000B6FBF4F504FB1564A4B26CB90120946855
:10917000C9B200FA01F12143187082F83D0082F86B
:109180003E00916070BC704790F8BA0A0028F9D090
:10919000ECE700BF38FC02000023F0B56FF0004C94
:1091A0001C464FF0010E4FF6FF772C4D2C4E05E07C
:1091B000BA4218BF012401331A2B0FD045FA03F22B
:1091C000D207F8D59A5D624431F81220B2F5E16F0A
:1091D000EED101331A2B80F8EBEAEFD190F8EB3A9D
:1091E0008BBBB0F85C7A1D4C38461D4D44FA03F237
:1091F000D60706D55A5D013A31F81220904228BFB1
:10920000104601331A2BF1D14FF6FF76B04223D02E
:10921000B7FBF0F300FB13739BB28BB90F4D104FEC
:1092200045FA03F2D20714D5DA5D013A31F812405B
:10923000B4420ED0B4FBF0F200FB124292B242B143
:109240006FF00F00F0BD002C0CBF00206FF00F007E
:10925000F0BD01331A2BE3D10020F0BDEF79F2030A
:10926000ECFC02002DE9F04340F2BD184FF000097C
:1092700087B004AA044600264FF0040C02271346C8
:109280000D46CDE90289DDE9020182E8030084F898
:1092900002C003CBE77026706060A16066702B6827
:1092A0002046103B2373C3F30721C3F30742C3F3E4
:1092B0000763A273E37361730DEB0C02296805F079
:1092C000C9FA2B689DF8042023441A712B689DF875
:1092D000052023445A712B6823449E712868044456
:1092E000E6712B6808332B6007B0BDE8F08300BF40
:1092F0002DE9F0470D2482B006461746FE200DF1F9
:1093000003020D468DF8034004F042FE9DF80380F1
:109310000190B8F1000F2AD0012406F6D62A06F6ED
:10932000C229E3B2013B0C2B0FD8DFE803F0655DE7
:10933000756D554D453D352E271407003A46294693
:1093400096F8EE0A01AB01F0FBFCA04504F1010325
:109350000CD01C46E5E701AB3A46294696F8EA0AE6
:1093600001F0EEFCA04504F10103F2D10198C0F335
:10937000072328706B7002B0BDE8F0873A46294693
:10938000504601AB02F0A6F9DFE73A4629464846C7
:1093900001AB02F09FF9D8E73A46294601AB06F641
:1093A000BE2001F06FFCD0E73A46294696F8BC0A89
:1093B00001AB01F0C5FCC8E73A462946B6F85C0A9D
:1093C00001AB01F037FCC0E73A46294601AB06F68F
:1093D000342002F03DF9B8E73A46294601AB06F5DC
:1093E000156002F007F9B0E73A46294696F8B70A41
:1093F00001AB01F0A5FCA8E73A46294696F8B60A63
:1094000001AB01F09DFCA0E73A46294601AB06F509
:10941000266002F0B3F898E73A46294696F8B80A6B
:1094200001AB01F08DFC90E7F0B400264FF6FF741D
:1094300000251660C3E9004569B100EB0114417BCA
:10944000182905D1D0E9006781681160C3E9006778
:109450001030A042F3D1F0BC704700BF00B52DED35
:10946000028B85B00DF1030302AA01A9B0EE408A78
:1094700001F02AF99DF803306BB1DDED017AF4EECD
:10948000487AF1EE10FA14BF0120002005B0BDECBF
:10949000028B5DF804FB012005B0BDEC028B5DF88A
:1094A00004FB00BFF0B4002482B0DDE9066C347028
:1094B0008CF800400D6847197F78455D8DF8057080
:1094C0008DF80450BDF80470089D9F422F6004D9A8
:1094D000E023337002B0F0BC70474FB12346541EF6
:1094E0000D68C618755D01339F4204F8015FF7D11E
:1094F00093788CF800300B681F440F6002B0F0BC0A
:10950000704700BF0B4B10B4194411F8013C00EB3D
:109510004301B1F8764A944204D00124013B03444C
:1095200083F89E4A0123A1F8762A5DF8044B80F85F
:10953000B93A7047ECFC02000139032900D97047A1
:1095400010B50446483003F08DFD0121204601F09E
:109550009DFA04F12C0004F051FA2046BDE81040B9
:10956000022101F093BA00BF2DE9F04F0123064616
:1095700000F64E144FF481784FF0050E25464FF655
:10958000FF7C9E4F80F8EE3A0FCFA6F8B68AC6F859
:10959000600AC6F8641AC6F8682A03CFC6F86C3A9F
:1095A00086F8B8EAC6F8700AC6F8741A06F63227C2
:1095B00025F802CFBD42FBD14FF06413642541F280
:1095C000707240F2DC50C6F85839C6F86439C6F8F3
:1095D0007839C6F88439A6F89059894B894D8A495B
:1095E000DFF854C2C6F8F039C6F8F439C6F8C43901
:1095F000C6F8D439C6F8D059844B854DC6F8181A28
:10960000C6F8C8C98349DFF834C2C6F85039C6F86D
:109610005439C6F86039C6F86839C6F88039C6F8D2
:109620005C597D4BC6F87C59C6F88859DFF810E2C2
:109630007A4DC6F874C9A6F8DC29A6F8DA29A6F886
:10964000C229A6F8160AA6F8FC09C6F8CC19C6F86D
:109650008C59C6F89C39C6F8A039C6F8A439C6F8A2
:10966000A8390EF12008C6F8AC3906F5126CA6F838
:10967000D829C6F8B039C6F8B439A6F8FE09C6F834
:109680006C19C6F8701975460FCD4545CCF8000029
:10969000CCF80410CCF80820CCF80C300EF1100EE9
:1096A0000CF1100CEFD1DFED5E7A00234FF080411A
:1096B000DEF80000DFF88CB1CCF8000006F61810D8
:1096C000C0ED007A06F61410036006F51160036021
:1096D00006F61C10C0F800B006F62410036006F66B
:1096E00028100360DFF860A106F62C100360DFF895
:1096F0005C9106F63813C3F800A0DFF8548106F633
:109700003413C3F80090474A06F51363C3F800808A
:1097100006F63C131A6006F6441206F6481311606A
:1097200019603B464FF6FF713F4D06F64C1215602F
:1097300006F6582223F8021F9342FBD147F2305518
:109740003A4B3B4AA6F85C5AC6F8BC3A4FF4A070B4
:10975000052102F10C0506F52C6306F6D42C03E076
:1097600012F9011F35F8020F23F8021F6345988292
:10977000F6D10A2200234FF6FF7186F8EA2AA6F8EE
:109780005E3A34F8023F8B4205D0B6F85E2A9A4220
:1097900038BFA6F85E3ABC42F3D100230127254C1E
:1097A000DFF8B0C044FA03F2D20711D513F80C2049
:1097B00006EB4201B1F8320AB1F8765A013A854215
:1097C0001CBF921982F89E7AA1F8760A86F8B97AB7
:1097D00001331A2BE6D1012106F69D2306F52B62F3
:1097E00003F8011F9342FBD196F8B93A0BB9BDE8D3
:1097F000F08F3046BDE8F04F02E400BF70FB02007E
:109800007017701708077017DC05DC0530753075A8
:1098100064003075080708072C012C0130756400BE
:10982000000082C2F874C44C000010410000050A18
:10983000C8FB0200EF79F2037017080708076400FD
:1098400098FB020000002A430000FA420000C842D0
:109850000024F449ECFC0200F0B4002400220023B0
:1098600047F230564FF6FF7580F8B54AA0F8B24A75
:10987000214600F6F80700F51064C7E90023C4E9A3
:10988000002300F60814C4E9002300F67623A0F8AC
:109890005A6A00F69D2200F69C2423F8025FA34238
:1098A00002F8011FF9D14FF4CC42F0BC012380F83B
:1098B000B91A80F8B41A80F8EB1AA0F8EC1AA0F8DC
:1098C000BA2A80F8C03A704790F8BD3A934211D056
:1098D0006AB9002380F8B43A8B6081F83D300023E8
:1098E00080F8BD2A80F8EC3A81F83E207047931E3C
:1098F000012BEED9B0F8803A70B4B3F5E16F47D0E0
:109900008B68B0F8824AB4F5E16FB0F8844A04BFBE
:1099100043F001038B60B4F5E16FB0F8864A04BFF1
:1099200043F002038B60B4F5E16FB0F89C4A04BFCA
:1099300043F008038B60B4F5E16FB0F8944A04BFBC
:1099400043F400038B60B4F5E16F10D0B0F8964A91
:10995000B4F5E16F0BD0B0F8984AB4F5E16F06D0DA
:10996000B0F89A4AB4F5E16F01D043B104E043F492
:10997000000343F00F038B60012381F83D30002387
:1099800070BC80F8BD2A80F8EC3A81F83E20704720
:109990004FF6FF76084B8D685C7B45F0040300EBC7
:1099A0004404B4F8A0488B60B442AAD045F40053F4
:1099B00043F004038B60A4E738FC02002DE9F04378
:1099C0000C46002189B0109E172C316004D8DB2290
:1099D0001A7009B0BDE8F083944204D9DA221A70F3
:1099E00009B0BDE8F083017842788DF80C108DF84D
:1099F0000D208178C2788DF80E108DF80F20039A13
:109A00000546B2F1017F06D0013204D0DE221A7081
:109A100009B0BDE8F083294606AF3A464FF0000989
:109A200040F2BD1851F8040F496803C204AA82E845
:109A30000300DDE90401494508BF404507D000297E
:109A400008BFB0F1FF3F02D0DD221A70C1E72A7BC8
:109A5000A97B8DF80C20687BEA7B8DF80D008DF8D2
:109A60000F208DF80E10039901F11802A24202D0C6
:109A7000D8221A70ADE7103102AA28462C4401936F
:109A800004F0E8FE14F8042C9DF80810019B9142A4
:109A900002D0DC221A709CE79DF8091014F8032C00
:109AA0009142F6D114F8022C002AF2D114F8012CBC
:109AB000002AEED1102131601A708AE72DE9F047B3
:109AC00086B004AB05AECDE9003604460DF10F03B8
:109AD000FE200D4604F03AFA9DF90F00002862D1ED
:109AE0004FF0010A04F6D62904F6C22804F6BE2770
:109AF0005FFA8AF3013B0B2B00F2A680DFE803F04C
:109B000099928B847D766F625C6956063146284651
:109B100001F010F984F8EA0A0AF1010ABAF10E0F0D
:109B2000E6D100234FF6FF75A4F85E3A04F6322022
:109B300004F64E1333F8022FAA4205D0B4F85E1A89
:109B4000914238BFA4F85E2A9842F3D1002301273E
:109B5000414DDFF808C145FA03F2D20711D513F8D9
:109B60000C2004EB4201B1F8320AB1F8766A013AEE
:109B700086421CBF121982F89E7AA1F8760A84F8F0
:109B8000B97A01331A2BE6D1012104F69D2304F59D
:109B90002B6203F8011F9342FBD194F8B93A002BD2
:109BA0004ED19DF90F0006B0BDE8F0874A46314618
:109BB000284601F03FFAAFE73A463146284601F021
:109BC0004DF8A9E73146284601F0B4F884F8BC0AFC
:109BD000A2E742463146284601F02CFA9CE731467E
:109BE000284601F015F8A4F85C0A95E731462846A6
:109BF00004F6342201F0CCF98EE73146284604F50C
:109C0000156201F07DF987E73146284604F52662A2
:109C100001F018F980E73146284601F08BF884F806
:109C2000B80A79E73146284601F084F884F8B70A83
:109C300072E73146284601F07DF884F8B60A6BE7F2
:109C40002046FFF7DDF9ACE73146284601F072F80F
:109C500084F8EE0A60E700BFEF79F203ECFC020043
:109C6000032906D98378FE2B0CBF00206FF0630018
:109C700070476FF067007047074A0849037F016229
:109C8000426282623BB10022012B026103D0022BAF
:109C9000426118BF826170470AD7233B0AD7A33CB1
:109CA0000023027B0361436102B18360704700BF00
:109CB000034670B44FF6FF7418480139425C03EB59
:109CC0004202B2F89258A54207D000EB4104B4F921
:109CD0000C50D3F89048A54302D0002070BC7047C8
:109CE00000EB8100406AD3F87458A843F5D1B2F86C
:109CF000E458B2F8D668681C85B2B5FBF6F006FBEE
:109D0000105080B2A2F8E4080028E6D1012202FA3D
:109D100001F10C431046C3F89048DFE7E8FB02006E
:109D2000F8B5044603F0B6FA04F5CC7003F0E0FE93
:109D300004F12C0003F0F6FC04F1480002F03EFCB4
:109D400004F59870FEF700FA0A2104F5E87003F0B4
:109D5000CFFB04F5F47001F0F3FE0026002000278D
:109D600004F6080304F5E66204F6280143F8040B40
:109D70008B42E2E80267F9D100224FF0000C002686
:109D800000271046C4F8742804F5ED6104F6770244
:109D900004F6740543F804CBAB42E1E9026702F82C
:109DA000010FF7D1012600254FF6FF72C4F88C0889
:109DB000C4F8900804F6940304F6A201A3F84460E2
:109DC000A3F8525023F8022B9942F7D14FF6FF71B6
:109DD000A4F8A228A4F8A428A4F8A628A4F8A828DF
:109DE000A4F8AA28A4F8AC28A4F8AE28A4F8B028AF
:109DF00004F50B6304F6D60223F8021F9342FBD14D
:109E00002046F8BD10B44C1E11461A460A2C07D83D
:109E1000DFE804F00B101506190606061F252B00B7
:109E20006FF063005DF8044B70475DF8044B4830F9
:109E300002F07ABC5DF8044B2C3003F085BC5DF871
:109E4000044B03F033BA5DF8044B00F5CC7003F01B
:109E50006BBE5DF8044B00F59870FEF7D3B95DF862
:109E6000044B00F5E87003F04FBB5DF8044B00F5C0
:109E7000F47001F0CDBE00BF2DE9F04700272DEDB5
:109E8000028B00239EB008EE101AC0F890780521CE
:109E9000044616468DF810708DF811708DF812700A
:109EA000059306930793189319931A931B931C9386
:109EB0001D9308930993FFF7FBFE58B104F62403A2
:109EC00093ED007AF8EEC87AB4EE677AF1EE10FA04
:109ED00000F0F2814FF0FF386FF00049A04D0321F0
:109EE0002046FFF7E5FE58B104F6240393ED007A0F
:109EF000F8EEC87AB4EE677AF1EE10FA00F0268236
:109F000001212046FFF7D4FE58B104F6240393ED57
:109F1000007AF8EEC87AB4EE677AF1EE10FA00F043
:109F2000288202212046FFF7C3FE58B104F624031D
:109F300093ED007AF8EEC87AB4EE677AF1EE10FA93
:109F400000F0548209212046FFF7B2FE58B104F612
:109F5000240393ED007AF8EEC87AB4EE677AF1EE56
:109F600010FA00F0DD82DFED7F0A0A212046FFF7BC
:109F70009FFE58B104F62403B8EEC88AD3ED007AE8
:109F8000F4EE487AF1EE10FA00F0FC820B21204644
:109F9000FFF78EFE002840F0E7804FF6FF726B79E6
:109FA00004EB4301B1F8B018581E914204D0D4F824
:109FB0007428520700F1B6804FF6FF72AB7904EBBC
:109FC0004301B1F8B018581E914204D0D4F8742857
:109FD000D70700F189804FF6FF72EB7904EB43015C
:109FE000B1F8B018581E914203D0D4F874289607DF
:109FF0005CD44FF6FF722B7A04EB4301B1F8B01832
:10A00000581E914203D0D4F87428110730D44FF66B
:10A01000FF726B7E04EB4301B1F8B018581E9142F9
:10A020001ED0D4F8742812021AD5002104F6240296
:10A03000156803F20922ED3304EBC303204404EB5B
:10A04000820204F5ED66D6E900671560C3E9006792
:10A0500080F87818D4F88C3843F00073C4F88C3842
:10A060000023C4F874381EB0BDEC028BBDE8F08745
:10A07000002104F61402D2F800C003F20922ED33E5
:10A0800004EBC303204404EB820204F5E966D6E93D
:10A090000067C2F800C0C3E9006780F87818D4F8F8
:10A0A0008C3843F48073C4F88C38B0E7002104F690
:10A0B0000C02D2F800C003F20922ED3304EBC30313
:10A0C000204404EB820204F5E766D6E90067C2F893
:10A0D00000C0C3E9006780F87818D4F88C3843F0E2
:10A0E0008003C4F88C3884E7002104F60802D2F813
:10A0F00000C003F20922ED3304EBC303204404EB58
:10A10000820204F5E666D6E90067C2F800C0C3E93A
:10A11000006780F87818D4F88C3843F04003C4F80E
:10A120008C3858E7002104F50162D2F800C003F230
:10A130000922ED3304EBC303204404EB820204F54F
:10A14000E866D6E90067C2F800C0C3E9006780F896
:10A150007818D4F88C3843F02003C4F88C382BE7F7
:10A16000ECFC02000000000004F6080004F60C01FC
:10A1700090ED002AD1ED001A04F50162314604F693
:10A18000240704F6140304F5E960013E92ED001A79
:10A19000D0E9008993ED000AD7ED000A0DF1130311
:10A1A00014AA04F5F470F6B201F0BAFD07EE906A55
:10A1B00097ED007AF8EEE77AB4EE677AF1EE10FAEE
:10A1C0007FF4EBAE4FF6FF73B4F8CE289A4217D067
:10A1D0006B7D149803F2092104EB8101086003F1FF
:10A1E000ED029DF81310234404EBC202C2E900897A
:10A1F00083F87718D4F88C3843F40013C4F88C38FB
:10A200004FF6FF73B4F8D0289A4217D0AB7D15985B
:10A2100003F2092104EB8101086003F1ED029DF8CE
:10A220001310234404EBC202C2E9008983F87718B3
:10A23000D4F88C3843F48003C4F88C384FF6FF739D
:10A24000B4F8D2289A4217D0EB7D169803F2092170
:10A2500004EB8101086003F1ED029DF81310234423
:10A2600004EBC202C2E9008983F87718D4F88C386D
:10A2700043F40003C4F88C384FF6FF73B4F8D428C5
:10A280009A423FF48AAE2B7E179803F2092104EB21
:10A290008101086003F1ED029DF81310234404EBE3
:10A2A000C202C2E9008983F87718D4F88C3843F0E9
:10A2B0008073C4F88C3870E604A904F5E9630DF1E5
:10A2C000120209AD0DF11100D3E90089CDE90105B4
:10A2D0004B4603920091424604F5CC7003F04CFCCF
:10A2E0009DF81030BD4D07EE103A9DF81130B8EED4
:10A2F000477A07EE903AF8EE677AEA7A2B7B02F219
:10A30000092002F1ED01013A04EB800004EBC101E8
:10A31000224480ED007AC1E9008982F87878D4F887
:10A320008C2803F2092003F1ED01013B42F4C052F5
:10A3300004EB800004EBC1012344C0ED007AC1E9C5
:10A34000008983F87878C4F88C28C8E504F60C01F5
:10A3500004F5016204F6140391ED001AD2ED000A2F
:10A3600093ED000A204607AB06AA05A902F0BAFF42
:10A37000C6E504F61C03D3ED007AF5EE407AF1EE63
:10A3800010FA14BF0120002004F50263009008A910
:10A3900018AAD3ED001A04F14800CDE901219DF877
:10A3A00012309DF811209DF810109DED071ADDED7B
:10A3B000060A9DED050A02F037FA00206B7C089F23
:10A3C00003F2092103F1ED02013B234404EB810177
:10A3D00004EBC2020F60C2E9008983F87808D4F860
:10A3E0008C3843F40033C4F88C389AE512A910AACB
:10A3F0000EABCDE9012100930AAA0CAB18A904F118
:10A400002C00DDED090A9DED080A03F0B9F9DDED38
:10A410000B5A9DED0D6ADDED0F6A9DED117ADDEDB4
:10A42000137AF8FE655AB8FE466AF8FE666AB8FE08
:10A43000477AF8FE677AFCEEE55ABCEEC66AFCEE97
:10A44000E66ABCEEC77AFCEEE77A15EE902A16EEC5
:10A4500010EA16EE90CA17EE107A17EE900A2B78D3
:10A46000DDF828A003F2092104EB8101C1F800A066
:10A4700003F1ED0104EBC1012344C1E9008983F834
:10A4800077286B78DDF830A003F2092204EB820212
:10A49000D4F88C18C2F800A0E21803F1ED0AAB78EA
:10A4A00004EBCA0ACAE9008982F877E8DDF838E0E7
:10A4B00003F2092204EB8202C2F800E0EA7803F119
:10A4C000ED0E04EBCE0E2344CEE9008983F877C865
:10A4D000DDF840E002F2092C04EB8C0CCCF800E033
:10A4E0002B7D02F1ED0C04EBCC0C2244CCE900896D
:10A4F00082F8777803F20922129F04EB8202176038
:10A5000041F4801103F1ED0241F00F0104EBC202AE
:10A510002344C2E9008983F87708C4F88C1811E550
:10A5200004F5E86142464B46D1E90089B4F84A7027
:10A53000CDE90089029704F5016104F61800D0ED19
:10A54000000A91ED000A04F59870FDF7A5FE0020C1
:10A550006B7BF0EE400A03F2092103F1ED02013BAF
:10A56000234404EB810104EBC20281ED000AC2E93D
:10A57000008983F87808D4F88C3843F40053C4F881
:10A580008C38F2E404F60C0204F5016392ED001A33
:10A5900093ED000A04F5E87004F5E863D3E9008957
:10A5A00002F0CEFF0020AB7B8DED050A03F20921FE
:10A5B00003F1ED02013B234404EB810104EBC202F1
:10A5C00081ED000AC2E9008983F87808D4F88C3854
:10A5D00043F48043C4F88C38D8E400BFECFC02009C
:10A5E00010B44C1E11461A469DF804300A2C07D8A8
:10A5F000DFE804F00A0F1406180606061E242A00D7
:10A6000000205DF8044B70475DF8044B483002F0C1
:10A610000BBC5DF8044B2C3003F074B95DF8044BAF
:10A6200002F0BCBE5DF8044B00F5CC7003F04CBBEF
:10A630005DF8044B00F59870FDF7B8BE5DF8044B6B
:10A6400000F5E87002F0B6BF5DF8044B00F5F47059
:10A6500001F022BD10B44C1E11461A469DF804307C
:10A660000A2C07D8DFE804F00A0F140618060606BD
:10A670001E242A0000205DF8044B70475DF8044B4F
:10A68000483002F065BC5DF8044B2C3003F062B931
:10A690005DF8044B02F0AABE5DF8044B00F5CC70E7
:10A6A00003F056BB5DF8044B00F59870FDF7D4BE7F
:10A6B0005DF8044B00F5E87002F0A4BF5DF8044BB0
:10A6C00000F5F47001F084BD30B400F62404256870
:10A6D000D0F8744800F5ED60C4F3C0540D60D0E9C3
:10A6E0000001C2E900011C7030BC7047F0B4104C8E
:10A6F0000139645C04F2092500EB85052D681560BD
:10A70000012504F1ED0200EBC202D2E90067C3E9C2
:10A710000067044494F87728049B05FA01F11A7045
:10A72000D0F88C38F0BC23EA0103C0F88C387047AD
:10A73000ECFC02002DE9F04F384E83B0A6F1240363
:10A740000021844640F217774FF6FF7E344CDFF845
:10A75000D8A0009304E001310B2906F104065AD079
:10A7600047FA01F3DB07F6D5009B13F801800CEBE9
:10A770004808B8F89298F145EDD0002301201D4615
:10A78000019600FA03F23A4210D0264E36F911B083
:10A790001BEA020F0AD0009AD25C0CEB4202B2F81C
:10A7A0009228724502D0954238BF154601330B2BD3
:10A7B000E7D100234FF0010B019E0BFA03F2224276
:10A7C0000DD0306802420AD013F80A200CEB420286
:10A7D000B2F8A028724502D0954238BF1546013321
:10A7E000182BEAD1002DB6D0B9FBF5F205FB129972
:10A7F0001FFA89F392B23BB105F0010000EB550559
:10A80000AB42A4BF013292B201310B29A8F8D6287D
:10A8100006F10406A4D103B0BDE8F08F0CFC0200E1
:10A820000F20E000F4FB020038FC020030B44FF6C9
:10A83000FF720125002400F6940300F6A201A3F89C
:10A840004450A3F8524023F8022B9942F7D14FF617
:10A85000FF71A0F8A228A0F8A428A0F8A628A0F8C4
:10A86000A828A0F8AA28A0F8AC28A0F8AE28A0F83C
:10A87000B02800F50B6300F6D60223F8021F9342BE
:10A88000FBD130BC704700BF10B44C1E11461A46B5
:10A890000A2C07D8DFE804F00B1015061906060687
:10A8A0001F252B006FF063005DF8044B70475DF8C7
:10A8B000044B483002F078BC5DF8044B2C3003F0B8
:10A8C000DDB85DF8044B02F0B9BD5DF8044B00F54E
:10A8D000CC7003F0E1BA5DF8044B00F59870FDF719
:10A8E000E3BD5DF8044B00F5E87002F0B3BE5DF81F
:10A8F000044B00F5F47001F0C9BC00BF2DE97003F2
:10A900001D461446144B01395B5C9DF8146000EB46
:10A91000C30202F5E562D2E90089A94508BFA04556
:10A9200003F1FF3312D0012603F2022300EB83036D
:10A9300083ED000AC2E90045D0F8743806FA01F147
:10A940000B43C0F87438BDE870037047002EEAD19D
:10A95000BDE87003704700BF38FC02004B1EDAB23E
:10A960000A2A00D97047184A114411F8012C00EB4B
:10A970004202B2F89218092BF4D801A252F823F03F
:10A98000B1A90000B7A90000BDA9000065A9000099
:10A99000C1A9000065A9000065A9000065A9000023
:10A9A00065A90000A9A9000000F5E87002F06EBEDC
:10A9B000483002F077BB2C3003F02AB802F05ABDC1
:10A9C00000F5CC7003F02ABAE8FB0200F0B50023D2
:10A9D000012640F217751E4C0139645CDFF878C01F
:10A9E00000EB4404DFF874E0A4F8B02806FA03F49E
:10A9F0002C420DD03CF91170274209D01EF80340BB
:10AA000000EB4404B4F89278974288BFA4F89228E7
:10AA100001330B2BEAD1002301260E4DDFF840C095
:10AA2000DFF840E006FA03F42C420DD05CF8217008
:10AA30003C4209D01EF8034000EB4404B4F8A0786F
:10AA4000974288BFA4F8A0280133182BEAD1F0BDA3
:10AA5000ECFC02000F20E000B8FC0200E8FB020062
:10AA600050FC020038FC020030B400F614042568E3
:10AA7000D0F8744800F5E960C4F3C0040D60D0E973
:10AA80000001C2E900011C7030BC70474B1E0A2B4C
:10AA900010D8124A114411F8012C00EB4202B2F80E
:10AAA0009218092B09D8DFE803F0090C0F081108E8
:10AAB000080808154FF6FF71F3E77047483002F0B9
:10AAC000F1BA2C3002F0A4BF02F0D4BC00F5CC7077
:10AAD00003F0A4B900F5E87002F0D8BDE8FB02006D
:10AAE00030B400F61C042568D0F8744800F5EB601B
:10AAF000C4F340540D60D0E90001C2E900011C70AC
:10AB000030BC7047F0B417460A6800F10B050E46DA
:10AB100084B0511E01AB0844154410F8014FA842FF
:10AB200003F8014BF9D101AB07CB38607960BA600B
:10AB300033680C33336004B0F0BC7047F0B51D6867
:10AB4000844605F10C00904285B003D901321A60A9
:10AB500005B0F0BD0F46DCF80000DCF80410DCF8AE
:10AB600008200DF1040E76460024AEE8070000E050
:10AB70001D683A1916F8010B01340C2C5055F7D109
:10AB80001A680C321A6005B0F0BD00BF70B40E46F2
:10AB9000096883B00DF1FF3308440DF1070510F883
:10ABA000014B03F8014FAB42F9D16B4603CB106068
:10ABB000516033680833336003B070BC704700BF26
:10ABC000F0B41C68064604F10800904284B004D931
:10ABD00001321A6004B0F0BC7047EC46674630683A
:10ABE0000D46716804AE03C706E9030000220DF1AB
:10ABF000070100E01C68A81811F8016F0132082A4B
:10AC00000655F7D11A6808321A6004B0F0BC7047D4
:10AC100010B40B6883B0C2185478C25C8DF805403C
:10AC20008DF80420BDF8040002330B6003B05DF81A
:10AC3000044B704730B41C68A51C954203D930BC46
:10AC400001321A60704708551A68C0F30720114492
:10AC500048701A6830BC02321A60704710B40B6832
:10AC600083B0C4186478C35C8DF805408DF8043057
:10AC7000BDF8043013800B6802330B6003B05DF83D
:10AC8000044B704730B41C6882B0A51C954204D9AF
:10AC900001321A6002B030BC7047427805788DF8F6
:10ACA00005208DF80450BDF804200A551868C2F339
:10ACB000072201444A701A6802321A6002B030BC9E
:10ACC000704700BF30B40B6882B0C218C55C5478BE
:10ACD0009078D2788DF804508DF805408DF80600F4
:10ACE0008DF807209DED010A04330B6002B030BCE3
:10ACF000704700BF30B41468251D8D4203D930BCA5
:10AD000001311160704710EE103A03551168C3F31A
:10AD1000072401444C701168C3F3074401448C704C
:10AD20001168C3F307630844C370136830BC04336D
:10AD3000136070470B68C05C01330B60704700BF45
:10AD400030B41C68651C95429CBF08551A6830BC1D
:10AD500001321A60704700BF70B40D460E6885B0AE
:10AD60000DF1070330440DF10F0410F8012B03F827
:10AD7000012FA342F9D104AB13E903006B4683E82A
:10AD800003000836DDE900012E6005B070BC704795
:10AD900070B485B0089DCDE900012C6804F108016C
:10ADA000994204D901332B6005B070BC704704AEE2
:10ADB000DDE90001002306E903000DF1070100E0D1
:10ADC0002C68D01811F8016F0133082B0655F7D104
:10ADD0002B6808332B6005B070BC7047F0B48AB0A4
:10ADE0006B460E4609680AAD0139084410F8014F58
:10ADF00003F8014BAB42F9D16F4614460DF1200C1C
:10AE00003D460FCD654520606160A260E36007F1BB
:10AE1000100704F11004F3D103CF206061603368A0
:10AE2000283333600AB0F0BC704700BF30B41C68F0
:10AE3000651C95429CBF08551A6830BC01321A60E7
:10AE4000704700BFF0B486B00F466B4616460A68DE
:10AE500006AD013A104410F8014F03F8014BAB4224
:10AE6000F9D16C460FCC30607160B260F36003CCF6
:10AE7000306171613B6818333B6006B0F0BC7047CD
:10AE80002DE9F0431C681E4604F1280393428BB061
:10AE900004D9013232600BB0BDE8F0836D460F4635
:10AEA0008446A84600F12009C646DCF80000DCF81C
:10AEB0000410DCF80820DCF80C300CF1100CCC4548
:10AEC000AEE80F0008F11008EED1DCF80410DCF851
:10AED0000000C5F10103A8E803000DF1FF320DF1F8
:10AEE000270100E03468981812F8015F20448A4274
:10AEF0003D54F7D13368283333600BB0BDE8F0839D
:10AF0000F0B504460F4610460A68BBB0013A01ABE3
:10AF10003AAE144414F8015F03F8015BB342F9D16F
:10AF2000E42201A924F0E8F93B68E4333B603BB03C
:10AF3000F0BD00BFF0B51C681E46034604F11000CA
:10AF4000904289B003D90132326009B0F0BDEE46BB
:10AF5000F4469A6818680F465968DB6804ADACE897
:10AF60000F0085E80F00C5F101030DF10F020DF18F
:10AF70001F0100E03468981812F8015F20448A42EB
:10AF80003D54F7D133681033336009B0F0BD00BFD2
:10AF9000F0B48AB06B460E4609680DF126050139FA
:10AFA000084410F8014F03F8014BAB42F9D16F464A
:10AFB00014460DF1200C3D460FCD654520606160C3
:10AFC000A260E36007F1100704F11004F3D1BB881D
:10AFD0003868A38020603368263333600AB0F0BC41
:10AFE000704700BF30B41C6882B0251D954204D95B
:10AFF00001321A6002B030BC704742880588ADF853
:10B000000620ADF80450019A0A551868C2F30724C7
:10B01000084444701868C2F30744084484701868F0
:10B02000C2F307620144CA701A6804321A6002B09F
:10B0300030BC7047F0B40F4616460A6886B0013A35
:10B0400001AB06AD104410F8014F03F8014BAB42C1
:10B05000F9D101AC0FCC3060206871603061B26012
:10B06000F3603B6814333B6006B0F0BC704700BF30
:10B070002DE9F0431C681E4604F1140393428BB083
:10B0800004D9013232600BB0BDE8F083E8460546D2
:10B09000C146AA68EB6800680F4669680DF1140E96
:10B0A000A8E80F002869CEF1010C0546C8F8000099
:10B0B000B9E80F00AEE80F000DF11302CEF8005012
:10B0C0000DF1270300E034680CEB020012F8015F79
:10B0D00020449A423D54F6D13368143333600BB0A8
:10B0E000BDE8F083F0B484B00F466B4616460A689C
:10B0F00004AD013A104410F8014F03F8014BAB4284
:10B10000F9D16C460FCC30607160B260F3603B687F
:10B1100010333B6004B0F0BC704700BF30B41C6813
:10B12000651C95429CBF08551A6830BC01321A60F4
:10B13000704700BF30B40C6882B00319055D5C78BD
:10B140009878DB788DF804508DF805408DF806006E
:10B150008DF80730019B13600B6804330B6002B05D
:10B1600030BC704770B41C68064604F10800904279
:10B1700083B004D901321A6003B070BC70473068E4
:10B180000D4671686E46002203C60DF1FF3100E0E6
:10B190001C68A81811F8016F0132082A0655F7D16A
:10B1A0001A6808321A6003B070BC7047F0B40F46DA
:10B1B00016460A6886B0013A01AB06AD104410F895
:10B1C000014F03F8014BAB42F9D101AC0FCC306019
:10B1D000206871603061B260F3603B6814333B609B
:10B1E00006B0F0BC704700BF30B41C68E51C954247
:10B1F00003D930BC01321A607047027845788078F4
:10B200000A551A680A4455701A68114488701A68F9
:10B2100030BC03321A6070470B68C05601330B60B4
:10B22000704700BFF0B41C681E46034604F11000CE
:10B23000904284B004D90132326004B0F0BC70474F
:10B240006D469A6818680F465968DB68C5F1010CAD
:10B250000FC50DF1FF320DF10F0300E034680CEB68
:10B26000020012F8015F20449A423D54F6D133683F
:10B270001033336004B0F0BC704700BF10B40C68EA
:10B2800083B00319045D58788DF804408DF80500EB
:10B290009878BDF80430907013800B6803330B600E
:10B2A00003B05DF8044B7047F0B51E461B68ADF562
:10B2B000037D03F50273934204D9013232600DF528
:10B2C000037DF0BD6C464FF402720F4601460F48F5
:10B2D00024F012F84FF402720C49204624F00CF8C6
:10B2E000C4F101030DF1FF320DF207213568981802
:10B2F00012F8014F28448A423C54F7D1336803F5D1
:10B30000027333600DF5037DF0BD00BFB0D70020A0
:10B31000F0B50446ADF5037D0F466B4610460A684E
:10B3200082AE013A144414F8015F03F8015BB342A2
:10B33000F9D169464FF4027223F0DEFF3B6803F552
:10B3400002733B600DF5037DF0BD00BFF0B51E46F6
:10B350001B68E5B003F5C873934203D9013232602C
:10B3600065B0F0BD6C464FF4C8720F4601460E48FA
:10B3700023F0C2FF4FF4C8720B49204623F0BCFFF4
:10B38000C4F101030DF1FF320DF28F1135689818E9
:10B3900012F8014F28448A423C54F7D1336803F530
:10B3A000C873336065B0F0BDB8D90020F0B504466D
:10B3B000E5B00F466B4610460A6864AE013A144485
:10B3C00014F8015F03F8015BB342F9D169464FF409
:10B3D000C87223F091FF3B6803F5C8733B6065B00A
:10B3E000F0BD00BFF0B51C681E4604F1A0039342F7
:10B3F000D1B003D90132326051B0F0BDA0220F4666
:10B400000DEB02050146684623F076FF6946A0224F
:10B41000284623F071FFC5F101030DF19F020DF2E3
:10B420003F1100E03468981812F8015F20448A4206
:10B430003D54F7D13368A033336051B0F0BD00BF45
:10B44000F0B50446A9B00F466B4610460A6828AE10
:10B45000013A144414F8015F03F8015BB342F9D1D7
:10B460006946A02223F048FF3B68A0333B6029B027
:10B47000F0BD00BF30B41C6882B0E51C954204D911
:10B4800001321A6002B030BC704702888078ADF893
:10B4900004209DF804209DF805500A551A680A44B6
:10B4A00055701A68114488701A6803321A6002B025
:10B4B00030BC7047F0B40E4609688EB0013901AB5C
:10B4C0000EAD084410F8014F03F8014BAB42F9D11F
:10B4D000154601AF0DF1340C3C460FCC6445286095
:10B4E0006960AA60EB6007F1100705F11005F3D160
:10B4F000386828603368343333600EB0F0BC70476E
:10B500002DE9F0431C681E4604F1340393428FB0CA
:10B5100004D9013232600FB0BDE8F08301AD0F46AF
:10B520008446A84600F13009C646DCF80000DCF885
:10B530000410DCF80820DCF80C300CF1100CCC45C1
:10B54000AEE80F0008F11008EED1DCF80000C5F1FC
:10B550000103C8F800000DF103020DF1370100E00E
:10B560003468981812F8015F20448A423D54F7D19C
:10B570003368343333600FB0BDE8F0832DE9F04316
:10B580001D681E4605F1180393428DB004D901329F
:10B5900032600DB0BDE8F083EE460446F146A26885
:10B5A000E36800680F4661680DF11808AEE80F0007
:10B5B00020696169C8F1010CAEE80300B9E80F0029
:10B5C000A8E80F0099E803000DF1170488E80300CC
:10B5D0000DF12F0300E035680CEB040214F8010FA5
:10B5E0002A449C42B854F6D13368183333600DB006
:10B5F000BDE8F083F0B51C681E4604F1E4039342F5
:10B60000F3B003D90132326073B0F0BDE4220F46CB
:10B610000DEB02050146684623F06EFE6946E42202
:10B62000284623F069FEC5F101030DF1E3020DF296
:10B63000C71100E03468981812F8015F20448A426C
:10B640003D54F7D13368E433336073B0F0BD00BFCD
:10B650002DE9F0431C681E4604F1260393428BB08B
:10B6600004D9013232600BB0BDE8F0836D460F465D
:10B670008446A84600F12009C646DCF80000DCF844
:10B680000410DCF80820DCF80C300CF1100CCC4570
:10B69000AEE80F0008F11008EED1BCF80420DCF889
:10B6A0000000C5F10103A8F80420C8F800000DF15E
:10B6B000FF320DF1250100E03468981812F8015F9F
:10B6C00020448A423D54F7D13368263333600BB0AF
:10B6D000BDE8F0832DE9F0431C681E4604F1140315
:10B6E00093428BB004D9013232600BB0BDE8F083D5
:10B6F000E8460546C146AA68EB6800680F466968D7
:10B700000DF1140EA8E80F002869CEF1010C0546D2
:10B71000C8F80000B9E80F00AEE80F000DF1130201
:10B72000CEF800500DF1270300E034680CEB020066
:10B7300012F8015F20449A423D54F6D13368143325
:10B7400033600BB0BDE8F083DFED427A91ED000A83
:10B7500038B520EE270A2DED028B0D4604461DF06C
:10B7600037FF60EE008A28EEA80A30EE280AB5EE10
:10B77000400AF1EE10FAB1EEC08A62D438EE680ADF
:10B7800030EE000A84ED000AF7EE007A95ED007ABB
:10B79000B4EE677AF1EE10FA07FE800A84ED000A33
:10B7A000DFED2C7A95ED010A20EE270A1DF010FF3F
:10B7B00060EE008A28EEA80A30EE280AB5EE400AAC
:10B7C000F1EE10FAB1EEC08A41D438EE680A30EEDC
:10B7D000000A84ED010AF7EE007A95ED017AB4EEE5
:10B7E000677AF1EE10FA07FE800A84ED010ADFEDB8
:10B7F000197A95ED020A20EE270A1DF0E9FE60EEA7
:10B80000008A28EEA80A30EE280AB5EE400AF1EECA
:10B8100010FAB1EEC08A17D438EE680ABDEC028B7C
:10B8200030EE000A84ED020AF7EE007A95ED027A16
:10B83000B4EE677AF1EE10FA07FE800A84ED020A90
:10B8400038BD23F048FD99E723F045FDE4E723F0F8
:10B8500042FDBAE7DB0FC93F4FF07C51002210B424
:10B8600003240160047641605DF8044B8160C2608E
:10B8700002614261704700BF10B401244FF07C5157
:10B880000022047201605DF8044B4260704700BF03
:10B890002DE9F0432DED048B8BB004460D46DDE918
:10B8A0001601164603F068FC204490F83930012B4D
:10B8B00011D0022B4CD0002B37D00FCD189C0FC4C9
:10B8C0000FCD0FC495E8030084E803000BB0BDEC76
:10B8D000048BBDE8F0832F46189C0FCF0FC40FCF09
:10B8E0000FC497E8030084E80300002EEED0B8EE02
:10B8F000009AB7EE008AF0EE008A189C05EB8606E7
:10B90000B5EC010A20EE090A1DF03CFD30EE080AF4
:10B91000C8EE807A77EEC87AAE42E4EC017AEFD1D5
:10B920000BB0BDEC048BBDE8F08329469FED2C7A6B
:10B93000189B05F12802F1EC017AC7FE277A8A42AA
:10B94000E3EC017AF7D10BB0BDEC048BBDE8F083DA
:10B950006C460FCD0FC40FCD9DED000A0DF104080C
:10B96000B0EE408A47460FC495E8030084E8030020
:10B970000DF12809F7EC017AF4EE487AF1EE10FAAD
:10B9800037FE888A4F45F5D17EB144460DEB8606D9
:10B9900001E0B4EC010A30EE480A1DF0F3FCA642C7
:10B9A00004ED010AF5D19DED000A4346F0EE407A20
:10B9B000B3EC017A4B4577EE877AF9D1189B03F106
:10B9C000280201E0B8EC010A80EE277AA3EC017AA4
:10B9D0009342F7D10BB0BDEC048BBDE8F08300BF00
:10B9E00000000000F0B52DED048B90F83C000C46F3
:10B9F000012816461D4685B00BD002284BD060B3F7
:10BA00000FCC28606960AA60EB6005B0BDEC048BC8
:10BA1000F0BD0F460FCF28606960AA60EB60002E72
:10BA2000F3D0B8EE009AB7EE008AF0EE008A04EB8D
:10BA30008606B4EC010A20EE090A1DF0A3FC30EEE4
:10BA4000080AC8EE807A77EEC87AA642E5EC017A59
:10BA5000EFD105B0BDEC048BF0BD91ED007ADFEDC8
:10BA6000377A87FE877A83ED007A91ED017A87FE37
:10BA7000877A83ED017A91ED027A87FE877A83EDEA
:10BA8000027A91ED037AC7FE877AC3ED037A05B097
:10BA9000BDEC048BF0BD6F460FC987E80F009DED2C
:10BAA000000A9DED016AB4EEC60AF1EE10FADDED72
:10BAB000026A54BFB0EE408AB0EE468AF4EE486A9D
:10BAC000F1EE10FA9DED037A36FE888AB4EE487ADC
:10BAD000F1EE10FA37FE088AAEB107EB860601AC2C
:10BAE00001E0B4EC010A30EE480A1DF04BFCB44210
:10BAF00004ED010AF5D19DED000A9DED016ADDED31
:10BB0000026A9DED037A70EE067A77EEA67A77EEFA
:10BB1000877AC6EE275A80EE275A86EEA76AC7EEC6
:10BB2000276A85ED005AC5ED015A85ED026AC5ED1B
:10BB3000036A05B0BDEC048BF0BD00BF000000003F
:10BB40000023022230B40B2540F20114002180F8BA
:10BB50003C20A0F8443580F846350570448700F154
:10BB6000400300F1680243F8041B9342FBD100221A
:10BB700000F1900143F8042B8B42FBD14FF07E5132
:10BB8000C0F89020C0F89420C0F89820C0F89C20FD
:10BB900000F1A00300F52A7243F8041B9342FBD185
:10BBA0004FF07E5100F5876243F8041B9342FBD1AE
:10BBB0004FF07E5100F59B6243F8041B9342FBD18A
:10BBC00040F60A2204230021A0F8D82480F8DA34B1
:10BBD00000F2DC4200F5A26342F8041B9342FBD161
:10BBE0004FF07E5100F2445243F8041B9342FBD1C4
:10BBF0000022031D00F12C0143F8042B8B42FBD1E2
:10BC000030BC4FF48073C2620263426303877047A3
:10BC10002DE9F04786B004AB05AE04460078CDE9C7
:10BC200000360DF10F030D4602F090F99DF90F005B
:10BC300008BB4FF0010A04F5A26904F2DC4804F5E0
:10BC40009B675FFA8AF3013B0B2B61D8DFE803F0B7
:10BC500059524B443D362F231D291606314628469E
:10BC6000FFF768F884F845050AF1010ABAF10E0FEA
:10BC7000E7D19DF90F0006B0BDE8F08731462846B0
:10BC8000FFF758F884F84405EEE742463146284667
:10BC9000FFF710FCE8E73A4631462846FFF7EEFA90
:10BCA000E2E74A4631462846FFF704FCDCE7314626
:10BCB000284604F58762FFF7C3FBD5E731462846DF
:10BCC00004F52A72FFF772FBCEE73146284604F1ED
:10BCD000A002FFF71DFBC7E73146284604F190029A
:10BCE000FFF700FAC0E73146284604F16802FFF783
:10BCF00075F8B9E73146284604F14002FFF76EF8BF
:10BD0000B2E73146284604F13A02FFF7B7FAABE74B
:10BD100031462846FFF70EF884F84605A4E700BF31
:10BD2000F8FE600AFCEEE07A2DE9F04F15461E465B
:10BD30000022002717EE903A2A606A60AA60EA6043
:10BD4000377090F8392001330446B9B0DBB222B124
:10BD5000012B7AD039B0BDE8F08F90F8382001324D
:10BD6000D2B24F1CFFB2B2FBF7F007FB1022D2B2E7
:10BD7000934211D00021231D04F12C0243F8041B2F
:10BD80009342FBD100234FF48072E3622363636329
:10BD9000228739B0BDE8F08F5A1E04EB82028B4235
:10BDA00084F8383082ED010AD4D12BAF3B46002213
:10BDB00038A943F8042B9942FBD1231D9C460593D7
:10BDC0000DF1AC0804F12409C646DCF80000DCF8EB
:10BDD0000410DCF80820DCF80C300CF1100CCC4519
:10BDE000AEE80F0008F11008EED1DCF80410DCF822
:10BDF0000000636BD4F83090D4F82CE01EAAA8E8B9
:10BE000003003793CDF8D490CDF8D8E004F5A263C1
:10BE100004F244510FE053ED0E6A97ED007A37EECD
:10BE2000667AC7EE276AC2ED006A994207F10407F5
:10BE300002F104021ED0F3EC017AF5EE407AF1EE45
:10BE400010FAE8D138681060EFE790F8462580F8DE
:10BE500039700AB180ED0B1A94F844250AB1C4ED8B
:10BE60000C1A94F845251AB184ED0D2A012278E7C1
:10BE7000012276E794F8D88494F8D97494F8DA9487
:10BE80000DF1280A04F1400C04F1600BD646DCF8F1
:10BE90000000DCF80410DCF80820DCF80C300CF1B1
:10BEA000100CDC45AEE80F000AF1100AEED1DCF808
:10BEB0000000DCF80410AAE80300B8F1000F1AD063
:10BEC00020460DF1280C04EB880E2BA9BCEC017A5E
:10BED00003461EAAF2EC017AD3ED286A67EEA67A31
:10BEE000914237EE277A03F12803F3D104308645D7
:10BEF0000CED017AEAD10022664B0DF1500ACDE932
:10BF0000002320464246CDF808A00AA9FFF7C0FC4E
:10BF1000002F00F08C8004F188030DF1AC0B04F1CC
:10BF2000680C0493DE46DCF80C30DCF80000DCF82A
:10BF30000410DCF808200CF1100CAEE80F00049B94
:10BF40000BF1100B9C45EDD1A6465B46DCF80000DA
:10BF5000DCF80410444603C30AEB88010020F046D5
:10BF60000DF1AC0C8CB19CED007A52467346F2ECAC
:10BF7000017AD3EDAA6A67EEA67A914237EE277A64
:10BF800003F12803F3D18CED007A013087420CF1E4
:10BF9000040C0EF1040EE5D14FF0804300220AA9F3
:10BFA000CDE9002340463A4602912BA9FFF770FCE9
:10BFB00043460DF1180CE64653F8900F4446596875
:10BFC0009A68DB68AEE80F00B9F1000F1ED0E646B4
:10BFD00000200AAB03EB870708F58761BEEC017A06
:10BFE0000A460AAB9046F3EC017AD8ED006A67EE98
:10BFF000A67A9F4237EE277A02F11002F2D1013081
:10C0000081450EED017A01F10401E7D12B464A4644
:10C0100061462046FFF7E6FC03220021059B3270B3
:10C0200004F12C0243F8041B9A42FBD1AAE62346F2
:10C030000DF1180CE64653F8900F59689A68DB68C2
:10C04000AEE80F00B9F1000FE0D0234604F5876E8B
:10C050000AEB880144466046984694B190ED007A18
:10C06000534672469346F3EC017ADBED006A67EEC5
:10C07000A67A994237EE277A02F11002F2D180EDCA
:10C08000007A0137B94500F104000EF1040EE4D145
:10C090004446BBE70000F03F2DE9F0470D2482B095
:10C0A0000646174600780DF103020D468DF8034051
:10C0B00001F06EFF9DF803800190B8F1000F2AD0C7
:10C0C000012406F5A26A06F2DC49E3B2013B0C2B1F
:10C0D0000FD8DFE803F0655D756D554D453D362F92
:10C0E000271407003A46294696F8460501ABFEF7A5
:10C0F00027FEA04504F101030CD01C46E5E701AB87
:10C100003A46294696F84505FEF71AFEA04504F181
:10C110000103F2D10198C0F3072328706B7002B0BD
:10C12000BDE8F0873A46294696F8440501ABFEF78C
:10C1300007FEDEE73A462946504601ABFFF7E0F935
:10C14000D7E73A462946484601ABFFF7D9F9D0E789
:10C150003A46294601AB06F59B60FFF78BF9C8E725
:10C160003A46294601AB06F58760FFF73BF9C0E781
:10C170003A46294601AB06F52A70FFF7E7F8B8E71B
:10C180003A46294601AB06F1A000FFF78DF8B0E76B
:10C190003A46294601AB06F14000FEF771FEA8E7DA
:10C1A0003A46294601AB06F13A00FFF71DF8A0E731
:10C1B0003A46294601AB06F19000FFF733F898E7BD
:10C1C0003A46294601AB06F16800FEF759FE90E7B2
:10C1D0002DE9F043062483B00646904600780DF121
:10C1E00003020D468DF8034001F0D2FE9DF8037066
:10C1F000019027B3012406F10409E3B2013B052BAA
:10C200000BD8DFE803F02310322A3A0341462846D0
:10C2100096ED0D0A01AAFEF76DFDA74204F1010398
:10C220000CD01C46E9E701AB4246294696F8380097
:10C23000FEF786FDA74204F10103F2D10198C0F395
:10C24000072328706B7003B0BDE8F083424629468F
:10C25000484601ABFEF714FEDFE74146284696ED5F
:10C260000B0A01AAFEF746FDD7E74246294696F893
:10C27000390001ABFEF764FDCFE74146284696ED55
:10C280000C0A01AAFEF736FDC7E700BF2DE9F04111
:10C2900086B004AB05AF05460078CDE900370DF157
:10C2A0000F030E4601F052FE9DF90F00B0B90124B4
:10C2B00005F10408E3B2013B042B2DD8DFE803F0BD
:10C2C000261F1811030039463046FEF7FBFC85EDAA
:10C2D0000C0A0134072CEDD19DF90F0006B0BDE822
:10C2E000F08139463046FEF7EDFC85ED0B0AF0E7AC
:10C2F00039463046FEF71EFD85F83900E9E7394634
:10C300003046FEF717FD85F83800E2E74246394629
:10C310003046FEF763FDDCE739463046FEF7D2FCD7
:10C3200085ED0D0AD5E700BF70B5D0ED017A2DED92
:10C33000028BDFED5A6A0C4667EEA66A15469DF839
:10C3400018609DF81C10002A6DD100EB8302D2ED1D
:10C35000038AD4ED004A76EEA88A4288B0EE087AC5
:10C3600007EE902A00EB8302D2ED065AF4EE475A0C
:10C37000F8EE677A9FED4A5AF1EE10FA87EE856A79
:10C3800030EE648A4CD192ED017ADFED467A37EED9
:10C39000400AB7EE007A80FE270A37EE407AF6EEC2
:10C3A000087A27EE077A9FED405A67EE277ADFED8D
:10C3B0003F5A67EE857A77EEA57AB5EEC08A66EECB
:10C3C000A77AF1EE10FA77EEA67A44DD012B06BFCC
:10C3D00000EB860696ED0A7A9FED357A91B3D0EDA3
:10C3E000017ADFED346A67EEA67A87EE870A20EEDF
:10C3F000060AB4EE408AF1EE10FA30FE088A38EEF2
:10C40000248AB4EEE88AF1EE10FA58BFF0EE488ABA
:10C410000DB1F1EE688AC4ED008ABDEC028B70BDEF
:10C42000DFED257AC9E794ED008AF1EE484AC4EDC4
:10C43000004A00EB8302D2ED018AB1EE400A76EEAB
:10C44000E88A8AE7B4EE678ADFED197AF1EE10FA2E
:10C4500037FE877AC3E731B9B0EEC87AB4EEE77A2F
:10C46000F1EE10FA10DCD2ED337AB1EE460A80EE2E
:10C47000270A1CF087FFF7EE007A37EEC00AD4EDEA
:10C48000004A28EE008ABAE7012BECD1D0ED346ADD
:10C49000B0EE087AC6EE877AE7E700BFC178C63DFE
:10C4A0000000C84200000000CDCC4C3ECDCCCC3DBD
:10C4B0000000E144CBBECB3E9A99993E00EB81014E
:10C4C000D1ED036AF5EE406AF1EE10FA91ED017AD2
:10C4D00003D077EE667A87FE800A77EE607A9FED6A
:10C4E000097A70EEE60AC7FE877AC0FE870AC7FEA1
:10C4F000E07A77EEA77AF7EE006A87EE807A87FE19
:10C50000660A70470000000000EB820393ED067A94
:10C51000F0EE087AB4EE677AF1EE10FA02F1FF322B
:10C520002AD1B7EE007A77EE600AF6EE087A60EE6E
:10C53000A00ADFED1F6A60EEA77A9FED1E7A67EE14
:10C54000A67A77EE877AD3ED036A93ED017A00EE4F
:10C55000270A77EE667AB4EEE70AF1EE10FA04DC09
:10C56000F5EE406AF1EE10FA09D190F8D830104497
:10C57000B7EE000A03767047DFED0F7AE3E769B99B
:10C580000244137EFF2B0FD00133DBB2137690F8F9
:10C59000D8209A4208D9B0EE000A70470023104410
:10C5A000B0EE000A03767047B0EE080A704700BF8D
:10C5B000CDCC4C3ECDCCCC3D9A99993E00222DE974
:10C5C000F04F4FF07E510127DFED477ADFED470A4C
:10C5D0009FED471AFEEE081A9FED462ADFED462A28
:10C5E0009FED463ADFED463A9FED464ADFED464A7B
:10C5F0009FED465ADFED465A9FED466A4FF00A0B13
:10C600004FF0030AF0EE0C6A9FED437A4FF00009F9
:10C610004FF002084FF6FF7E40F2022C3F4C404D97
:10C62000404EC0ED0E0A80ED0F1AC0ED101A80EDDD
:10C63000112AC0ED152A80ED253AC0ED263A80ED8D
:10C64000274AC0ED284A80ED295A07708264C264E7
:10C6500002658265C2654266C26602678267C0F88B
:10C660008020C0F88420C0F88C2001668166416774
:10C67000C167C0F88810C0F89010C0F8A840C0F892
:10C68000B040C0F8AC50C0ED345A80ED356AC0ED12
:10C69000386A80ED397AC0ED327AC0ED337AC0F86D
:10C6A000B450C0F8B850C0F8BC40C0F8C050C0F892
:10C6B000C4404262C26142608260C2600261426103
:10C6C000026280F83470A0F8DAB0A0F8DCA0A0F81C
:10C6D000289080F8D880A0F802E0A0F818C0C662C0
:10C6E0000663BDE8F08F00BF00006145894100BFCF
:10C6F000CDCCCCBEE17A94BECDCCCCBD52499DBC54
:10C700005F29CB3D76E06C3F9BE67D3FBF0E7C3FD3
:10C7100000C0A8474031774C17B7D1380000A0417E
:10C72000000020420000E1442DE9F04786B004AB50
:10C7300005AE04460078CDE900360DF10F030D4635
:10C7400001F004FC9DF90F0000BB4FF0010A04F159
:10C75000B80904F1A80804F194075FFA8AF3013BD1
:10C760000A2B5BD8DFE803F0534C453E37302922D3
:10C770001B150600424631462846FEF7B3FC0AF177
:10C78000010ABAF10D0FE8D19DF90F0006B0BDE81E
:10C79000F0873A4631462846FEF708FDEFE7314676
:10C7A000284604F18002FEF701FDE8E731462846FD
:10C7B00004F16C02FEF7FAFCE1E73146284604F189
:10C7C0005802FEF7F3FCDAE73146284604F1480246
:10C7D000FEF788FCD3E73146284604F1E002FEF775
:10C7E000D5F9CCE73146284604F1DA02FEF7A2FC7F
:10C7F000C5E73146284604F13802FEF773FCBEE770
:10C800003146284604F1C802FEF7C0F9B7E73146C1
:10C81000284604F1D002FEF7B9F9B0E74A4631469E
:10C820002846FEF75FFCAAE79FEDDE7ADFEDDE7AB1
:10C830002DE9F04720EE877A2DED0C8B70EEA77A6C
:10C84000DFEDDA6A90ED019A88B0B0EE408ADDE95A
:10C850001D5687EE270AF0EE608A29EE269AF0EE42
:10C86000419A0446894690461F46B0EE61AA9DF85B
:10C8700070A01CF087FDDFEDCE6A9FEDCE6A69EEF9
:10C88000A66A9FEDCD7AC6EE867A38EE877A27EED5
:10C89000800ADFEDCA6AC0EE077A9FEDC97A27EEFB
:10C8A000A60AB4EEC70AF1EE10FA00F30A82638812
:10C8B000B8EE00BAB3F5967F2246A44600F00C828B
:10C8C000B3F5E16F00F03282642B00F01A82D4EDF0
:10C8D0000ECAD4ED12BAD4ED2AAA94ED2ECA52F89B
:10C8E000580F05AB5168926807C35CF8640F03AB3F
:10C8F000DCF8041003C39FEDAB0ADFEDAB7A2AEE40
:10C90000800A7AEEA77A80EE270A1CF03BFDDFED65
:10C91000A87A9FEDA8DA2CEE27CADFEDA77A8CEE75
:10C920000D7A7AEEA77A27EE007ADFEDA46A87EE19
:10C93000270A20EE260A1CF0F3FDD4ED020AF5EEDC
:10C94000400AF1EE10FA7FD03BEE407A9DED056A89
:10C9500067EE077A9DED060A78EEEAAA27EE007ADE
:10C96000CAEE8D6A67EE867A9DED036A77EE877A66
:10C970009DED070A26EE867ADDED046A77EE807A71
:10C9800037EE267AF7EE086A67EE877AB6EE000A87
:10C99000C7FEE67AC7FE807A68EEABBA9FED857A6D
:10C9A0002BEE2CBA8BEE870A30EE0B0A38EE400ADB
:10C9B00030EE600A20EE270A30EE200A86ED000AEB
:10C9C000B8F1000F40F00481BAF1000F00F0A4802C
:10C9D00094ED027AD4ED037AD4ED076AB5EE407A8D
:10C9E000F1EE10FAF5EE407A08BF96ED007AF1EE1E
:10C9F00010FA08BFD6ED007A85ED007A94ED046A4E
:10CA0000B5EE406AF1EE10FA08BF37EE496AC5ED9F
:10CA1000046A85ED026AC5ED017A94ED057AB5EEFA
:10CA2000407AF1EE10FA08BF37EEC97A85ED037A45
:10CA3000236A6B6194F83430012B00F0288108B030
:10CA4000BDEC0C8BBDE8F087F7EE007AA4E7D4EDDF
:10CA5000027AF5EE407AD4ED047AF1EE10FAF5EEB2
:10CA6000407A04BF84ED020A96ED000AF1EE10FA56
:10CA70000CD1D4ED027A77EEC97AF4EEC07AF1EEF9
:10CA800010FAC4BF84ED040A96ED000A02230022C6
:10CA9000CDE900372046012304F10801FFF744FCEB
:10CAA000D4ED047AF5EE407AF1EE10FA40F081818F
:10CAB000D4ED037AF5EE407AD4ED057AF1EE10FA72
:10CAC000F5EE407A04BF3368E360F1EE10FA0CD162
:10CAD000D4ED037A96ED000A77EEC97AB4EEE70A50
:10CAE000F1EE10FA03D584ED050A96ED000A4FF039
:10CAF000020A002253462046CDE900A704F10C01AA
:10CB0000FFF712FCD4ED057AF5EE407AF1EE10FA5B
:10CB100040F05B8196ED000A94ED026AB4EEC06AC3
:10CB2000F1EE10FAB0EE467A00F28C800123B9F1F2
:10CB3000000F00F09480B8F1000F00F00C81F0EECF
:10CB4000400A01212046B0EE490AFFF7B7FC012256
:10CB5000F0EE400A1946B0EE490AFFF7D5FC84ED25
:10CB6000070AD4ED037AD6ED000AF4EEE07AF1EE8E
:10CB700010FA00F209810221B0EE490A2046FFF7BF
:10CB80009DFCF0EE400A41460222B0EE490A2046E2
:10CB9000FFF7BAFC94ED027AD4ED037AD4ED076A7C
:10CBA00072E000BFC3F58C41B81E7343C178C63D27
:10CBB0008195C3400000C8423393884333B3584340
:10CBC0000AD7233C0000AA42000020C20000000057
:10CBD000BAF1000F7FF4FCAE5FED067AF4EEE78A5F
:10CBE000F1EE10FA98D85FED087AF4EEE78AF1EEEC
:10CBF00010FA91DBF4EEC79AF1EE10FA8CD85FEDE3
:10CC00000D7AF4EEE79AF1EE10FA85DBB4EE67AA3E
:10CC1000F1EE10FA40F0E58094ED097AB4EE677A0F
:10CC2000F1EE10FA3FF413AF238D06EE903AF8EED2
:10CC3000666A37EE667AC7FE877AC4ED097A96EDA2
:10CC4000000A69E7D4ED047AF4EEC07AF1EE10FA46
:10CC5000ACBF01230023B9F1000F7FF46CAF5FED8F
:10CC6000256AC4ED076A94F8D830D4ED037A2376A8
:10CC700096ED005AB4EEE75AF1EE10FAF0EE675A6C
:10CC80007BDB1FED2E0A637684ED080AA6E6F0EE44
:10CC9000087AF4EE676AF1EE10FA0AD14FB1002378
:10CCA000D4F8C810D4F8CC20E162226384F8343080
:10CCB000C5E65B4BE362236308B0BDEC0C8BBDE8BB
:10CCC000F0871CF02DFC6388B0EE40BAB3F5967F78
:10CCD0002246A4467FF4F4AD52F8800F05AB5168AC
:10CCE0009268D4ED10CA07C35CF88C0F03ABDCF874
:10CCF0000410D4ED14BAD4ED2CAA94ED30CA03C3B9
:10CD0000F9E552F8940F05AB51689268D4ED11CA59
:10CD100007C35CF8A00F03ABDCF80410D4ED15BA20
:10CD2000D4ED2DAA94ED31CA03C3E4E552F86C0F9B
:10CD300005AB51689268D4ED0FCA07C35CF8780F51
:10CD400003ABDCF80410D4ED13BAD4ED2BAA94EDA8
:10CD50002FCA03C3CFE5DFED336AC4ED076A94F849
:10CD6000D830D4ED037A237696ED005AF4EEC57AE6
:10CD7000F1EE10FAF0EE675A83D9B0EE467AF0EE93
:10CD8000657AD4ED076A7CE7D4ED057AF4EEE07AB3
:10CD9000F1EE10FA4FF00201B0EE490A2046ACBFA6
:10CDA0004FF001084FF00008FFF788FBF0EE400A53
:10CDB000E9E60123CDE900371A4696ED000A204640
:10CDC00004F11001FFF7B0FA72E601220197009218
:10CDD000534696ED000A204604F11401FFF7A4FA29
:10CDE00098E6FDEECA7A17EE903A04EB4302B2F8E9
:10CDF000D820D4ED098A08EE102AB8EE488A04EB50
:10CE0000830393ED370A1CF0BDFA38EEC88AC8EEEA
:10CE1000007A78EEE78AC4ED098A96ED000A7BE68F
:10CE20000000E144000000002DE9F0470C2482B02E
:10CE30000646174600780DF103020D468DF80340B3
:10CE400001F0A6F89DF803800190B8F1000F27D0FB
:10CE5000012406F1B80A06F1A809E3B2013B0B2B45
:10CE60000DD8DFE803F05C546C644C443C342C2453
:10CE700012063A462946504601ABFEF75BF8A0453C
:10CE800004F101030BD01C46E7E701AB3A46294603
:10CE90004846FEF74FF8A04504F10103F3D101988D
:10CEA000C0F3072328706B7002B0BDE8F0873A46E4
:10CEB000294601AB06F19400FEF7DAF8DFE73A46BF
:10CEC000294601AB06F18000FEF7D2F8D7E73A46D3
:10CED000294601AB06F16C00FEF7CAF8CFE73A46E7
:10CEE000294601AB06F15800FEF7C2F8C7E73A46FB
:10CEF000294601AB06F14800FEF71CF8BFE73A46A9
:10CF0000294601AB06F1E000FDF75AFEB7E73A46C5
:10CF1000294601AB06F1C800FDF752FEAFE73A46DD
:10CF2000294601AB06F1D000FDF74AFEA7E73A46D5
:10CF3000294601AB06F1DA00FEF754F89FE73A46BE
:10CF4000294601AB06F13800FDF7F4FF97E700BF73
:10CF50002DE9F0470B2482B00646174600780DF104
:10CF600003020D468DF8034001F012F89DF803808E
:10CF70000190B8F1000F28D0012406F12C0A06F127
:10CF80001C09E3B2013B0A2B0ED8DFE803F0534B38
:10CF9000635B443C2D25341306003A46294696F837
:10CFA000340001ABFDF7CCFEA04504F101030BD02A
:10CFB0001C46E6E701AB3A4629465046FDF700FE1F
:10CFC000A04504F10103F3D10198C0F307232870B1
:10CFD0006B7002B0BDE8F0873946284696ED010A2D
:10CFE00001AAFDF787FEDFE73A462946308D01ABFF
:10CFF000FDF720FED8E73A46294696F8D80001AB5F
:10D00000FDF79EFED0E73946284696ED090A01AAAB
:10D01000FDF770FEC8E73A462946484601ABFDF7E2
:10D02000CFFDC1E73A46294601AB06F11000FDF7F6
:10D03000C7FDB9E73A46294601AB06F10800FDF7FE
:10D04000BFFDB1E73A46294601AB06F11800FDF7EE
:10D0500019FEA9E73A462946708801ABFDF7EAFDBB
:10D06000A2E700BF002370B440F20221002602258F
:10D070004FF6FF744362C36143608360C360036122
:10D08000436103620123064A068580F8D850448034
:10D09000C2620263018380F8343070BC704700BF05
:10D0A0000000E1444FF6FF73994232D030B52DEDC8
:10D0B000028B43880C468B42054683B025D0B1F5E0
:10D0C000967F418026D0B1F5E16F4ED064294CD0D7
:10D0D00064219FED300A304BA3FB04235A0901FB66
:10D0E000124292B25B09312A88BF01332B851CF0B2
:10D0F00017FA9FED2A7AB0EEC00AC0EE077AC5EDA6
:10D10000017A5CB9FF2385F8D83003B0BDEC028BFF
:10D1100030BD70470322224B0285436047F23052F4
:10D12000B2FBF4F304FB132292B29BB2AAB907EE4E
:10D13000903AB8EE670AB5EE400AF1EE10FAB1EE99
:10D14000C08A19D438EE088ABBFE488AFCEEC87A39
:10D15000CDED017A9DF80430D5E704F0010101EB33
:10D160005404A242A8BF0133E1E70B4B9FED0D0A27
:10D17000A3FB04235B09B9E722F0ADF838EE088A77
:10D18000FBFE487AFCEEE77ACDED017A9DF804309B
:10D19000B9E700BF304C463F1F85EB51502C633E32
:10D1A00016A85F3F9A99193F2DE9F04786B004AB66
:10D1B00005AE04460078CDE900360DF10F030D46AB
:10D1C00000F0C4FE9DF90F00F8B94FF0010A04F118
:10D1D0002C0904F11C0804F118075FFA8AF3013BDB
:10D1E000092B50D8DFE803F048413B352F28221B9C
:10D1F00014054A4631462846FDF7C8FC0AF1010AE3
:10D20000BAF10C0FE9D19DF90F0006B0BDE8F08727
:10D2100031462846FDF78EFD84F8D800EEE731460A
:10D220002846FDF74FFD84ED010AE7E73146284621
:10D23000FDF7EEFC2085E1E731462846FDF742FD8B
:10D2400084ED090ADAE7424631462846FDF79EFC9E
:10D25000D4E73A4631462846FDF700FDCEE7314691
:10D260002846FDF7D5FC6080C8E73146284604F122
:10D270001002FDF78BFCC1E73146284604F1080295
:10D28000FDF784FCBAE731462846FDF753FD84F8E4
:10D290003400B3E7032310B5044600F8043BFEF75F
:10D2A000DBFA2046FCF7E8FC204610BD70B586B0DE
:10D2B00004AB05AE04460078CDE900360DF10F034E
:10D2C0000D4600F043FE9DF90F0008B106B070BD99
:10D2D0002846314604F12002FDF714FC9DF90F00A9
:10D2E00006B070BDF2EE047AF8B5B4EE670A2DED23
:10D2F000048BD0ED049AF1EE10FAB0EE409AF5EE00
:10D30000409A98BFB0EE679AF1EE10FA04460F46C5
:10D3100016461D46F0EE608AB0EE418A30D0B0EE7F
:10D32000490A94ED019A1CF0FBF8D4ED047A70EEF2
:10D33000677A67EE897A37EEA90A87ED000AD4ED9D
:10D34000057AD4ED020A78EEE78A68EEA08A78EED4
:10D35000A78AC6ED008AD4ED067A94ED031A38EE5A
:10D36000678A28EE018A38EE278A85ED008ABDECAF
:10D37000048B3B682361336863612B68A361F8BD4C
:10D38000B0EE490A1CF0CCF8C4ED058AF0EE409AE4
:10D3900084ED068A84ED040AC1E700BF2DE9F0415F
:10D3A000012482B00646904600780DF103020F4634
:10D3B0008DF8034000F0ECFD9DF80350019035B16D
:10D3C0000024203654B10134A542FBD10198C0F3AA
:10D3D000072338707B7002B0BDE8F08142463946C1
:10D3E000304601ABFDF7AAFBEDE700BF2DE9F041A8
:10D3F000012482B00646904600780DF103020F46E4
:10D400008DF8034000F0C4FD9DF80350019035B144
:10D410000024103654B10134A542FBD10198C0F369
:10D42000072338707B7002B0BDE8F0814246394670
:10D43000304601ABFDF782FBEDE700BF70B586B06B
:10D4400004AB05AE04460078CDE900360DF10F03BC
:10D450000D4600F07BFD9DF90F0008B106B070BDD0
:10D460002846314604F11002FDF74CFB9DF90F00F0
:10D4700006B070BD07EE901ADFED1C6AF8EE677A11
:10D4800086EEA77AF6EE007AD0ED086A27EE277AC4
:10D49000D0ED095AF7EE007A86EE876A90ED0A5AC7
:10D4A000C5EE876AB4EEE76AC5EE075AF1EE10FAE8
:10D4B000F4EEE76A37FE866AF1EE10FAF4EEE75A08
:10D4C00077FEA66AF1EE10FA00B585B077FEA57A70
:10D4D000043001A98DED016ACDED026ACDED037A2C
:10D4E000FEF732F905B05DF804FB00BF0000C8424A
:10D4F00010B5044600F8041BFEF7BEF92046FCF701
:10D50000CFFB204610BD00BF70B586B004AB05AEA2
:10D5100004460078CDE900360DF10F030D4600F00A
:10D5200015FD9DF90F0008B106B070BD28463146C3
:10D5300004F11002FDF72AFB9DF90F0006B070BD43
:10D54000B5EEC01AF1EE10FA08B52BD9DFED177A57
:10D55000B4EE671AF1EE10FA37FE811A90ED027AF6
:10D56000B5EE407AF1EE10FA08BFB0EE407AD0ED99
:10D57000016A30EE470AD0ED047A20EE260A61EE09
:10D58000277AD0ED056A30EE070A77EEA67A80EDAD
:10D59000020A37EE811A01F00DF9DFED047A80FE00
:10D5A000670A08BD9FED021AD8E700BF0000C84215
:10D5B00017B7D1382DE9F041012482B006469046D4
:10D5C00000780DF103020F468DF8034000F0E0FCF7
:10D5D0009DF80350019035B10024103654B1013448
:10D5E000A542FBD10198C0F3072338707B7002B0CD
:10D5F000BDE8F08142463946304601ABFDF7B2FD49
:10D60000EDE700BF2DE9F041012482B007469046C6
:10D6100000780DF103020E468DF8034000F0B8FCCF
:10D620009DF8035001902DB1002454B10134A5425E
:10D63000FBD10198C0F307233070737002B0BDE8CE
:10D64000F0814146304697ED020A01AAFDF752FBF0
:10D65000ECE700BF70B586B004AB05AE04460078B9
:10D66000CDE900360DF10F030D4600F06FFC9DF97A
:10D670000F0008B106B070BD28463146FDF722FB09
:10D680009DF90F0084ED020A06B070BD07EE901AF6
:10D69000DFED216AB8EE677AB6EE006AC6EE877AE9
:10D6A000DFED1E6A67EE867A10B5B7EE007A2DEDD3
:10D6B000048BC6EEA78A9FED1A0AC8FEC78A28EE19
:10D6C000800A04461BF084FF20EE008A28EE089AA8
:10D6D00039EE089AB5EE409AF1EE10FA16D4F7EE4C
:10D6E000007AF4EE678AF1EE10FA0AD0B1EEC90AB8
:10D6F00030EE488A38EE088A84ED018ABDEC048B4E
:10D7000010BDC4ED017ABDEC048B10BDB0EE490A2A
:10D7100021F0E1FDE3E700BF0000C84299D4503C8E
:10D72000DB0FC93F002230B40225054C05490570C6
:10D730004460416181618260C260026130BC7047B7
:10D74000EC5185420000484270B586B004AB05AE8E
:10D7500004460078CDE900360DF10F030D4600F0C8
:10D76000F5FB9DF90F0008B106B070BD28463146A3
:10D77000FDF7A8FA9DF90F0084ED010A06B070BD0F
:10D78000D1ED007AD1ED026A37EEC07A77EEE67A13
:10D79000C7EE276ADFED527A90ED026A66EEA76A5D
:10D7A000B7EE005ADFED4F7A27EE066A76EEA76AEB
:10D7B0009FED4D7AF4EEC50AF8B536EE276A2DEDE9
:10D7C000028BC7FE266ADFED495AF1EE10FA0C46CD
:10D7D000DDE90816B0EE408AC7FE067AC5FEE66AA5
:10D7E0000A9D5AD4C0ED056AC0ED067AC2ED006A02
:10D7F00027695760C3ED007A22695A6090ED017A7B
:10D80000B4EEE77AF1EE10FA42DBB1EE047ADFED26
:10D81000386A27EE877A37EE267ADFED366A86FE9B
:10D82000877A81ED007A2369B2EE040A4B6090EDAD
:10D83000037AD0ED040A67EE877A77EEA00A02F049
:10D84000FFFE9FED2D7ADFED2D7A87FE000AC7FEE1
:10D85000C07AC6ED007A2369DFED296A7360D4EDE2
:10D86000017A94ED037A37EEC88A37EEC77AC8EEAC
:10D87000077ABDEC028B67EEA67A9FED1B7AC7FE96
:10D88000E67AC7FE277AC5ED007A63696B60F8BD5A
:10D89000B2EE047A27EE877ABFE790ED057AB4EE10
:10D8A000E67AF1EE10FA60EEA00A07D535EE605A7E
:10D8B00066EEA06A25EE075A75EE266A90ED066AB6
:10D8C000B4EEE76AF1EE10FA90D5B7EE007A37EED3
:10D8D000607A67EEA07A67EE060A70EEA77A85E7AF
:10D8E0000000164300004842000000000000FA4318
:10D8F00000007A430000C843CDCCCC3D00007A4400
:10D900000000C8422DE9F041012482B0074690464C
:10D9100000780DF103020E468DF8034000F038FB4D
:10D920009DF8035001902DB1002454B10134A5425B
:10D93000FBD10198C0F307233070737002B0BDE8CB
:10D94000F0814146304697ED010A01AAFDF7D2F970
:10D95000ECE700BF2DE9F041052482B00646904671
:10D9600000780DF103020D468DF8034000F010FB26
:10D970009DF80370019017B30124E3B2013B042B1F
:10D980000BD8DFE803F033102B2303004146284671
:10D9900096ED040A01AAFDF7ADF9A74204F10103CF
:10D9A0000CD01C46E9E74146284696ED060A01AA36
:10D9B000FDF7A0F9A74204F10103F2D10198C0F3E9
:10D9C000072328706B7002B0BDE8F08141462846FD
:10D9D00096ED030A01AAFDF78DF9DEE741462846D8
:10D9E00096ED020A01AAFDF785F9D6E741462846D9
:10D9F00096ED050A01AAFDF77DF9CEE70023034A5B
:10DA0000836042618261C3600361704700004842E5
:10DA10004FF6FF73994220D0B1F5967F10B50446BA
:10DA20001CD0B1F5E16F15D09FED0E0ADFED0E7A37
:10DA3000642907FE800A1BF073FD9FED0C7AB0EE9F
:10DA4000C00AC7EE007A0A4A0A4BC4ED027AE260C5
:10DA5000236110BD9FED040AEDE770479FED060AB4
:10DA6000E9E700BF304C463F9A99193F0000164342
:10DA70004F57213C841C4BBF0AD7233FF0B587B0DA
:10DA800004AB05AF05460078CDE900370DF10F0373
:10DA90000E4600F05BFA9DF90F0098B90124E3B23D
:10DAA000013B39463046032B1DD8DFE803F017123F
:10DAB0000D02FDF707F985ED030A0134062CEED1BE
:10DAC0009DF90F0007B0F0BDFDF7FCF885ED020AE7
:10DAD000F3E7FDF7F7F885ED060AEEE7FDF7F2F854
:10DAE00085ED050AE9E7FDF7EDF885ED040AE4E7C1
:10DAF000F0B400220024002564264FF0050C084FE6
:10DB00000849C0E90245C0E90845C761866280F856
:10DB100000C0C1620261426182610263F0BC704771
:10DB2000C9B28B5323291D5670B586B004AB05AE20
:10DB300004460078CDE900360DF10F030D4600F0E4
:10DB400005FA9DF90F0008B106B070BD31462846B0
:10DB5000FDF7B8F8314684ED060A2846FDF75CFB70
:10DB6000314684F828002846FDF7ACF89DF90F00EF
:10DB700084ED0B0A06B070BD2DE9F84FD0E902AB79
:10DB800014461D46D0E90823B4EB0A0865EB0B09DF
:10DB9000424573EB090307460B9E03DB544575EBC7
:10DBA0000B037DDA00234FF000093B6187F82A90D0
:10DBB000C7E9024597F82980B8F1000F15D1D7E9D8
:10DBC0000201201A65EB010101F03EFCD7ED057A58
:10DBD00006EE900A97ED067A76EEA77AF4EEC77A0B
:10DBE000F1EE10FAC7ED057A69DA97F82B30CBB968
:10DBF000D7E90201201A65EB010101F025FCD7ED00
:10DC00000C7A06EE900A97ED0B7A76EEA77AF4EE90
:10DC1000C77AF1EE10FAA8BF0123C7ED0C7AA8BFAE
:10DC200087F82B30B9F1000F19D1D7E90201201A7A
:10DC300065EB010101F008FCD7ED047A06EE900ACD
:10DC400097ED077A76EEA77AF4EEC77AF1EE10FA3E
:10DC5000A8BF0123C7ED047AA8BF87F82A30012C9A
:10DC600075F10003BCBF012400250A9BC7E90245EA
:10DC700083F8008097F82A300D9A337097F82B308C
:10DC80001370337833B9D7ED077AF5EE407AF1EEB9
:10DC900010FA0BD14FF07E530C9A1360BDE8F88F49
:10DCA0005AEA0B0390F82A9084D181E7D7ED046AF1
:10DCB00086EEA77A0C9B83ED007ABDE8F88F0123EE
:10DCC000984687F8293090E72DE9F041032482B087
:10DCD0000746904600780DEB04020D468DF8034090
:10DCE00000F056F99DF803600190CEB1012406E0E2
:10DCF000012B24D0A64204F1010310D01C46E3B24C
:10DD0000022B14D0032BF3D14146284697ED0B0A82
:10DD100001AAFCF7EFFFA64204F10103EED101983E
:10DD2000C0F3072328706B7002B0BDE8F081424653
:10DD3000294697F9280001ABFDF7F0F9DAE74146EB
:10DD4000284697ED060A01AAFCF7D4FFD2E700BFE8
:10DD50002DE9F041072484B00646904600780DF185
:10DD60000B020D468DF80B4000F012F99DF80B7078
:10DD700003901FB30124E3B2013B062B0CD8DFE86C
:10DD800003F02C243D35451104004146284696ED0C
:10DD90000C0A03AAFCF7AEFFA74204F101030CD062
:10DDA0001C46E8E703AB4246294696F82B00FDF7F0
:10DDB0003DF8A74204F10103F2D10398C0F3072311
:10DDC00028706B7004B0BDE8F0814146284696ED9E
:10DDD000050A03AAFCF78EFFDEE703AB00932A4691
:10DDE000D6E902014346FCF7D3FFD5E74246294670
:10DDF00096F8290003ABFDF719F8CDE74146284610
:10DE000096ED040A03AAFCF775FFC5E742462946CA
:10DE100096F82A0003ABFDF709F8BDE74FF6FF734C
:10DE200099421FD090F92820174B01FB02F202EB18
:10DE30005202A2FB0323B1F5967FC0E908231ED04E
:10DE4000B1F5E16F09D0DFED117A9FED117A642908
:10DE500047FE277AC0ED077A7047DFED0E7AC0EDF6
:10DE6000077A704710B400210024002200230461C7
:10DE7000C0E902235DF8044B80F82A107047DFEDFB
:10DE8000047AC0ED077A704780969800C9B28B5328
:10DE9000C9B28B5276845F51F0B587B004AB05AF41
:10DEA00005460078CDE900370DF10F030E4600F06E
:10DEB0004DF89DF90F00B8B90124E3B2013B052BE1
:10DEC0003DD8DFE803F0352E271D1303059BF25CD8
:10DED0000133003A18BF0122059385F82B20013445
:10DEE000082CEAD19DF90F0007B0F0BD059BF25C4C
:10DEF0000133003A18BF0122059385F82A20EEE786
:10DF0000059BF25C0133003A18BF0122059385F8A6
:10DF10002920E4E739463046FCF7D4FE85ED040AB3
:10DF2000DDE739463046FCF7CDFE85ED050AD6E73C
:10DF300039463046FCF710FFC5E90201CFE7394604
:10DF40003046FCF7BFFE85ED0C0AC8E770B400242C
:10DF500083B0032ADDE9065634601C702C6004D8B7
:10DF600098221A7003B070BC7047042232604A785D
:10DF70000C788DF805208DF80440BDF804202A6047
:10DF80008A7882421CBF9C221A7003B070BC704712
:10DF900030B415780DB19D4203D230BC0020107012
:10DFA0007047044604208C7030BC70472DE9F04F58
:10DFB0002DED028B00278DB0DDF860A004468AF8B5
:10DFC00000701D7888461646039385B1DDF864C05D
:10DFD0003A4600200027002163460CEB05155A73D2
:10DFE0009F601A739A73E3E804019D42F7D1002EF3
:10DFF00000F06A814FF0000C434661464FF0010982
:10E00000DFF800E328E015F0010539D017EA010533
:10E0100041EA070140F0F380B74FD3ED027A3A446A
:10E0200012F8012C0CF1010C04EB820202F60C1B1D
:10E030009BED007AF4EEC77AF1EE10FA02F62C129C
:10E0400003F1100320D492ED007AF4EEC77AF1EEDA
:10E0500010FA19DCB4451CD05A7B501EC0B21728E8
:10E060004EFA00F509FA00F7CDD9FF2300258AF80A
:10E070000030039B1D700DB0BDEC028BBDE8F08F2E
:10E08000FF238AF80030F4E7FE2300258AF80030E9
:10E09000EFE708AB0DF1280B1A4631468DF81E004C
:10E0A00008EE103A40465B468DF81D50FBF7BCF970
:10E0B000DDE90A2300214FF6FF708B4208BF824240
:10E0C0000AD09DED080A2046FBF7C8F9002840F069
:10E0D000AE80002E44D0884F9DF81DC04546634653
:10E0E000AE46AC464FF000084FF004091D46DEE98D
:10E0F00000019EF80D3008F101083B4413F8013C83
:10E100000EF1100EE53304EBC303D3E9002399426B
:10E1100008BF904202D10DB98AF80090B045E6DB05
:10E120002F46994208BF9042654618BF0123BC465E
:10E1300008BF0023B046002766468DF81F3001E077
:10E140009DF81D6095ED020AD5E90023697B204604
:10E1500001370096FCF7D2FB474505F11005EFDBD0
:10E1600094F8EB3A002B70D194F8BC1A94F8EA2A90
:10E170002046FBF781FE039B1D78002D5BD000231A
:10E180004FF6FF791D461A465C4F5B4603E0561C6E
:10E190001A2E32462CD047FA02F1C907F7D5584952
:10E1A000561C515C04EB4101B1F8B0184945EFD061
:10E1B0004FF00108D4F88C1808FA02F00842E7D0B2
:10E1C00002EB0806F2B2114605920DF11E02009212
:10E1D000204618EE102A0493FCF788FA039B05EBFF
:10E1E00008011A78049BAA420ED803238AF800304B
:10E1F00000232046C4F88C38FAF79AFF39E7FA234F
:10E2000000258AF8003034E71998CDB2089A691EC3
:10E2100000EB01118A6005989DF81E20DDE90ABC1B
:10E220004873C1E900BC81F80C808A73B0E7012310
:10E230008DF81D304DE702238AF800300023204678
:10E24000C4F88C38FAF774FF13E75A4618EE101A20
:10E2500020460DF11D03FCF737FA0DF11F035A4656
:10E26000204609A9FCF700FC9DF81D3013B19DF86C
:10E270001F3033B994F8EA2A511EC9B284F8BC1A87
:10E2800076E7DDED087AF8FE677AFCEEE77ACDED09
:10E29000047A94F8B42A9DF8103001259A421CBFE4
:10E2A00005228AF8002094F8EA2A591CC9B2B1FB69
:10E2B000F2F002FB10118DF81E3084F8ED3A84F86C
:10E2C000B41A84F8EC5AD7E708AB0DF1280B1A46BC
:10E2D0003146404608EE103A5B468DF81D60FBF76C
:10E2E000A3F8DDE90A2300214FF6FF708B4208BF37
:10E2F00082423FF435AFE4E638FC0200EF79F203E6
:10E30000ECFC02000F20E0002DE9F04F1D464FF01D
:10E31000DF0C0023102485B0DDF84080DDF844A038
:10E32000172D88F800C00394CAF800302AD9174680
:10E33000002934D106460C4640F217798B4688F8FE
:10E34000001001E00B2C20D049FA04F3DB0704F1A4
:10E350000104F7D5DDE90E233046CDF800B0E1B277
:10E36000FCF73EF90028EDD00F9B294601930E9B48
:10E3700003AA009303463846FAF7B6FE88F8000071
:10E380000028DFD005B0BDE8F08F98F90030002BF1
:10E39000F8D1DDE90E123046FAF7AAFF78B998F9FC
:10E3A0000040002CEED1039B38465146CAF800309D
:10E3B000FAF758FF88F8004005B0BDE8F08F0F9BD2
:10E3C000294601930E9B03AA009303463846FAF7A9
:10E3D0008BFE044688F80000002CD3D1E3E700BF91
:10E3E0002DE9F04F1D464FF0DF0C0023102485B0BF
:10E3F000DDF84080DDF844A0182D88F800C00394B3
:10E40000CAF8003029D9174651BB06460C4640F2DF
:10E4100017798B4688F8001001E00B2C20D049FAC0
:10E4200004F3DB0704F10104F7D5DDE90E233046E0
:10E43000CDF800B0E1B2FCF70DF90028EDD00F9B4C
:10E44000294601930E9B03AA009303463846FAF728
:10E450004BFE88F800000028DFD005B0BDE8F08F43
:10E4600098F90040002CF8D1039B38465146CAF871
:10E470000030FAF7F7FE88F8004005B0BDE8F08FED
:10E4800000230220042208704A708B70CB70704702
:10E4900000F084B908B5FBF74FF8002008BD00BFB5
:10E4A00038B555EC104B002210EE100A174B25F032
:10E4B000004100F023FED0B1002220462946144B33
:10E4C00000F030FE002250B120462946104B00F0EB
:10E4D000EDF9BDE8384041EC100B1AF08FBD204635
:10E4E00029460C4B00F028FE20B10024002545EC05
:10E4F000104B38BD20462946054B002200F0D4F9C8
:10E50000BDE8384041EC100B1AF01CBD0000304350
:10E510000000E03F0000E0BF2DE9F04F07460E4647
:10E520000020002189B0DDF848801C460DF1160955
:10E5300007F6F8030DF1180AC3E900011546114664
:10E54000304642464B46CDF800A0FBF737FA9DF91E
:10E55000160008BB083D0DF11C0B069BAB4228D2F0
:10E560000DF117033046CDE900932246434651464C
:10E57000CDF808B0FAF796FF9DF9160060B99DF83E
:10E580001710FE290BD022463846079BFBF73AFCB2
:10E590008DF816000028E0D009B0BDE8F08F2146C4
:10E5A0003846079AFBF78AFA8DF816000028D4D06F
:10E5B000F2E79DF9160009B0BDE8F08F2DE9F04FA4
:10E5C0000E4689B0129F0DF116080DF1180911467B
:10E5D000154682461C4630463A464346CDF80090E2
:10E5E000FBF7ECF99DF9160008BB083D0DF11C0B7B
:10E5F000069BAB4227D20DF117033046CDE90083CD
:10E6000022463B464946CDF808B0FAF74BFF9DF944
:10E61000160060B99DF81710FE290BD0224650460F
:10E62000079BFCF731F98DF816000028E0D009B0FF
:10E63000BDE8F08F20460799FBF712FB8DF8160016
:10E640000028D5D0F3E79DF9160009B0BDE8F08F9A
:10E6500008B501460248FFF713FF002008BD00BFC0
:10E66000C0CC002008B50248FFF712FF002008BD0B
:10E67000C0CC002001460148FFF70CBFC0CC0020F1
:10E6800030B50D4685B00DF10F04014601920448E6
:10E690002A460094FAF774FA9DF90F0005B030BDD0
:10E6A000C0CC002030B50D4685B00DF10F040146F9
:10E6B000019204482A460094FFF778FC9DF90F0068
:10E6C00005B030BDC0CC002030B50D46144683B037
:10E6D000014600932A4623460248FFF71DFF03B078
:10E6E00030BD00BFC0CC002030B50D46144683B00D
:10E6F000014600932A4623460248FFF75FFF03B016
:10E7000030BD00BFC0CC0020F0B50F46164687B024
:10E710000C9D014605AC0DF11300CDE902040093F8
:10E720003A463346054801950D9CFFF7EDFD059BE4
:10E730009DF91300236007B0F0BD00BFC0CC0020DE
:10E74000F0B50F46164687B00C9D014605AC0DF19D
:10E750001300CDE9020400933A463346054801957B
:10E760000D9CFFF73DFE059B9DF91300236007B04C
:10E77000F0BD00BFC0CC002030B50D4685B00DF116
:10E780000F0101922B46024600910348F9F7A8FEBB
:10E790009DF90F0005B030BDC0CC002010B5044677
:10E7A000FBF7BEFA2046FBF757F82046FAF7DCFEE7
:10E7B000204610BDB5EEC01AF1EE10FA08B52DEDE9
:10E7C000028BF0EE408AB0EE608A38D4DFED1D7A1D
:10E7D000B4EEE71AF1EE10FA2EDC81EE270A01F012
:10E7E0002FFEDFED190ADFED197A68EEA76A78EEE1
:10E7F000A08A86EEA87A37EE000A60EE206A37EE2D
:10E80000C00A86EE807A68EE276A67EE277A38EECD
:10E81000208A37EE207A87EE870AC6EE887A30EEB5
:10E82000670A1AF0AFFDBDEC028BDFED067A20EE31
:10E83000270A80FE670A08BDB7EE000ACFE79FED02
:10E84000040ACCE70000C842B81E7343C3F58C41EC
:10E8500000000000002917DD4FF6FF7330B40138C7
:10E860000B4D441810F8011F4B40D9B235F8111068
:10E87000844281EA1323F5D130BCDB43D9B2C3F320
:10E880000723117053707047002313705370704743
:10E8900008FD0200994206BF904201200020704707
:10E8A00081F0004102E000BF83F0004330B54FEA41
:10E8B00041044FEA430594EA050F08BF90EA020FAE
:10E8C0001FBF54EA000C55EA020C7FEA645C7FEA41
:10E8D000655C00F0E2804FEA5454D4EB5555B8BF64
:10E8E0006D420CDD2C4480EA020281EA030382EAD5
:10E8F000000083EA010180EA020281EA0303362D67
:10E9000088BF30BD11F0004F4FEA01314FF4801C39
:10E910004CEA113102D0404261EB410113F0004F4B
:10E920004FEA03334CEA133302D0524263EB430302
:10E9300094EA050F00F0A780A4F10104D5F1200EA0
:10E940000DDB02FA0EFC22FA05F2801841F10001FB
:10E9500003FA0EF2801843FA05F359410EE0A5F1CF
:10E9600020050EF1200E012A03FA0EFC28BF4CF000
:10E97000020C43FA05F3C01851EBE37101F00045B6
:10E9800007D54FF0000EDCF1000C7EEB00006EEBC3
:10E990000101B1F5801F1BD3B1F5001F0CD349084D
:10E9A0005FEA30004FEA3C0C04F101044FEA4452A4
:10E9B00012F5800F80F09A80BCF1004F08BF5FEA2B
:10E9C000500C50F1000041EB045141EA050130BD0B
:10E9D0005FEA4C0C404141EB0101013C28BFB1F51D
:10E9E000801FE9D291F0000F04BF01460020B1FA68
:10E9F00081F308BF2033A3F10B03B3F120020CDA3B
:10EA00000C3208DD02F1140CC2F10C0201FA0CF018
:10EA100021FA02F10CE002F11402D8BFC2F1200C7D
:10EA200001FA02F120FA0CFCDCBF41EA0C01904033
:10EA3000E41AA2BF01EB0451294330BD6FEA04047C
:10EA40001F3C1CDA0C340EDC04F11404C4F1200267
:10EA500020FA04F001FA02F340EA030021FA04F379
:10EA600045EA030130BDC4F10C04C4F1200220FAD0
:10EA700002F001FA04F340EA0300294630BD21FA0E
:10EA800004F0294630BD94F0000F83F4801306BFD4
:10EA900081F480110134013D4EE77FEA645C18BFC8
:10EAA0007FEA655C29D094EA050F08BF90EA020F5F
:10EAB00005D054EA000C04BF1946104630BD91EA57
:10EAC000030F1EBF0021002030BD5FEA545C05D15A
:10EAD0004000494128BF41F0004130BD14F5800499
:10EAE0003CBF01F5801130BD01F0004545F0FE410D
:10EAF00041F470014FF0000030BD7FEA645C1ABF42
:10EB0000194610467FEA655C1CBF0B46024650EA78
:10EB1000013406BF52EA033591EA030F41F40021A4
:10EB200030BD00BF90F0000F04BF0021704730B52A
:10EB30004FF4806404F132044FF000054FF00001FF
:10EB400050E700BF90F0000F04BF0021704730B5C0
:10EB50004FF4806404F1320410F0004548BF404295
:10EB60004FF000013EE700BF42004FEAE2014FEAEA
:10EB700031014FEA02701FBF12F07F4393F07F4FC5
:10EB800081F06051704732F07F4208BF704793F0C8
:10EB90007F4F04BF41F40021704730B54FF46074DB
:10EBA00001F0004521F000411CE700BF50EA0102DE
:10EBB00008BF704730B54FF000050AE050EA010287
:10EBC00008BF704730B511F0004502D5404261EBF7
:10EBD00041014FF4806404F132045FEA915C3FF438
:10EBE000D8AE4FF003025FEADC0C18BF03325FEAD5
:10EBF000DC0C18BF033202EBDC02C2F1200300FA86
:10EC000003FC20FA02F001FA03FE40EA0E0021FAAA
:10EC100002F11444BDE600BF70B54FF0FF0C4CF498
:10EC2000E06C1CEA11541DBF1CEA135594EA0C0F4A
:10EC300095EA0C0F00F0DEF82C4481EA030621EA85
:10EC40004C5123EA4C5350EA013518BF52EA0335C0
:10EC500041F4801143F4801338D0A0FB02CE4FF072
:10EC60000005E1FB02E506F00042E0FB03E54FF0A2
:10EC70000006E1FB03569CF0000F18BF4EF0010E9A
:10EC8000A4F1FF04B6F5007F64F5407404D25FEA96
:10EC90004E0E6D4146EB060642EAC62141EA555149
:10ECA0004FEAC52040EA5E504FEACE2EB4F1FD0C8B
:10ECB00088BFBCF5E06F1ED8BEF1004F08BF5FEA09
:10ECC000500E50F1000041EB045170BD06F00046BB
:10ECD00046EA010140EA020081EA0301B4EB5C0468
:10ECE000C2BFD4EB0C0541EA045170BD41F4801160
:10ECF0004FF0000E013C00F3AB8014F1360FDEBF85
:10ED0000002001F0004170BDC4F10004203C35DA60
:10ED10000C341BDC04F11404C4F1200500FA05F3E3
:10ED200020FA04F001FA05F240EA020001F0004284
:10ED300021F0004110EBD37021FA04F642EB0601FA
:10ED40005EEA430E08BF20EAD37070BDC4F10C0424
:10ED5000C4F1200500FA04F320FA05F001FA04F2E8
:10ED600040EA020001F0004110EBD37041F10001D4
:10ED70005EEA430E08BF20EAD37070BDC4F12005DF
:10ED800000FA05F24EEA020E20FA04F301FA05F247
:10ED900043EA020321FA04F001F0004121FA04F2EF
:10EDA00020EA020000EBD3705EEA430E08BF20EABF
:10EDB000D37070BD94F0000F0FD101F000464000F9
:10EDC00041EB010111F4801F08BF013CF7D041EA7B
:10EDD000060195F0000F18BF704703F0004652007F
:10EDE00043EB030313F4801F08BF013DF7D043EA50
:10EDF0000603704794EA0C0F0CEA135518BF95EA06
:10EE00000C0F0CD050EA410618BF52EA4306D1D18C
:10EE100081EA030101F000414FF0000070BD50EAAB
:10EE2000410606BF1046194652EA430619D094EA35
:10EE30000C0F02D150EA013613D195EA0C0F05D11F
:10EE400052EA03361CBF104619460AD181EA030173
:10EE500001F0004141F0FE4141F470014FF000002B
:10EE600070BD41F0FE4141F4780170BD70B54FF0C6
:10EE7000FF0C4CF4E06C1CEA11541DBF1CEA135546
:10EE800094EA0C0F95EA0C0F00F0A7F8A4EB050428
:10EE900081EA030E52EA03354FEA013100F088801F
:10EEA0004FEA03334FF0805545EA131343EA1263E8
:10EEB0004FEA022245EA111545EA10654FEA00269D
:10EEC0000EF000419D4208BF964244F1FD0404F556
:10EED000407402D25B084FEA3202B61A65EB0305B2
:10EEE0005B084FEA32024FF480104FF4002CB6EB6F
:10EEF000020E75EB030E22BFB61A754640EA0C00EF
:10EF00005B084FEA3202B6EB020E75EB030E22BF2E
:10EF1000B61A754640EA5C005B084FEA3202B6EB6F
:10EF2000020E75EB030E22BFB61A754640EA9C002E
:10EF30005B084FEA3202B6EB020E75EB030E22BFFE
:10EF4000B61A754640EADC0055EA060E18D04FEABC
:10EF5000051545EA16754FEA06164FEAC30343EA5C
:10EF600052734FEAC2025FEA1C1CC0D111F4801F29
:10EF70000BD141EA00014FF000004FF0004CB6E722
:10EF800011F4801F04BF01430020B4F1FD0C88BFC1
:10EF9000BCF5E06F3FF6AFAEB5EB030C04BFB6EBCC
:10EFA000020C5FEA500C50F1000041EB045170BDBF
:10EFB0000EF0004E4EEA113114EB5C04C2BFD4EBEC
:10EFC0000C0541EA045170BD41F480114FF0000E70
:10EFD000013C90E645EA060E8DE60CEA135594EAEC
:10EFE0000C0F08BF95EA0C0F3FF43BAF94EA0C0FEF
:10EFF0000AD150EA01347FF434AF95EA0C0F7FF464
:10F0000025AF104619462CE795EA0C0F06D152EAB7
:10F0100003353FF4FDAE1046194622E750EA41069B
:10F0200018BF52EA43067FF4C5AE50EA41047FF4AC
:10F030000DAF52EA43057FF4EBAE12E74FF0FF3C11
:10F0400006E000BF4FF0010C02E000BF4FF0010CE2
:10F050004DF804CD4FEA410C7FEA6C5C4FEA430C5B
:10F0600018BF7FEA6C5C1BD001B050EA410C0CBFAA
:10F0700052EA430C91EA030F02BF90EA020F00200C
:10F08000704710F1000F91EA030F58BF994208BF73
:10F0900090422CBFD8176FEAE37040F00100704730
:10F0A0004FEA410C7FEA6C5C02D150EA013C07D187
:10F0B0004FEA430C7FEA6C5CD6D152EA033CD3D0D2
:10F0C0005DF8040B704700BF8446104662468C46CC
:10F0D0001946634600E000BF01B5FFF7B7FF0028FF
:10F0E00048BF10F1000F01BD4DF808EDFFF7F4FF28
:10F0F0000CBF012000205DF808FB00BF4DF808EDB3
:10F10000FFF7EAFF34BF012000205DF808FB00BFD5
:10F110004DF808EDFFF7E0FF94BF012000205DF8F7
:10F1200008FB00BF4DF808EDFFF7CEFF94BF0120AC
:10F1300000205DF808FB00BF4DF808EDFFF7C4FFA5
:10F1400034BF012000205DF808FB00BF4FEA410CEE
:10F150007FEA6C5C02D150EA013C0AD14FEA430CD1
:10F160007FEA6C5C02D152EA033C02D14FF000000E
:10F1700070474FF0010070474FEA410212F500124C
:10F1800015D211D56FF47873B3EB625212D94FEAEE
:10F19000C12343F0004343EA505311F0004F23FAD8
:10F1A00002F018BF404270474FF00000704750EA2D
:10F1B000013005D111F0004008BF6FF000407047EA
:10F1C0004FF00000704700BF4A0011D212F5001244
:10F1D00011D20DD56FF47873B3EB62520ED44FEAAF
:10F1E000C12343F0004343EA505323FA02F070472F
:10F1F0004FF00000704750EA013002D14FF0FF306D
:10F2000070474FF0000070474FEA4102B2F1E0430F
:10F2100024BFB3F5001CDCF1FE5C0DD901F0004CFD
:10F220004FEAC0024CEA5070B2F1004F40EB83004D
:10F2300008BF20F00100704711F0804F21D113F179
:10F240003872BCBF01F00040704741F480114FEAB2
:10F250005252C2F11802C2F1200C10FA0CF320FA3B
:10F2600002F018BF40F001004FEAC1234FEAD32358
:10F2700003FA0CFC40EA0C0023FA02F34FEA4303C2
:10F28000CCE77FEA625307D150EA01331EBF4FF04B
:10F29000FE4040F44000704701F0004040F0FE4066
:10F2A00040F40000704700BF80F0004002E000BF63
:10F2B00081F0004142001FBF5FEA410392EA030F61
:10F2C0007FEA226C7FEA236C6AD04FEA1262D2EBAB
:10F2D0001363C1BFD218414048404140B8BF5B42B0
:10F2E000192B88BF704710F0004F40F4000020F049
:10F2F0007F4018BF404211F0004F41F4000121F05F
:10F300007F4118BF494292EA030F3FD0A2F10102A8
:10F3100041FA03FC10EB0C00C3F1200301FA03F1E6
:10F3200000F0004302D5494260EB4000B0F5000F09
:10F3300013D3B0F1807F06D340084FEA310102F1C8
:10F340000102FE2A51D2B1F1004F40EBC25008BF7A
:10F3500020F0010040EA03007047490040EB000044
:10F36000013A28BFB0F5000FEDD2B0FA80FCACF145
:10F37000080CB2EB0C0200FA0CF0AABF00EBC25072
:10F3800052421843BCBFD0401843704792F0000F60
:10F3900081F4000106BF80F400000132013BB5E7B3
:10F3A0004FEA41037FEA226C18BF7FEA236C21D029
:10F3B00092EA030F04D092F0000F08BF084670478E
:10F3C00090EA010F1CBF0020704712F07F4F04D15C
:10F3D000400028BF40F00040704712F100723CBF6F
:10F3E00000F50000704700F0004343F0FE4040F499
:10F3F000000070477FEA226216BF08467FEA236357
:10F400000146420206BF5FEA412390EA010F40F441
:10F41000800070474FF0000304E000BF10F000438D
:10F4200048BF40425FEA000C08BF704743F0964374
:10F4300001464FF000001CE050EA010208BF70478F
:10F440004FF000030AE000BF50EA010208BF704716
:10F4500011F0004302D5404261EB41015FEA010C2B
:10F4600002BF84460146002043F0B64308BFA3F123
:10F470008053A3F50003BCFA8CF2083AA3EBC25305
:10F4800010DB01FA02FC634400FA02FCC2F1200224
:10F49000BCF1004F20FA02F243EB020008BF20F05B
:10F4A0000100704702F1200201FA02FCC2F12002C1
:10F4B00050EA4C0021FA02F243EB020008BF20EAB6
:10F4C000DC7070477BB972B90029BEBF00204FF0D5
:10F4D000004106E008BF00281CBF6FF000414FF05C
:10F4E000FF3000F075B8ADF1080C6DE904CE0029CD
:10F4F00009DB002B1ADB00F084F8DDF804E0DDE91D
:10F50000022304B07047404261EB4101002B1BDB3A
:10F5100000F077F8DDF804E0DDE9022304B04042B2
:10F5200061EB4101524263EB43037047524263EB8C
:10F53000430300F066F8DDF804E0DDE9022304B0DF
:10F54000404261EB41017047524263EB430300F0DC
:10F5500058F8DDF804E0DDE9022304B0524263EB21
:10F560004303704753B94AB9002908BF00281CBF9C
:10F570004FF0FF314FF0FF3000F02AB8ADF1080C2A
:10F580006DE904CE00F03DF8DDF804E0DDE902238A
:10F5900004B07047D0B500220B4B06460F46FFF76C
:10F5A0003BFBFFF711FE0446FFF7BCFA0022074BB6
:10F5B000FFF732FB02460B4630463946FFF774F937
:10F5C000FFF702FE2146D0BD0000F03D0000F041F3
:10F5D000704700BF38B50022002304460D46FFF7F0
:10F5E0008DFD28B920462946BDE83840FFF7D2BF37
:10F5F000204605F10041FFF7CDFF404261EB41019C
:10F6000038BD2DE9F04786468C460846089E1546CB
:10F6100074461946002B40F0C1808542B2FA82F24E
:10F6200045D94AB1C2F1200300FA02FC954094404A
:10F630002EFA03F343EA0C0C4FEA154EA8B2230C42
:10F64000BCFBFEF80EFB18CC08FB00F943EA0C43A8
:10F65000994528D9EB1808F1FF3704D2994502D90A
:10F66000A8F102072B44A3EB0903A4B2B3FBFEFCF1
:10F670000EFB1C330CFB00F044EA0344A04214D9F7
:10F680002C190CF1FF3304D2A04202D9ACF10203D1
:10F690002C44241A43EA07401EB1D44000233460AE
:10F6A0007360BDE8F0874746DDE76346F1E792BB4C
:10F6B000431B01214FEA154EAFB2200CB3FBFEFCF9
:10F6C0000EFB1C330CFB07F840EA0343984561D955
:10F6D000EB180CF1FF3004D2984502D9ACF10200CE
:10F6E0002B44A3EB0803A4B2B3FBFEFC0EFB1C33BC
:10F6F0000CFB07F744EA0344A7424DD92C190CF13F
:10F70000FF3304D2A74202D9ACF102032C44E41B1C
:10F7100043EA0040C0E7C2F120039540944020FA3C
:10F7200003F12EFA03F34FEA154E9040AFB20343B4
:10F73000B1FBFEFC0EFB1C10190C0CFB07F841EA98
:10F740000041884522D969180CF1FF3004D2884560
:10F7500002D9ACF102002944A1EB08019BB2B1FB34
:10F76000FEFC0EFB1C110CFB07F743EA01439F4212
:10F770000ED9EB180CF1FF3104D29F4202D9ACF143
:10F7800002012B44DB1B41EA004193E76046E3E7BB
:10F790006146F7E76046A4E76346B8E7834206D9C7
:10F7A00016B9002108467CE7C6E900E0F9E7B3FA9C
:10F7B00083F78FB9834201D3724508D8BEEB0204A8
:10F7C00060EB030301209C461EB9002169E738461F
:10F7D000FAE7C6E9004CF8E7C7F1200CBB400EFA87
:10F7E00007F522FA0CF42EFA0CF1BA401C4320FA69
:10F7F0000CF3B8404FEA144901431FFA84FEB3FBEF
:10F80000F9F809FB18300B0C08FB0EFA43EA004329
:10F810009A4540D9E31808F1FF3004D29A4502D93D
:10F82000A8F102002344A3EB0A0389B2B3FBF9F861
:10F8300009FB183308FB0EFE41EA03418E452CD923
:10F84000611808F1FF3304D28E4502D9A8F10203F2
:10F85000214443EA0040A1EB0E01A0FB0298414580
:10F86000CE46434602D306D14D4504D20138B9EB0A
:10F87000020E68EB0403002EA7D0B5EB0E0261EB7D
:10F88000030101FA0CFC22FA07F3F9404CEA0303E6
:10F89000C6E9003199E74046C5E74346D9E710F885
:10F8A000012B11F8013B012A28BF9A42F7D0D01A48
:10F8B0007047034611F8012B03F8012B002AF9D1F8
:10F8C0007047034613F8012B002AFBD1181A0138A0
:10F8D000704700000000000001282DE9F041884633
:10F8E00008D01FF02BFE16223B4B1A504FF0FF3072
:10F8F000BDE8F0818A68394B9A42F2D81FF009F9C5
:10F9000005460F461FF005F9354CD8F80030D8F8F9
:10F910000420A3FB043604FB0266D8F808209B18D9
:10F9200046EBE276EA0B42EA4742A2FB0421FF0BD8
:10F930009B1AC0F30E0204FB0711A2FB04244FEA3A
:10F94000D23242EA444266EB0101981A61F10001A9
:10F950001FA3D3E90023FFF7B5FD06460D46144665
:10F96000EFF31187202383F31288BFF36F8F1D48B5
:10F9700016F08EFA68B988231B4A1C491C481AF0F5
:10F98000E1FD18491B481AF0DDFD882116481AF0E0
:10F99000D0FD144816F0A0FA174B1248C3E90065D1
:10F9A0009C6016F083FA68B940F231130E4A13498D
:10F9B0000F481AF0C7FD0B4911481AF0C3FD40F279
:10F9C0003111E3E787F31188BFF36F8F00208FE7D2
:10F9D00000CA9A3B000000000C000000FFC99A3BDF
:10F9E00000CA9A3BBCFB00204817030075170300B0
:10F9F0000E1103008A17030020E10020A017030066
:10FA0000B717030000000000032973B5054614462C
:10FA100071D8002A40D0072A5CD15A681C68134666
:10FA20003948D117C4FB0031012B71F1000225DBED
:10FA300000F56E1000F65D70181841F1000130A35A
:10FA4000D3E90023FFF73EFD80B202281ED0042830
:10FA50001ED008281ED0102833D103232B492A6931
:10FA600051F823102846116152682321146930226D
:10FA7000A4461B0102B0BDE8704060472448181836
:10FA800061F100011EA3D3E90023DBE70023E5E7D2
:10FA90000123E3E70223E1E71A881E4B33F8021B38
:10FAA0008A420BD12E692021736828469B680DF18C
:10FAB00007029847002807DA02B070BD01340B2C0A
:10FAC000ECD16FF01500F7E79DF80720130704D479
:10FAD000082C05D16FF08500EEE70A2C08BF092439
:10FAE000736802F00F0242EA041220212846DB6804
:10FAF000D2B29847E0E702B0BDE8704008F078BDA8
:10FB00003AA395000000000040420F0054C70020B7
:10FB1000632EB5FF340F03002DE9F0412DED028B6C
:10FB20001F46002386B0CDE9043304230D469046DA
:10FB300006460193002800F0D780002900F0D48009
:10FB4000062104A81CF004FF044658B10346012115
:10FB5000694A6A481DF04BF8204606B0BDEC028B9E
:10FB6000BDE8F081014604AA30461CF0EEFE0446D2
:10FB700048B10346624A012160481DF038F804A8E4
:10FB80001CF0F9FEE8E76A46012104A81CF0A7FF73
:10FB9000044610B103465B4AEDE7009BB3B1042B6A
:10FBA0001DD0052B0CBF0923FF232B70032101ABB4
:10FBB00002AA04A81CF0C1FF064690B10346524AAF
:10FBC00001214E481DF013F83446D8E7DFED4F7A97
:10FBD0000023C5ED017A2B70C5ED027ACFE707232C
:10FBE000E3E7019B002BF1D018336B4403F8100CB2
:10FBF000B8F1000F0BD146494FF4BC73454A464853
:10FC00001AF0A0FC4FF4BC7142481AF092FC02A911
:10FC10004046FFF74EFE0222314602A817F0B6FB1F
:10FC20002B78C0B2092B06D10F2825D96FF0150407
:10FC300023463A4A9FE70F28F8D8072B24D19FED97
:10FC4000388A384B33F81000E0B1FEF77BFF28A369
:10FC5000D3E90023FEF7E0FFFFF7D6FA042168603E
:10FC60000DEB010302AA04A801911CF066FF0646F1
:10FC700068B103462C4AA3E72C4B9FED2D8A33F83D
:10FC80001000E1E72B48E9E76FF07F04D0E7019B24
:10FC900018336B4403F8100C4FB9274940F29913FD
:10FCA0001C4A1D481AF04EFC40F29911ACE702A91B
:10FCB0003846FFF7FEFD0222314602A817F066FB28
:10FCC000C3B20F2B07D901211C4A0C481CF08FFF2F
:10FCD0006FF0150453E70133DBB207EE903AF8EE0C
:10FCE000E77A67EE887A77E76FF0150434E700BFAC
:10FCF0007B14AE47E17A2440C446030020FA020098
:10FD0000ED460300164703003847030000000000DB
:10FD10009A470300644703000E110300B247030033
:10FD20000AD7A33F6A0F0300D64703004A0F030018
:10FD30000AD723400AD7A34001480300184803000C
:10FD40002DE9F04FE9B083464022002106A81FF0BC
:10FD5000E0FA1EF0DEFE04460E461EF0DAFEE40B6C
:10FD6000BF4A44EA4644A4FB0247C0F30E05A5FB84
:10FD70000253DDE90601F60B02FB0677ED0B45EABF
:10FD800043452D1947F10007854277EB010327D240
:10FD9000B94208BFA8421ED0AFA3D3E90023401B3D
:10FDA00061EB0701FFF7DEFBCD03D903AD4B41EA61
:10FDB0005241D20345EA5045C403D01841F1000135
:10FDC000A5A3D3E90023FFF7CDFB201845EB0101E4
:10FDD00015F04EFEBDE70024254620462146F4E7F7
:10FDE0004022002106A81FF094FA2846394606AAA8
:10FDF000FEF7C2FC864630B103469B4A01219B4870
:10FE00001DF0ADF9A5E748AC0DF1180CBCE80F00EA
:10FE10000FC4BCE80F000FC4BCE80F000FC49CE87F
:10FE20000F00DBF8106084E80F0028AC7146142244
:10FE30002046CDF858E08DF85CE01FF06AFA012109
:10FE4000BDF82C3121706380BDF82E31A3804CABFE
:10FE5000A36051ABE3609DF8583123749DF85E3187
:10FE60008B421DD0022B0DD0002B40D106F59051B6
:10FE70009DF85E0118311DF01FF9034600283AD0A5
:10FE80007B4ABBE706F590521846183216A90EF0C9
:10FE9000ADFA4FF47A73B0FBF3F0C0F18C006082DE
:10FEA00006F5905808F11808414616A81DF0DDF82F
:10FEB000034608B16F4AA1E79DF85C3141468DF8D1
:10FEC00058309DF85B3116A88DF859309DF85A319D
:10FED0008DF85A300EF0EEF9034608B1664A8DE708
:10FEE000424621469DF85E010EF0CAFCBEE7634A19
:10FEF0005E481DF034F99DF8553053B39DF85660B7
:10FF00003EB34FF000088022414620468DF816800F
:10FF10008DF817801FF0FDF98022414648A81FF098
:10FF2000F8F94822414616A81FF0F3F9DBF8103023
:10FF3000304603F5905318330DF1160216A90EF052
:10FF400097FA30B916AE02909DF81630029A9A428E
:10FF50002DD34B4816F056F94FF47A72A0FB0203EA
:10FF600002FB0131C00B50EA414040F06981DBF8EF
:10FF70001040DD2204F5E87301934FF4805304F13F
:10FF8000F0050093294604F21523FEF7D9FB00285B
:10FF900000F02D813B497C233B4A3C481AF0D2FAC1
:10FFA0003B481AF0CFFA7C2137481AF0C2FA0823EE
:10FFB000089A9DF856C012F004018DF817300DD044
:10FFC0000E2363734FF07E53A360032302216377F4
:10FFD000C4E90057B368C4E90457A36190070DD57D
:10FFE0004FF0020E04EB011383F80DE0D6F810E099
:10FFF0000801C3F808E0013125505F6002F00800F5
:020000040001F9
:1000000002F40003D20749D54FF0010804EB0112B6
:1000100082F80D80D6F80C804FEA011EC2F80880E5
:10002000013144F80E505760002838D1002B46D1DA
:100030002046C9B20DF1170348AAFEF733FB8246EA
:10004000002858D003460121124A08481DF087F8BD
:100050004CE000BFAFF3008000CA9A3B00000000F4
:1000600000CA9A3BFFC99A3B5F5B0300C8F90200D4
:10007000AB5B03007B5B0300935B0300C65B030089
:1000800080CA0020425C03000B5C03000E110300D9
:10009000515C0300DA5B03000000000070B14FF018
:1000A000040E04EB011282F80DE0D6F814E008010A
:1000B000C2F808E0013125505760B7E7A3B1182016
:1000C00004EB0113BCF1010F587317BF70785FED9B
:1000D0000E7A07EE900AF8EE677A0A01C3ED027A0B
:1000E0000131A5505F60A3E70029A1D1029B18361A
:1000F0000133029328E79DF81730DBF81090039343
:100100004FF0FF324FF0FF334F4813F0DDFF0DF596
:100110009078039B9A450BD34B4813F093FFD9F883
:100120002030002BE2D05846D9F824109847DDE75C
:1001300098F80D305A1E0E2A53D8DFE802F0085204
:100140001922525248525252522B37434D00D8ED89
:10015000027AFCEEE77A17EE903AA9F80C3098F89C
:100160000E3089F818300AF1010A08F11008D0E7BA
:10017000D8F80830C9F8103098F80E3089F81930DE
:10018000F1E7D8F80830C9F8143098F80E3089F83B
:100190001A30E8E7D8ED027AF5EE407AF1EE10FA7F
:1001A00014BF0123002389F81C30DCE7D8ED027A64
:1001B000F5EE407AF1EE10FA14BF0123002389F81E
:1001C0001B30D0E7D8F80830C9F80030CBE7D8F8B2
:1001D0000830C9F80830C6E7D8F80830C9F8043044
:1001E000C1E70221194A1A481CF0B9FFBBE7D4F84D
:1001F000D021DD2A0AD917497D23174A17481AF05A
:10020000A1F917481AF09EF97D21CDE62946154837
:1002100003F0A0FE50B1144981230F4A0F481AF091
:1002200091F912481AF08EF98121BDE600220023CF
:100230000F48CDE900234FF0E162002316F0EAF900
:100240004FF4C0300021C3E500CC0020F05B030078
:10025000C8F902006A5C03000B5C03000E11030086
:10026000985C0300B85C03004A260300C35C0300EB
:1002700080CA0020000000002DE9FF478046164696
:100280000F46002900F0A280B1FA81F4341B002E41
:1002900004F10A04C0F2A280304618F037FD04448D
:1002A000304618F039FDA4EB06090546694630468C
:1002B00018F05AFDA9EB05036A4640467D333946DE
:1002C0001EF018FEA64282460D4600F38380B9F167
:1002D0003F0F00F381804FF0FF33A9F12000C9F1F7
:1002E000200103FA00F003FA09F223FA01F103FAFC
:1002F00009F3024328EA03030A4327EA02021343ED
:100300000CBF01200020002D00F08A80B5FA85F393
:10031000E31A40F2FE7203F23E43934200F38980F7
:10032000002B23EAE376D4BF01223246121BA2F24D
:100330003341A2F23447A2F25344C1F1200C2AFA0D
:1003400001F325FA04F4C7F1200E05FA0CFC25FA96
:1003500001F105FA0EFE43EA0C03A2F2544CA2F29C
:10036000544223432AFA07F425FA0CFC44EA0E040B
:1003700044EA0C04C7F1200C14F0010F54D0A8B1CA
:100380004FF0FF3000FA02F200FA07F4144320FAAB
:100390000CF2B840144303F001022AEA000A25EAED
:1003A00004054AEA020A5AEA050A3DD0013341F13E
:1003B0000002C2F3130253EA020138D0184642EA9F
:1003C000065141EC100B04B0BDE8F087B0FA80F4A0
:1003D00020345BE7012096E7002094E7C6F100098E
:1003E000484618F099FC241A484618F095FCA61BBC
:1003F0000546694648462E4418F028FD6A464046A0
:1004000006F17C0339461EF075FD82460D464046D6
:10041000394618F091FC81458CBF0020012072E71D
:10042000BAFA8AF3203373E7C1F31302C6E7013641
:10043000C4E79FED010BC6E7000000000000F07F5D
:1004400010EE103A33F0004210B52DED028B06D1BC
:100450000120BDEC028BBDE8104019F089B9002BDA
:1004600005DABDEC028BBDE8104019F08FB9B3F18D
:10047000FF4F06DB30EE008AB0EE480ABDEC028B7F
:1004800010BDB3F5000F6049BBBFDFED607A6FF0C0
:100490001802002260EE277AB8BF17EE903AF7EE06
:1004A000007ADC15C3F316037F3C1944144401F4AD
:1004B000000282F07E5204EBD15403F10F011A4383
:1004C00007EE102A524A0A4037EE678AB2BBB5EEF1
:1004D000408AF1EE10FA0FD1002C00F08C8007EE6C
:1004E000904A9FED4C0A9FED4C7AF8EEE77A27EEA2
:1004F000808A07EE878ABFE741A1D1E90001FEF7B4
:1005000083FEB6EE007A07EE900A07EEC87A68EE30
:10051000087A27EE277A14B938EE478AACE707EE57
:10052000904ADFED3C6AF8EEE77A07EEE67A37EEBE
:10053000488A9FED397A17EE878A9DE7F0EE007AB8
:100540009FED365ADFED364A364A78EE277A1A445E
:10055000C3F5571388EE276A07EE904A03F5227316
:100560001343F8EEE76ADFED307A002B66EE065AA9
:1005700025EEA57A07EE275ADFED2C7A45EE077AAD
:100580009FED2B5A07EE875ADFED2A7A47EE274A6E
:10059000DFED297A44EE877A67EE877A45EE257A91
:1005A0001ADDB6EE007A28EE077A27EE087A77EEA3
:1005B000877A67EE867A14B937EE677AACE79FEDF3
:1005C000156A46EE867A37EE677A37EE488ADFEDAF
:1005D000127A16EEA78A4FE778EE677A67EE867A88
:1005E00014B938EE678A47E79FED0A7A46EEC77A74
:1005F00037EEC88AEBE79FED118A3DE7AFF3008045
:10060000555555555555D53F20FB4A000000004C27
:10061000F0FF7F00D1F717378071313F25333A3E25
:10062000298E633E305CCFFF9788173E2549923E66
:10063000ABAA2A3F4FD01C3ECDCCCC3E00000000E0
:10064000F8B510EE904A10EE103A34F000472DED58
:10065000048BB0EE609A0DD183F480035B0013F538
:10066000000F40F20A8230EE098AB0EE480ABDEC73
:10067000048BF8BD23F00040B0F1FF4F02D8B7F172
:10068000FF4F08D9B3F17E5FEDD184F4800464009C
:1006900014F5000FE5E7002B01462DDAB7F1974F6F
:1006A0000CD3B7F1FF4F2AD00225B4F17C5F3ED1C5
:1006B000002BC0F28C80B1EEC08AD6E7B7F17E5F26
:1006C0002ED3FA15C2F1960247FA02F505FA02F2A4
:1006D000BA423AD1B7F17E5F47D1002C80F2D38184
:1006E000B5EE400AF1EE10FA4DD1D80FBDEC048BF7
:1006F000BDE8F84019F03CB8B7F1FF4F3AD1B0F17E
:100700007E5F00F0BA8105D9002CDFED957A29FED5
:10071000278AAAE7002C80F2B381B1EE498AA4E7C8
:10072000B4F1804F34D0B4F17C5F5CD0002523F06D
:100730004042B0EEC08AB2F17E5F3FD1002CBCBF18
:10074000B7EE007A87EE088A29E0B7F17E5FC4D061
:100750000025B4F1804FEAD1B0F1BF4F1AD2B0F109
:10076000D05F29D920EE008A7FE705F00105C5F1A9
:100770000205EEE7B7F17E5FAFD0B4F1804F4FF0E6
:100780000005E9D091E7B7EE007A87EE008A6CE7C2
:100790000025E1E7B0F1FF4FB0EEC08A34D1002B65
:1007A000BFF663AFA0F17E50284316D1BDEC048B99
:1007B000BDE8F84018F0EABFB0EEC08A20BB002CBC
:1007C0001EDA002B92DA6B1E584258418EE7B0F1C8
:1007D000FF4FB0EEC08A40F05981012D7FF445AF44
:1007E000B1EE488A41E7B0F1FF4FB0EEC08A3FF466
:1007F0003CAFB0F17E5FD9D000283FF436AFD5E7EB
:10080000012D00FE088A30E7DE0F013E55EA0602A0
:10081000CCD0B7F19A4F40F24581524B984208D85C
:10082000002C0BDA0020BDEC048BBDE8F84018F07A
:1008300091BF4D4B984208D9002CF3DC0020BDEC51
:10084000048BBDE8F84018F077BFB7EE007ADFED13
:10085000477ADFED479A38EE478A3FA1D1E9000198
:1008600068EE278AFEF7D0FCB5EE007A07EE900A14
:10087000DFED406A68EE299A48EE477AB6EE007AD4
:1008800007EEC87A68EE087A27EE277AF0EE687AE3
:1008900047EE667A39EEA77A17EE103A23F47F63B3
:1008A00023F00F0307EE103A77EE699A77EEE97AB4
:1008B000013D24F47F64B7EE007ABFEE008A354331
:1008C00024F00F0467EE890A07EE903A08FE078AC3
:1008D00007EE104A39EE477A47EE270A07EE104A2C
:1008E00067EE877A30EEA77A17EE101A002921F00A
:1008F00000431ADDB3F1864F09D9B5EEC08AF1EE97
:1009000010FA4CBF012000208DE70120E9E037D12B
:10091000DFED196A37EE677A70EEA66AF4EEC76A01
:10092000F1EE10FAE9DC86232EE0144A934207D94F
:10093000B5EEC08AF1EE10FA4CBF012000207EE730
:100940001ED137EE677AB4EEE07AF1EE10FAEADB08
:10095000EEE700BFAFF30080E13D55555555D53F5B
:1009600000000000F3FF7F3F0700803F70A5EC36DA
:1009700000AAB83F3BAAB83F3CAA38330000164350
:10098000B3F17C5F74D9DB157E3B4FF40000A44AC1
:10099000002940FA03F00844C0F3C753A3F17F03D2
:1009A00042FA03F2C3F1170302EA0002C0F3160091
:1009B00040F4000007EE102A40FA03F077EEC77A01
:1009C000B8BF404237EEA07ADFED966ADFED965A67
:1009D000B7EE000A9FED956A17EE103A23F47F6395
:1009E00023F00F0307EE103A77EE677A67EE266A78
:1009F00070EEE70ADFED8E7A67EE277A9FED8D7A4B
:100A000040EE877A36EEA77A77EE666A77EEE67A78
:100A100067EE076A47EE277A16EEA56ADFED865A7B
:100A200046EE265A9FED856A15EEA66ADFED845ADA
:100A300046EE265AB0EE476A05EEE66AF0EE006A28
:100A400067EE065A36EE666AC5EE866A76EEE77A95
:100A500077EEC77A30EE670A10EE103A03EBC05318
:100A6000B3F5000F06DA18F021FE20EE088AFCE547
:100A70000020A7E700EE103AF7E7B7EE008AF4E5AA
:100A80009FED708AF1E5B0EE408AEEE5B0F17E5F51
:100A90003FF488AE00283FF4B3AE002D3FF486AE9D
:100AA0000225002613F0FF4F674805BF9FED677AC8
:100AB0006FF01703002368EE077A08BF17EE901A4D
:100AC000CA157F3A1A44C1F31603834243F07E519C
:100AD00006DD5F4883427FF718AF0132A1F50001C0
:100AE00000205C4B06EE101AF7EE006A491003EB8B
:100AF000800341F00051D3ED005A01F58021564B9F
:100B000075EE867A36EE657A01EB4051C6EEA74A5D
:100B100007EE901A27EE245A15EE107A1F4006EEC3
:100B2000907A06EEE77A77EEE57ADFED4C5A36EE0C
:100B3000676A65EE057A06EE667A9FED496A47EECA
:100B4000865A9FED486A27EE247A66EEA64A05EE9D
:100B5000A76ADFED455A46EE275A9FED446A05EE37
:100B6000A76ADFED435A46EE275A36EE856A67EEEE
:100B7000A77A26EE076A05EEA76AF0EE085A74EE29
:100B8000A57A77EE867A17EE901A194007EE901A3A
:100B900077EEE55A27EE277A66EEA76A75EEE45AF5
:100BA00036EE656A06EE057A9FED326A76EE877A52
:100BB00017EE901A194007EE901A2F4977EEE66A61
:100BC00001EB800127EE866A37EE667ADFED2B6A4D
:100BD00067EEA67ADFED2A6A47EE267A91ED007A73
:100BE00077EE877A07EE102A264AB8EEC77A02EB2C
:100BF000800276EE276AD2ED005A76EEA56A76EE8E
:100C0000876A16EE902A134006EE903A36EEC77ABF
:100C100037EE657A37EE467A77EEC77A48E600BF58
:100C2000000080FF0072313F4CBB31330EEADD35EE
:100C30008CBEBF351872313F55B38A38610B363BD5
:100C4000ABAA2A3E0000000071C41C000000804BCB
:100C5000D6B35D005C0B030000F0FFFF55326C3E25
:100C600042F1533E05A38B3EABAAAA3EB76DDB3ED5
:100C70009A99193F0038763F4C0B0300A0C39D366C
:100C80004F38763F540B030008B518F0E9FC9FED90
:100C9000020B08BDAFF30080000000000000F87FE9
:100CA000D3B503780446042B2CD8DFE803F00314F3
:100CB0001C2D3A00037A012B0BD0052B22D11B49A6
:100CC0001B4819F01AFC1B4802B0BDE8D04013F0D5
:100CD000B9B91949F4E7D0E90212184802B0BDE8E1
:100CE000D04019F00ABCC068FDF73EFF06462069F7
:100CF0000F46FDF739FF3246CDE900013B4610486B
:100D000019F0FBFB02B0D0BD017A0E4A0E4B0F4822
:100D1000012914BF1146194602B0BDE8D04019F0B0
:100D2000ECBBD0E904120A48D8E700BFB40F0300B7
:100D3000D80F0300D0CB0020A30F0300F90F03004E
:100D40002D100300D20F0300C80F03005F10030033
:100D50006D100300034610B50A4619790123006897
:100D600003FA01F1436804691B6819420ED10E4968
:100D70004FF4CB630D4A0E4819F0E4FB0D4819F00F
:100D8000E1FB4FF4CB61094819F0D3FB236819420A
:100D900018BF82F0010222B18368DB68BDE8104011
:100DA000184783681B69F9E7D01003009F10030000
:100DB0000E1103002B110300014813F043B900BFCB
:100DC00018CC002000B5134889B019F096FB124BDF
:100DD0006846009312230193104B02930C23039354
:100DE0000F4B1A685B68049205930E4B1A685B6898
:100DF000069207930CF056FD034620B101210A4AE2
:100E00000A481AF019F90A4819F077FB09B05DF899
:100E100004FB00BF3D110300671103007A110300BA
:100E200070C6002078C6002087110300B8F90200C0
:100E3000B111030000B589B000211C2268461EF0E4
:100E400068FA0C4B684601930B4B02930B4B0393D0
:100E50000B4B05930B4B07930CF0D6FC014628B1C6
:100E6000094819F04AFB09B05DF804FBFFF7AAFF37
:100E7000F9E700BF610F01000D0F0100B50E010081
:100E8000A3A002008D0E0100D7110300002208B5B7
:100E9000054B1A700321054A05481AF0C4F8BDE84D
:100EA0000840FFF7C7BF00BFCA04012009120300B2
:100EB000B8F90200B0B584B000AF07F1100404E93E
:100EC00003008CB0C7E900231C46D7E90231104665
:100ED0006A465362094B0A4D93620A4BC2E90554B4
:100EE000C2E9070142F8103F00234FF4635106485E
:100EF00002F092FB1037BD46B0BD00BF01030305F1
:100F00001412030006000002B8F90200002208B51E
:100F1000054B1A700321054A05481AF084F8BDE80C
:100F20000840FFF787BF00BFCA0401203A12030040
:100F3000B8F9020008B500210648FFF70BFF0021B1
:100F40000548FFF707FFBDE8084000210348FFF709
:100F500001BF00BF94C600208CC6002084C60020BC
:100F600008B5054A032105481AF05DF8FFF7E2FFCE
:100F70000122034B1A7008BD4B120300B8F902009E
:100F8000CA04012008B505281BD8DFE800F00317C4
:100F90000D09101301210B48BDE80840FFF7DABE28
:100FA00001210848FFF7D6FE01210748F4E7012197
:100FB0000648F7E701210348FFF7CCFE012103486B
:100FC000EAE708BD94C6002084C600208CC6002035
:100FD00080B594B000AF4FF0FF324FF0FF33BB4805
:100FE00013F072F80321BA4ABA481AF01CF84FF00D
:100FF00096720023B84813F067F81BF024FE20B95E
:101000000321B64AB3481AF00EF8B54D28460BF046
:1010100043FF034688B9D5E900016C4688B06A46AB
:10102000C2E906010421AF4E566142F8101F4FF489
:101030000351A84802F0F0FAA546FFF7FBFEAA4EBE
:10104000DFF82C833378002B00F02A8198F80030E9
:10105000012B40F025814FF0FF324FF0FF33A348C2
:1010600012F08AFD0220FFF78DFF0EF0CDFA8146C7
:101070000EF0BEFA9E490246824648461CF016F91A
:1010800097480BF009FF002840F01081D5E90001D6
:101090004FF47A720023FEF715FAC5E900010EF04D
:1010A000B3FA0446014650461CF0FEF8914A9249B4
:1010B00007F11C0016F01CF807F11C000EF080FA76
:1010C0008E49024620461CF0F1F82A688A4907F149
:1010D0001C0016F00DF807F11C000EF071FA88499B
:1010E000024620461CF0E2F8864B8749D3E90023EC
:1010F00007F11C0015F0FCFF07F11C000EF060FA70
:101100008249024620461CF0D1F8814B8149D3E93F
:10111000002307F11C0015F0EBFF07F11C000EF097
:101120004FFA7D49024620461CF0C0F87B4B7949B6
:10113000D3E9002307F11C0015F0DAFF07F11C00CA
:101140000EF03EFA7649024620461CF0AFF8754B89
:1011500075491A6807F11C0015F0CAFF07F11C0059
:101160000EF02EFA7149024620461CF09FF8704A94
:101170007049D2E9002307F11C0015F0B9FF07F10F
:101180001C000EF01DFA6C49024620461CF08EF839
:101190006A4A6849D2E9002307F11C0015F0A8FF4C
:1011A00007F11C000EF00CFA6549024620461CF0BF
:1011B0007DF8644A5F49D2E9002307F11C0015F06D
:1011C00097FF07F11C000EF0FBF95F49024620462D
:1011D0001CF06CF85D4A5749D2E9002307F11C0066
:1011E00015F086FF07F11C000EF0EAF95849024697
:1011F00020461CF05BF8574A4E49D2E9002307F11C
:101200001C0015F075FF07F11C000EF0D9F95249CA
:10121000024620461CF04AF848461CF042F84F4C63
:101220008246E9462060FEF74CFB8AB06A464C4B8A
:10123000C2F81CA0C2E9053040F201331384494BC7
:1012400042F8103F4FF413510023224802F0E4F912
:10125000454B20687B600923BB600123CD463B736F
:101260003861FEF72EFB78611DF053FC4FF47A7362
:101270004343DB0B3B83BB7E381D23F00303BB766C
:101280000CF026FC034620B10221384A114819F01F
:10129000D3FEFFF74FFE00233370144812F03CFDDD
:1012A00000214FF4004014F0E3FBCBE61DF031FCCD
:1012B0004FF47A72A0FB020302FB0131C00B40EA3B
:1012C00041404FF47A720023C90BE4E6D0CB0020F2
:1012D00059120300B8F9020018CC00207312030061
:1012E00048DB0020A3120300CB040120F8F9002002
:1012F000B012030091D00300B4120300B81203002F
:101300003B52030088C50020BF120300C612030031
:1013100090C50020CF120300D612030080C5002024
:10132000DF1203001CFA00204C550300E9120300F1
:1013300024FA0020ED120300F412030034FA002016
:10134000FD1203002CFA0020111303000CFA0020F8
:101350001A13030014FA00201E13030080C6002095
:1013600022130300040000012F13030039130300AC
:10137000CA04012008B50120FFF704FE0B4819F04C
:10138000BCF80B481BF061FC08F0E8FA014620B1FC
:101390000848BDE8084019F0B0B807481BF00BFC3E
:1013A000014608B10548F4E7FFF712FE59130300A0
:1013B000B90D010072130300A10C0100A113030079
:1013C00010B588B0002200230024CDE906230123B4
:1013D0004FF48052CDE90334CDE90144044B054973
:1013E0000094054813F0F2FA204608B010BD00BF83
:1013F000751301001815012050DB002010B5094CB1
:101400000A44914200D110BD11F8013B5840030934
:10141000E35C0001C0B243401809205C1B01DBB251
:101420005840EEE7D2130300F8B50F4600293BD031
:1014300006680122304618F06DFE0146044630462B
:1014400018F030FEC3070DD4AF23184A18491948C5
:1014500019F078F83946184819F074F8AF21134894
:1014600019F067F82146304618F032FE2518294653
:101470000022304618F016FE2D1AAC420BD0B723CE
:101480000A4A0E490B4819F05DF839460C4819F024
:1014900059F8B721E3E72146304618F01FFE2146F0
:1014A000BDE8F84018F05BBFF8BD00BFE2130300D1
:1014B000051403000E110300161403004E1403005C
:1014C000741403002DE9F8430F4606681446B26809
:1014D0004B1EB2F5004F34BF042108213B4010D011
:1014E000C7F1000909EA0709494503F1FF3028BFA0
:1014F000494618420CD11F46DCB900252846BDE8F4
:10150000F8838F4213D82146BDE8F84318F069BF2D
:101510002E494FF4A2732E4A2E4819F013F82E4884
:1015200019F010F84FF4A271294819F002F8994601
:10153000E2E7B2EBD40FE0D9E319591A104618F0DC
:10154000F3FD0146304618F049FE80460028D4D00D
:10155000B36809EBC005B3F5004F34BF042308237B
:101560001D4435447B1E1D44B5FBF7F57D43A5EBBB
:1015700009052946304618F0CDFD2C44073424F0E7
:101580000704A41B804507464FEAE40408D202463C
:101590004146304618F05CFE4146304618F09DFE4C
:1015A0003946304618F094FD3844844208D2394612
:1015B0003046224618F04CFE2146304618F08DFE8B
:1015C00001223946304618F089FD97E7B014030030
:1015D000E21303000E110300CB1403002DE9F74FB3
:1015E00091461F460E460468009031B93A46494676
:1015F00003B0BDE8F04FFFF765BF3FB9FFF714FF39
:101600004FF00008404603B0BDE8F08F02F1FF3A0A
:101610001AEA020F0ED04D4940F289134C4A4D4848
:1016200018F090FF4C4818F08DFF40F2891148489F
:1016300018F07FFFD4F808B0BBEBD70FE0D92046F5
:1016400018F068FD01460546204618F041FDBBF53F
:10165000004F2CBF0822042202EBC5022244B31A19
:101660008046F9185846019318F05EFD8346B9F19B
:10167000000F02D016EA0A0F44D1C3450ED00FD294
:10168000AB445A462946204618F0E2FD294601227D
:10169000204618F023FD594618F061FEB046B1E728
:1016A00005EB080A01225146204618F0FBFCC3074F
:1016B00028D45146204618F00BFD4044584521D30C
:1016C0005146204618F073FD5146204618F000FDA3
:1016D000ABEB080840450AD905EB0B0751462046FD
:1016E0003A4618F0B5FD3946204618F0F6FD524648
:1016F0002946204618F0D3FD01222946204618F03D
:10170000EDFCCBE73A4649460098FFF7DBFE804602
:1017100000283FF475AF2946204618F0D9FCA3688D
:10172000019AB3F5004F34BF04230823C2EBC00273
:10173000D21ABA42314628BF3A4640461DF0DCFD77
:1017400031460098FFF770FE5CE700BFB01403005D
:10175000E21303000E110300CB140300B2F5802F37
:101760002DE9F04110D2042A28D843494FF4F973E7
:10177000424A434818F0E6FE424818F0E3FE4FF4B0
:10178000F9713E4818F0D5FE0823D21ACC1D114439
:1017900024F0070421F00701091B17294FEAD1069D
:1017A0000ED8394940F2FB13344A354818F0CAFEC6
:1017B000344818F0C7FE40F2FB11E2E70423E4E7E7
:1017C0000027046031463046A660E76018F0B5FC9B
:1017D0000121421D8046304618F0A6FC9200D51D1E
:1017E000ED082844B0423AD8B8F1FF3F3946A2F19B
:1017F000100204F11000B8BF3A461DF08AFD2A46D7
:101800003946204618F082FC3B463A463946204687
:1018100018F053FCA6EB050820463946012218F0C3
:101820005DFC4246294618F071FC2B463A46294693
:10183000204618F042FC3146204618F067FC43462B
:101840003A463146204618F038FC314620460122FF
:1018500018F044FC2946BDE8F04118F03EBD0B49A4
:101860004FF40373054A064818F06CFE054818F05B
:1018700069FE4FF4037184E7E8140300E2130300E8
:101880000E11030009150300221503004B15030078
:101890002DE9F04F91B0009302F004030293C2F3DC
:1018A000C2030133840705460E46DDF868800392C3
:1018B000059340F0F881041D30B1072909D86FF075
:1018C0001B0011B0BDE8F08F01F00706341DC6F112
:1018D00008064FF000094FF0040B009B4FF0FF3259
:1018E000591E4F464B46DA46CDF8109001920DB185
:1018F000009820600598002800F3D7809948009A46
:10190000824203D398488242C0F0CF80039AA4EB6E
:10191000050E92074FEA9E0040F1E2804FF0000C66
:10192000CCE07A285CD84B280CD8472858D82928EE
:101930002AD8252851D053D8202877D0233843429D
:10194000434173E04C382E284AD8DFE800F06F4955
:10195000494949494949494949494B4949494949F5
:1019600049494959494B4B5959596F4B6C496F4932
:10197000184B184949807D4B49494B497D0000204F
:1019800000234FF0040B39E001222A38C0B202FADA
:1019900000F010EA0E0F49D110F0625C30D110EA6D
:1019A000020343D06046013C5C44B4FBFBF40BFBF8
:1019B00004F4002D60D0AAEB050CA444B4453FF616
:1019C0007EAF00286AD1BAF1040F45D158F8040B54
:1019D00020604FF0040A043428E0019B013B01938E
:1019E000002323E011F8013C6C2B32D1002011F8C8
:1019F000023C6C2B0346C4D14FF0080BDA46D2E709
:101A000008F1070828F00708073424F00704F8E86D
:101A100002AB35B106982044B0423FF650AFC4E95E
:101A200000AB002308344FF0080BDA4611F8010F21
:101A3000002800F0C080002B7FF473AF2528F5D17B
:101A4000019B0133019301234FF0040BEDE718468E
:101A500096E700200346A6E7BAF1080F40F09D8004
:101A600008F1070828F00708B8EC027B84ED007B3A
:101A70004FF0080A0834D9E780B9BAF1040F02D14F
:101A800008F10408A5E7BAF1080F40F0868008F1D4
:101A9000070828F0070808F10808E9E70598013861
:101AA000059058F8040B009021E7039A90074CD555
:101AB0004FF0010CA4EB050E4FEA9E00BEF5007F2F
:101AC0001FD32A4940F27B23294A2A4818F03AFDBD
:101AD000294818F037FD40F27B21254818F029FDF0
:101AE0000F2F10D8002D4BD007F140020DEB020C48
:101AF000019A0CF8200C0CF8102C0498013004907A
:101B000022E00F2F0CD919494FF42073184A1948B5
:101B100018F018FD194818F015FD4FF42071DCE796
:101B2000D5B107F140020DEB020E019AC0B20EF8DA
:101B3000200C0EF8102CBCF1000FDED060F07F00FE
:101B40000EF8200C09F101090137C5F108024FF622
:101B5000DA7E0434069269E7BCF1000F10D001363A
:101B6000F2E700BF50F50200F87903006728030090
:101B7000761503000E110300A4150300C51503001C
:101B8000029A0236002ADFD10098CDE90631FDF72E
:101B900098FEDDE906310644D6E740F2C523434A04
:101BA0004349444818F0CEFC5146434818F0CAFC5B
:101BB00040F2C52191E7631BB3F5806F0CD33C491C
:101BC00040F2D123394A3B4818F0BCFC3B4818F09E
:101BD000B9FC40F2D12180E71DB9A6F10804E01854
:101BE0006FE6029A9B0828602B709DF81030C2B1F6
:101BF000EB7085F80290B9F1000F05D0002208A81B
:101C0000C5F1010C97420ED14FF0000AC5F1010356
:101C10000DF1200801930DF1300B574512D1601BD7
:101C20004FE66B70E5E710F8013B190608D504EBA9
:101C30000C0EB64503F07F033FF641AE04F8013BBE
:101C40000132DFE7B9F1000F03D098F90020002A34
:101C500017DB029BD3B11AF80B2004F8012B0022EA
:101C6000019B98182044B0423FF629AE98F8000036
:101C7000009904F8010B204603921DF03DFB039AE6
:101C800014440AF1010A08F10108C6E798F8002097
:101C900055F822300093029B009845F82230FDF75A
:101CA00010FE421CDCE76FF00D000AE6761503001B
:101CB000672803000E110300DF150300F41503006D
:101CC0002DE9F04F97B000AF89460446D7F880B0B1
:101CD000FA623B6258B9A9494FF46573A84AA9480A
:101CE00018F030FC4FF46571A54818F022FCCBF3D6
:101CF000C00390F802A0BB6141B9457800780AEBB7
:101D0000800020444D4517D8A0EB0409E378FB611F
:101D1000BAF1000F02D01BF0010F16D1FB6953BBC3
:101D2000FB6A1BB1494620463A6A98474D46284609
:101D30005C37BD46BDE8F08F461C3046FDF7C1FD5F
:101D40000130304409F10109DCE7626823787A62E6
:101D5000FA6A9900796104EB8301002A40F002815C
:101D60000E464FF000084D4601EB0A094E454CD196
:101D700001EB0A0610E01BF0020FD1D023789A0085
:101D80007A61626804EB83017A62FA6A002A77D189
:101D90004D46904601EB0A061BF0050F0CBF0223CF
:101DA0000123FB62FB6906EB430A0BF00203BB62F3
:101DB0005645BCD016F8021B16F8013C54F8239087
:101DC000714B994502D3714B994536D3BB69002BB2
:101DD00040D0786A18F068FB00283BD0E9468AB00A
:101DE0006A466B4B53617B6AC2E906314FF400735C
:101DF0001384684B42F8103F00234FF41251664899
:101E000001F00AFC023DCD46D2E716F8013BF9622B
:101E100054F82300FDF755FDD7F88430F96A0130F6
:101E20004BB1D7F8883098453EBFD7F8843023F8B7
:101E3000180008F10108054498E7BB6923B1786AE6
:101E400018F032FB0028C9D11BF0010F05D1FB6A45
:101E5000ED1AADE7BB6A002BAAD04846FDF731FD6D
:101E6000D7F8843053B1D7F8883098453FBFD7F8BA
:101E70008420431C22F8183008F10108054497E734
:101E8000BAF1000F74D01BF0040674D0D0460026BF
:101E900007F1480052463B61B9621DF02DFAB96A5C
:101EA0003B6901EB0A02BA62FA69F9695200FA6009
:101EB000BA6A02EB41023A610BF00202BA60BA6AF6
:101EC00039698A426AD162781BF0020F18BF00217B
:101ED0007A6208BF4FEA5801B2181BF0010FD2B264
:101EE00040F0E5801BF0040F14BF40460020BB61AA
:101EF0006270A070E17020463A6A7969FB6A98477F
:101F0000051EFFF614AFBB69414623707B6A3A6A2F
:101F10006370FB6984F802A0E37007F14800FB6A74
:101F20009847B0F10008C0F2F0807B69A9EB0A0184
:101F3000C91AFB683A6AC91AD7E90A039847002800
:101F4000C0F2E5804FF0000BA84408EB000507F154
:101F5000380AB345C0F0AD8000213A6A0846FB6AF2
:101F60009847E4E656464FF0000807F1380091E73D
:101F70005646D04695E7B04693E700BF0B160300E0
:101F8000761503000E11030050F50200F8790300E6
:101F90002616030004000001D0F90200BA6A12F804
:101FA000021B12F8015CBA6254F82500594A9042AB
:101FB00002D3594A904218D3BA693AB1786A7B6021
:101FC00018F072FA7B6800287FF479AFBA68002AAB
:101FD0004CD00F2E40D951494FF48963504A514893
:101FE00018F0B0FA4FF489617EE6BA693AB1786ABE
:101FF0007B6018F059FA7B6800287FF460AF1BF013
:10200000010F0BD00F2E27D9444940F23E43444ADA
:10201000444818F097FA40F23E4165E61BF0040F81
:102020003FF44DAFB8F10F0F09D93F4940F241439A
:102030003B4A3C4818F086FA40F2414154E608F128
:10204000280207F1300008F1010102EB000808F84E
:10205000105C5FFA81F832E706F1280207F13000E0
:10206000711C161806F8205CCEB228E7B8F10F0FE5
:1020700009D92D4940F24B43294A2A4818F062FAFF
:1020800040F24B4130E608F1280207F1300C08F12C
:102090000100944407F1580208F1020852FA80F056
:1020A0000CF8101C5FFA88F800F8105C07E70020B5
:1020B0001DE71BF80A3054F8239087F83730D7F81B
:1020C0008430FBB133F81B8001213A6AFB6A07F1C7
:1020D0003700984700281ADB0544B8F1000F06D1F5
:1020E0004846FDF7EEFB00F101081FFA88F841466B
:1020F00048463A6AFB6A9847002808DB05440BF11A
:10210000010B26E7D7F88480DEE745460FE6054653
:102110000DE600BF50F50200F8790300C916030070
:10212000761503000E110300E8160300014B18603A
:10213000704700BF9CC6002080B505460E46174676
:10214000984613F0E9FC03461DF0F8F90446DFF861
:102150001890424649F8003039463046A84754F8AE
:10216000090002F003FF00BF08000000032800B5CB
:1021700008D91DF0E3F90922074B1A504FF0FF3040
:102180005DF804FB2822054B02FB0033D3E8AF3F88
:10219000002BEED00020F3E70C00000044FA0020F2
:1021A00038B504461546FFF7E1FF00280DDB28236C
:1021B0006343074AD0184068086015B10C331344D4
:1021C0002B6028235C43105938BD0020FCE700BF7A
:1021D0003CFA002070B500254FF0FF334FF0FF327E
:1021E000174811F0C9FC174BD3E8AF2F82B1013566
:1021F000042D03F12803F7D11DF0A0F917224FF0A9
:10220000FF35114B1A500E4811F086FD284670BD5F
:1022100028246C43D3E8EF0F0130C3E8E10F002915
:10222000F8D10A4E331932515A6004F10C0030448F
:102230001CF0ACFB04F1200030441CF008FCE2E789
:10224000FCCA002044FA00200C0000003CFA0020E8
:1022500010B40446104628225443094B1A19195148
:10226000506048B1C2683AB10C34234440F20512C0
:102270005DF8044B18F04EB95DF8044B704700BF91
:102280003CFA00202823434330B50D4908330B4462
:10229000D3E8AF2F92B1541ED3E8EF5F954204D13B
:1022A000C3E8EC4FBCF1000FF6D1F1D1012A05D102
:1022B0002823584300230A180B50536030BD00BF39
:1022C0003CFA002038B50D460446202200211DF0BE
:1022D00020F80022EB68E361AB68A3612B682362FE
:1022E0006B68A26263622A6923B1591E194208BF52
:1022F00042F0010222610122002104F12C001CF0B5
:1023000063FB48B1054906482E23064A18F01AF91E
:102310002E21044818F00DF938BD00BF3F17030007
:102320000E110300191703002DE9F04F002789B0A3
:10233000CDE90123436A04468B428846BA46059795
:10234000079755D34FF0200B00F11406EFF31183DC
:1023500000938BF31288BFF36F8F3046DDF8009047
:1023600013F096FD58B988234A4A4B494B4818F058
:10237000E9F831464A4818F0E5F8882160E030462F
:1023800013F0AAFD079A2AB13946204618F0BBF986
:102390000023079306A9204618F0E1F806990546A0
:1023A00041452ED32268236A204613F8221003EBFE
:1023B000820A21F0030103F822102168424618F036
:1023C000F2F8E3682060984216D00025304613F0FA
:1023D0006DFD40B389F31188BFF36F8F059929B163
:1023E000A2690AB12046904700230593002DADD184
:1023F000504609B0BDE8F08F236943F0080323611C
:10240000E3E718B1204618F0E8F8DFE7DDE901322C
:10241000134337D003911CF01EFB039990BB304649
:1024200013F044FD78B940F231131A4A1D491B4894
:1024300018F088F831461C4818F084F840F2311141
:10244000144818F076F8009B83F31188BFF36F8F60
:1024500004F12C00DDE9012311F036FE0546EFF30F
:1024600011898BF31288BFF36F8F304613F010FD84
:1024700000283FF478AFB5FA85F5304613F02CFD0F
:102480006D09A3E7204607AB05AA276818F0C4F832
:1024900005469BE748170300751703000E1103005C
:1024A0008A170300A0170300B71703002DE9F041B6
:1024B0000446C36908460E46984704F114050746CA
:1024C000EFF31188202383F31288BFF36F8F284620
:1024D00013F0DEFC68B988231A4A1B491B4818F020
:1024E00031F829461A4818F02DF88821154818F0B7
:1024F00020F8284613F0F0FC33783A4643F0010305
:1025000033706168204618F04EF86060204618F07D
:1025100015F9284613F0CAFC68B940F23113094A8C
:102520000C490A4818F00EF829460B4818F00AF82A
:1025300040F23111DAE788F31188BFF36F8FBDE8FD
:10254000F08100BF48170300751703000E11030048
:102550008A170300A0170300B71703002DE9F843FB
:10256000044600F11407EFF31188202383F3128847
:10257000BFF36F8F384613F08BFC054668B988238C
:10258000344A3549354817F0DDFF3946344817F0ED
:10259000D9FF88212F4817F0CCFF384613F09CFC58
:1025A0002369A26813F0080F02D163689A4200D928
:1025B000636A9B1A002B3FD0216A11F8223001EB8D
:1025C000820913F003003AD0022803D151F82260A7
:1025D000B60805D1D8071FD44846E3699847064690
:1025E000A1683246204617F0DEFF3146A060204643
:1025F00017F0E7FF384613F059FC10BB40F23113D7
:10260000144A1849154817F09DFF3946164817F027
:1026100099FF40F23111BDE743F0020301F8223087
:10262000E3694846A568984729460246204617F0C0
:10263000BAFF0025A060DDE71D46A946DAE705469A
:10264000FBE788F31188BFF36F8F002D8BD14846CD
:10265000BDE8F88348170300751703000E11030047
:102660008A170300A0170300B71703002DE9F041F4
:102670000446C36908460D46984704F11406074608
:10268000EFF31188202383F31288BFF36F8F304656
:1026900013F0FEFB68B98823274A2849284817F019
:1026A00051FF3146274817F04DFF8821224817F087
:1026B00040FF304613F010FC2B786FF300032B70B3
:1026C00023699B0705D5E268236A03EB82039D42D9
:1026D00022D12B786FF341032B70D4E90231994258
:1026E00004D13A46204617F05EFFA06039462046E6
:1026F00017F067FF304613F0D9FB90B940F2311361
:102700000D4A11490E4817F01DFF31460F4817F0CA
:1027100019FF40F23111C9E72B6867F39F032B6063
:10272000E8E788F31188BFF36F8F04F12C00BDE850
:10273000F04111F087BC00BF481703007517030074
:102740000E1103008A170300A0170300B717030038
:102750002DE9F84340F26C7344690569E1170135CE
:10276000E41841F10001022D8CBF00230123E41A7B
:10277000C76861F100010029064607F1FF374EDA0C
:102780006FF4C7704FF4C8720023201861F1000184
:10279000FCF798FE244B4FF03C0E03FB0044D6E9B7
:1027A00000834FEAE37C99466346022D02468CBFC4
:1027B0006FF002000920B6680544C6FB0E93A9FB22
:1027C0000EC60EFB036640F26D1E9920A3080EFB99
:1027D00004333B44642745430520B4FBF7F402353A
:1027E000B5FBF0F51B1B114C1CEB080CA2FB0420E5
:1027F00004FB01012B4446EBE87698180C4A41F1A2
:10280000000380180B4A63F10003A0FB020102FBE6
:10281000031110EB0C0041EB0601BDE8F8834FF407
:10282000C87200232046B3E770FEFFFFB13A0200F2
:102830009405F5FF805101002DE9F84F0446A38B64
:1028400008461907154612D4022803F0070165D17E
:10285000204617F0DDFF88B10138042800F23781E7
:10286000DFE810F05C0035018200D400040101288B
:102870000CBF43F0100143F02001A1831434204623
:1028800013F014FB002840F09D819A4940F2311367
:10289000994A9A4817F056FE2146B1E003F0070224
:1028A000501F01281ED80020062A2768C4E900000E
:1028B00014D13A4603E0E08B0130E0831268002A2D
:1028C000F9D123F0070343F002022046A28317F058
:1028D0009FFF90B342F02002A2832EE023F0070373
:1028E0009AB2F2E7042A33D123F007039AB22046C2
:1028F000A28317F08DFF10B142F02002A283A38BB8
:1029000003F00709894540F0EC80A18BCA0640F12D
:10291000508121F01003A38301F00701D4F818803F
:10292000A38BB8F1000FB9DA0022276823F0070360
:10293000C4E9002243F00103A383A38B03F007093A
:10294000894540F0CF80002FDFD00026B24644E01A
:102950006B4940F21B136B4A684817F0F3FD40F2D5
:102960001B11684817F0E5FD49B167494FF4AB7397
:10297000644A624817F0E6FD4FF4AB71F1E7236853
:102980004BB9624940F257135E4A5C4817F0DAFDD2
:1029900040F25711E5E723691E684EB95C494FF4D0
:1029A000AD73584A554817F0CDFD4FF4AD71D8E7D7
:1029B0000F4688464FF00609A38B23F0070343F028
:1029C00006039BB2A383A268002A40F08D80002FEB
:1029D00040F08D80002E98D0BA4643F0080304F1F1
:1029E000140B5846A38313F061FA002840F09A8034
:1029F000404940F23113404A404817F0A3FD594680
:102A0000444817F09FFD40F23111ADE0022909D092
:102A1000414940F25D133B4A384817F093FD40F2BC
:102A20005D119EE7E78B4FB13C494FF4AF73354AD8
:102A3000324817F087FD4FF4AF7192E723695E6863
:102A40004EB9334940F261132E4A2C4817F07AFDF3
:102A500040F2611185E7A38BB84623F0070343F0EA
:102A600004039BB24FF00409A383ACE7012909D00A
:102A70002B494FF4B273234A204817F063FD4FF4FB
:102A8000B2716EE723684BB9204940F265131D4AC5
:102A90001A4817F057FD40F2651162E723699E68F6
:102AA0004EB91B494FF4B473164A144817F04AFD47
:102AB0004FF4B47155E70027A38BB84623F0070302
:102AC00043F005039BB24FF00509A3837BE70C4954
:102AD00040F26B130B4A094817F034FD40F26B11BA
:102AE0003FE7002700266EE74FF0010A75E79246A0
:102AF00073E700BFA0170300481703000E1103007F
:102B000067280300CC170300F1170300FD1703002B
:102B100020180300B7170300371803004D180300EF
:102B20005C18030085F31188BFF36F8FBAF1000FB3
:102B30001CD177BB16B120462549B047EFF311856C
:102B4000202383F31288BFF36F8F584613F0A0F948
:102B500038BB88231F4A2049204817F0F3FC594608
:102B60001F4817F0EFFC88211A48FBE6A1680029EE
:102B7000DFD00D680029DCD043464A462046D1F814
:102B800004A0D0471DB12B6829461D46F2E72B460D
:102B9000FAE7394643464A4620463F6817F064FE46
:102BA000C7E7584613F098F9A38B23F00803A383D3
:102BB000ABE68B067FF562AE21F02003A38301F024
:102BC000070145E685F31188BFF36F8FBDE8F88FE5
:102BD000E52B010048170300751703000E110300D1
:102BE0008A170300F8B504460D4600F11406EFF30A
:102BF0001187202383F31288BFF36F8F304613F0C1
:102C000047F968B988230C4A0C490D4817F09AFC1B
:102C100031460C4817F096FC8821074817F089FCCC
:102C2000304613F059F9A5613A462046BDE8F84010
:102C30000121FFF701BE00BF48170300751703000D
:102C40000E1103008A1703002DE9F04704460F46D2
:102C500017F0FAFD051E68DB04F11409EFF3118A81
:102C6000202383F31288BFF36F8F484613F010F9C7
:102C7000804660B98823384A3849394817F062FCE1
:102C80004946384817F05EFC8821334842E0484600
:102C900013F022F94FF6FF72E38BA68B934206F0F6
:102CA000070645D0022E15D135460133E383484649
:102CB00013F0FCF8002841D140F23113264A2A498A
:102CC000274817F03FFC4946284817F03BFC40F2E4
:102CD0003111DAE7062E13D8DFE806F0092D1212BB
:102CE000090409006FF085054FF00008DFE70023B5
:102CF0003B60636883B9C4E9007786B13546F3E782
:102D00001B4917484FF4E4731A4A17F01BFC4FF4A1
:102D1000E471184817F00DFC1F606760EDE752463C
:102D200002212046FFF788FD35462846BDE8F0879A
:102D30006FF00A05D8E76FF00405D5E78AF311882C
:102D4000BFF36F8FB8F1000FEFD000233246394642
:102D5000204617F089FDE8E74817030075170300C0
:102D60000E1103008A170300A0170300B717030012
:102D70005C180300CC17030008B54268034602F054
:102D80000302022A81600AD0032A4FF0000103D017
:102D9000012A0AD1596006E01868596008BD186810
:102DA00000225A6058B90020F8E706490648452332
:102DB000064A17F0C7FB4521044817F0BAFB13F089
:102DC000E3FFF0E7672803000E1103007218030009
:102DD0002DE9F04F85B090F836800446B8F1080F21
:102DE00038BF4FF00808894608F1070303F4FC7365
:102DF00002AFADEB030D02AB90F83C10164618463F
:102E000042467B601CF085FA4A462046796817F0F6
:102E10001CFEB0F1000A7BDB94F836B01FFA8AF191
:102E2000584617F05FFD49460546584617F05AFDCB
:102E300001218146584617F055FDA84581441FFAE7
:102E400089F909D23A493B484E233B4A17F07AFBAD
:102E50004E21394817F06DFB04F10C084FF0FF329A
:102E60004FF0FF33404610F087FE824600285CD1C9
:102E7000D4E9091248682A444A44824234D9D346E4
:102E8000A27920463A6017F098FF0146BBF1000F87
:102E900008BF8346206A814241D03A680AF10100A6
:102EA00052453ADCBBF1000F39D0082194F83600C6
:102EB00017F018FDDBF804A04844284482452ED3BF
:102EC000A28E59460132204692B217F0FDFD82468D
:102ED000D8B9082194F83600C4F824B017F002FDE0
:102EE000A38EA0620133A38600952046D4E909127F
:102EF0007B6817F074FD8246A0B9636A3360A36AE9
:102F00001D44B5604D447360A562404610F004FF57
:102F100050460C37BD46BDE8F08F8246B1E76FF0F2
:102F20001B0AF2E76FF0040AEFE76FF0150AEFE70C
:102F3000C61803000E1103009818030030B50022D4
:102F400089B00F490F481BF02BFE002200230024FC
:102F5000CDE906230E230C4DCDE903344FF4006276
:102F60002846CDE90144094B0949009411F02EFD92
:102F7000084928461BF075FD204609B030BD00BF4A
:102F8000DD300100E8E0002018DC0020B53301004E
:102F900018250120DD1803002DE9F04704460746F7
:102FA0004FF00109DFF8508014B93846BDE8F087CA
:102FB00094FAA4F5B5FA85F509FA05F32E0108EBA4
:102FC00005156FEA030A24EA03042B7B002BEBD0E0
:102FD00058F806301B694BB94644736804222846EA
:102FE000196807EA0A0700F0F1FADDE72846984772
:102FF0000028D9D1F0E700BF98FA02002DE9F04788
:10300000DFF8D4902D4C8046A9EB04038F2B0F469C
:103010000BD92B4940F23F132A4A2B4817F092FA5A
:1030200040F23F11274817F084FA284817F079FF3B
:10303000064660B300252846BDE8F087237B6BB1C8
:103040002368DB680BB12046984723681B69B3B936
:10305000636804222046196800F0B8FA013610347B
:103060004C4518D91A494FF4A673164A164817F05A
:1030700069FA184817F066FA4FF4A671D2E72046AD
:1030800098470028E4D00AFA06F31D43E6E7054610
:103090004FF0010AE4E7D1D3B8F1000FCBD0002DF7
:1030A000C8D02846FFF778FF0546002FF7D000214B
:1030B0004FF4A47012F0DCFCF1E700BF98FA0200B4
:1030C00012190300E51803000E110300F0FA0020A6
:1030D0004219030063190300A8FA0200014810F026
:1030E000B1BF00BFB8CB0020014B53F820007047A0
:1030F000FC01030008B5034608462BB1044A1360DF
:1031000000F098FD002008BD6FF01500FBE700BF40
:10311000A0C6002010B5044C237813B9034810F062
:1031200091FF0123237010BD94050120B8CB00202E
:1031300010B50446064817F0F4FE3CB1054BD3E841
:10314000EF1F0139C3E8E21F002AF8D110BD00BF0C
:10315000E8FA0020ECFA002000200146034BD3E8F7
:10316000EF0FC3E8E21F002AF9D17047E8FA002008
:1031700070B5FFF7F1FF05460F4C104EB44219D958
:103180000F4940F2FF130F4A0F4817F0DBF90F48C1
:1031900017F0D8F940F2FF110A4817F0CAF963682E
:1031A0005B792BB123685B6813B1294620469847A9
:1031B0001034E3E7F3D370BD98FA0200A8FA0200D6
:1031C00042190300E51803000E1103006319030000
:1031D00010B5044C04492046FFF774F8034B1C60FB
:1031E00010BD00BF38CA0020E8010300E0FA00204B
:1031F00008B50023074A4FF400411370064A0748F8
:103200001360074A1360FFF775FFBDE80840FFF73A
:10321000DFBF00BF95050120E8FA00201FAF0200C4
:10322000ECFA00200146002200230148FFF77CB899
:1032300038CA00200148FFF791B900BF38CA002002
:10324000024B01461868FFF711BA00BFE0FA0020F0
:10325000014817F080BA00BF38CA002070B52E4B65
:103260001878002857D0FFF7E5FF054640B32B4BF1
:10327000D3E8EF1F0139C3E8E21F002AF8D1284C38
:10328000284EB44218D9284940F2F313274A284857
:1032900017F058F9274817F055F940F2F311234871
:1032A00017F047F963685B7923B123682946204604
:1032B0001B6898471034E4E7F4D32846FFF7C0FFB3
:1032C0001D4B1E4C1B68002B19DD1BF022FC4FF41C
:1032D0007A72A0FB020302FB0131C30B43EA4143B4
:1032E000D4E900209B1A40F2E9324FEAD13161EB78
:1032F0000001934271F1000101D3FFF739FFD4E9D6
:10330000003213F57A7342F10002C4E90032BDE8DD
:103310007040FFF79DBF70BD94050120ECFA0020BE
:1033200098FA0200A8FA020042190300E518030007
:103330000E11030063190300E8FA0020E0E000200A
:1033400070B5154D297829BB0120FFF757FE134CA6
:10335000134EB44217D913494FF4DC73124A134881
:1033600017F0F0F8124817F0EDF84FF4DC710E4842
:1033700017F0DFF863685B791BB1236820469B6810
:1033800098471034E5E7F5D3FFF768FF0028FBD135
:1033900001232B7070BD00BF9505012098FA020033
:1033A000A8FA020042190300E51803000E110300F9
:1033B000631903002DE9F047304B314FFB1A1B090D
:1033C0000BD1304940F28D332F4A304817F0BAF80C
:1033D00040F28D312C4817F0ACF800210846FFF779
:1033E0000DFE044650B340F267684FF000091CF030
:1033F000A5F8274B274A1B58136033B1264B1B688F
:10340000092B02DD254810F01DFE0025DFF88CA0F9
:1034100044B12046FFF7C0FD044618B94FF0FF380D
:103420004FF0FF39FFF71AFF064628B95DB942464B
:103430004B46504610F048FE3546E9E74FF0FF385E
:103440004FF0FF39D3E70D4D08E0F0D22B689B69B0
:103450001BB100222846114698471035BD42F4D9C9
:103460000F4940F28133084A084817F06BF80D48BD
:1034700017F068F840F28131ACE700BF98FA02001B
:10348000A8FA020082190300E51803000E110300D8
:1034900008000000E4FA0020ECFA0020B8CB00207D
:1034A000421903006319030013B52C4817F039FDC6
:1034B0002B4B1B78002B35D0EFF31184202383F3A3
:1034C0001288BFF36F8F274812F0E2FC68B9882397
:1034D000254A2649264817F035F82249254817F08D
:1034E00031F88821204817F024F81E4812F0F4FC27
:1034F000FFF7B4FE1B4812F0D9FC68B940F2311353
:10350000194A1D491A4817F01DF816491B4817F0AB
:1035100019F840F23111E5E784F31188BFF36F8F9A
:1035200002B010BD164B1B68002BF9D050B9002219
:1035300000231448CDE900234FF40042002313F088
:1035400069F8EDE70928EBD10E481BF035FB0E4872
:1035500002B0BDE8104010F075BD00BFECFA0020CD
:1035600095050120DCFA00204817030075170300B9
:103570000E1103008A170300A0170300B7170300FA
:10358000E4FA0020E8E00020B8CB002010B5064B9C
:1035900004461B6898472146A0600448FEF786FF52
:1035A000BDE81040FFF780BFA0C6002038CA002049
:1035B000044A054B9B1AB1EBD30F34BF52F83100CC
:1035C00000207047A0F9020098FA02000E4B10B5D7
:1035D000C31A1B110133DBB248B90C490C48DF2375
:1035E0000C4A16F0AFFFDF210A4816F0A2FF44682C
:1035F000237143689A7101224368196043685A71C4
:10360000BDE81040FFF786BD98FA0200221A0300B9
:103610000E110300EA1903002DE9F04F8FB0C1F33A
:103620004A2804AF0D469146B8607B600C0DB8F196
:10363000000F68D000264FF0040B4FF00A0A07F184
:103640001403C7F80C80C7E907667E620193CDF8C2
:1036500008B0CDF800A007F11C0332464846F968CF
:10366000FEF72EFBB0F5006F03461CD36C468AB004
:10367000D9F8041004AB2C481A46C3E9050140F2FE
:10368000FF71D9614FF400711984284B42F8103F43
:103690004FF4125133462648FFF7BEFFA5462C379C
:1036A000BD46BDE8F08FC0F30A0804F117001844C6
:1036B00020F0070080083B60FFF7B4FD68F3532556
:1036C000044640B33B6800F11001C7E9083607F132
:1036D0001403F961CDE900A3CDF808B04846154AB6
:1036E000F96807F11C03FEF7EBFA002813DA124918
:1036F00012484FF4A273124A16F024FF4FF4A2713D
:103700000F4816F016FF04F1170020F0070080089C
:10371000FFF788FD044668F353252A4620467B6858
:10372000B96817F030FCBAE7421A03000400000140
:1037300008FA02005BAF0200AE1A03000E1103008C
:10374000811A03002DE9F04F87B00446DDE9105AD5
:10375000DDE912690F4693469846BEB11021334603
:1037600052460020CDF80090CDF81490FEF790F866
:10377000011E0CDA214940F26313214A214816F058
:10378000E1FE40F263111E4816F0D3FE314605F10A
:10379000170008441C4B04F007040BF0070BE4006F
:1037A00020F0070003EA412344EA8B1480081C43FD
:1037B0000391FFF737FD44EA05540546A0B19EB1D9
:1037C000334652460399CDF800901030FEF760F86A
:1037D000002809DA094940F27D13094A094816F020
:1037E000B1FE40F27D11CEE74346224639462846D7
:1037F00007B0BDE8F04F17F0C6BB00BFAD1A03001D
:10380000811A03000E11030000FE0F00406820B172
:10381000034BC01A40F3CF0070474FF0FF307047A2
:10382000A0F902000EB403B503AB53F8042B014614
:103830000448019301F0F6FF02B05DF804EB03B019
:10384000704700BF65380100CA0605D48B064CBF1F
:1038500002490349FFF7E6BF704700BF502A030043
:103860003D50030038B54B6805461A68CB680C46D6
:103870009A4202D1084617F003FC6368D3E8EF2FA1
:10388000511CC3E8E01F0028F8D1A3689D54636869
:103890001A68E3689A4209D9054906487A23064A14
:1038A00016F050FE7A21044816F043FE002038BD81
:1038B000E61A03000E110300B71A03002DE9F04FBA
:1038C0008BB09B46169B9DF854A00693179B04460D
:1038D0000593189B0D469046199E0493BAF1000F6C
:1038E00000F0AE80BAF1040F0BD9A44940F2622374
:1038F000A34AA44816F026FE40F26221A04816F022
:1039000018FE06F00103089306F00803079306F477
:103910008073099317F01FFB06F002090246002886
:103920003CD020469849FFF77DFF0746B9F1000FCC
:1039300008D016F0440F33D12A4620469349FFF7AA
:1039400071FF0744089B53B1914B204653F82A203E
:10395000904B9149002A08BF1A46FFF763FF099B65
:10396000002B49D0079B002B63D1B8F1000F65D025
:10397000424620468949FFF755FF0546069B3D44D0
:10398000002B6CD1049B002B40F08180F30700F1E9
:10399000EE8031462046FFF757FFE2E00746C5E7D5
:1039A0007F4B18680028CCD07E4B4FF47A791B6887
:1039B0004FF46161B5FBF3F5B5FBF0F300FB135574
:1039C00009FB05F5B3FBF1F2B5FBF0FE4FF03C0C43
:1039D00001FB123100FB1E55B1FBFCF309FB05F5A1
:1039E000B5FBF0F50CFB131120460091CDE901E584
:1039F0006D49FFF717FFA4E7079BEBB16B4B204620
:103A000053F82A206A49FFF70DFF0546B8F1000F69
:103A100005D0424620466149FFF704FF0544BBF14B
:103A2000000FABD05A4620466249FFF7FBFE054423
:103A3000A4E74FF0000BE1E7079DE7E745469DE768
:103A4000BBF1010F069B06D1DBB9049B002B00F0F4
:103A5000888000251BE0002BF7D0574812E057481C
:103A60002246069B564916F0EEFC00280CDA554912
:103A70004FF42F73424A434816F064FD4FF42F7100
:103A80003CE74E485546EBE7049B002B65D0DFF83A
:103A90004481DFF84491049F3146102F204628BF0F
:103AA00010274FF0000BFFF7CFFE5D4542DC059B72
:103AB000494620461A78FFF7B5FE4FF0010B1BF080
:103AC000070F03D141462046FFF7ACFE5F4538D9CA
:103AD000059B4946204613F80B20FFF7A3FE0BF188
:103AE000010BBBF1100FEAD14FF0000B2046364915
:103AF000FFF798FE5A46059B20469A5CA2F12001EA
:103B00005F2928BF2E223149FFF78CFE0BF1010BF4
:103B1000BBF1100F1AD01BF0070F03D1414620460E
:103B2000FFF780FE5F455A46E5D841462046FFF73D
:103B300079FEEBE741462046FFF774FE0BF1010BDF
:103B4000B3E720462249FFF76DFEC8E7059B3B44DB
:103B50000593049BDB1B04939DD1BAF1000F7FF406
:103B600015AF20460BB0BDE8F04F17F089BA2046DC
:103B7000084A0949FFF756FE0BE700BF1B1B03006D
:103B8000B71A03000E110300271B03002B1B0300B1
:103B90000C020300161B0300C0530300501B03005C
:103BA000F8FA0020F4FA0020341B0300200203007E
:103BB000541B03005A1B03009BB002006538010030
:103BC000255801005F1B0300721B0300D344030050
:103BD0006E1B0300701B0300681B030042F20F738F
:103BE00073B58B4228BF0B4605680446052168461D
:103BF0000D4A13F051FA0646636828460B225B68AB
:103C00000A4917F02FFA63683246694628465B680E
:103C100017F028FA63681B2228465B68044917F0EE
:103C200021FA02B070BD00BF4C550300901B030089
:103C3000741B030000210123064A904206D8064A5D
:103C400001B901231360054B18607047012140083A
:103C50005B00F2E740420F00F4FA0020F8FA00207F
:103C6000F8B50D460446064F4618B44201D1284621
:103C7000F8BD14F8011BBB6801485B689847F4E77E
:103C8000A4F6020010B543681C6809481AF01EFE2D
:103C900048B9084908489923084A16F053FC992165
:103CA000064816F046FC23685B685C6010BD00BFE8
:103CB000A4F60200FA1B03000E110300BC1B030054
:103CC000014B0360002070476802030070B5114B80
:103CD0000D461C68DCB1104B196800238B4202DBD7
:103CE0006FF0010070BD224612F8106B864202D0C0
:103CF00014460133F2E7E06810B96FF01200F1E703
:103D00001AF0E4FD0028F8D000202C60EAE76FF0FC
:103D10000C00E7E7F4C600207C02030070B588B011
:103D200005460C46C0B269461646FFF7CFFF00288D
:103D30001BDB0098C8B14368226802938368019531
:103D4000CDE903360023CDE906230593C56817F0B6
:103D500009FA6DB12846084901AA18F0C1FA079876
:103D600008B9059B236008B070BD6FF01500FAE735
:103D70006FF01200F7E700BFF5B1020070B50D4615
:103D80001646044638B331B3202200211BF0C1FA95
:103D900028881122022101F08FFF0028E06005DA57
:103DA0001BF0CCFB0D4B1858404270BD32462946E3
:103DB00001F0FCFF0028E06802DA01F0CFFFEFE736
:103DC0000121A36844F8330004EBC3020B44918043
:103DD0000020A360E9E76FF00D00E6E70C000000AB
:103DE000F0B504469BB00F4615460021302202A8CC
:103DF0001BF08FFA002C00F0A180002D00F09E80B7
:103E00009DF8083023F03F0343F01B038DF8083082
:103E10001AF07FFE4B4A0026A0FB020302FB013191
:103E200010F5804041F10001C00B40EA4140002301
:103E3000444AC90BFBF746FB41F2C6034FEA106C3C
:103E40005A4303024CEA012C03F47F0343EA0C03B8
:103E5000C4E9040143EA0063000A00F47F4003431D
:103E6000A26112BAE0680C930D9230223346CDE97C
:103E7000006602A901F0C6FF002810DB314630229F
:103E80000EA81BF046FAA1683A46204617F03FFB01
:103E9000B04206DA1BF052FB2B4B185840421BB0C5
:103EA000F0BD42D0E06830223346CDE900660EA96D
:103EB00002F00AF80028EDDB302839D1D4E90412E9
:103EC000149B1BBA964208BF8B4202D06FF01500BC
:103ED000E5E7159BA2691BBA9342F7D19DF83830EC
:103EE00003F00703042BF1D19DF839301BB3189B65
:103EF000199A1BBA12BA53EA0201E7D0AA6000224B
:103F000093420DDA11498B4202D8C5E90032DDE750
:103F10000F4A9B1862EB02020020C5E90032BEE79F
:103F20000B495B1842F10002F6E76FF07300B6E749
:103F30006FF07900B3E76FF00F00B0E76FF00D009E
:103F4000ADE700BF40420F000C0000007F7EAA8357
:103F50008081557C2DE9F0410F4B05461C680E46CB
:103F60001746ACB14FF0FF324FF0FF330B480FF064
:103F700003FE63683246D3F8088029463B46204654
:103F8000C047044605480FF0C7FE2046BDE8F08153
:103F90006FF00104F9E700BF28FB002060CB002090
:103FA00000230360044B5A6812B9C3E9000070474C
:103FB00010605860704700BF2CFB0020014B186058
:103FC000704700BF28FB00201FB5CDE90101039217
:103FD0004FF0FF334FF0FF3209480FF0CDFD094B92
:103FE0001C682CB906480FF097FE204604B010BD9F
:103FF000636820461B6801A998472468F1E700BF61
:1040000060CB00202CFB00200022024BC3E90022E1
:10401000704700BF2CFB00200022024BC3E90022A6
:10402000FFF7F2BF34FB00202DE9F74307460C46AB
:1040300009B100230B600026254DDFF8AC904D45FB
:1040400024D924499423244A244816F07BFA24488E
:1040500016F078FA9421204816F06BFAD5F8008013
:104060003846414601AA17F0ECF850B116B954B9D8
:104070002E4606E000224046316817F0E2F800289C
:10408000F5D11435DBE7019B2360F1E7E6D3154B4F
:104090001D68C5B155F8148C3846414601AA143D37
:1040A00017F0CFF850B116B954B92E4606E00022E9
:1040B0004046316817F0C5F80028F5D16D69E8E78A
:1040C000019B2360F1E7304603B0BDE8F08300BFF9
:1040D000A8FA02006D1C03003B1C03000E11030034
:1040E0006319030034FB0020A8FA02002DE9F04711
:1040F00084B002AFD7F8289004460D46164698467D
:104100007860B9F1000F07D0D9F8001031BBD9F8A9
:1041100004A0BAF1000F28D12046391DFFF784FF13
:1041200008B3D0F808904346324629467868C84715
:10413000C8B16D468AB002AA124BD061C2E90534FB
:104140004FF400731384104B42F8103F00234FF4D8
:1041500011510E48FFF760FAAD4604E03A1D17F022
:1041600070F80028D3D1002007E0D9F80830324693
:104170000093294643467868D0470837BD46BDE8D6
:10418000F08700BF951C03000400000168FA0200DC
:1041900038B50C4D4FF0FF334FF0FF320A480FF0A7
:1041A000EBFC2B783BB9FFF737FF00F0B1FA044680
:1041B00010B901232B70002403480FF0ADFD2046F9
:1041C00038BD00BF9705012060CB00202DE9F04FDE
:1041D000DFF8B0A08FB002939AF80C3006468946FB
:1041E00015460193002A46D0904620230593019B53
:1041F000DAF8004096FBF3F75F431998394605ABB0
:1042000006AAA0470446002838D1059BF71BDA1BF5
:10421000424528BF4246009306AB1F44189B934675
:104220002BB3384619781BF059F810B30123A0EBD3
:10423000070B5A463946484603931BF05DF8009B2E
:10424000A8EB0B081F2B039B05D923B9D9445E4467
:10425000B8F1000FC9D1029AA5EB08051560189AAC
:104260000AB183F0010420460FB0BDE8F08F189B1F
:10427000DFE72346DDE76FF01504F4E76FF0040491
:10428000F1E700BF3CFB00202DE9F04F8BB08246E8
:10429000884615460193FBF714FBDFF8C0905246A1
:1042A00099F80C700199B0FBF7F407FB1404A0EB2C
:1042B000040B5B461498D9F80460B047019B5B443B
:1042C00001932CB122460AEB0B0102A81BF014F853
:1042D0003D2204F128036B4403F8202C04F1010A69
:1042E000BAF11F0F01D9002410E005BBBAFBF7F4A7
:1042F00007FB14A44CB10AF108033C1B22462946D3
:104300000DEB03001BF005F8A2440124534601996C
:104310001498D9F8046002AAB047C8B9D4B9019B6F
:10432000012453440193AA46002DEFD08246CAF1DE
:104330002004AC4228BF2C460AF10803414622461D
:104340000DEB03001AF0D8FFA0442D1BA244C7E7D1
:104350006FF004000BB0BDE8F08F00BF3CFB002005
:1043600010B5034B04469B6808469847001B10BDD8
:104370003CFB00202DE9F04780468A4691461D46C9
:104380006FF0150086B00E9E134F16B906B0BDE84B
:10439000F087102E334628BF102329460193484644
:1043A0003C6801AB02AAA0470028EFD1019B397BF2
:1043B000B3FBF1F201FB12320AB10B449B1A5146D6
:1043C00040467C6802AAA0470028DFD1019B1D441B
:1043D0009A44F61AD9E700BF3CFB002010B5034C05
:1043E000C4E90001A260237310BD00BF3CFB0020A4
:1043F00030B5044685B010461D46CDE90212FFF7E0
:10440000AFFF044A01460095204602ABFFF76EFE5F
:1044100005B030BDABB202002DE9F04F0446B3B099
:104420000D4616460021102202A81F461AF071FF01
:10443000236CDFF8B8A0DFF8B890DFF8B8B00693C7
:1044400004F10808404602A916F0FCFC18B100204F
:1044500033B0BDE8F08F02AB6A464A210CA816F0D3
:1044600033FF034628B101215A46484616F0E4FDC1
:10447000E6E7009A02F1C801694401F8980CAFB16F
:10448000BDF8143001329A42DADA0DF11C0C0DF14C
:10449000080EBEE80F00ACE80F00DEF80030CCF8E4
:1044A0000030404607A916F0CDFC30B1009A3346E3
:1044B000013202A90CA8A847C2E74A2107AB01AA0A
:1044C0001FA816F001FF28B101215246484616F0F8
:1044D000AAFDE6E7019B1FA9C8336B4403F84C0C07
:1044E0000CA8FBF7DCF90028DBD1A9E7E01C0300EE
:1044F00068FA0200C31C03000A4601230149FFF7C2
:104500008BBF00BFF14301002DE9F04F05460F4678
:1045100091469846BFB003B17AB10024284623469D
:104520005B4905AACDE90579CDE90784FFF774FF5A
:10453000089B012B00F0A78017B96FF01504A2E0CB
:104540004146384616F0A1FE83466B7B9C42F4DA66
:1045500005F108060DF1240A524630461FFA8BF188
:10456000FEF736FC10F11C0F034676D16B7B013B46
:10457000A3421ADD304616F0C1F98246A8B9286C6C
:1045800016F031FE2B6CCDE90EAA129330460EA91F
:1045900016F058FC58B1304616F06EFC034620B1B8
:1045A00001213C4A3C4816F047FD0134CDE7AB6A97
:1045B0000E9A9A42EFD149210EAB03AA18A816F021
:1045C00083FE0028E2D1039BBDF8442001339342CF
:1045D000DCD00DF14C0C0DF1380EBEE80F00ACE84C
:1045E0000F00DEF80030CCF80030304613A916F08A
:1045F00029FCF8B13046BDF8441013AAFEF7E8FBD9
:1046000003460028C2D1BDF844200146009213A8F9
:104610000EAAFFF7AFFE0028B8D1304613A916F056
:104620008FF903460028B1D001211C4A1A4816F020
:1046300003FDABE7492113AB04AA2BA816F044FEF7
:104640000028D2D1DDE903239A42CED12BA918A8A4
:104650001AF06BFB0028C8D198E700287FF46DAFF3
:104660002A6C49460D9238464246CDF800A0FFF725
:104670000BFE431D044606D05146304616F060F945
:10468000002C08BF044620463FB0BDE8F08F00BFB5
:10469000E9B20200151D030068FA0200F41C0300D1
:1046A000012370B504460373837300F1080616F006
:1046B0007EFE314616F048FA0546B0B9304616F08F
:1046C000B2F900280ADCE36A206CD3E9001216F084
:1046D00074FD0028EBD06FF0040504E0044B204685
:1046E0006360FFF75DFC284670BD6FF01505FAE7C3
:1046F0006802030090F83E30024A03490348FFF77E
:104700006DBE00BF63B302006BB302007FB3020053
:10471000092337B5009316F04AFE69461A4AFFF797
:10472000FDFA044610B110F10C0F0FD1174D009B8C
:1047300028466B73FFF7B4FF58B9154B13486B60ED
:10474000FFF73CFC1148FFF7D5FF0024204603B0DB
:1047500030BD16F02CFE01A9C0B2FFF7B7FA04462F
:104760000028F3D101982146826816F026FD044600
:10477000019816F0F7FC002CE8D12846FFF790FFCF
:1047800004460028D9D0E1E74CFB0020ACC600204D
:104790006802030008B5044815F0AFFEBDE8084004
:1047A000024815F0AABE00BF2F1D0300641D0300C0
:1047B0002DE9F84F80460C4600AF002965D0D1E9BD
:1047C0000012E9468AB0A3686D464FF0050A2E46EE
:1047D0003748C5E90723C5E9050146F810AF0023AE
:1047E00032464FF421513348FEF716FFD4E9031245
:1047F000CD466369AD463048C5E90723C5E90501E3
:10480000C5F810A0002332464FF421512948FEF785
:1048100003FFCD46E3690121284A264816F00CFC27
:10482000264600254FF00A0ADFF8A0B0E946D6E98F
:1048300008E0D6E90A138EB06A46C2F81CE005F11A
:10484000010EC2E908E0A81CC2E90A01E91CC2E99C
:1048500005B5C2E90C1342F810AF002345F2400140
:1048600014480435FEF7D8FE102DCD4606F110068B
:10487000DCD1236E0121124A0E4816F0DDFBA3693C
:104880000121104A0B4816F0D7FBB8F1010F07D1F0
:10489000EFF305830C4A41460648103B16F0CCFB6B
:1048A000214640460EF02AFEBD46BDE8F88F00BF07
:1048B000921D030058FA0200C11D0300F01D030001
:1048C000421E0300511E03007F1E0300FF1D030054
:1048D00030BFFFF7FDBF00BF2DE9F04105460B4E8D
:1048E000DFF83080324606EB0807CC1B204608492B
:1048F0001AF002FDA01942460021083C1AF009FDF9
:104900006C6707F10800BDE8F08100BF00000000FF
:10491000D8FA020008000000074A936893F90E10C5
:10492000002907DB926993421FBF044A536843F092
:1049300080535360704700BF5004012000ED00E039
:1049400070B5344C06460D463348344916F03CFDEC
:10495000A36AD9064DD53048314916F035FD1120EE
:10496000A36A1A0704D52C482E4916F02DFD1220F3
:10497000284CA36A9B0712D52B49274816F024FD23
:10498000636BA26A110609D50121284A224816F054
:1049900053FB1EB1A36A23F08003A36213201D4CB6
:1049A000A36ADA0704D51C48214916F00DFD14202E
:1049B000A36A9B0604D518481E4916F005FD15206C
:1049C000144B9A6AD60602D49A6A940713D59B6A46
:1049D000D90610D5184940F26313184A184815F043
:1049E000B1FD184815F0AEFD40F26311134815F003
:1049F000A0FD1020B4E7074B9A6A920642BF5A6A9C
:104A000022F400525A629A6A42F0FF029A6200232C
:104A10002B7070BD00ED00E058FA0200921E0300FA
:104A2000A81E0300DB1E0300EE1E0300061F03008A
:104A30001C1F03003B1F03009C1F03006A1F030091
:104A40000E110300E61F030010B5244C244925482D
:104A500016F0BAFCA36A99013ED52248224916F005
:104A6000B3FC1E20A36ADA0104D51E481F4916F0C4
:104A7000ABFC1F20194CA36ADB0204D519481C4962
:104A800016F0A2FC0220A36A1C0304D5154819499C
:104A900016F09AFC2120114CA36A590304D5114841
:104AA000154916F091FC2220A36A9A0304D50D48FB
:104AB000124916F089FC2320084CA36ADB0304D5B5
:104AC00008480F4916F080FC2420A36A6FEA0343CC
:104AD0006FEA1343A36210BD1D20C3E700ED00E0A1
:104AE0004A20030058FA02006220030075200300E8
:104AF0008F200300B9200300D7200300FC2003000F
:104B00001621030070B5294C06460D462848294950
:104B100016F05AFCA36AD9043CD52548264916F05C
:104B200053FC1720A36A1A0504D52148234916F01F
:104B30004BFC18201D4CA36A9B0512D51C4820492C
:104B400016F042FCA36BA26A100409D501211D4A8C
:104B5000174816F071FA1EB1A36A23F40043A3624A
:104B60001920124CA36A590504D51148164916F0AC
:104B70002BFC1A20A36ADA050ED50D48134916F04E
:104B800023FC1B20094A936A43F47F43936200236A
:104B90002B7070BD1620C5E7A36A9B04F2D50448AC
:104BA0000B4916F011FC1C20ECE700BF00ED00E003
:104BB00058FA02004121030057210300DB1E0300C5
:104BC000682103008121030096210300B121030025
:104BD0003B1F03002DE9F0479CB07C4B0546D3F802
:104BE00004A088461646002300AFCAF3080983F3E1
:104BF0001188BFF36F8F02F07F43B3F17F4F0ED068
:104C000073494FF48B63734A734815F09BFC7348E8
:104C100015F098FC4FF48B616E4815F08AFC12F089
:104C20000104EDD1530604D4100708D44FF0010855
:104C300008E06B496B4816F0C7FB710700D5454685
:104C40004FF00008002DDBD00023FB71A9F1030316
:104C5000092B00F29880DFE803F0058E917196969B
:104C60009696969460495F4816F0AEFB0023574E27
:104C7000FB71F36A9A0704D55C495A4816F0A4FB05
:104C800032E0F36A002B01DA5949F6E7F36A5B0078
:104C900064D55849534816F097FB7369AA6943F4E1
:104CA00080737361BFF34F8FBFF36F8F736932F8F7
:104CB000022C23F480737361BFF34F8FBFF36F8FA8
:104CC0004DF602739A4208D0B36ADBB24BB30120AF
:104CD000F91DFFF735FE044606E02B680121464A20
:104CE000404816F0A9F92C68FB79B3B96822294627
:104CF00007F108001AF000FB7B6AB8F1000F5FD0E3
:104D0000C3F3080222B96FEA53236FEA43237B629D
:104D1000204607F10801FFF74BFD7037BD46BDE89F
:104D2000F087B36A13F47F4F04D00120F91DFFF719
:104D3000E9FED0E7B36AB3F5803F02D3FFF784FE04
:104D4000C9E72E4940F22A33224A234815F0FAFBDC
:104D50002B4815F0F7FB40F22A315DE7274940F276
:104D60002E331C4A1C4815F0EDFB264815F0EAFBD3
:104D700040F22E3150E70020F91DAAE70020F91D6E
:104D8000D5E7214979E7214A6E461AF4F87F8AB0BF
:104D90001F4B18BF13466A461E49C2E90513A9F105
:104DA0001003D3614FF4007313841B4B42F8103F80
:104DB00000234FF411510B48FEF72EFCB54693E744
:104DC00023F4FF7323F00103A1E700BF00ED00E02F
:104DD000F72103006A1F03000E1103000A220300DB
:104DE0004822030058FA02006B22030082220300CB
:104DF000A3220300B1220300D0220300672803008E
:104E0000EC2203001023030040230300DE210300F3
:104E1000C92103006423030004000001044B5A6904
:104E200042F010025A615A6942F480625A61704736
:104E300000ED00E0EFF30880EFF3098101B5724661
:104E4000FFF7C8FE01BD00BF08B548B910491148B9
:104E50001423114A15F076FB14210F4815F069FB55
:104E6000EFF314835A0712D500F1400280EC100AC8
:104E700082EC108AF1EE102AC0F88020012223F083
:104E8000040380F8842083F31488BFF36F8F08BD78
:104E9000A72303000E11030077230300002080F3F3
:104EA0001488BFF36F8F002080F30A8880F30B888B
:104EB0000AF0B6FB00200E490860BFF34F8F0D4883
:104EC00080F3088800F02CF8202080F311880A482D
:104ED0004FF40061401880F30988EFF31480022139
:104EE000084380F31488BFF36F8F00F045F900008A
:104EF00094ED00E0586A0120185101200023184663
:104F00000649D1F89020C2F30722934200DB704794
:104F1000C1F89830C1F8A0000133F6E700ED00E0D9
:104F200010B572B6002484F31388FFF7E7FF234619
:104F30004FF0FF300C4A03F120010133102B42F8EF
:104F40002100F8D100234FF0FF30074A03F1600140
:104F50000133102B42F82100F8D162B6BFF34F8F16
:104F6000BFF36F8F10BD00BF00E100E0084B9B68EE
:104F700083420BD1EFF3058343B1064B5A6842F0ED
:104F800080525A605A6A22F400425A6210F0CABD36
:104F90005004012000ED00E06FF00A01084A936818
:104FA000D967084998674B6843F080534B600023EA
:104FB00083F31188BFF36F8F9368D86F704700BF7A
:104FC0005004012000ED00E0104A936883F8C1000E
:104FD000EFF31183202383F31288BFF36F8F4FF019
:104FE0000061936920F0FF009360094A5160596F96
:104FF000084A1160002193F8C12010439A6F996705
:1050000082F31188BFF36F8F704700BF50040120F7
:1050100000ED00E094FB00201D498A6882F8C1E0A1
:105020004FF030001044EFF3098C80E8F01F1EF0C1
:10503000100F03D102F1800080EC108A7446704694
:10504000FFF7C2FFA64612498A6886461EF0100F77
:1050500003D00023E1EE103A03E002F1800090EC6F
:10506000108AEFF3148323F0040383F31488BFF34F
:105070006F8F02F1300090E8F01F8CF3098802F185
:10508000000004B516F0BEF9BDE80440704700000A
:10509000500401201EF0040F0CBFEFF30880EFF363
:1050A0000980816911F8021C0229FFD001B516F0B0
:1050B00080F901BD40B2002807DB01234109034A02
:1050C00000F01F00834042F82130704700E100E00B
:1050D00040B200280CDB01220649430900F01F0002
:1050E0008240203341F82320BFF34F8FBFF36F8FEF
:1050F000704700BF00E100E0054B420953F8222051
:10510000012300F01F0003FA00F01040704700BFB9
:1051100000E100E038B54B1C072B04460D460FD9C3
:105120005823104A1049114815F00CFA2946104826
:105130000723224615F006FA58210A4815F0F9F916
:1051400040B20028ACBF00F160400A4A4FEA431366
:10515000DBB2ABBF00F5614000F00F0080F8003318
:10516000135438BDBD230300F42303000E110300C4
:105170000F24030014ED00E0144A08B5144B22F08C
:105180007F029A60BFF34F8FBFF36F8FD3F88820F1
:1051900022F47002C3F88820D3F8882042F4A002D9
:1051A000C3F888204FF04042C3F83422BFF34F8F3A
:1051B000BFF36F8F0023E1EE103A0EF0C5FA10F046
:1051C00093FE00F081F80EF0FFFA00BF00800000AF
:1051D00000ED00E042F8203C009B0D4942F81C3CE9
:1051E000019B21F0010142F8183C029B42F8081C87
:1051F00042F8143C4FF0807342F8043C002383676C
:105200004FF43C43203A0265C0F8C030704700BFFD
:1052100039210100104B9B6883421AD1EFF30580BE
:10522000B8B9EFF31181202282F31288BFF36F8F98
:105230001A7B22F002021A73EFF3148323F00403A3
:1052400083F31488BFF36F8F81F31188BFF36F8FDF
:1052500070476FF015007047500401200E46154648
:105260000023E1EE103AEFF3148323F0040383F3F9
:105270001488BFF36F8FBFF36F8F0C4B426F986032
:105280000B4B1A60436E83F30B882C4686F3098818
:105290004FF00000074B984720464FF000014FF0B9
:1052A00000024FF00003044C204700BF50040120CF
:1052B00094FB00200DB40200392101001022014BA3
:1052C0001A61704700ED00E0002320210348C21856
:1052D0000133412B82F80013F9D1704700E100E05F
:1052E00008B5EFF30583064A103B02EBC30152F801
:1052F000330049688847BDE80840FFF70DBB00BF91
:1053000058F702001FB5094C094A234601210948F4
:1053100000F012F900230393074B0121E41A01A8BE
:105320000193029400F02CF904B010BD0000042099
:1053300080C50020F0020300C0CC002010B50C7A1C
:105340000B6804F01F0223F01F031A43CB686409A3
:1053500023F01F03054943EA440343F00103C1F866
:105360009800C1F89C20C1F8A03010BD00ED00E00D
:1053700010B50A4BD3F89030C3F30723013B984292
:1053800008D901210346064A064815F055FE6FF07C
:10539000150010BDFFF7D2FFFBE700BF00ED00E0F6
:1053A0005324030030FA02002DE9F04F89461446D9
:1053B00006464FF00008514D85B0C84527DAD6F8AB
:1053C00004A0BAF1000F44D0BAF11F0F17D91AF098
:1053D0001F0F14D1D6F800B01BF01F0F0FD1584685
:1053E00016F037F807460AEB0B00013816F031F8D3
:1053F000874210D06FF01507414A3B4601E0434613
:10540000404A0121404815F017FE6FF01504204670
:1054100005B0BDE8F08F17F1160FEDD0BC42EBDD03
:10542000C5F89870D5F89C10C5F89870D5F8A030DC
:1054300021F01F0143F01F0BD6E900321A449942B4
:1054400002F1FF3A1DD1D34507D13146F8B216F02B
:1054500009F808F101080C36AFE73146C5F8987035
:10546000D5F89C3022F01F0203F01F031343C5F848
:105470009C30E0B215F0F6FF10F1160FC5D0441CB9
:10548000E7E7C5F89870D5F8A020013B23F01F038B
:1054900002F01F021343D3453146E0B2C5F8A030F5
:1054A000E8D015F0DFFF10F1160FAED0C5F89870F8
:1054B000D5F89C209DF808300BF1FF3B62F3040304
:1054C0008DF80830D5F8A0309DF808205B0863F30C
:1054D00047128DF80820D6E900321344009323F0D8
:1054E0001F035B44A3EB0A03013023F01F0369464B
:1054F000C0B20393FFF73CFFBEE700BF00ED00E042
:105500009C2403007924030030FA02000522044B96
:10551000C3F89420BFF34F8FBFF36F8F704700BF66
:1055200000ED00E0BFF35F8F0022024BC3F8942030
:10553000704700BF00ED00E038B50C4D0C462A78EE
:10554000FFF732FF287016300FD140F26713084A78
:105550000849094814F0F6FF2146084814F0F2FF04
:1055600040F26711024814F0E4FF38BD98050120AD
:10557000BF240300672803000E110300EE2403007C
:105580002DE9F74F314E894605464FF00008B346E6
:105590002F4FC84502DB03B0BDE8F08FD5F804A05B
:1055A000BAF1000F4CD029680846019115F051FF5F
:1055B000019904460AEB0100013815F04AFF8442C4
:1055C0004FF01402234B15D002FB08F36FF01502C5
:1055D0004BF8032040F277131F4A2049204814F06B
:1055E000B1FF49461F4814F0ADFF40F277111A4849
:1055F00014F09FFF14F1160F3460EBD01978A1421C
:10560000E8DD02FB08B0C7F89840C7F89840D7F823
:105610009C4000F10801007B64F304000871D7F896
:10562000A0000C79400860F347140C71D7F89C1067
:1056300021F01F017160D7F8A01021F01F01316126
:1056400008F1010814360C35A3E700BF98FB0020D1
:1056500000ED00E098050120BF2403006728030047
:105660000E1103001A2503002DE9F041574C584E46
:10567000D4F890303568C3F307239D4286B013D920
:105680004FF4CF73534A5449544814F05BFFD4F895
:10569000902029465248C2F3072214F053FF4FF4DA
:1056A000CF714C4814F045FF0020FFF73BFF4D4BF6
:1056B000C4F8C03085421AD14B4C01A82570FEF7C2
:1056C000FFFA002506464FF04108484FAE4215D17B
:1056D000002023783D49D1F89020C2F3072293425D
:1056E0006DDB0020FFF712FF06B0BDE8F0817168A6
:1056F00001EB0011FFF722FE0130DBE7019A2901DF
:1057000002EB0513D3F80CC00CEA0700B0F5001F3C
:1057100027D0B0F5800F40D0B0F5801F4DD158682C
:1057200052589B68CDE902022122013B20F01F0163
:105730000B4423F01F038DF810200593207802A955
:10574000FFF716FE002835DA23494FF4E473214AA7
:10575000224814F0F7FE264814F0F4FE4FF4E471EA
:105760009FE758689B685258013B20F01F010B448B
:1057700023F01F031CF0010FCDE902028DF8108009
:105780000593DBD01B496C23124A144814F0DAFE4F
:10579000194814F0D7FE6C2183E758689B6852586B
:1057A000013B20F01F010B44CDE9020223F01F034F
:1057B0000222C0E7237801332370013586E7C1F860
:1057C0009830C1F8A000013385E700BF00ED00E08C
:1057D000FC020300BF240300672803000E1103002E
:1057E00049250300AAFF4400980501200000F0FFAE
:1057F000D22503007D250300A325030008B5024B35
:105800001B689847002008BDACFB0020034B044AEE
:105810001860937843F0020393707047ACFB00204C
:10582000F8C60020F0B587B007460E4614460021A2
:10583000102268461D4619F06CFD02238DF80230D7
:10584000054B2A4621466846CDE90476019311F0BE
:105850009DFE07B0F0BD00BF97B4020008B5064931
:10586000064821F00701C1F1005202F58022FBF742
:1058700075FF002008BD00BF5F7A0120B0FB00204B
:1058800008B54FF0FF324FF0FF3307480EF074F9C0
:1058900048B1064906488D23064A14F053FE8D216F
:1058A000044814F046FE08BD08C700204526030042
:1058B0000E1103000B26030001480EF02DBA00BFA5
:1058C00008C7002038B50546FFF7DAFF2A46082149
:1058D0000748FBF7F7FD044628B925B119F02EFE5D
:1058E0000C22044B1A50FFF7E7FF204638BD00BFDB
:1058F000B0FB00200C00000038B504460D46FFF751
:10590000BFFF21462B4608220748FBF767FE0446E7
:1059100028B925B119F012FE0C22044B1A50FFF7DA
:10592000CBFF204638BD00BFB0FB00200C000000BC
:1059300010B50446FFF7A4FF21460348FBF774FDAA
:10594000BDE81040FFF7B8BFB0FB0020012838B514
:105950000C4609D004283ED100230022C1E90023CF
:1059600000238B60002038BDEFF31185202383F3E3
:105970001288BFF36F8F1C4810F08AFA68B9882329
:105980001A4A1B491B4814F0DDFD17491A4814F048
:10599000D9FD8821154814F0CCFD134810F09CFA6D
:1059A000164B0FCB84E80F000F4810F07FFA68B950
:1059B00040F231130D4A12490E4814F0C3FD0A4952
:1059C000104814F0BFFD40F23111E3E785F3118870
:1059D000BFF36F8FC6E719F0B1FD16220A4B1A50BC
:1059E0004FF0FF30BFE700BFBCFB002048170300AB
:1059F000751703000E1103008A17030020E1002031
:105A0000A0170300B71703000C00000001287FB5A2
:105A10000C4623D0042825D100230022CDE9002301
:105A20000023029319F075F8174DC30BC0F30E0055
:105A3000A0FB0506009A43EA41439A18019B43EBF9
:105A4000D131C30B029843EA464318440F4BC4E9D3
:105A500000219842A0600ED800200AE06946FFF7B6
:105A600075FFDFE719F06AFD1622094B1A504FF057
:105A7000FF3004B070BD013241F10001401BC4E9A8
:105A80000021A060E8E700BF00CA9A3BFFC99A3B2B
:105A90000C0000000122024B0020C3F84025704793
:105AA0000090034020B1034B800143F001031847ED
:105AB000704700BF40FF02002DE9F04112F0FC6F7B
:105AC0001346D0E9014706690ED042494FF474737A
:105AD000414A424814F036FD414814F033FD4FF47A
:105AE00074713D4814F025FD02F03002302A0CD1CB
:105AF0003C4940F2D333384A384814F023FD3A4841
:105B000014F020FD40F2D331EBE7384A384D1A400B
:105B1000AA420CD1374940F2D7332F4A2F4814F00C
:105B200011FD354814F00EFD40F2D731D9E703F0EE
:105B30000602042A09D1314940F2DA33264A2748BD
:105B400014F000FD40F2DA31CBE713F4402216D016
:105B50009D030CD42A4940F2DD331F4A1F4814F03C
:105B6000F1FC284814F0EEFC40F2DD31B9E7B2F563
:105B7000402F18D0244A9A4301D183F440230125B1
:105B800024688D40254223F4801219D11F4940F228
:105B9000ED33114A114814F0D5FC1D4814F0D2FC25
:105BA00040F2ED319DE71B4940F2E1330A4A0B48D0
:105BB00014F0C8FC184814F0C5FC40F2E13190E73D
:105BC0003468DB074CBF2C43AC4334603B68BDE812
:105BD000F0411847632603009F1003000E110300D5
:105BE000C0260300E42603001D2703000200030073
:105BF000020001005A270300A1270300F027030039
:105C0000232803006928030001001000D0100300BE
:105C10002B110300A4280300E528030008B51D4844
:105C200018F054FEF0B901211B4A1C4815F0FBF98D
:105C30006FF0120301211A4A184815F0FDF91548B2
:105C400018F044FED0B90121164A144815F0EBF9BA
:105C500012486FF012030121134A15F0EDF96FF0AD
:105C6000120008BD4FF4202208210A48FFF724FF44
:105C700003210E4A094815F0D6F9E0E707210C4A3E
:105C80000448FFF719FF054803210A4A15F0CBF92C
:105C90000020E6E768F6020011290300A8F90200D7
:105CA00036290300742903009D290300632903009A
:105CB00001000600CE2903002DE9F04105460E46FD
:105CC00017461D4CDFF8908044452BD91B49DB2338
:105CD0001B4A1C4814F036FC1B4814F033FCDB2133
:105CE0000FE02368AB4200D0D3B9A36863B917496A
:105CF000E323134A134814F025FC154814F022FC42
:105D0000E3210F4814F015FC3A46314628469847DF
:105D100030B13A4631462846E368BDE8F0411847BD
:105D20001034D1E7DDD319F009FC6A22094B1A506F
:105D30004FF0FF30BDE8F08190F90200A02A030087
:105D4000522A03000E11030063190300862A030080
:105D50004F2A03000C000000A0F9020037B5694685
:105D600001AA0546FCF71CFA044648B919F0E6FBFF
:105D700009224FF0FF340C4B1A50204603B030BDBF
:105D80004FF0FF3201984FF0FF3315F0BCFB009B42
:105D900020469B6898470446019815F0B6FB2846B4
:105DA000FCF770FAE9E700BF0C00000073B50D4680
:105DB0001646694601AAFCF7F3F90446B0B1009B08
:105DC0009B69DBB14FF0FF324FF0FF33019815F0C4
:105DD0009AFB009B2046324629469B699847044619
:105DE000019815F092FB204602B070BD092319F00E
:105DF000A5FB034A4FF0FF341350F4E75F23F6E7A7
:105E00000C0000002DE9FF410D46164602A903AA29
:105E10001F46FCF7C5F90446E8B1029B5B6A13B361
:105E20004FF0FF324FF0FF33039815F06CFB0B9BE4
:105E3000204601930A9B32460093029B2946D3F8E1
:105E400024803B46C0470446039815F05EFB20467D
:105E500004B0BDE8F081092319F070FB034A4FF04C
:105E6000FF341350F3E75F23F6E700BF0C00000098
:105E700073B50D461646694601AAFCF791F904462A
:105E8000B0B1009B5B6BDBB14FF0FF324FF0FF33E3
:105E9000019815F038FB009B2046324629465B6B83
:105EA00098470446019815F030FB204602B070BDBB
:105EB000092319F043FB034A4FF0FF341350F4E772
:105EC0005F23F6E70C0000002DE9FF410D46164662
:105ED00002A903AA1F46FCF763F90446E8B1029B36
:105EE0009B6A13B34FF0FF324FF0FF33039815F066
:105EF0000AFB0B9B204601930A9B32460093029BB0
:105F00002946D3F828803B46C0470446039815F03D
:105F1000FCFA204604B0BDE8F081092319F00EFB1D
:105F2000034A4FF0FF341350F3E75F23F6E700BF57
:105F30000C0000002DE9F04F4FF00008C246464625
:105F40009DB0CDE9050108A814461D4618F0E3FDF3
:105F5000DDE90823DDE9059BCDE902230DAB0A93BA
:105F6000BBF1000F22D1002E72D0B5F1FF3F08BF68
:105F7000B4F1FF3F17BF4FF47A724FF0FF34A4FB28
:105F8000024302FB05331CBFE40B44EA4344069B77
:105F90004FF48272009341465046059B019415F0E0
:105FA000A3FA074638461DB0BDE8F08FD9F80000C7
:105FB000002829DB0CAA0BA9FCF7F2F8074618B356
:105FC0004FF0FF324FF0FF330C9815F09CFA1CABEA
:105FD00001930AAB00934FF481724B4639460B98FC
:105FE00015F082FA10F1780F034612D10022002337
:105FF00008A818F090FDDDE90834CDE9023400244A
:106000000C9815F082FA254609F108090BF1FF3BBF
:10601000A6E713F1120F0C980CD1BAF1000F03D0C0
:1060200015F073FA0126EFE7DDF82CA0B84615F05D
:106030006CFAF7E7079315F068FA079B002BE3DA91
:1060400019F07CFA5B42384A4FF0FF371350A9E74A
:10605000DDE9022308A818F082FDDDE908452246A3
:106060002B46DFF8CC800A990DAC091B891008FB80
:1060700001F1204610F056FD00F10B020B2A0346F9
:10608000DED82A4F174117F00107D9D1B9460A9433
:10609000DDE9054585B9B9F1000F83D0002F81D125
:1060A000DDE9022308A818F05AFDDDE908452B4672
:1060B00025432246D7D175E72068E68000282CDBEF
:1060C0000CAA0BA9FCF76CF8824618B92023E380D0
:1060D000013722E04FF0FF324FF0FF330C9815F0FC
:1060E00012FA0AAB514640F2031200930B98234672
:1060F00015F0FAF982460C9815F007FA1AF10B0F11
:106100000ED0BAF1000F04D019F018FACAF100034A
:1061100099E7B4F90630002BDAD10834013DB9E72C
:106120004FF00109F9E700BF0C0000007EF7FFFF08
:10613000CDCCCCCC2DE9FF410D46164602A903AAD1
:106140001F46FCF72DF80446D8B1029B1B6B03B326
:106150004FF0FF324FF0FF33039815F0D4F90A9B4C
:1061600020460093029B3246D3F8308029463B46B6
:10617000C0470446039815F0C8F9204604B0BDE8AE
:10618000F081092319F0DAF9034A4FF0FF34135074
:10619000F3E75F23F6E700BF0C00000008B548B93D
:1061A0000B4913230B4A0C4814F0CCF9132109486E
:1061B00014F0BFF9094B1A683AB109491423054A8A
:1061C000054814F0BFF91421F1E7186008BD00BFBD
:1061D000996E0300CD2A03000E110300C0FB0020BE
:1061E000082B030010B50D4C24684CB90C491D2335
:1061F0000C4A0D4814F0A6F91D210A4814F099F92B
:1062000024683CB909491E23064A074814F09AF944
:106210001E21F2E7A446BDE810406047C0FB002005
:10622000232B0300CD2A03000E1103002F2B0300A4
:1062300010B50D4B1B684BB90C4925230C4A0D4872
:1062400014F080F925210A4814F073F95B683BB912
:1062500009492623064A074814F074F92621F2E773
:10626000BDE81040184700BFC0FB0020232B0300EF
:10627000CD2A03000E110300482B030010B570B99E
:1062800013494FF46B73134A134814F05BF9134826
:1062900014F058F94FF46B710E4814F04AF9036882
:1062A00063B90F4940F2AD330A4A0B4814F04AF97A
:1062B0000A4814F047F940F2AD31EDE71B689B68DE
:1062C00023B15B6813B1BDE810401847002010BD32
:1062D000912B0300622B03000E1103004F2A0300D1
:1062E000972B030008B570B9114940F2F533114AF4
:1062F000114814F027F9114814F024F940F2F5314F
:106300000C4814F016F9036863B90D4940F2F633EE
:10631000084A094814F016F9084814F013F940F235
:10632000F631EDE7D869003818BF012008BD00BF7D
:10633000912B0300622B03000E1103004F2A030070
:10634000972B030008B570B90F4940F232430F4A4A
:106350000F4814F0F7F80F4814F0F4F840F2324107
:106360000A4814F0E6F8006860B90B4940F233437C
:10637000064A074814F0E6F8064814F0E3F840F23D
:106380003341EDE7103008BD912B0300622B030071
:106390000E1103004F2A0300972B030008B570B9B4
:1063A0000F494FF46B730F4A0F4814F0CBF80F48A6
:1063B00014F0C8F84FF46B710A4814F0BAF8036887
:1063C00063B90B4940F2AD33064A074814F0BAF8F6
:1063D000064814F0B7F840F2AD31EDE7186808BD93
:1063E000912B0300622B03000E1103004F2A0300C0
:1063F000972B030008B570B9124940F24233124A94
:10640000124814F09FF8124814F09CF840F2423100
:106410000D4814F08EF8036863B90E4940F2433317
:10642000094A0A4814F08EF8094814F08BF840F233
:106430004331EDE70C33D3E8AF0F084100F0010022
:1064400008BD00BF912B0300622B03000E11030057
:106450004F2A0300972B030008B570B914494FF475
:106460004073144A144814F06DF8144814F06AF894
:106470004FF440710F4814F05CF8036863B9104999
:1064800040F201330B4A0C4814F05CF80B4814F04E
:1064900059F840F20131EDE701220C3302FA01F123
:1064A000D3E8EF0F0843C3E8E20F002AF8D108BD94
:1064B000912B0300622B03000E1103004F2A0300EF
:1064C000972B030008B570B915494FF44873154A66
:1064D000154814F037F8154814F034F84FF44871A3
:1064E000104814F026F8036863B9114940F22133CB
:1064F0000C4A0D4814F026F80C4814F023F840F22A
:106500002131EDE7012202FA01F1C9430C33D3E84E
:10651000EF0F0840C3E8E20F002AF8D108BD00BF22
:10652000912B0300622B03000E1103004F2A03007E
:10653000972B030010B570B90B494FF434730B4A15
:106540000B4813F0FFFF0B4813F0FCFF4FF43471BE
:10655000064813F0EEFF4FF0FF32BDE810404FF059
:10656000FF33103014F0FDBF912B0300622B0300AA
:106570000E1103004F2A030008B570B9094940F213
:10658000D723094A094813F0DDFF094813F0DAFF61
:1065900040F2D721044813F0CCFF1030BDE808408A
:1065A00014F0EDBF912B0300622B03000E110300CA
:1065B0004F2A030038B503680021044693F82050A1
:1065C000FFF718FF88B90220236823BB2D494FF439
:1065D00056732D4A2D4813F0B5FF2D4813F0B2FF26
:1065E0004FF45671284813F0A4FF2046FFF7D6FE5B
:1065F00018F06CF968B109212046FFF7FBFE00286E
:10660000E1D00A212046FFF7F5FEC0F10600C0B236
:10661000DAE70320D8E783F82000236893F82030D6
:1066200098422ED1062825D1062D2AD02046FFF7E4
:1066300059FE90B92046FFF785FE03686BB91549EE
:1066400041F2BE33144A114813F07CFF104813F096
:1066500079FF41F2BE311048C5E708212046FFF717
:10666000FBFE2046FFF73EFE58B92046BDE8384005
:1066700014F079BF062D04D108212046FFF722FF30
:10668000EFE738BD972B0300622B03000E110300C8
:106690004F2A0300CF2B0300A52B030038B5054676
:1066A000FFF748FF00212846FFF7A4FE88BB2846D5
:1066B00014F052FF044600B38468F4B12846FFF793
:1066C0006DFE70B9164941F26743164A164813F039
:1066D00039FF164813F036FF41F26741114813F0B5
:1066E00028FF18F0F3F8B8B1284614F035FF01215F
:1066F000836828469847041E06DB28460021FFF7DA
:10670000ABFE2846FFF756FF2846FFF735FF204629
:1067100038BD6FF07704F7E76FF00504F4E700BFCA
:10672000A12B0300A52B03000E1103004F2A030029
:106730002DE9F8430C46054678B371B30846F9F7DE
:10674000C0F8082806462BD8184FDFF8748000F1EF
:106750000109474518D9164941F2E853154A164828
:1067600013F0F0FE154813F0EDFE41F2E851114828
:1067700013F0DFFEAF4205D04A462146381D18F01F
:10678000D4FA80B13C37E4E7F4D32146721C281DCB
:1067900018F0B2FD0020BDE8F8836FF01500FAE7AD
:1067A0006FF05A00F7E76FF07700F4E74CCC002069
:1067B0001A2C0300A52B03000E110300631903001C
:1067C00088CC00202DE9FF47404C4FF0FF324FF0BE
:1067D000FF333F4814F0C5FE0026A0463D4D3E4F16
:1067E000DFF81891AC4254D93C4941F265633C4A08
:1067F0003C4813F0A7FE3C4813F0A4FE41F265614B
:10680000374813F096FE00222046C4E90122227385
:10681000FFF7C4FDD0F808A0BAF1000F14D0DAF8E1
:1068200000308BB104F1100018F0B0F804F124002E
:1068300018F0ACF8DAF800302046984794F8383071
:1068400023F0030384F838302379FBB92046CDE9DF
:1068500001338DF80C3014F094FE40B1234A01A8A6
:106860001368591C11600821214A10F015FC9DF88D
:1068700004303BB93B6808215A1C3A6001A84A46DB
:1068800010F00AFC204601A9FFF752FF01363C3404
:10689000A8E7B8D39EB13C23A5EB0805B5FBF3F5FB
:1068A000AE420CD0134941F285630D4A0D4813F0F6
:1068B00049FE114813F046FE41F28561A0E7044805
:1068C00004B0BDE8F04714F05ABE00BF4CCC002025
:1068D00038CB002088CC0020C4FB0020002C030013
:1068E000A52B03000E11030063190300C8FB002051
:1068F0003A2C0300472C03004F2A0300412C0300CD
:1069000038B50F4C0F4DAC4218D90F4941F29D6379
:106910000E4A0F4813F016FE0E4813F013FE41F214
:106920009D610A4813F005FE03212046FFF762FD32
:1069300010B92046FFF7B2FE3C34E4E7F4D338BD8B
:106940004CCC002088CC0020002C0300A52B030099
:106950000E110300631903002DE9F04F00248BB0E2
:10696000022883460E46CDE90844059260D10B68A3
:1069700006913BB94A6852B94FF6FF734C89E11A48
:106980004C424C4108A801460022134608E01C4630
:10699000F8E70D78013301350D70DDB2082D03D015
:1069A00036F81350002DF4D00132082A01F101010C
:1069B000EBD14FF0FF374FF0010A002310F8012B05
:1069C000524588BF5FB203F10103DBB288BF924634
:1069D000082BF3D199463A23BAF1010F02934FF0F5
:1069E000000308BF4FF0FF370493002205980025ED
:1069F0002B46B9F1040F5DD10499C95C49BB03462C
:106A0000302103F8021B0299417018460135EDB29E
:106A10004D452B46EDDB059B98420BD0BBF1010F9A
:106A20004FF0000340F09B8000F8013C059802E025
:106A3000012803D000200BB0BDE8F08F2E234FF0CB
:106A400004094FF0FF3782462646049102930694CC
:106A5000CBE7019100214FF00908DFF808C103904E
:106A60000791DDF804E0BEFBFCF10CFB11E3079994
:106A70000193414501DCE64509D3BEFBFCFE039BC7
:106A80000EF1300E03F801EBCDF81C8003930A21C0
:106A900008F1FF38B8F1FF3FBCFBF1FCE1D14FF04A
:106AA0000001039B19701B1A50FA83F0029B00F837
:106AB000013BABE774B1052D0CD906F10C0304932F
:106AC0003A2300F8013B2E234FF004094FF0010B4D
:106AD00002938CE79F420DD102B915B93A2300F811
:106AE000013B3A2300F8013B0AF1FF332B4400221B
:106AF000DDB28BE712B13A2300F8013B069B33F875
:106B0000152052BA12F47F4FC2F307235FFA82F8BE
:106B100016D00F2BD9B20AD90023612214F041FDFF
:106B200001236122414614F03CFD01226EE7092B4E
:106B300004D83031C9B200F8011BF1E75731F9E749
:106B4000B8F10F0FEDD8B8F1090F94BF08F1300874
:106B500008F157085FFA88F800F8018BE5E7037041
:106B600064E700BF00CA9A3B2DE9F0470F6890F830
:106B700060503C4B3C4A064690F85E0005370428BE
:106B800014BF104618460F600C4614F0EDFDC5F317
:106B90004005034638B9D4E90020904296F85E10CB
:106BA00004D16FF00B031846BDE8F087501C20603D
:106BB0001170D4E900829045F3D008F101022260FF
:106BC00088F800302146B6F85C0014F0BBFD03469F
:106BD0000028E8D106F12C0014F0C6FD0346002879
:106BE000E1D1306C6D00E8B1214696F860A090F8D4
:106BF000089014F0B9FD0AF0010A03460028D2D12A
:106C0000736C21465BB3184614F0AEFD03460028B2
:106C1000C9D145F004054FEAC90345EA4A1503F016
:106C200018031D43B06B38B1214614F09DFD034697
:106C30000028B8D145F08005F06B38B1214614F03A
:106C400093FD03460028AED145F0400588F800507A
:106C500022463946BDE8F047102014F0A0BD14F0DC
:106C600071FDD3E7240303002C030300D0E90023C4
:106C70009B1A012B81BF054B1B881380036883BFC0
:106C80000233436000206FF00B0070475C2C030060
:106C900038B5456B0446288806220121FFF70CF819
:106CA0000028A06205DA18F049FC0A4B1858404247
:106CB00038BD2B88616B012B0CBF08221822FFF70F
:106CC00075F8002803DAA06AFFF748F8EBE7002020
:106CD000EEE700BF0C0000002DE9F341002406465A
:106CE0000F461546A046AC4201D300200EE0B06A24
:106CF0000023CDE900882A1B3919FFF783F8031E0A
:106D000007DA18F01BFC044B1858404202B0BDE8EB
:106D1000F0811C44E7E700BF0C0000002DE9F041C2
:106D2000002507462B460C46C9688B4211D1002628
:106D3000B046AE4217D2B86A00222146FFF798F853
:106D4000031E0DDA18F0FAFB144B18584042BDE848
:106D5000F081A26802EBC302526801331544E4E7F4
:106D60001E44B54217D80020F1E71B1AC1F8048071
:106D70000132E1689142DCD9A16801EBC2014868A7
:106D80009842F2D9C01A4860A06850F832101944ED
:106D900040F83210CDE70022EBE700BF0C00000006
:106DA00013B5806A002483F00103CDE900449B0100
:106DB000FFF78AF8002804DA18F0C0FB024B1858D5
:106DC000404202B010BD00BF0C00000008B5806A50
:106DD000FEF7C4FF002805DA18F0B0FB024B185884
:106DE000404208BD0020FCE70C000000142290F88F
:106DF00024305343014AD358184700BF34030300DB
:106E000030B4142590F82440024B05FB043330BC09
:106E10005B6818473403030010B4142490F824204E
:106E2000034B04FB02335DF8044B9B68184700BF1B
:106E30003403030070B4142690F82450034C06FB6E
:106E40000544E468A44670BC604700BF34030300F7
:106E500010B50CF061FF044668B13D23064A0749AE
:106E6000074813F06FFB2146064813F06BFB3D21EA
:106E7000014813F05EFB10BD6A2C03004A26030094
:106E80000E1103009B2C030010B54FF0FF324FF0A2
:106E9000FF330CF071FE044668B13323064A0749FC
:106EA000074813F04FFB2146064813F04BFB3321F4
:106EB000014813F03EFB10BD6A2C03004A26030074
:106EC0000E110300BD2C030013280ED8084A12F837
:106ED000103053B102EB4002527832B1086843439C
:106EE00093FBF2F300200B6070476FF015007047C2
:106EF000DD2C03000122054BC3F8002590F8861015
:106F000009B1DA6070471A605A60704700E00040CB
:106F1000F8B50B798D7903F01F02072A1DD80C787C
:106F20000B2C15D8DFE804F0070707071406141424
:106F30000E10141204244878032811D0042821D0FC
:106F40002A4A06E00524F6E70624F4E70724F2E7D8
:106F5000274A0121274814F066F86FF01500F8BDA4
:106F6000012644F20A074888B84239D00CD844F2C6
:106F70000307B84216D044F20507B8422ED078B3C2
:106F80001D4AE6E70026ECE744F21407B84229D090
:106F900044F22807B84227D044F20F07B842EFD195
:106FA000032000E00020C3F340131B0543EA042341
:106FB00043EA063343EA004300204F790F49114466
:106FC00081F8A070110101F1804101F56041C1F823
:106FD0001835C1F81455C1F81005C0E70120E2E7E3
:106FE0000220E0E70420DEE70520DCE7242D030093
:106FF000052D0300B0F90200482D030098C50020BC
:10700000F7B50D464FF0FF334FF0FF3260480DF0FB
:107010005BF86E68731EFE2B05D95E4A01215E483F
:1070200014F001F812E000231A465C485C4F26FA7F
:1070300003F111F0010134D017F803C0BCF1000FC7
:107040000CD1584A0121544813F0F6FF6FF0150493
:107050004F480CF0F7FF204603B0F0BD6C7C00EB0E
:10706000031E003C18BF0124DEF81815013221F080
:10707000807141EA0461CEF8181503F1510109014C
:1070800040F801C0D2B20133082BD0D12B7CA3F140
:107090000801062916D8DFE801F01715191509159A
:1070A000130003F1510424010151ECE702233B4991
:1070B000012AC1F8F0356B7C0AD95BB13A4AADE7D9
:1070C0000323F4E7394ABDE70023F0E70123EEE7A5
:1070D000082B10D8C1F8F4352B6851006BB9EB6858
:1070E0008B420ED2324A00912B48012113F0AEFFA1
:1070F0006FF00B04ACE72F4AA4E79B8903FB011157
:10710000EDE72F46A968254B2B4CC3F82C1604F14C
:107110007406C3F830260FCF0FC63B68274633608E
:10712000002626672B687BB30FCB04F1880585E822
:107130000F006567A4F8986030B3D7E8EF3FC7E861
:10714000E26F002AF9D11D494FF400400F46314645
:10715000D4F888500023E5FB0071194A3846F8F747
:1071600001FA0022CDE90001002304F108000FF02C
:1071700051FA4FF0FF324FF0FF3312480CF0A4FFEA
:1071800000B12067246F63E70B48FFF7B3FEF0E719
:10719000D8C50020732D0300B0F9020000E00040C4
:1071A00038C60020912D0300D02D0300AB2D030025
:1071B000252E0300022E030098C500203F420F0039
:1071C00040420F00F0C5002010B500240D4B0E20EA
:1071D000C3F80441D3F80421C3F81041D3F81021B7
:1071E0001222C3F80423FDF765FF224601210E2079
:1071F000FDF790FF0448836C13B940300CF022FF78
:10720000002010BD00E0004098C5002038B52D4B8F
:10721000D3F80421002A48D00022C3F80421D3F86F
:1072200004110121284C9960C3F80025636F25469D
:10723000B3B3D4F88C30B4F8982033B104F17401AE
:107240009847012814D0022824D0B4F89830B4F814
:1072500094209A421ED90133A4F89830194BD3F8E0
:107260002C26D3F8341689B202EB4102C3F82C263F
:10727000D4F8883023B9BDE838401348FFF73ABE48
:10728000D5E8EF3F5A1EC5E8E12F0029F8D1012BC0
:10729000F1DC38BDD4F8883013B10C4817F08CFC01
:1072A000BDE838400A480CF0CDBED3F810110029D3
:1072B000EFD0C3F81021D3F8102101229A601A6090
:1072C0005A60E6E700E0004098C50020A0C5002015
:1072D000F0C5002037B540230C460A490093411AF7
:1072E000491105462346084A084814F003FE011ECA
:1072F00005DA2846234603B0BDE83040184703B0FE
:1073000030BD00BFE0FB00205DBF020054F602006C
:10731000C9B2012908B509D9084909487A23094A97
:1073200013F010F97A21074813F003F90C220369CE
:1073300001FB0233986C00F0070008BD9F2E03008C
:107340000E110300622E030070B5C9B20129036952
:107350000BD91849184840F25D13184A13F0F2F897
:1073600040F25D11154813F0E4F8EFF31185202485
:1073700084F31288BFF36F8F0C2606FB0134A46CD4
:1073800014F0C00408D0A24206D085F31188BFF3E0
:107390006F8F4FF0FF3070BD012271430B449A6430
:1073A00085F31188BFF36F8F43680B445B68984780
:1073B0000020F0E79F2E03000E110300622E030051
:1073C00070B50D4606490446411A49114022054848
:1073D000FFF7BAFF2B4601462046BDE8704018472C
:1073E000E0FB002054F6020070B5002201210446A3
:1073F0000520FDF78FFE0F4808F004FA0E4B984267
:1074000015D108F00FFA26690C49304613F042FAFC
:1074100000280BDB0125B5642469084904F120002C
:1074200013F038FA002801DB0020656570BD6FF0AD
:107430000400FBE7FD7401000000AD0B54030300E2
:107440007FB500220123CDE9022304ABCDE904334B
:10745000094A6B46CDF800D0CDF804D014F077FD82
:10746000002805DB4FF48042002368460CF02CFE18
:1074700007B05DF804FB00BF75BF020010B5EFF365
:107480001184202383F31288BFF36F8F074A136898
:1074900023F00201DB07116002D4012008F064FA36
:1074A00084F31188BFF36F8F10BD00BF38FC00203C
:1074B0000C22104B014602FB0033002030B4D3E90C
:1074C00010521864EFF31180202484F31288BFF364
:1074D0006F8F9C6C04F0C00444F002049C6480F341
:1074E0001188BFF36F8F1DB12B4630BC024818477F
:1074F00030BC7047E0FB002054F60200012808B5BC
:1075000006D0042808D098B90F4B9B6C5B0719D1A3
:10751000BDE80840FFF7CCBF0C4940F26E230C4A8F
:107520000C4813F00FF840F26E21094813F001F8EF
:10753000064940F27223064A064813F003F840F267
:107540007221F2E708BD00BFE0FB002067280300BE
:10755000622E03000E11030010B4EFF311822023FA
:1075600083F31288BFF36F8F1848016841F002045B
:107570000460C80708D482F31188BFF36F8F01201D
:107580005DF8044B08F076B91149D1F80C04D1F834
:107590000C14C907EFD5EFF3118083F31288BFF302
:1075A0006F8F0C498B6C03F0C00343F002038B64B4
:1075B00080F31188BFF36F8F82F31188BFF36F8F51
:1075C00000205DF8044BFFF773BF00BF38FC0020BC
:1075D00000500040E0FB00202DE9F041012206466A
:1075E0004149D1E8EF3FC1E8E02F0028F9D1A3B924
:1075F0003E493F484B60CB608A60FBF725FB002883
:107600000BDA3C494FF40C733B4A3C4812F09AFFAA
:107610004FF40C71384812F08CFF5EB3731E012BCF
:1076200057D8012E06D1364BD3F81C3403F0030390
:10763000022B1FD017F00FFA0546E8B9314B1B7823
:10764000D3B1022207462E4BC3F808232C4CDFF897
:10765000BC80D4F81824D4F81834D20315D503F01C
:107660000303022B01D0012E0FD16DB387F31188D4
:10767000BFF36F8FBDE8F081EFF31187202383F311
:107680001288BFF36F8F0125E0E7C5B1384613F0CC
:10769000D1FED4F81835DBB2012BDAD1D4F80421AD
:1076A000002AD6D00022C4F80421D4F804210222F2
:1076B000C4F818252022C8F88021A360C9E700215A
:1076C00021200EF0D5F9E4E702220D4BC3F8042384
:1076D000D0E70D4940F24223074A084812F032FF32
:1076E00040F2422196E700BFDCFB0020CCFB0020EB
:1076F00000FC00205F1B0300622E03000E1103003C
:1077000000500040151501206728030000E100E04B
:1077100008B5074817F0DAF838B10648FEF776F8EA
:107720000448FAF703FD002008BD6FF01200FBE7E4
:10773000A4F60200397701000A2838B50446074D3F
:1077400004D1AB680D2128465B689847AB680348B5
:107750005B68E1B29847204638BD00BFA4F602003E
:1077600000487047E40303002DE9F74F43680F1EFC
:1077700005461646D3F818A077DBBB18534574D8D6
:1077800047EA0209C9F30B09B9F1000F6DD100698D
:1077900014F010FC4946284614F054FC4FF0FF3B0F
:1077A0000446002E5AD10121284614F04BFC002C2F
:1077B00008BF0446286914F0FBFB204603B0BDE86F
:1077C000F08F2346802206212846CDE9004414F09C
:1077D000F7FBB2450FD123468022C7212846CDE9C9
:1077E000004414F0EDFB264640F267620023284671
:1077F00014F0C5FCD5E72146A0461D4B5A7882B14E
:107800000BFA02F037EA00000BD101209040B042A1
:1078100007D8B8F1000F1CD098F80100904238BF8B
:1078200098460131042903F10203E7D1B8F1000FB2
:1078300011D03B46812298F800102846CDE90099E6
:1078400014F0BEFB012398F8012093401F44F61A60
:10785000CAE79846E5E76FF01504C5E7002CB0D0FD
:107860000121284614F0EEFBA4E76FF01504A4E70D
:10787000C52F03002DE9F04385B0044602AF00692F
:107880004FF0FF32012117F09FF86668306817F05B
:107890001DF8B0B1F06880B9206914F08BFB204668
:1078A00014F01EFC031E13DA0121874A874813F0E7
:1078B000C3FB206914F07CFB03E017F007F80028F5
:1078C000EAD16FF0120528460C37BD46BDE8F083BB
:1078D000204614F0D4FB00280BDDC50709D57C4AEF
:1078E0007A48022113F09FFB00220023204614F067
:1078F00046FC206914F05CFB206914F05BFB4FF040
:107900000309002307F104081A469F212046CDF8F9
:107910000490CDF8008014F053FB0546206914F064
:1079200047FB35B12B466B4A0121684813F084FBB5
:10793000C7E740464A4606F1240117F0F6F98046AB
:1079400018B36C468CB097F8048097F805E097F868
:1079500006C096F8240096F8251096F8263002AA5C
:10796000D36208235C4EC2E907ECC2E90568C2E9AC
:10797000090142F8103F44F240012B465348FBF7FF
:107980004BFE6FF01505A5469DE796F8283083B3AA
:10799000206914F00FFB204614F071FB051E23DD57
:1079A00096F82830802225EA0305FD70434606211B
:1079B0002046CDE9008814F003FB054628B1206974
:1079C00014F0F6FA454A2B46AEE70121FB1C802253
:1079D000009301910346204614F0F2FA0022054676
:1079E0000023204614F0CBFB206914F0E1FA002DAF
:1079F000E8D196F827506B1EDBB2FD2B2AD8A807DA
:107A000032D0206914F0D6FAA9070FD400238022BF
:107A1000B7212046CDE9003314F0D2FA054688B1EB
:107A2000206914F0C5FA2E4A2B467DE700238022F8
:107A300006212046CDE9003314F0C2FA054600289D
:107A4000E4D0EDE72269137F43F001031377206947
:107A500014F0AEFA206914F0ADFA636893F8303090
:107A6000DA0704D4206917E06FF08505DBE700230F
:107A70008022B9212046CDE9003314F0A1FA054651
:107A800018B1206914F094FA1DE76368256993F82A
:107A90003030DB070AD4284614F08AFA206914F043
:107AA00089FA204614F01CFB0546EAE717F031F886
:107AB0004FF47A72A0FB020302FB0131C00B40EAD3
:107AC0004140A861CEE700BFF02E030078FA020023
:107AD000082F0300252F03003E2F03007C2F0300F7
:107AE000912F0300024B0B6001231360704700BF0E
:107AF0005CFC0020004870470004030007B5034603
:107B0000054A00910548012113F0A0FA6FF0150015
:107B100003B05DF804FB00BFCD2F0300E8F90200BD
:107B200010B501220648114616F04EFF15F093FCE1
:107B3000044C206015F08CFC6060002010BD00BF7C
:107B400064FC00205CFC0020F7B50E46144615F0DE
:107B50007FFC21460546304614F093FB374660B360
:107B6000B6FBF5F305FB136323B9B4FBF5F305FB93
:107B700013434BB13346134A00941348012113F0C9
:107B800065FA6FF0150002E0A54202D9002003B0AB
:107B9000F0BD4FF0FF324FF0FF330C480CF094FA79
:107BA00015F056FC0546384608F070FD641B2F445E
:107BB000F9D106480CF046FAE8E7054A3346009446
:107BC000DBE700BFEA2F0300E8F9020064FC0020B5
:107BD000CD2F0300F7B50E461946304617461C4612
:107BE00014F04FFB50B93346174A0094174801214F
:107BF00013F02CFA6FF0150003B0F0BD46EA04054F
:107C000015F0030503D0124A33460094EEE7A4B101
:107C10004FF0FF324FF0FF330E480CF055FA24F0CE
:107C20000304A54205EB060009D10B4AD2F8003443
:107C3000DB07FBD507480CF005FA0020DCE7795993
:107C400008F056FD0435ECE7CD2F0300E8F90200FB
:107C50000930030064FC00200090034010B5036964
:107C600061B920493A23204A204812F06BFC204891
:107C700012F068FC3A211C4812F05BFC486850B9CD
:107C80001C493B23184A194812F05CFC1A4812F0B0
:107C900059FC3B21EFE75868F8B1884219D19C683C
:107CA0000868A142586000D19860002008602AB19D
:107CB0005A680A609A68596002B99960002010E019
:107CC000814206D10868206098688142EDD19C60AD
:107CD000EBE7044600680028F2D1002AE8D16FF0F3
:107CE000150010BD84300300483003000E1103005E
:107CF0008D3003009C300300AE30030038B545687A
:107D00002B69B3B11035284608F0ECFA044680B967
:107D10000146284608F08EFA084B98420BD12246BD
:107D20002846074908F04AFA224605213120FDF786
:107D3000F1F9002038BD6FF00400FBE70000AD0B47
:107D4000697E010008B50268530904D14FF0FF3382
:107D5000D340DB070BD40749074840F26933074A91
:107D600012F0F0FB40F26931044812F0E2FB0448E3
:107D700008BD00BFF83003000E110300C53003003A
:107D800000258440F0B5406801F01F04057B87B0F2
:107D900044EA45140569002D5BD0B2F5001F00F1DF
:107DA000100506D12146284615F04BFB002007B0F0
:107DB000F0BD0027B2F5800F01AE0197776033D197
:107DC000B3F1007F14BF052304238DF80430002392
:107DD000CDE9046303938368CB40D90716D4B2F18D
:107DE000A07F13D168460094FFF7ACFF04F1800335
:107DF00050F82330DB0709D46A462146284608F0AC
:107E0000EBF9174B98421AD0CDF808D021462846F6
:107E100003AA08F053F8134B98421DD101222146C2
:107E2000284608F085FAC1E7B3F1C06F05D0B3F179
:107E3000007F14BF01230223C7E70323C5E7694678
:107E4000284608F069FA074B9842DDD06FF00B0026
:107E5000ADE76FF08500AAE76FF01500A7E700BF58
:107E60000400AD0B0000AD0B430970B507D1124BF8
:107E7000596821B101250C68104E854001B970BDCB
:107E80008A682A4010D04B6863B90D495D230D4ABA
:107E90000D4812F057FB0D4812F054FB5D210948C4
:107EA00012F047FB304698471CB1236821461C4618
:107EB000E4E72346FAE700BF7CFC002068F60200F6
:107EC000A1630300483003000E110300AE3003002D
:107ED0002DE9F043466840F20635337BD00601F0C9
:107EE0001F0747EA431748BF032302EA050558BFA7
:107EF000C2F3401387B0B5F5837F14468DF8033085
:107F000042D00FD8062D18D007D8B5B1022D3DD0DC
:107F10006FF0150007B0BDE8F083B5F5807FF7D1AD
:107F200001250AE040F20222954231D0B5F5407FAA
:107F300030D0B5F5007FEBD1022522032CD50123EB
:107F400072688B40936033696BBB03A80397FFF79C
:107F5000F9FE84F4803300EB8700C3F30043C4F3DD
:107F60004044D0F8002244EA43049DF8033022F450
:107F7000E16244EA830422F0070244EA0523134342
:107F8000C0F800320020C5E70725D6E70425D4E76E
:107F90000525D2E70325D0E7630341BF01237268BB
:107FA0008B40D360CFE71036394630460DF10202E0
:107FB00008F012F914F4403F804617D13946304694
:107FC00015F03DFA244B9845DCD130469DF802105F
:107FD00008F096F94045D5D020492148AB23214AE5
:107FE00012F0B0FAAB211F4812F0A3FA4FF00009CB
:107FF00001AB3946304603AACDE90439CDE90199F0
:10800000CDF80C9007F05AFF134B984280D114F42E
:10801000003315D09DF8033084F48034C4F3004459
:108020008DF80E3039464B46304603AA8DF80C5079
:108030008DF80D4008F032F8074B9842C2D067E740
:10804000CDE9043339460DF10303304603AA039307
:1080500007F034FFF0E700BF0000AD0B473103002D
:108060000E1103001B31030008B5CA0743680AD488
:10807000C1F34201012909D002290ED00121094A88
:10808000094812F0D0FF6FF0150005E04FF0CC72F8
:108090001B680020C3F8242508BD4FF0C8621B6888
:1080A000F7E700BF6B310300F8F90200F8B5446848
:1080B00000AFE369054606699847206A14F065F940
:1080C00000281FDB33462046124A04F1080108F05D
:1080D000E1FE114B984217D06C4688B02B686A4677
:1080E0000E49C2E905134FF4007393830C4B42F819
:1080F000103F0C4800234FF4E251FBF78DFA6FF06C
:108100000400A546BD46F8BD204608F007FF002044
:10811000F8E700BF658101000000AD0B7D31030071
:1081200003000001F8F9020070B544682368204696
:10813000D3F80855D3F80C6508F016FF31462846E9
:1081400009F032FA0546206A14F01FF9204608F0BB
:10815000E5FE034B9D4214BF6FF00F00002070BD81
:108160000000AD0B0378012B08D0022B08D04BB9CF
:10817000054B0B6301F118000BF064BF034BF8E7EC
:10818000034BF6E7034BF4E70000AD0B0100AE0B29
:108190000200AE0B0100AD0B2DE9F04F8DB002AF28
:1081A0007A6014221D46D0F804B0D0F81080BBF8D5
:1081B000183006460C46B8180021D8F834A0BB6029
:1081C00017F0A7F87D754FF0FF324FF0FF334046B0
:1081D0000BF07AFF08F11803FB604FF00009002252
:1081E0000023F8680BF070FF4D467B68994501D37A
:1081F00000243FE0207A020700F1AB807B6809F1A0
:1082000001099945D4F800E00AD2830708D4237DF8
:1082100080EA030202F0010203F004031A4307D0CC
:1082200025B90EF06043B3F1005F36D0002300E0C3
:1082300001236268B96805EB020C8C451ED96C46B7
:108240008CB0316802ABDA61BA684348C3E90821EF
:1082500040F203521A851A46C3E905053F4B42F81E
:10826000103F00234FF451513D48FBF7D5F9A54687
:108270006FF01B0440460BF0E5FE23E0C10706D477
:1082800071460AEB05003B6017F036F83B68626800
:108290002A4495B2002B47D1CDB9002523683B6213
:1082A0006368227ABB6102F001013975BBF82410C2
:1082B000994210D22B4A00912948012112F0C6FEA2
:1082C0006FF01B0420462C37BD46BDE8F08F2B46CF
:1082D000C7F820A0E5E782F00202C2F34002584648
:1082E000520107F1140108F073FE1F4B984205D0AC
:1082F0000B3398420CD16FF00F04BBE74FF4804270
:108300000023F8680BF0E0FE28B13046FFF70CFFC1
:108310006FF00404AEE7D8F83030134A9342F7D137
:10832000237ADB0702D400250C345EE73B6A9A45CA
:10833000F9D1234608E0A91AD8688DB21AFA81F15A
:108340003B6016F0D9FF3B685A680C3B9542F2D26D
:10835000E9E76FF085048DE79D3103000600000119
:10836000F8F90200683203000000AD0B08B502689E
:10837000530904D14FF0FF33D340DB070BD4074937
:10838000074840F26933074A12F0DCF840F26931DD
:10839000044812F0CEF8044808BD00BFF8300300CE
:1083A0000E110300C5300300002584402DE9F04F75
:1083B0001546824640F2FF19DFF84CB185B000EB5C
:1083C0008108D04503D1002005B0BDE8F08FDAF870
:1083D00000305A04C3F3C321C3F3080400F18C80B6
:1083E000484A5B0C4C4508BF4FF0FF34575C192BD3
:1083F00000F28580DFE803F00D141A1D20261D838E
:1084000083838334608383838383838383836377DA
:108410007A7DC5F80C45631C5BD10AF1040AD0E7EC
:10842000C5F81445661CF8D000265AE0C5F8084582
:10843000F1E7C5F81045F5E7601CC5F80845ECD034
:10844000002604E0611CC5F80C45E6D0012603A80F
:108450000394FFF78BFF012101FA04F3C36008E0E6
:10846000C5F80845002FDDD1631CD6D000260627AD
:108470003146DAF80030039403F40040002818BFB6
:10848000002103A818BF012601930091FFF76EFF9A
:10849000019B00EB8400D0F80042C3F3412C00990B
:1084A0003B0243EA8C030B4304EA0B04234343EAF5
:1084B0004603C0F80032B0E7C5F80C45D2E7C5F86E
:1084C0006045621CDAF80030A7D0C3F30043002BEC
:1084D000BCD0012603A80394FFF748FF06FA04F373
:1084E00083603146C5E7C5F86445EAE7C5F86845E5
:1084F000E7E7C5F86C45E4E76FF0150064E76FF057
:10850000850061E7C6320300F0F8FCFF70B503296F
:1085100004691CD80F4B58560F4B5E560F49B0429A
:1085200002F1080201DD002070BD031D04EB4303CE
:10853000B3F9013025691B116B4393FBF1F501FB86
:10854000153342F8085C42F8043C0130E7E76FF06D
:108550008500E9E7543403005034030040420F0023
:1085600038B5056927216B6805F108021C680723E7
:10857000A047041E06DA0221054A064812F053FD00
:10858000204638BD2B7A13F00F0F18BF0024F7E7F1
:10859000CE32030000FA02003B2908B503D1BDE842
:1085A0000840FFF7DDBF0329F9D00C290CD00A4998
:1085B000B4230A4A0A4811F0C5FF0A4811F0C2FF65
:1085C000B421064811F0B5FF0221074A074812F00E
:1085D0002AFD6FF0850008BD672803000E330300F5
:1085E0000E11030043330300ED32030000FA0200D2
:1085F00008B50221034A044812F015FD6FF085000A
:1086000008BD00BF6533030000FA02002DE9F04108
:1086100084B0D0F8048000AFD8F800300546066971
:108620009847041E17DB73680F2128469B68FA1DC4
:108630009847041E05DA384A0121384812F0F3FC45
:1086400009E0FB79332B0BD00121354A334812F076
:10865000F3FC6FF0150420461037BD46BDE8F081ED
:1086600098F80C20D3070BD544F6161142F28B4C28
:1086700049F22D2E2B4BC3E900C12B49C3E902E17E
:1086800094070AD573681E211C69802328461A4660
:10869000A047041E01DA254ACEE74FF00008072361
:1086A000C7F8098087F80D803B72736820215C68E9
:1086B0002846062307F10802A047041E01DA1C4AD7
:1086C000BAE7184B42461B6823213361736828467A
:1086D000DB689847041E01DA164AADE76C468AB09B
:1086E0006A4633691449C2E90883516102200421B2
:1086F0000623C2E9060142F8103F4FF443514346B6
:108700000648FAF789FF7368A546472220212846C4
:10871000DB68984704469EE78F33030000FA0200A7
:10872000A733030054C7002094B60100BE330300F2
:10873000E4330300043403002C34030010B5436811
:108740000469586816F0C2F838B906480121064A8B
:1087500012F069FC6FF0120010BD044B0020636042
:10876000FAE700BF00FA02008D340300CC040300D6
:10877000F7B51546446803694AB92B492B48362397
:108780002B4A11F0DFFE3621294811F0D2FE1F29B5
:1087900047D1A27A9B8A12F0200101D01BB202E0DD
:1087A000227C0F2AFAD962792AB3E279277C042A3B
:1087B00009BF2268E2899268128909B1013FFFB2BC
:1087C0005A43A07901A90192FEF77EFB0646A0B9A3
:1087D000019941FA07F06769C7B94FF47A7390FBC2
:1087E000F3F203FB00F1134B2A6091FBF3F203FB5E
:1087F0001211696007E06FF08506012133460E4AC9
:108800000E4812F019FC304603B0F0BD4FEAE07C90
:10881000A0FB0701334607FB0C11A269F6F752FED5
:10882000DBE76FF08506EEE7E13403000E1103008D
:10883000A534030040420F00F434030090FA020014
:108840000B4610B51F2B4268016901D03B2B0DD19F
:10885000106883685B689847044628B10121034685
:10886000044A054812F0E8FB204610BD6FF085046D
:10887000FAE700BF0235030090FA0200F8B5446839
:108880000669206816F022F840B94A4A01214A4890
:1088900012F0C9FB6FF012052846F8BDE069002808
:1088A00059D016F013F808B9444AEFE7E06994F894
:1088B0002010638C03F03002302AD0F810C0D0E9C9
:1088C000015E0ED13E4940F2D3333E4A3E4811F09C
:1088D00039FE3E4811F036FE40F2D331394811F0EE
:1088E00028FE03F00602042A09D1394940F2DA339E
:1088F000344A354811F026FE40F2DA31EEE701271E
:108900002D68DA0707FA01F754BF43F4D01383F454
:10891000B0132F4223F480120CD12E4940F2ED33D4
:10892000284A294811F00EFE2B4811F00BFE40F2A8
:10893000ED31D3E7DCF80050DB074CBF3D43BD43CE
:10894000CCF80050DEF80030984720B10121234ACE
:10895000194812F068FB637973B1214651F8060B90
:1089600083681B689847054648B101212B461C4A7D
:10897000114812F061FB8FE76FF08505F5E7637929
:108980006BB10123227993407360237C3374637C41
:10899000737406F11403B3600223F3607CE76FF095
:1089A000850301210F4A044812F046FB6FF085054C
:1089B00072E700BF0F35030090FA02002035030074
:1089C000E42603009F1003000E1103001D2703007F
:1089D000F0270300D01003002B11030038350300EB
:1089E0005C350300663503002DE9F7434FF00008BE
:1089F000476805693C680646C4F800852860D7F8D2
:108A00000C904146484601AA13F0CFFC002837DB02
:108A1000019BD9F8002019791868FFF7C7FC0028D6
:108A20002EDB6B7A3169012B03D0032B26D14FF05B
:108A30001008AB7A032B21D195F80BC0BCF1000FC5
:108A400002D0BCF1010F19D12A7A12B1022A15D134
:108A50000E226B687068B3F5164F00687BD02DD876
:108A6000B3F5165F7AD016D8B3F5966F78D00AD8DA
:108A7000B3F5967F77D0B3F5167F77D06FF085008A
:108A800003B0BDE8F083B3F5166F72D0B3F5965F0F
:108A9000F4D15C4B3EE0B3F5E14F6DD007D8B3F5B0
:108AA000615F6BD0B3F5964FE8D1574B32E047F694
:108AB000122E7345E2D14FF400032BE0B3F5613F72
:108AC0005ED013D8B3F5963F5DD009D84DF6C02ED1
:108AD00073455AD0B3F5614FD0D14FF46B0319E011
:108AE000B3F5E13FCAD14FF0EB7313E0B3F5612F5B
:108AF0004ED009D8DFF830E173454CD0B3F5E12F03
:108B0000BCD14FF0E86305E0DFF820E17345B5D153
:108B10004FF08053C0F82435736848EA0C081B688E
:108B200042EA0802C3F86C250B1DD5E9010183E870
:108B300003007B6899073DD505F1180006F062FF38
:108B4000324B98422AD032480121324A12F06BFA55
:108B50006FF0040094E74FF41D03DBE72E4BD9E7D9
:108B60004FF49E23D6E74FF4A033D3E74FF41C33E2
:108B7000D0E74FF41D23CDE7284BCBE7284BC9E7BF
:108B80004FF06C73C6E7274BC4E74FF46503C1E7AA
:108B90004FF07063BEE74FF08063BBE7287E04F1BF
:108BA0000C0204F5907114F087FB01202B7E984095
:108BB00006F080FD0823C4F800353B7A53B9C4F8A9
:108BC0001031D4F810316B69C4F834350123C4F87E
:108BD000383523607B6800209A075CBF4FF48073B0
:108BE000C4F804337B68DB0644BF4FF48003C4F849
:108BF00004332B69C4F844350123C4F84805A36045
:108C0000E3603DE700B0130000A04E000000AD0B94
:108C100088FA0200863503000050270000C0750066
:108C200000F03A0000903A0190D0030040420F005B
:108C30002DE9F04104460D46076915F00CFF4FF091
:108C40002008B0B92C4B1B789BB16426606813F0E8
:108C500086FCF0B9012014F02DFB013EF6D1002175
:108C600021200CF005FFF0E786F31188BFF36F8F2A
:108C7000F5E7EFF31186314688F31288BFF36F8F63
:108C8000606813F06CFC80B986F31188BFF36F8FB6
:108C9000EFE7EFF31186314688F31288BFF36F8F49
:108CA000606813F05CFC0028DED03B691D706268D0
:108CB00038691368C3F844050120C3F8480500204B
:108CC000C3F82001D3F82051C3F858015268D3F8F3
:108CD0005801D20608D5082062681268C2F800055B
:108CE0004FF48002C3F8042301229A6081F31188B3
:108CF000BFF36F8FBDE8F0811515012008B502683C
:108D0000530904D14FF0FF33D340DB070BD407499D
:108D1000074840F26933074A11F014FC40F2693108
:108D2000044811F006FC044808BD00BFF8300300F9
:108D30000E110300C530030000258440012310B547
:108D400003FA01F1436804691B6819420ED10E4908
:108D50004FF4CB630D4A0E4811F0F4FB0D4811F0AF
:108D6000F1FB4FF4CB61094811F0E3FB2368194292
:108D700018BF82F0010222B18368DB68BDE81040B1
:108D8000184783681B69F9E7D01003009F100300A0
:108D90000E1103002B1103002DE9F04383B0456849
:108DA00000AFD5F834800669002140463A1D13F023
:108DB000FCFA041E1ADB7B68D8F8002019791868C1
:108DC000FFF7F4FA041E11DBA96B481C1BD005F158
:108DD0003C0000F06FFB10F1130F04460BD1012192
:108DE000494A4A4813F020FC6FF0120420460C3721
:108DF000BD46BDE8F083411D05D10121444A4348E9
:108E000013F012FCF2E74FF00108EB6A9847B568DF
:108E1000D6E9023203EBC2039D4204D3304613F07D
:108E20003EFC0024E2E7286815F050FD0346B0B987
:108E30002A686C468AB0106829796A46D1614FF475
:108E40000071344D11843449C2E9055042F8101FB5
:108E50004FF411512D48FAF7DFFBA546C4E7286807
:108E60002979EB8803F03002302AD0F810E0D0E9FD
:108E700001490ED1294940F2D333294A294811F03A
:108E800061FB294811F05EFB40F2D331244811F018
:108E900050FB03F00602042A09D1244940F2DA33D8
:108EA0001F4A204811F04EFB40F2DA31EEE7246809
:108EB000DA0708FA01FC54BF43F4B01383F4D0136B
:108EC0001CEA040F23F480120CD1194940F2ED334F
:108ED000134A144811F036FB164811F033FB40F2E8
:108EE000ED31D3E7DEF80040DB074CBF44EA0C0469
:108EF00024EA0C04CEF80040D9F800309847041E4C
:108F0000FFF674AF083583E7C935030080FA020025
:108F1000F43503001136030004000001E4260300C9
:108F20009F1003000E1103001D270300F02703000C
:108F3000D01003002B1103002DE9FF4105690646FF
:108F4000D0F80480A86D2B6E002835D1002B53D0AB
:108F5000B8F830406A6D9C4228BF1C46EF6DEB6D3F
:108F600053B1296E41B107F06041B1F1005F03D008
:108F7000082C28BF08246F6F00926A6DAC661AB186
:108F8000AA6D002A18BF2246CDE901271BB12B6E1E
:108F9000002B18BF2346002269464046039307F082
:108FA000B3FD184B984229D06FF00401304604B04D
:108FB000BDE8F04113F095BB696DEF6D0A46B8F856
:108FC0003040ABB1834228BF03469C4228BF1C46B9
:108FD0000029C4D001F06043B3F1005FBFD0082C7A
:108FE00028BF0824286F224616F086F92A6FB6E7B4
:108FF000844228BF0446EBE71946D7E704B0BDE832
:10900000F08100BF0000AD0B10B502780346002AC6
:109010005FD10C69A26E32B9606E6FF07301BDE86A
:10902000104013F05EBBE06D40B1216E31B1DB68E2
:1090300023B1834202D0616F16F05EF9A36DA26E78
:1090400033B19A4213D90121224A234813F0ECFA92
:10905000236EA26E33B19A4222D901211D4A1E48C5
:1090600013F0E2FA606EBDE81040FFF765BF9B1A8F
:10907000A3657BB9636C04F1580208336364A36C85
:1090800004F14801013BA36404F1440013F0D3FA56
:109090006065DDE7636D002BDAD013446365D7E7C5
:1090A0009B1A23667BB9E36C04F160020833E36426
:1090B000236D04F15001013B236504F14C0013F0D2
:1090C000BAFAE065CEE7E36D002BCBD01344E3653D
:1090D000C8E710BD3536030080FA02002DE9F04FD5
:1090E0008FB000AFFB6043688846BB608B88054645
:1090F00099049146046933D44FF0FF324FF0FF33A7
:1091000004F110000AF0E0FFC4F80480D5F804B0C0
:10911000D5F810A0DBF808303B609AF86D3023B129
:10912000DAF80030984500F0CA80B8F804E01EF480
:1091300000631CD00121B04AB04813F075FA6FF0FB
:10914000850623689B8813F4005304D1636004F1FF
:1091500010000AF077FF30463C37BD46BDE8F08F7F
:10916000A369002BC8D163689845C5D1CEE71EF02E
:10917000010F15D029686D4688B06A46A048C2E93B
:1091800005014FF4007191839E4942F8101F4FF47E
:10919000E2519A48FAF740FAAD466FF01506D0E76B
:1091A0001EF0080F05D0984A0121944813F03CFAAC
:1091B000F3E7CEF34513082B01D0944AF4E7D8F82F
:1091C00000307B607A68924B9A4201D8914AEBE773
:1091D00007F118060BF10C0CBCE80F000FC69CE859
:1091E0000F0086E80F00D7E900239A4228BF1A46ED
:1091F000894B9A4211D2894B9A4249D8884B9A425C
:1092000048D8884B9A4247D8874B9A4246D88748D5
:10921000874B8849824288BF0B461EF0020FFB62D3
:109220000EF004033CD0002B14BF0323022387F865
:109230003030CEF3001387F83130DBF800301EF009
:10924000020FD3F8086507F114007E612CD1FFF7F7
:1092500055FD0123B340C3609AF86D302BB15846D9
:1092600007F000FC00238AF86D302B46724A5846FE
:1092700007F1180107F0B6FB704A0346904219D077
:1092800001216F4A5D4811F0D7FE6FF0040658E7E0
:109290006C4BC2E76C4BC0E76C4BBEE76C4BBCE75A
:1092A000003B18BF0123C2E7FFF728FD0123B340AD
:1092B0008360D1E70123CAF800808AF86D3001236A
:1092C00084F86C30BB68996B4A1C0AD003F13C00EF
:1092D00000F020F9743004D102215E4A474813F0AF
:1092E000A3F9B9F1000F68D1C4F844900023A36436
:1092F00004F1580204F1480104F1440013F09BF911
:10930000FB686065002B60D1E3640023236504F1F2
:10931000600204F1500104F14C0013F08CF90026B6
:1093200001213246E0652664204613F097F928466D
:10933000FFF702FE32463346A06C83424DD1002334
:109340001946266DB1424FD1934238BF1346A0460D
:109350004FF4FA5202FB03F658F8283B4FF4004C46
:109360001B6840F2E730B6FBF3F60021C8364FF435
:109370007A720023E6FB0C01F6F7F4F802460B467E
:1093800040460AF0A1FE0246002867D00121324A79
:109390001A4813F049F90026B868A66607F062FB80
:1093A0006FF07301284684F86D6013F09AF9404617
:1093B0000AF004FF6FF07306C3E6D9F80030636467
:1093C000002B93D0D9F8043091E7FB681B68E36465
:1093D000002B9AD0FB685B6898E7616C01EBC301D6
:1093E000496801330A44A8E7E06C00EBC10040681B
:1093F00001310344A6E700BF5336030080FA0200A0
:109400006D360300030000018F360300AE36030003
:1094100047E80100DD36030000127A00FF083D0036
:109420007F841E003F420F001FA107008FD0030062
:1094300048E8010090D00300099001000000AD0B46
:109440000E37030000093D0080841E0040420F00DB
:1094500020A10700353703005F370300266C16F1A3
:10946000740F98D0002E3FF46CAE0146286913F0BB
:10947000F5F866E608B50268530904D14FF0FF33EA
:10948000D340DB070BD40749074840F26933074A4A
:1094900011F058F840F26931044811F04AF80448D4
:1094A00008BD00BFF83003000E110300C5300300F3
:1094B000002584400123F0B587B08DF802300223E7
:1094C00000248DF804306B4403930F4601AB0DF17B
:1094D0000301049305460291059406F01DFF0C4B11
:1094E000064698420FD13946284603AA06F0E6FC04
:1094F000B0420BD028469DF8031006F001FF6FF034
:10950000040007B0F0BD6FF01200FAE72046F8E75C
:109510000000AD0B2DE9F3410C46054613F093FF17
:10952000002221460746284606F002FF01A80194C2
:10953000FFF7A0FF00EB8402D2F80012154BA60043
:109540000B4043F00C03C2F8003213F0DBF8804606
:109550002B68DB59ABB100272146284613F071FF79
:1095600001A80194FFF786FF3044D0F80022094B90
:10957000134043F00403C0F80032384602B0BDE89F
:10958000F08113F0BFF8A0EB08000628E0D96FF0D7
:109590007307E1E7F0F8FCFF70B40E4922F07F4654
:1095A000D1E90034D01AC31844F10004C1E90034F1
:1095B000A6F50013B3F5400F09D2074B1B681A0A32
:1095C0001B069C19054B42F10005C3E9004570BC20
:1095D0000CF06CBE40E10020BCFC002048E1002003
:1095E0000D4B1868010A0006BFF35F8F0B4BD3F8D1
:1095F0000435181841F10001B3F5801F0AD2084B59
:10960000D3E90023904271EB030303D210F1807081
:1096100041F10001704700BFBCFC00200050014038
:1096200048E100202DE9F7432E4BD3F8042390079F
:109630000BD5D3F8042142B10022C3F804212A4AF1
:10964000D3F80431136801331360264AD2F8043387
:10965000D90326D5254BD3E8EF1F21F00100C3E83D
:10966000E40F002CF7D1CB0702D4D2F84031C3B1BC
:1096700000251C4CC4F84051D4F84031FFF7B0FF2E
:10968000EFF31182202383F31288BFF36F8F184BFF
:10969000D3E90267B042B94106D282F31188BFF321
:1096A0006F8F03B0BDE8F0834FF0FF38D3E90010AF
:1096B0004FF0FF391D60C3E902894FF48033C4F8CD
:1096C0004833C4F84051D4F8403182F31188BFF3D5
:1096D0006F8F0029E5D0009032463B4628468847E8
:1096E000DFE700BF00500140BCFC0020B4FC0020BC
:1096F00030E100202DE9F84F04460D46434FD7E8EE
:10970000EF8F28F00103C7E8E23F002AF7D14FF4BA
:1097100080393F4EC6F80893BFF35F8FBFF36F8F5A
:10972000FFF75EFFA04271EB050308F0010840D28D
:10973000384B201A65EB0101984271F1000148D2C3
:10974000354BD3E902239D4208BF94423AD04FF0F3
:10975000000C24F07F40834603216FF0020EC6F810
:109760004893C6F840C1D6F84031DFF8BCA02BF0D2
:109770007F43C6F84035C6F84493D6F80425AEEBCF
:1097800002035B4423F07F4353451BD9D6F8403195
:109790005BB1D6F80425131A23F07F43B3F5000F0D
:1097A00010D9C6F840C1D6F8403101EB020B0131A7
:1097B000DDE71A4BD3E8EF1F41F00101C3E8E21FD8
:1097C000002AF7D1144B164AC3E902451A60002259
:1097D0005A60B8F1000F16D0D7E8EF3F43F001030D
:1097E000C7E8E23F002AF7D14FF48032084BC3F8B4
:1097F00004230A4BD3E8AF3FDB0742BF4FF400120C
:10980000084BC3F80021BDE8F88F00BFB8FC00206A
:10981000005001400100800030E10020B4FC002035
:109820009995010000E100E0FDFF7F0070B54FF069
:10983000FF3000254FF0FF31164C174B0226C4F8BD
:109840000833C4F84833154BC4F80855C3E902017E
:109850004FF480334FF40012C4F80433104B01214D
:10986000C4F804631520C3F880212A46FBF752FC94
:109870001520FBF71FFC01230A4AA3600021236087
:1098800009481360FFF736FF3046FDF7A5FE28466E
:1098900070BD00BF0050014003000F0030E1002008
:1098A00000E100E0B8FC0020FFFF7F00431C10B582
:1098B0000F4C05D08442A8BF0446012CB8BF012438
:1098C000FFF78EFE0B4AD2E90031C01AB0F5000F47
:1098D000074A0AD22044904228BF1046BDE81040F3
:1098E000C01841F10001FFF705BF1046F6E700BFC1
:1098F000FFFF7F0040E1002008B5FFF771FE024B3B
:109900001B68C01A08BD00BF40E1002070B50546C5
:109910000C4C0D4EB44212D90C497A230C4A0D4816
:1099200010F010FE0C4810F00DFE7A21084810F0DF
:1099300000FED4E90031284698470834EAE7F8D316
:1099400070BD00BFE0790300E0790300CE3703006B
:109950009C3703000E1103006319030070B5002249
:1099600001212A20FBF7D6FB124809F091FC04469E
:1099700028B101210346104A104811F05DFB104D3B
:10998000104EB54212D910499A23104A104810F0CF
:10999000D9FD104810F0D6FD9A210C4810F0C9FDF1
:1099A000D5E90031204698470835EAE7F8D3204644
:1099B00070BD00BFF8050300F237030050FA020043
:1099C000E0790300F07903001E3803009C370300A0
:1099D0000E11030063190300F0B50F4B01461A681E
:1099E0000E4B0B25002618461F46B84201D3013DF9
:1099F00004D11846013A19605A60F0BD04688C42DF
:109A0000FBD03CB14468141BA642BCBF03462646AB
:109A10000830EAE70346ECE77CFD002088FD0020E3
:109A20000020054BC3E90000044BD3E8EF2FC3E847
:109A3000E10F0029F9D1704780FD00207CFD002056
:109A40002DE9F04F89B005460E4614F039FF20B9D4
:109A50006FF06D0009B0BDE8F08F15F05AF833686B
:109A60000446002B0F4604D10BF0BEFE6FF00A0037
:109A7000F0E7BCBF4FF0FF3333600122002101A8A3
:109A800014F0A2FFE8460795EFF3118B202383F330
:109A90001288BFF36F8F15F051FDDFF82CA1DFF8AE
:109AA0002C915AF80000FFF797FFD9F80030426870
:109AB0009A426ED10023434D00936B68002B6FD107
:109AC000C5E900888BF31188BFF36F8F33685A1C88
:109AD0006BD04FF4004E40F2E730002123EAE37CE4
:109AE0004FF47A720023CCFB0E01F5F73BFD0246E2
:109AF0000B4601A80AF0E8FAEFF3118B202383F359
:109B00001288BFF36F8F00222B685BB1434556D19B
:109B10000099002A4DD16A6829609A4200D1696093
:109B20000023009315F00AFD5AF80000FFF754FFD8
:109B3000D9F8003043608BF31188BFF36F8F14F0B6
:109B4000BFFE002884D035686B1C27D014F0E1FFDD
:109B50004FF47A7EA0FB0E320EFB0121A4FB0E42D5
:109B60000EFB0722DB0BE40B43EA414344EA424489
:109B70001B1B4FEAD1314FEAE57C61EBD231ED1A84
:109B80006CEB010CBCF1000FB8BF002535602DB99E
:109B90006CE743608BF31188BFF36F8F002059E7A8
:109BA000C3F80080C5F804808CE74FF0FF321346FD
:109BB0009FE711606968994208BF6A60B0E71A467A
:109BC0001B68A2E780FD0020080000007CFD00204B
:109BD00010B5041E0DDCEB23084A0949094810F0B2
:109BE000B1FC2146084810F0ADFCEB21034810F011
:109BF000A0FC15F0A3FC054B1C5010BD433803001E
:109C0000743803000E110300813803000C000000BB
:109C100070B50368124C2BB1A34203D304F1A8051D
:109C2000AB4217D30F4D2B78062B0CD90E49FF23CF
:109C30000E4A0F4810F086FC0E4810F083FCFF21FE
:109C40000A4810F076FC5E1C03EB430304EBC304EC
:109C50002E7004600068BDE8704014F0B5BE00BF0F
:109C6000D4FC0020BE050120A838030043380300BF
:109C70000E110300B138030008B528B10C4A904218
:109C800002D3A83290420ED30A494FF487730A4A8E
:109C90000A4810F057FC0A4810F054FC4FF4877142
:109CA000054810F046FCBDE808400AF0CBB900BFFB
:109CB000D4FC0020D7380300433803000E11030002
:109CC0005D3A030070B5054628B1194B984202D39E
:109CD000A83398420ED317494FF48C73164A17488D
:109CE00010F030FC164810F02DFC4FF48C71124827
:109CF00010F01FFC4B1C17D021EAE1744FF4004612
:109D000040F2E73000214FF47A720023C4FB0601D1
:109D1000F5F728FC02460B4628460AF0D5F900283C
:109D200018BF6FF00A0070BD4FF0FF321346F3E723
:109D3000D4FC0020D7380300433803000E11030081
:109D40005D3A030008B50268104B2AB19A4203D36A
:109D500003F114018A4214D30D4A117871B10D49EF
:109D60004FF499730C4A0D4810F0ECFB0C4810F0BE
:109D7000E9FB4FF49971084810F0DBFB0121036007
:109D800011700068BDE8084014F000BEC0FC00205F
:109D9000BD050120773A0300433803000E1103008C
:109DA000803A030008B528B10C4A904202D314321D
:109DB00090420ED30A4940F241130A4A0A4810F071
:109DC000C1FB0A4810F0BEFB40F24111054810F0FB
:109DD000B0FBBDE8084009F09FBF00BFC0FC0020F9
:109DE000A33A0300433803000E110300473C03006D
:109DF00070B5054628B1194B984202D314339842E6
:109E00000ED3174940F24B13164A174810F09AFB2D
:109E1000164810F097FB40F24B11124810F089FBE6
:109E20004B1C17D021EAE1744FF4004640F2E730B2
:109E300000214FF47A720023C4FB0601F5F792FB70
:109E400002460B46284609F097FE002818BF6FF01F
:109E50000A0070BD4FF0FF321346F3E7C0FC00204C
:109E6000A33A0300433803000E110300473C0300EC
:109E700038B505460A4BD3E8EF1F0131C3E8E21FAE
:109E8000002AF8D1074B1C6804B938BDE369AB421E
:109E900001D005B113B9201D0AF0D4F82468F3E706
:109EA0007CFD002080FD00200146002200230148A7
:109EB00014F044BDD8FD00200146014809F0BCBDA6
:109EC000D8FD0020014600220023014814F036BDD1
:109ED000F0FD00200146014809F0AEBDF0FD002074
:109EE00008B54FF480620649064814F01EFDBDE82F
:109EF00008404FF402520449044814F016BD00BF54
:109F0000BF050120D8FD0020E8840020F0FD0020DE
:109F100010B5044B1C6804B910BD201D0AF092F85E
:109F20002468F8E780FD0020014807F03DBF00BF2E
:109F3000359F010070B505460C4C0D4EB44212D948
:109F40000C4913230C4A0D4810F0FCFA0C4810F091
:109F5000F9FA1321084810F0ECFAD4E90031284648
:109F600098470834EAE7F8D370BD00BFC87903000A
:109F7000E0790300963C0300673C03000E110300E8
:109F800063190300292800F099800ADC01284FD0CA
:109F9000062800F09580002800F08E804FF0FF30FA
:109FA0007047B0F58D7F04D0B0F5007FF6D11E2943
:109FB00048E04B1E142BF1D801A050F823F000BF4D
:109FC00017A0010017A0010017A0010017A00100B1
:109FD00017A0010017A001009D9F01009D9F010097
:109FE0009D9F01009D9F01009D9F010017A0010002
:109FF00017A001001DA0010021A001009D9F0100EC
:10A000009D9F010015A0010025A0010029A00100CD
:10A010002DA001000E210020116070470F21FAE7EA
:10A020001021F8E71121F6E71221F4E71321F2E7F6
:10A0300036293FDC202907DC1429ECD038DC022942
:10A04000E9D00429E7D0A9E7A1F12103152BA5D870
:10A0500001A050F823F000BF17A0010017A00100D5
:10A060009D9F01009D9F01009D9F01009D9F0100FC
:10A070009D9F010017A001009D9F01009D9F010071
:10A080009D9F01009D9F01009D9F01009D9F0100DC
:10A090009D9F01009D9F01009D9F010017A0010051
:10A0A00017A0010017A0010017A0010017A00100D0
:10A0B0001529C7E73D29C5E71F29C3E72029C1E7BF
:10A0C0003729BFE74FF0FF32064B00201A609A6134
:10A0D0001A639A641A669A67C3F89020C3F8A82096
:10A0E000704700BF0CFE00202DE9F041144600220D
:10A0F00086B001290D461E46CDE90422DDF83080E8
:10A10000076803D1192C12D15F2307E021462846A6
:10A1100003AAFFF737FF002824DA6D2315F00EFAA3
:10A12000144A13504FF0FF3006B0BDE8F0812146CD
:10A13000284603AAFFF726FF0028EEDB143C012C7B
:10A1400007D836B14FF008083268B3680492059317
:10A1500004AE334629463846039ACDF8008008F00D
:10A1600057FCE1E7B5F58D7FF3D10C2C08BF4FF01C
:10A170000408EEE70C0000002DE9F0411C46002326
:10A1800086B00F461546CDE90433082306682946F4
:10A1900038460DEB0302DDF830800393FFF7F2FE43
:10A1A00000280ADA15F0CAF96D224FF0FF361A4B73
:10A1B0001A50304606B0BDE8F081012F1DD1A5F13F
:10A1C0001403012B19D803AA04AB30460092394678
:10A1D000029A08F04BFD06460028EAD1012FE8D18B
:10A1E000042D0DD120680028E3D0FFF7F1FC15F015
:10A1F000A5F9094B1B582360DBE742462346E4E7F9
:10A20000143D012DD5D8049BC4E90030059BA36003
:10A210001023C8F80030CCE70C0000000B490346BF
:10A22000087880B90A49097839B1A2F58071022904
:10A230000AD9A2F58872012A06D9013B022B8CBFEC
:10A240000020012070470020704700BF400A012015
:10A250003F0A012070B4002318250168084C05FB53
:10A2600003F2A658B14206D1B0F906100832A01880
:10A2700070BC0CF089BD0133082BF0D170BC704765
:10A280000CFE00202DE9F04389B00546D0E900908E
:10A290000E4617469846109C08B112F04FFAA4B922
:10A2A000CDE9004443463A463146484613F083FE22
:10A2B0000446686828B14FF0FF324FF0FF3312F0C8
:10A2C0003BFA204609B0BDE8F0832388012B0BD16F
:10A2D000ADF808306368628803930823ADF80A205C
:10A2E00001936B440093DDE7022B18D16288ADF82F
:10A2F0000830ADF80A20231D0DF10C0C04F1140EEA
:10A30000624618685968083303C273459446F7D10A
:10A31000237D8DF81C301623019302ABE2E715F084
:10A320000DF96A22024B4FF0FF341A50C1E700BF0B
:10A330000C0000002DE9F347074690460C4679B320
:10A3400000231A46C868834235D1802A72D8002576
:10A350004FF0FF324FF0FF33394812F0EDF9A946C4
:10A36000384EE368AB422DD800263546DFF8D4A03E
:10A37000B14511DD85B96368384601932368A9EBBF
:10A38000060200930AEB06014346FFF77BFF051E1A
:10A39000EEDD2E44B145EEDC294812F0CFF906E09F
:10A3A00015F0CCF816224FF0FF35274B1A502846EF
:10A3B00002B0BDE8F087A16801EBC3014968013331
:10A3C0000A44C0E7A36806EB090003EBC50253F893
:10A3D0003510526814F090FFA3684FEAC50A534441
:10A3E0005B6801359944BCE7A3684FEAC60A03EBF2
:10A3F000C6035B683BB14FF00009A36803EB0A0298
:10A400005268914504D30136E368B342ECD8CEE7F5
:10A4100053F80A106368494401932368384600934F
:10A42000A2EB09024346FFF72DFF011E05DB89441D
:10A430000D44E2E700263546E6E70D46B7E700BFE4
:10A440004CCB0020BF0901200C0000004FF0FF3270
:10A450004FF0FF3370B505460B4812F06DF900233D
:10A4600018200A4A00FB03F156588C18013605D112
:10A470005550054812F062F9204670BD0133082B93
:10A48000F0D10024F5E700BFE8CA00200CFE002050
:10A4900038B5094D04464FF0FF3228464FF0FF33E0
:10A4A00012F04AF900234FF0FF32C4E90023284696
:10A4B000BDE8384012F042B9E8CA002010B50446A1
:10A4C000114B124A186003681148DA61FBF766FE07
:10A4D000236873B90F4940F201330F4A0F4810F057
:10A4E00031F80F4810F02EF840F201310A4810F010
:10A4F00020F80C33D3E8EF1F41F00801C3E8E21F56
:10A50000002AF7D110BD00BF08FE002039A60100C7
:10A5100024060300972B0300622B03000E11030097
:10A520004F2A0300F0B5A1F58173046887B0032BAF
:10A5300058D8DFE803F002417A540127D2E90161DB
:10A5400013683B4AB3F904300492ADF814308DF827
:10A5500016703368994205D114F0F0FF0C22354B88
:10A560001A5014E000F10805284614F0B8FB2B46F9
:10A570000022394630680CF093FA082320460093F5
:10A580003C22394604AB08F043FA044610B14FF0C0
:10A59000FF340EE0336814333360CDE902002846FF
:10A5A00002AA03A914F0A0FB039B002B18BF6FF0B5
:10A5B0007704204607B0F0BDD2E900421368143397
:10A5C00013600023CDE9033303AA04A9083014F073
:10A5D0008BFB049B0BB1039BE3800024E9E713682A
:10A5E0004360FAE7032913D0042919D1126832F421
:10A5F000804304D014F0A2FF16210E4B1950042101
:10A600002046C2F3803207B0BDE8F04013F03DBFF2
:10A610002046002213F039FF840304F48044C8E785
:10A6200014F08CFF1622034B9AE76FF05E04C0E72C
:10A6300055A201000C0000002DE9F0410D1E074657
:10A64000904612DA0AF0DEFF1C4E012333704246B8
:10A65000384625F04041FBF72FFB002333700446BA
:10A660000BF03EF82046BDE8F0816B0003D50AF000
:10A67000C9FF134EE9E7F7F7ADFD041E09DB2946D4
:10A680004246384613F080FA051E05DA2046F7F7F1
:10A69000F9FD4FF0FF34E5E7FFF7D8FE014640B97A
:10A6A00014F04CFF0C22074B1A50284608F07EF994
:10A6B000ECE72046044AF7F7CBFDD3E7400A012038
:10A6C0003F0A01200C0000002C0603002DE9F04F8A
:10A6D00014460E4600218BB00546202202A81F46D4
:10A6E000019114F016FE5CB163680293E368049371
:10A6F000A368039323690593236A03B1089302AC0B
:10A700004FF0FF324FF0FF333B4812F015F831465F
:10A710002246284601AB07F05DFE064648B9804652
:10A7200081464FF0180A019D38604DB9019813F029
:10A730000DFA314812F002F830460BB0BDE8F08F48
:10A74000542014F0DDFA044600284FD0C0F80090E1
:10A75000C0F820902B684360AB68C3606B6883606F
:10A76000EB680361D5F804B0BBF1010F15D10820E7
:10A7700014F0C6FAE061002835D00823A3616B69A4
:10A780005A88A0F800B042805B684360B8F1000FBF
:10A790002FD13C60A046ED69C7E7BBF1020F09D09D
:10A7A00014F0A7FA6FF00506386811F0B8FF00231F
:10A7B0003B60BBE7182014F0A3FAE06198B1C4F83D
:10A7C00018A06A695388111D4380034602F1140CD6
:10A7D00023F804BB51F804EB614543F804EBF9D1CD
:10A7E000137D0375D2E7204614F083FA6FF0090653
:10A7F000DAE7C8F80040CDE710CB00202DE9F043A0
:10A8000089B007460C461546F7F7E4FC0646002ECD
:10A8100038681EDB04B315B32B6801AA082B18BFD8
:10A8200016230DF108090193494613F027FBB0F1F7
:10A8300000080BDBFFF70AFE074698B914F07EFE0E
:10A840000C22274B1A50404608F0B0F83046F7F774
:10A8500019FD4FF0FF3618E02246A146E4E72A46EC
:10A86000A946E1E764B15DB1B9F80020012A10D131
:10A8700008232B60BDF80A3022806380039B63604D
:10A8800039463046174AF7F7E3FC304609B0BDE8D1
:10A89000F083022A17D118232B60BDF80A3003ADCC
:10A8A000638023460DF11C0C23F8042B2A4603CAAF
:10A8B000624518605960154603F10803F6D19DF80A
:10A8C0001C302375DCE714F039FE8622044B1A5045
:10A8D000404608F06BF83846FFF7DAFDB6E700BFF0
:10A8E0000C0000002C060300F0B50A880B46012A74
:10A8F000066887B00DD1ADF80020082249885B6852
:10A90000ADF8021001936946304613F03DFA07B0E6
:10A91000F0BD022A15D14988ADF80020ADF802102B
:10A920001A1D01AD03F114072C4610685168083256
:10A9300003C4BA422546F7D11B7D16228DF8143088
:10A94000E1E714F0FBFD6A22024B1A504FF0FF3092
:10A95000DDE700BF0C00000007B5D0E9003201219F
:10A9600000920348034A10F071FB03B05DF804FB4A
:10A9700050FA0200CB3C030008B5064807F00EFA77
:10A98000034620B10121044A044810F055FB002081
:10A9900008BD00BFA9AA0100F43C0300C0F90200F1
:10A9A0002DE9F84304460026314DDFF8F89000AF5A
:10A9B0004D4521D92F4939232F4A30480FF0C2FD88
:10A9C0002F480FF0BFFD39212B480FF0B2FD95F84D
:10A9D000088018F0010F0BD1296819B1204614F036
:10A9E0000CFA28B118F0020F04D020466B68984783
:10A9F0000C35DDE70126FBE7E9D3002E34D02046F5
:10AA0000F4F75FFF0022411D00231E4813F096FF5C
:10AA10000546F0B96E4688B06A461B4BC2E905345C
:10AA20004FF400739383194B42F8103F4FF4E451F5
:10AA300003461748F8F7F0FD4F23B5460E4A15496F
:10AA40000E480FF07FFD214613480FF07BFD4F218C
:10AA5000BAE721460430F4F72CFF1048294613F0DA
:10AA6000A8FF0F4809F066FEBD46BDE8F88300BFA9
:10AA7000BCC900204D3D0300213D03000E11030021
:10AA800063190300D0CA00206D3D030003000001DC
:10AA9000C0F90200993D0300A23D030030CC002024
:10AAA00020C800201CCA002008B548B9064907483C
:10AAB0003623074A0FF046FD362105480FF039FDD1
:10AAC000BDE80840FFF76CBFD03D03000E11030046
:10AAD000213D03002DE9F8431A4E1B4FDFF880801B
:10AAE00000220023304609F041FA0546F8B9BDE8D6
:10AAF000F883237ADA070AD49B0708D4216819B1AE
:10AB0000484614F07AF910B14846636898470C3407
:10AB1000BC4210D90D4960230D4A0E480FF012FDBA
:10AB20000D480FF00FFD602109480FF002FD0B4C9E
:10AB300005F10409ECE7DCD32946404608F07CFF28
:10AB4000CEE700BF30CC00201CCA00204D3D0300E2
:10AB5000213D03000E11030063190300BCC900204E
:10AB6000D0CA0020A0F12C03DBB2112B9DBF0348FB
:10AB7000D84000F001000020704700BF01400200F3
:10AB8000F8B505460024094E56F8047B3846F4F71C
:10AB900098FE39460246284614F001F920B10134E6
:10ABA000042CF1D10020F8BD0120FCE77006030061
:10ABB0002DE9F0430468A3B0237880460F4616467B
:10ABC0000094002B00F0DD806F4B1B78062B1BD10F
:10ABD0000021621C009210781346A0F16105192D26
:10ABE00002F101020ED9A0F14105192D0AD95F2801
:10ABF00008D001B100932246394630461B1B11F0A4
:10AC0000F2FE50E00121E6E7013B082B4BD8DFE8DC
:10AC100003F06C5162AA0E4A1F470500224600212C
:10AC2000134612F8010B0028E3D00121F8E7204673
:10AC3000002102780346A2F13005092D00F1010040
:10AC400004D922F02002413A052AD2D80121F0E7A6
:10AC5000684611F043FE002200980378054623F071
:10AC600020014139192900F1010013D9303B092B8A
:10AC700010D902B100952B1B22463946304611F0FF
:10AC8000B2FE2B783D2B07D16B783F2B0BD10235D1
:10AC9000009508E00122E0E73F2B04D10135F7E7FA
:10ACA000304611F076FE0020009BC8F8003023B03B
:10ACB000BDE8F08325462A78104611F006FE2B46A3
:10ACC000013508B9002AF6D12246394630461B1B09
:10ACD00011F089FEDCE725462A782B46222A05F169
:10ACE0000105F1D0002AF7D1EEE720460A2201A99A
:10ACF0000CF04CFB0124019B02900093009B187800
:10AD0000292825D020B303F10109FFF72BFFCDF847
:10AD1000009008B9254619E00A2201A948460CF01E
:10AD200035FB22AB651C03EB840444F8800C4846D9
:10AD3000F4F7C7FDDDF8049004464846F4F7C1FD7A
:10AD4000844206D0202DCDF8009002D02C46D5E7C5
:10AD50002546AB003946304602AA11F067FE009B3B
:10AD6000013300939FE70A22204602A90CF07EFAE5
:10AD70000B460299024600913046394611F01EFEFC
:10AD800091E74FF0FF3092E7420A01202DE9F041B0
:10AD900007460468DFF8A48100293DD1207811F02E
:10ADA00088FD5F4E054660B30623052220465D49B7
:10ADB000337013F0F4FFF8B1052220465A4913F01E
:10ADC000EEFFC8B10B222046584913F0E8FF98B1B6
:10ADD0000A222046564913F0E2FF68B10B222046B2
:10ADE000544913F0DCFF38B107222046524913F0D2
:10ADF000D6FFB0FA80F56D0988F8005000203C605D
:10AE000048E098F8003053B9204611F075FD00284D
:10AE100042D007233370F1E798F800301BB10222CB
:10AE20003F4B1A70EAE700293DDD224615781646A9
:10AE30002846013211F049FD0028F7D13046F4F7D9
:10AE400040FD03282AD92B46A5F16102192A98BF93
:10AE5000A5F12003412B21D17378A3F16102192AB6
:10AE600098BF203B542B19D1B378A3F16102192A62
:10AE700014D92B2B09D0252B10D1F378A3F1610223
:10AE8000192A98BF203B582B08D009226FF00100E7
:10AE9000234B1A70BDE8F0810223BBE7207811F044
:10AEA00008FD002839D12278A2F12B03DBB20E2B4A
:10AEB00018D847F6E57121FA03F3DB0719D41046D9
:10AEC00011F003FD10B316490B78042B1BD1224659
:10AED000144612F8010B11F0F8FC0028F8D10523F4
:10AEE0000B708BE7222A07D103220D4B01341A7015
:10AEF00084E704220A4B94E7282AE0D10122084B78
:10AF000014441A707AE7082B3FF478AF1046FFF725
:10AF100029FE10B10822024B83E74FF0FF30B9E75A
:10AF2000420A0120F03D0300F63D0300FC3D030012
:10AF3000083E0300133E03001F3E0300410A0120A8
:10AF40002DE9F347894616461F468046002800F043
:10AF50009780002A00F094805368002B00F09080C6
:10AF60000024104600F0FCF842463368CDF8048017
:10AF70009F4228BF1F46444B1C70444B1C70114617
:10AF8000087811F0A2FC2546013204460028F6D1CB
:10AF900005B101910025019A1378002B50D0AF42E2
:10AFA0004ED9202B02D0093B042B01D8013201924B
:10AFB000294601A8FFF7EAFE431C41D0023008BF32
:10AFC00000253246294601A808BFCDF80480FFF7C6
:10AFD000EFFD013034D0019A1078FFF7C3FDB0B116
:10AFE000507811F072FC78B10135BD4241D029464C
:10AFF00001A8FFF7CBFE013022D03246294601A836
:10B00000FFF7D6FD01301BD0019B01330193019A5C
:10B01000107811F05AFC38B3013211789246084684
:10B02000013211F052FC0028F7D139B1084611F075
:10B0300040FC18B95046FFF7A3FDA8B1CDF804A015
:10B04000019DC4B92B78CBB12846FFF799FD0028A4
:10B0500014BF00206FF00A00B9F1000F01D0C9F849
:10B06000005002B0BDE8F0870135BD4208BF0124A1
:10B0700091E70446E4E76FF00600EDE72046EBE7D2
:10B080006FF01500EDE700BF420A0120410A0120E0
:10B0900008B560B90A492B230A4A0B480FF052FA47
:10B0A0000A480FF04FFA2B2106480FF042FA0368C6
:10B0B0008B428ABF4068002000EB011008BD00BF32
:10B0C000783E03004A3E03000E1103008C3E03004D
:10B0D00008B560B90C4939230C4A0D480FF032FA13
:10B0E0000C480FF02FFA392108480FF022FA0378A4
:10B0F000012B04D0023B012B03D8406808BD082077
:10B10000FCE70020FAE700BFAD3E03004A3E030023
:10B110000E110300C23E030010B5044660B90C498D
:10B120001D230C4A0C480FF00DFA0C480FF00AFAD8
:10B130001D2108480FF0FDF90378023B012B02D8CE
:10B14000806813F0D6FD00220023C4E9022310BD5D
:10B15000AD3E03004A3E03000E110300C23E030051
:10B1600070B5044628B143681BB1002623689E428F
:10B1700000D370BD656805EB06152846FFF7CCFFC8
:10B1800065B90A4914230A4A0A480FF0DBF90A484C
:10B190000FF0D8F9142106480FF0CBF91022002146
:10B1A000284614F0B6F80136E0E700BFAD3E0300D4
:10B1B0004A3E03000E110300C23E030010B50446D0
:10B1C00092B048220021684614F0A3F80D4B216884
:10B1D0001A6891421A4603D161685B6899420ED0A1
:10B1E00094E80300012382E803008DF8003002ABED
:10B1F00094E8030083E80300684600F07FFE12B085
:10B2000010BD00BFD0FE00202DE9F74F052304221A
:10B210006E460025CDE90023154FDFF86880DFF882
:10B22000689056F804BB134BBBF1040F14BF3C46A7
:10B230004446204614BFCA469A46F4F742FB042807
:10B2400010D121465046F4F72AFB58B12246594600
:10B25000094806F0AFFD034620B10121074A08481E
:10B2600011F0A7FC15B103B0BDE8F08F0125D8E7B8
:10B27000FA0A0120EB0A0120DE3E0300EF3E030044
:10B2800020FA0200FF0A0120E60A012008B50B4857
:10B2900006F090FD034638B10121094A094811F032
:10B2A00088FC6FF00D0008BD074806F083FD0028FC
:10B2B000F9D003460221054AF0E700BF193F030019
:10B2C000243F030020FA0200964603005A3F030081
:10B2D0000023064A13601371054A13601371054A6F
:10B2E00013601371044A136013717047F50A01204B
:10B2F000EB0A0120F00A0120E60A012010B50446FD
:10B3000092B048220021684614F003F85CB9134952
:10B3100013484FF4DA73134A0FF014F94FF4DA714B
:10B3200010480FF006F9204602A901F045F803463F
:10B3300030B101210C4A0D4811F03BFC12B010BD98
:10B34000029B039AA3F59C53083B1343F6D10623B3
:10B3500068468DF8003000F0D1FDEFE7BE3F0300F6
:10B360000E110300903F0300D63F030020FA0200B5
:10B3700010B5044692B048220021684613F0C9FF78
:10B380005CB91A491A4840F239231A4A0FF0DAF820
:10B3900040F2392117480FF0CCF8204602A901F0FD
:10B3A00059FC034630B10121134A144811F001FC45
:10B3B00012B010BD9DF808305A1E032A01D9072B80
:10B3C000F6D1DDE90421A2F59C53083B0B4308D0DC
:10B3D0000A4308D00A2368468DF8003000F08EFD3D
:10B3E000E6E70823F7E70923F5E700BFBE3F0300C0
:10B3F0000E110300903F03000A40030020FA0200F0
:10B400001FB50024074B4FF48062029302AB0093F8
:10B4100005490E230548039409F092F9204604B02B
:10B4200010BD00BF46400300182E012080E100201F
:10B4300010B5044692B048220021684613F069FF17
:10B440005CB9104910484FF4BF73104A0FF07AF8F6
:10B450004FF4BF710D480FF06CF80122204602A98D
:10B4600000F042FE034630B10121094A094811F0BB
:10B47000A0FB12B010BD032368468DF8003000F029
:10B480003DFDF6E7BE3F03000E110300903F0300B1
:10B490005440030020FA0200072810B5144605D0D6
:10B4A00009280CD0BDE81040FFF712BF0748F4F799
:10B4B00000FA21460648BDE81040F4F7FAB90548FD
:10B4C000F4F7F7F921460448F5E700BFF50A012033
:10B4D000EB0A0120F00A0120E60A012010B596B01F
:10B4E00004464822002104A813F013FF0023009310
:10B4F0008DF8043002938DF80C305CB91749184868
:10B500004FF4CD73174A0FF01DF84FF4CD71154865
:10B510000FF00FF802AB6A46204606A9F4F7FCFAD2
:10B52000034630B10121104A104811F042FB16B019
:10B5300010BD69469DF8180002AAFFF7ADFF9DF8FF
:10B5400018301BB10A490B4813F06FFA022304A804
:10B550008DF8103000F0D2FCE9E700BFBE3F0300D9
:10B560000E110300903F03007B40030020FA02000D
:10B5700040C8002080E1002008B550B9054B1B7879
:10B580003BB1FFF7A5FEBDE808400349034813F0AF
:10B590004CBA08BD040B012030C8002080E1002017
:10B5A00010B5044692B048220021684613F0B1FE5F
:10B5B0005CB91049104840F26323104A0EF0C2FFF4
:10B5C00040F263210D480EF0B4FF204602A901F0BD
:10B5D0009FFB034630B10121094A0A4811F0E9FAFC
:10B5E00012B010BD0B2368468DF8003000F086FCC9
:10B5F000F6E700BFBE3F03000E110300903F0300BB
:10B600009740030020FA020008B50121034A0448CC
:10B6100011F0CDFA6FF0150008BD00BFC740030060
:10B6200020FA02002DE9F0410446A4B002AF4822FE
:10B63000002107F1400013F06CFE4CB9514952480B
:10B64000FF23524A0EF07EFFFF2150480EF071FF9B
:10B6500000253022294607F11000BD7113F059FE74
:10B660004FF0FF3307F10808C7E90233FB1D0093D1
:10B6700001212046CDF8048007F11003BA1D00F027
:10B680007FFDB8B16E468AB002AA414BD461C2E9CF
:10B69000053040F2013313843E4B42F8103F4FF423
:10B6A00011512B463C48F7F7B7FFB5468837BD46E2
:10B6B000BDE8F081BB7903F0FB03012B04D1BB692A
:10B6C000013356D10423BB7100F0E4FB0028EDD117
:10B6D000324ABB791178994208D087F8400007F1C7
:10B6E0004000137087F8483000F008FC2C4BB96913
:10B6F0009A68914203D1DB68FA699A421DD004230B
:10B70000274D07F1100487F840300FCC0FC50FCC40
:10B710000FC594E80F0085E80F0007F1480607F110
:10B7200010050FCD0FC60FCD0FC694E80F0086E8A9
:10B730000F0007F1400000F0E1FB1A4AFB79117895
:10B74000994209D01370052207F1400087F8402084
:10B7500087F8483000F0D2FBBB7903F0FB03012BE4
:10B76000A4D1BB68013308D10F49104813F05DF92B
:10B770009CE70F4808F066FCA6E74046FFF71EFD71
:10B7800094E700BFBE3F03000E110300903F03008B
:10B79000DD4003000400000120FA0200E30A01205A
:10B7A00050E10020050B012050C8002080E100205E
:10B7B000A0CB002030B50546A5B048220021684640
:10B7C00013F0A7FD5DB9404940484FF4FF73404A6C
:10B7D0000EF0B8FE4FF4FF713D480EF0AAFE00F0E7
:10B7E00059FB0146A0B93B4C2378032B3AD9482298
:10B7F0000DEB020013F08DFD607870B1302113F075
:10B8000083FA044650B9344A0121344811F0CFF983
:10B81000334808F017FC25B030BD044629462D48B2
:10B8200014AA239400F098FFC11D034607D00128F5
:10B830000BD901212B4A294811F0BBF90BE00A234F
:10B840000221294A254811F0B4F9072312A88DF8DE
:10B85000483000F053FB204613F04BFA219813F0C8
:10B8600048FAD5E7284600F0FBFD044630B1102128
:10B8700013F04AFA044608B91C4AC5E7284602A94B
:10B880000F9400F00DFEC21D034607D0012810D909
:10B890000121144A114811F08CF910E00221144AD8
:10B8A0000E4811F084F90A230221124A0B4811F0C4
:10B8B00080F9072368468DF8003000F01FFB002C4C
:10B8C000A6D02046CBE700BFBE3F03000E11030009
:10B8D000903F0300E40A01200941030020FA02001E
:10B8E000E8CB00209741030035410300C14103002C
:10B8F000EE4103005D41030020B90321024A0348E1
:10B9000011F055B900F0CEBA1542030020FA02003A
:10B9100038B50C46054640B931B30846F3F7D1FFB8
:10B92000082816D06FF0150012E0F3F7CAFF0828B8
:10B93000F8D18CB12046F3F7C4FF0828F2D129468C
:10B940000B48F3F7B6FF21460A48F3F7B2FF002091
:10B9500038BD074B1D70F6E729460548F3F7A9FFE8
:10B960000022044B1A70F2E7014B1970F8E700BF90
:10B970009EC90020A7C9002010B538B31448F3F7BA
:10B98000A0FF04461348F3F79CFF082C15D10828A4
:10B990000ED1104A0E49104806F00CFA38B1034691
:10B9A00001210E480E4A11F004F96FF00D0010BD90
:10B9B00007490C4806F0FEF9F0E7082802D10549CE
:10B9C0000948F7E7094806F0F5F9E7E70848FAE714
:10B9D0009EC90020A7C900208742030020FA020068
:10B9E000CE4203009E420300B0420300C342030064
:10B9F000A14603000023F0B58DB00D460646CDE903
:10BA00000333CDE90633CDE909338DF814308DF8D1
:10BA100020308DF82C3000285ED000295CD0304CCE
:10BA2000A02120462F4A237006F028FA034648B189
:10BA300001212D4A2D4811F0BCF86FF00D0420466D
:10BA40000DB0F0BD20462C2113F07FF9044648B913
:10BA50006FF04C04F3E734B90121254A234811F073
:10BA6000A6F8F5E70C27601C2C2113F06EF9013FB6
:10BA70000446F0D10028EFD0811C082203A813F05F
:10BA8000A0F9601C2C2113F060F904460028E3D0D3
:10BA9000811C082206A813F094F92C21601C13F0D5
:10BAA00054F90028D8D0811C082209A813F089F97C
:10BAB00001AB09AA06A903A800F088FA044630B130
:10BAC000034601210B4A094811F073F8B7E7019BBF
:10BAD0003360029B2B60B2E76FF01504AFE700BF45
:10BAE000430A0120FD4203000A43030020FA02003A
:10BAF00027430300414303004FF0FF3307B5684677
:10BB000001A9CDE90033FFF775FF48B14D300AD0E8
:10BB10000121064A064803B05DF804EB11F047B86E
:10BB20006846FFF74BFB03B05DF804FB6E43030070
:10BB300020FA0200002208B511460346034806F029
:10BB400039F9002818BF6FF00D0008BD8C430300C1
:10BB50002DE9F74F05230422CDE90023224B18706D
:10BB600090B9224806F026F9034648B1204A2148F8
:10BB7000012111F01EF86FF00D0003B0BDE8F08F49
:10BB8000FFF7A6FB0020F8E76D4600241A4E1B4F76
:10BB9000DFF87C8055F8049B194BB9F1040F14BFF2
:10BBA000B246BA46504614BFC3469B46F3F789FED9
:10BBB000042813D151465846F3F771FE40B152465E
:10BBC0004946104806F0F6F8034618B10E4ACEE78B
:10BBD000FFF71AFB002CD5D10124DBE749460B48BF
:10BBE00006F0E8F8F0E700BF040B0120A1430300D2
:10BBF000AD43030020FA0200B0C90020B5C90020FF
:10BC0000F50A0120D8430300FB430300EC43030083
:10BC1000F00A0120014B1878FFF79ABF040B0120AE
:10BC2000002313B504460193D0B101AB0E490F4870
:10BC30000DF1020206F0E8F9031E08DC0C480121B0
:10BC40000C4A10F0B6FF6FF00D0002B010BD019B62
:10BC5000002001330CBF04239DF802302370F4E769
:10BC60006FF01500F1E700BF2544030042440300D4
:10BC700020FA02004C44030038B5431E062B05464B
:10BC80000C4608D90346124A1248012110F091FFD0
:10BC90006FF0150038BD042902D90B460E4AF3E7B0
:10BCA0000E4B5A5C0E4B53F820100E4806F082F8EB
:10BCB00040B10346012107480B4A10F07AFF6FF0AC
:10BCC0000D00E7E7094B1D70094B1C70E2E700BF50
:10BCD0007944030020FA02009B44030091460300CC
:10BCE00080060300C0440300D64403009DC9002021
:10BCF0009CC9002013B50446B0B10D490D480DF1A3
:10BD0000060206F081F90128034608D00A480121FD
:10BD10000A4A10F04EFF6FF00D0002B010BDBDF8E2
:10BD2000063000202370F8E76FF01500F5E700BF3C
:10BD3000FB4403000645030020FA02000F45030000
:10BD4000042838B5044619D804281CD8DFE800F0C8
:10BD5000240A241B24000123154AAB4013421BD1A3
:10BD6000012D10D1FFF792FA0346A8B10121114A23
:10BD7000114810F01EFF6FF00D0038BDA0F1140542
:10BD8000EDB2182DE7D90C48234601210B4A10F0DB
:10BD900010FF6FF01500F0E72146094806F00AF899
:10BDA0000028EAD00121074A034810F000FFE2E72B
:10BDB000010C30014A45030020FA020074450300DB
:10BDC000904503009B450300F7B507460124294E23
:10BDD000D6E8EF3FC6E8E24F002AF9D1002B46D162
:10BDE0000DF10700FFF71CFF054660B12146224A0E
:10BDF000224810F0DCFE6FF00D049DF80600FFF7FE
:10BE00009FFF254629E09DF8073003F0FB03012B37
:10BE100023D00DF10600FFF76DFF0028EBD1184885
:10BE200008F0CCF92046FFF78BFF04460028E4D148
:10BE30009FB14FF096720023114808F045F910F1B8
:10BE40000B0F044607D103210E4A0C4810F0AFFE39
:10BE50006FF07304D1E70028CFD10023D6E8EF2F8D
:10BE6000C6E8E13F0029F9D1284603B0F0BD6FF0E4
:10BE70007605F9E7CCFE0020D445030020FA020045
:10BE8000A0CB0020FE450300014807F045BF00BFDE
:10BE900024CB0020024B1868B0FA80F040097047AC
:10BEA000D8FE002070B50646124D4FF0FF324FF01D
:10BEB000FF33114807F060FE2C6844B9082012F0E7
:10BEC0001FFF48B9FFF7E0FF6FF068000DE06368FF
:10BED0009E4207D02468F0E7046046606B682BB987
:10BEE000C5E90000FFF7D0FF002070BD1860686052
:10BEF000F8E700BFD8FE002024CB002038B50F4C57
:10BF000005462368C3B14FF0FF334FF0FF320C48B2
:10BF100007F032FE23680BB11C681BB9BDE838403E
:10BF2000FFF7B2BF28465B6898471CB122682346DA
:10BF30001446F2E72246FAE738BD00BFD8FE0020DB
:10BF400024CB002070B50E461446054600B132B928
:10BF500001210A4A0A4810F048FE002070BD104630
:10BF6000F3F7AFFCB042F8D832462146284612F02B
:10BF7000DCFEB0FA80F04009F0E700BFAB460300FA
:10BF800020FA0200F7B50023054613F0D7FA0E4F4A
:10BF90001646C3510A46044601A928460BF0F0F89C
:10BFA000019AAA420DD012785AB900F10042013A22
:10BFB000033202D9E259222A03D03060002003B0B4
:10BFC000F0BD6FF03C00FAE70C0000002DE9F341F2
:10BFD0001D46002307460E4614460193F3F771FCF5
:10BFE00008281CD13046F3F76CFC082817D124B17F
:10BFF0002046F3F766FC082811D13288B378ADF8F3
:10C0000004200021022201A88DF806300BF0BEF9B1
:10C01000072809D92C4A01212C4810F0E6FD6FF0C1
:10C02000150002B0BDE8F081294B022253F82080B0
:10C030000021F01C0BF0AAF9B8F1000F12D14FF05B
:10C04000FF332B609CB12288A378ADF80420002137
:10C05000022201A88DF806300BF098F9072815D9AF
:10C060001C4AD8E700FB08F028600130EAD03A8883
:10C07000BB78ADF804200021022201A88DF806301B
:10C080000BF084F907280FD9134AC4E7134B53F870
:10C0900020600EB9124ABEE702220021E01C0BF01C
:10C0A00075F970432860E2E70E4B022253F82040F6
:10C0B0000021F81C0BF06AF91CB1444300206C60AD
:10C0C000AFE74FF0FF34F9E73548030020FA0200EC
:10C0D000C80603006A480300B6480300E8060300E8
:10C0E00096480300E80603000023F0B585B0074634
:10C0F0000D4602A804211646CDE9023310F028FCB3
:10C10000044640B103460121184A194810F06FFD5A
:10C11000204605B0F0BD014602AA384610F015FCD5
:10C12000044648B10346134A0121114810F05FFD4F
:10C1300002A810F020FCEBE7314601AA02A810F09B
:10C14000CEFC044610B103460B4AEDE7019B1BB140
:10C15000012B03D12B70EBE70346FBE70121074AD4
:10C16000034810F044FD6FF01504E1E7C4460300F6
:10C1700020FA0200D9480300044903002D490300B6
:10C180002DE9F0471D46002390B00393ADF8103021
:10C190008DF812301646DDE91898072209238246E9
:10C1A0000F4605A80B21CDE9002310F0D1FB044672
:10C1B00048B103460121784A784810F018FD20461E
:10C1C00010B0BDE8F087014605AA504610F0BDFB4F
:10C1D000044648B10346724A0121704810F007FD39
:10C1E00005A810F0C8FBEAE701466B4603AA05A8BC
:10C1F00010F0A3FC044610B103466A4AECE76A4A11
:10C20000009903A8FFF79EFE00284BD00DAAC7F1A6
:10C21000020105A810F063FC041E6AD10D9C052CD8
:10C2200044DC002C5ADB002E3ED1002D68D125467F
:10C230000024B9F1000F43D125F00405012DCFD121
:10C24000B8F1000FCCD000230825CDE90733CDE9A4
:10C250000A338DF824308DF830304FF0FF330295DB
:10C26000C8E90033002F40F08D8029460DEB05030F
:10C2700007AA05A810F061FC092104460AAA02AB2E
:10C2800005A810F05AFC50EA04020BD143460AA953
:10C2900007A8FFF79BFE034620B10121434A3F4810
:10C2A00010F0A5FC00249BE73470BEE75A2C15D192
:10C2B00006B13470002D5AD1B9F1000FF2D05A25D1
:10C2C0000AAAC7F1050105A810F009FC002857D1FA
:10C2D0009DF82830002489F80030ADE7234601217D
:10C2E000334A2E4810F083FC6FF015042346314A80
:10C2F00072E7FBDB06B13470002D98D05A2C36D093
:10C3000005A810F03DFC032836D9C7F1030101ABA5
:10C310000DAA05A810F011FC0146D0B9019B10220E
:10C3200040336B4403F80C0C0DA80BF02FF80923D5
:10C33000E8600193C7F1040101AB0DAA05A810F054
:10C34000FCFB014640B14FF0FF33AB60254604468D
:10C350006FE74FF0FF30EAE7019B102240336B4458
:10C3600003F80C0C0DA80BF011F8A8605FE74FF074
:10C37000FF33C5E902339FE74FF0FF30E860F4E791
:10C380000023A7E7072102AB07AA05A810F0D5FBF9
:10C390002946044672E700BFC446030020FA0200A3
:10C3A000494903007649030059460300414303000D
:10C3B0009F4903004C440300002373B506460D4615
:10C3C000CDE9003300293BD0002839D0042168464C
:10C3D00010F0BEFA044640B1034601211A4A1B4838
:10C3E00010F005FC204602B070BD01466A4630469A
:10C3F00010F0ABFA044648B10346154A0121134830
:10C4000010F0F5FB684610F0B6FAEBE72A46022179
:10C41000684610F07DFB044610B103460D4AEDE777
:10C420000D49D5E9003299424FF008039341E9D212
:10C4300002210A4A054810F0D8FB6FF01504E1E725
:10C440006FF01504CEE700BFC446030020FA0200D7
:10C45000C7490300F449030000E09950214A030052
:10C4600008B530B901210C4A0C4810F0BEFB002081
:10C4700008BD0023013810F8012F2C2A01D1013307
:10C48000F9E7002AF7D10A2BF1D9A3F10900052316
:10C49000B0FBF3F0ECE700BF4E4A030020FA0200C5
:10C4A0002DE9F0430B230D46002107468DB0CDE961
:10C4B00009110493CDF82B10421E12F8013F2C2BCA
:10C4C00001D10131F9E7002BF7D185F830304FF079
:10C4D000FF330331AB6007A810F03AFA044648B1C5
:10C4E00003460121974A984810F081FB20460DB081
:10C4F000BDE8F083014607AA384610F026FA044644
:10C5000058B1C31D15D00346904A01218E4810F042
:10C510006EFB07A810F02FFAE8E70646002104ABEF
:10C5200009AA07A810F009FB044620B10346884A6F
:10C53000EBE70126F2E7874A049909A8FFF702FD15
:10C54000002800F0A580012101AA07A810F0C7FA71
:10C5500004460028DDD1019B002B40F0F080022131
:10C5600002AA07A810F045FB04460028D1D1029B7F
:10C570004FF00708B3F1805FA4BF4FF0FF33029381
:10C58000029B0321AB6005AA03AB07A8CDF80C8082
:10C5900010F0D3FA04460028BBD1039B0A213033A4
:10C5A0006B4403F81C0C2A1D0DF11700FFF7EAFC81
:10C5B00004460028ADD18DF817002A460A2105A8A7
:10C5C000FFF7E0FC04460028A3D1042102AA07A833
:10C5D00010F00FFB044600289BD1029B0521EB6065
:10C5E00002AA07A810F07BFA0446002891D1029B0A
:10C5F0000621AB8205F1100207A810F070FA04467C
:10C60000002886D1414605F1280207A810F031FA2A
:10C61000044600287FF47DAF082102AA07A810F085
:10C620005EFA044600287FF474AF029B09216B85F3
:10C6300002AA07A810F053FA044600287FF469AF55
:10C64000029B0A21AB8505F1200207A810F060FAD1
:10C65000044600287FF45DAF3846FFF701FF85F8F8
:10C660003000C0B200EB800000F10B0407A810F00E
:10C6700087FA84420ED2214605F1180207A810F06D
:10C6800047FA044600287FF444AF95F8303033B9B8
:10C6900000243EE700220023C5E90623F5E76B6B83
:10C6A000002BF5D00F274FF0000895F83030984553
:10C6B00004D3002EECD06FF006042AE76A6B391F12
:10C6C00002EB081207A810F00AFA4FEA081904460C
:10C6D00000287FF41EAF6A6BF91E4A44083207A88F
:10C6E00010F0C7F9044600287FF413AF02AAB91E60
:10C6F00007A810F0F4F9044600287FF40AAF6B6B2A
:10C70000029A4B445A81791E02AA07A810F0E7F951
:10C71000044600287FF4FDAE6B6B029A4B449A816D
:10C720006A6B39464A44043207A810F0D8F9053735
:10C73000044600287FF4EDAE08F10108B5E70124B6
:10C74000E7E600BFC446030020FA0200784A03006F
:10C75000764903003746030000232DE9F04F1646C3
:10C760000B220D469946A1B002AFC7E90F33BA625A
:10C77000F860C7F843304A1E12F8013F2C2B02D153
:10C7800009F10109F8E7002BF6D14FF0FF32302410
:10C7900009F1030886F8383086F83030B260F9685D
:10C7A0004978994215D8414607F1340010F0D0F885
:10C7B0000446C0B10346AF4A0121AF4810F017FA52
:10C7C00007F1340010F0D7F820467C37BD46BDE8AD
:10C7D000F08F04FB03F0F16B013301448A60F16BCD
:10C7E00001448A82DBE7014607F13402284610F053
:10C7F000ACF8044648B3C31D02D003469F4ADBE7AA
:10C80000EA468AB002AA9E4BC2E90705C2E905388A
:10C8100040F2024393849B4B42F8103F00234FF4B5
:10C8200032519548F6F7F8FE0123D5467B61002189
:10C8300007F1280307F13C0207F1340010F07DF9FD
:10C84000044620B10346904AB6E77861EFE78F4A85
:10C85000B96A07F13C00FFF775FB386130B9012177
:10C860008B4A854810F0C1F90024A9E7012107F19E
:10C870001C0207F1340010F032F9044600289FD161
:10C88000FC69012C9CD0022C04D12146814A7A48B3
:10C8900010F0ABF94FF0000A0125D046A9F10A03C8
:10C8A0007B607B68AB4203D9FB685B7843450CD85F
:10C8B0007B69002BD8D06FF006030121764A6E48C1
:10C8C00010F095F96FF006047AE705F10109494681
:10C8D00007F1200207F1340010F08BF9044690B103
:10C8E0006D468AB002AA6D4BC2E90780C2E90539DC
:10C8F000052342F8103F00234FF421515E48F6F71C
:10C900008BFEAD465CE73B6AB3F1805F07DB02213B
:10C91000634A594810F06BF94FF0FF333B623B6AB2
:10C9200007F12C023B650723A91C7B6207F1340049
:10C9300007F1240310F001F9044610B10346594AE7
:10C940003AE77B6A07F118026033134403F84C0C92
:10C950000A2107F14C0207F12F00FFF713FB0446F1
:10C9600010B12346504A27E787F82F000A2107F124
:10C97000480207F12C00FFF705FB04460028F0D120
:10C9800007F12002E91C07F1340010F032F90446E7
:10C9900038B1012100904346444A37480EF056FB17
:10C9A0000EE73B6A07F12002291D07F134007B6581
:10C9B00010F095F8044610B103463D4AFCE63B6A88
:10C9C00007F16002691D07F13400A7F85C3010F030
:10C9D0009FF8044610B10346364AEDE607F15802C7
:10C9E000A91D07F1340010F07AF8044610B103468F
:10C9F000314AE1E607F17002E91D07F1340010F059
:10CA000038F8044610B103462C4AD5E607F1720205
:10CA100005F1080107F1340010F02BF8044610B1BD
:10CA20000346274AC8E607F1740205F1090107F138
:10CA3000340010F01EF8044610B10346214ABBE64C
:10CA400007F1680205F10A0107F1340010F060F8FF
:10CA5000044610B103461C4AAEE607F11A0205F17E
:10CA60000B0107F1340010F004F8044680B30346CC
:10CA7000164AA1E6AA4A030020FA0200784A0300F7
:10CA8000E14A030005000001764903003746030030
:10CA90001E4B03003D4B0300F54E0300744B030097
:10CAA000A64B0300E94B0300094C0300224C030092
:10CAB000584C0300824C0300B64C0300D84C0300D2
:10CAC000004D0300204D0300404D0300654D030061
:10CAD0000C35294607F11A0207F13400B7F91A900C
:10CAE0000FF0C7FF044610B10346514A64E6B9F19E
:10CAF000000F00F08580B44607F1480EBEE80F0035
:10CB0000ACE80F00BEE80F00ACE80F009EE80F0095
:10CB100097F81A908CE80F00B9F1000F1DD0B9F109
:10CB20000A0F15D90A240A230221424A424810F06A
:10CB30005EF83B697B611021204612F0E5F848B9A8
:10CB400002213E4A3C4810F050F808F10108A8E6DE
:10CB50004C46F0E7706386F830404FF00009BC6047
:10CB6000BB684B45F1D0726B691C02EB091207F1EF
:10CB700034000FF0B4FF4FEA091B044610B103461E
:10CB80002F4A19E6726BA91C5A44083207F1340087
:10CB90000FF06FFF044610B103462A4A0CE607F176
:10CBA0002002E91C07F134000FF099FF044610B190
:10CBB0000346254A00E6736B3A6A5B445A81291D95
:10CBC00007F1200207F134000FF089FF044610B18D
:10CBD00003461E4AF0E5736B3A6A5B449A81726BB6
:10CBE00005355A442946043207F134000FF077FF27
:10CBF000044610B10346164ADEE509F10109AFE724
:10CC00003023F46B07F1480C03FB0A44BCE80F0027
:10CC10000FC4BCE80F000FC49CE80F0084E80F00AD
:10CC200096F838300AF1010A013386F838308CE77B
:10CC3000884D0300B24D030020FA02000A4E0300A3
:10CC40003E4E0300624E03008C4E0300AE4E0300C6
:10CC5000D04E03007FB5002306460D46CDE90233D2
:10CC6000002947D0002845D0042102A80FF070FE0B
:10CC7000044640B103460121204A21480FF0B7FF86
:10CC8000204604B070BD014602AA30460FF05DFE9A
:10CC9000044630B103461B4A012119480FF0A7FF93
:10CCA00018E001210DF1060202A80FF0FFFE044674
:10CCB00010B10346144AEFE7BDF8063002A82B7006
:10CCC0000FF05EFF022809D84FF0FF324FF0FF331C
:10CCD000C5E9022302A80FF04EFED1E7022105F1BB
:10CCE000080202A80FF014FF04460028F2D0034601
:10CCF000064AD1E76FF01504C2E700BFC44603003F
:10CD000020FA0200214F0300534F03007C4F030021
:10CD1000F8B50E460446F0B1E9B108210F4AFFF715
:10CD200011F938B90E4801210E4A0FF05EFF6FF07D
:10CD30000400F8BD00250C4F0834214657F8040BB9
:10CD4000F2F7ADFD08B93570F3E701350A2DF4D1DE
:10CD50006FF03C00EDE76FF01500EAE7B14F03001C
:10CD600020FA0200BA4F0300A006030070B50D4C74
:10CD70000D4EC5B2B44212D90C4995230C4A0D4848
:10CD80000DF0E0FB0C480DF0DDFB952108480DF09F
:10CD9000D0FBD4E90031284698470834EAE7F8D3B5
:10CDA00070BD00BFC8790300C8790300B350030009
:10CDB000795003000E1103006319030010B51549E3
:10CDC0001548FEF7A5FD034630B1144A0121BDE820
:10CDD000104013480EF030B9FEF7CEFD044610B1F6
:10CDE000104A0346F2E7FEF7A5FE01210E4804F0C3
:10CDF000E1FF2046FEF7ACFE034608B10B4AE5E72B
:10CE000001460B4804F0D6FF034608B1094ADDE7A6
:10CE100010BD00BFD1500300DA500300E3500300FF
:10CE200020FA02000451030024510300375103008B
:10CE30005851030063510300034610B530B10A4A4C
:10CE40000121BDE8104009480EF0F6B8084B1978EA
:10CE5000084B1878FEF710FF034608B1064AEFE7C3
:10CE6000BDE81040FFF7AABF8351030020FA02007B
:10CE70009CC900209DC90020B851030008B50121BC
:10CE8000034A04480FF0D8FE6FF0150008BD00BF3C
:10CE9000EE510300E0F9020010B5044618B9BDE8F0
:10CEA0001040FFF7EBBF00F0A5F820B12046BDE829
:10CEB000104000F079B80221034A04480FF0BCFE8C
:10CEC0006FF03C0010BD00BF13520300E0F90200F8
:10CED000FF281CBF034B1870034B1B680BB10148A4
:10CEE00018477047060B0120E0FE002010B50378BC
:10CEF00083B9037A03F0FB03012B0BD10FF0A3FEE0
:10CF000040B9BDE810404FF40042002302490348F5
:10CF100007F084BC10BD00BF40C6002070E20020B6
:10CF200010B518B1064811F090FD40B9BDE81040A9
:10CF30004FF0E15200230249024807F06FBC10BDD8
:10CF400040C6002070E2002008B512F0F7FA054B49
:10CF50001B580221044A05480EF06EF86FF03C00A1
:10CF600008BD00BF0C00000040520300E0F90200C1
:10CF70001FB500230393084B4FF4A062029302AB4A
:10CF80000649009306480E2307F0DAFB0548FEF732
:10CF9000B3FC05B05DF804FB5F52030018320120BA
:10CFA00070E20020EDCE010030B585B00446694640
:10CFB0000120F8F72BFD18B1FFF7C6FF05B030BD13
:10CFC0004FF47A71009B019DA3FB013201FB052206
:10CFD0000299044D91FBF5F15B1842EBE172C4E953
:10CFE0000032EBE740420F00014B1860704700BF72
:10CFF000E0FE0020034AD2E90032134314BF0120AF
:10D000000020704768E2002010B5104CD4E90032CF
:10D01000134302D16FF03C0010BD11F07AFD4FF4C4
:10D020007A72A0FB020302FB0131C30B43EA4143C6
:10D03000D4E900209B1A064A4FEAD13161EB000186
:10D04000934271F10001E5DA0020E5E768E2002093
:10D0500080EE36002DE9F0418EB080460F46154631
:10D060000021102268461E4612F053F924220021A6
:10D0700005A812F04EF911F04CFD4FF47A72A0FBA6
:10D08000024302FB0131DFF878C0194BE40B0020AA
:10D0900044EA4144C90BCCE900411E60FFF740FF60
:10D0A0004FF47A72002340463946F2F70BFA114BDF
:10D0B000CDE900015A43694601200292F2F70CFCC7
:10D0C000034650B10C4801210C4A0DF0B5FF032076
:10D0D000FFF7FEFE0EB0BDE8F081684605A909F035
:10D0E00037FF1DB1314605A800F0C6F92846EFE725
:10D0F00060C8002040420F00E0F9020070520300B7
:10D1000068E20020014B1B68FFF7A4BF60C8002045
:10D110002DE9F043A1B006460BA8FEF781FD0546B8
:10D1200040B102210346334A33480DF085FF6FF0CA
:10D130003C045BE09DF82C3003F0FB03012BF6D19F
:10D140002E4FDFF8D090DFF8C480542200210BA8C6
:10D1500057F8044B12F0DDF84FF4806349460C9306
:10D16000204601AB0BAA0EF0BBF9034668B10221C1
:10D17000234A21480DF060FF2DB10221214A1E48AB
:10D180000DF051FFD3E70125DFE7019B02A8D3E9AA
:10D190000621F6F7F3FD034658B11B4A0221164853
:10D1A0000DF04AFF01980EF09DF902A80EF044F828
:10D1B000E2E741F28831154A02A8F6F711FE04466B
:10D1C00010B1134A0346E9E701980EF08BF902A863
:10D1D0000EF032F84FF47A71D8F80030D8F8040025
:10D1E000A3FB013201FB0022C6E90032204621B038
:10D1F000BDE8F0838E520300E0F902000807030047
:10D20000CC5203000E530300E352030058E3002006
:10D21000F8520300C852030010B5064804F0CAFDD6
:10D22000034630B1BDE810400121034A03480DF028
:10D2300003BF10BD4E5303005A530300E0F9020030
:10D24000012801D0152803D10249034811F0EDBB94
:10D25000704700BF64C8002070E20020F0B58DB0B8
:10D26000044600AFF0B10122584B1A70FFF7CCFE14
:10D27000C0B12C21204611F068FD0546A8B96E46C4
:10D2800088B06A46524BC2E905344FF40073938369
:10D29000504B42F8103F4FF4E25103464E48F6F728
:10D2A000BBF9B5463437BD46F0BDF2F70AFB10288E
:10D2B00013D86D4688B06A46484BC2E905344FF42E
:10D2C00000739383434B42F8103F00234FF4E25125
:10D2D0004148F6F7A1F9AD46E4E76B78222B04D07C
:10D2E0006D4688B06A463E4BE7E707230E213A1D9C
:10D2F000A81C0DF055FA062810D86D468AB06A466B
:10D30000384BD461C2E9053040F201331384364B07
:10D3100042F8103F00234FF41151D9E739797A7957
:10D3200001F00F0303EB8303090901EB430102F052
:10D330000F0303EB8303120902EB4302BB79C9B26B
:10D3400003F00F0000EB80001B0903EB4003DBB28E
:10D35000BB61FB79D2B203F00F0000EB80001B0928
:10D3600003EB4003DBB27B613B7A013A03F00F0031
:10D3700000EB80001B0903EB4003DBB23B617B7ACF
:10D38000643103F00F0000EB80001B0903EB400346
:10D39000B87ADBB2FB6000F0070303EB83030409F8
:10D3A00004EB4304030707F10C004FF47A7548BF00
:10D3B0006442FA613962F5F7CBF9A0FB0506234612
:10D3C000002205FB0161FFF745FE6BE7070B01201B
:10D3D0009653030003000001E0F90200C353030069
:10D3E000E65303001D54030004000001632370B5DD
:10D3F00090B006931B4B04461B780D46C3B106AB99
:10D4000007AECDE9036308AB029309AB01930AAB06
:10D4100000930CAA0BAB1449144804F0F5FD821FCD
:10D42000012A034608D90221114A12480DF004FED0
:10D430006FF03C0010B070BD0C9B304664330C9311
:10D440000B9B4FF47A76013B0B93F5F781F9A0FB28
:10D45000060206FB0122069BC4E9000200202B60A5
:10D46000E8E700BF070B01204F5403006B54030093
:10D4700074540300E0F902007FB5114B1B78E3B947
:10D48000D0E90425642495FBF4F60391036804FBBA
:10D490001651029343680132019383680093C36875
:10D4A000084804F087FC034638B10121064A0748C2
:10D4B00004B0BDE870400DF0BFBD04B070BD00BF4A
:10D4C000070B01200455030031550300E0F9020069
:10D4D00006289ABF024B53F820000248704700BF4D
:10D4E0001007030056550300F8B5294D04462B7864
:10D4F00000AF83420AD0062B42D8DFE803F00409CC
:10D5000036383C3F0400012806D12C70BD46F8BDDA
:10D510000D23E340DB07F8D42878FFF7D9FF014655
:10D520002046FFF7D5FF6E468AB06A46194BD06198
:10D53000C2E90531184B1362184B42F8103F002323
:10D540004FF421511648F6F767F88323B546154A7C
:10D55000154916480CF0F6FF2978154822460CF0BC
:10D56000F1FF83210F480CF0E4FF1223D1E700F014
:10D57000FB03012BC8E700F0FD03FAE74223C8E7ED
:10D58000012103460B4A06480DF056FDC4E700BFD3
:10D59000080B012082550300000201030400000271
:10D5A00038FA0200A6550300672803000E11030095
:10D5B000DF550300695503001FB5394D394C002371
:10D5C000CDE902334FF0FF334FF0FF32364806F01B
:10D5D0007BFD0123ADF80C30A36A02932B78032B5B
:10D5E00001D0052BEBD120460EF01FFC0246012195
:10D5F00002A80DF08CFF031E0BDA11F09FFF2B4ADF
:10D60000125852420121009229482A4A0DF01EFD6B
:10D61000D5E70ED120460EF0E3FB03460028DDD00F
:10D6200010F10B0FDAD00121234A21480DF004FD3F
:10D63000C5E7BDF80E30D80713D4BDF90E309906F2
:10D6400021D52B78062B16D0012B14D001211B4A93
:10D6500017480DF0E8FC1A4A012115480DF0E3FCCB
:10D6600009E020460EF0F8FB034640B10121154ABF
:10D670000F480DF0E1FC20460EF09EFB9FE72B7853
:10D68000012BDAD89BE7DA0606D50F4A01210848B4
:10D690000DF0C9FC0D4ADFE71B079FD50C4AF5E7E3
:10D6A000080B012004FF002088CB00200C000000A4
:10D6B00038FA0200055603002E5603006E5603008A
:10D6C0008556030053560300A8560300BE560300B8
:10D6D000E156030030B5454D0C462B6887B04BB979
:10D6E0002378092B09D8DFE803F00A1D286E080803
:10D6F0000877087998470028F2D107B030BD6379E0
:10D7000073B90520FFF7F0FE6B68002BF5D0217987
:10D710006079003918BF012107B0BDE830401847D3
:10D720000120EFE70120FFF7DFFEAB68002BE4D01C
:10D73000E06907B0BDE8304018476368626902934A
:10D74000A3682B4903930023B2F5006F059304915E
:10D7500013D90121274A28480DF065FC6FF07903A1
:10D760000121264A24480DF067FCEB69002BC4D048
:10D77000002007B0BDE83040184721480EF090FB6C
:10D7800003460028ECD1237B012B0DD1238B1C48B1
:10D7900001A9ADF804300EF0BFFA034620B1022112
:10D7A000184A15480DF048FC6369EC680593002C95
:10D7B000A3D0DDE90201A44606AB13E90C0007B0D3
:10D7C000BDE8304060472B69002B96D0E169A08806
:10D7D00007B0BDE8304018476B69F5E7AB69002B2F
:10D7E0008BD007B0BDE83040184700BFE4FE0020F2
:10D7F000090B0120F756030038FA02002A570300EC
:10D8000004FF002049570300B0B5044600AF58B9E3
:10D810001A491B4840F23E231A4A0CF093FE40F28C
:10D820003E2118480CF085FE174B1878012819D9AD
:10D83000FFF74EFE6C468AB06A46144BC2E90530CB
:10D84000134BD361134B1362134B42F8103F134831
:10D8500000234FF42151F5F7DFFE6FF05E00A5467F
:10D86000BD46B0BD0E4D0FCC0FC594E80F0085E846
:10D870000F000120FFF738FE0020F1E76C5703008E
:10D880000E110300A6550300080B01207F5703006B
:10D89000AF570300000201030400000238FA02003F
:10D8A000E4FE0020F0B5ADB0064602AF58B97449A9
:10D8B000744840F25323744A0CF044FE40F2532162
:10D8C00071480CF036FE714B1D78012D1CD0284696
:10D8D000FFF7FEFD6C468AB002AA6D4BC2E9053027
:10D8E0006C4BD3616C4B13626C4B42F8103F0023BE
:10D8F0004FF421516A48F5F78FFEA5466FF05E049C
:10D900002046AC37BD46F0BD0369BB604369FB6090
:10D9100083693B61C36963487B610EF060F93468D9
:10D920005422002107F1500011F0F3FC20460021A1
:10D93000FD653B1D07F150020DF0D2FD044650B1CC
:10D94000594A0346294656480DF076FB64420120A9
:10D95000FFF7CAFDD4E77D6855B3AB68022B5AD1F7
:10D9600007F1180C6446EA69131D1432E64618687C
:10D9700059680833AEE803009342F446F6D1DFF865
:10D980004CC107F12802234603CB9342CCF8000098
:10D99000CCF804101C460CF1080CF4D145F6073302
:10D9A000424928894B80088028230431F8F7D4FFA6
:10D9B00078680DF097FD3B4D3C4B3D4A6B633D4B0A
:10D9C000AB64B368EB62F3682B63042385F85E30C5
:10D9D000394BEB644FF48073C5E915232B650023A5
:10D9E00085F8243073690BB107F10803AB63F36961
:10D9F0000BB107F110030220EB63FFF775FD294817
:10DA00000EF004F90446B0B1012103462B4A244824
:10DA10000DF012FB9BE7012B0BD1EB6923495B68EF
:10DA20004B6045F6073328894B8008802823FA1875
:10DA3000BBE72D6890E70420FFF756FD0320FFF7B2
:10DA400053FD3C220023C7E91644C7E91423A86A02
:10DA5000102315220093012107F15003F8F76AFB08
:10DA6000013008D111F06AFD154B1B580221154AEF
:10DA70000B480DF0E1FA144806F0E4FA40E700BF65
:10DA8000C15703000E110300A6550300080B012027
:10DA90007F570300DC57030000020103040000026B
:10DAA00038FA020004FF0020F4570300AC04012000
:10DAB00009130120D5D601000914012013580300D1
:10DAC0000C0000002B58030088CB0020B00401207C
:10DAD00098B5124B0146187800AF052819D0FFF70A
:10DAE000F7FC6C468AB06A460D4BC2E905300D4B17
:10DAF000D3610D4B13620D4B42F8103F0C480023CD
:10DB00004FF42151F5F788FD6FF05E00A546BD4644
:10DB100098BD08480EF0BCF8F9E700BF080B0120DB
:10DB20007F5703004C580300000201030400000269
:10DB300038FA020004FF002010B5074907480FF02B
:10DB4000BEF8044628B101210346054A05480DF0F8
:10DB500073FA204610BD00BFB5DD01006CFF002048
:10DB60002D59030058FA02002DE9F041DFF84082F8
:10DB70000D46D8F8704000AF072C00F008065BD0C7
:10DB8000132C00F0A080052C40F0B980D8F8548008
:10DB90006C496D480FF08FF818F4805F41D06B49E5
:10DBA00069480FF088F8172418F4006F04D068490A
:10DBB00065480FF080F8182418F4007F0ED06549EE
:10DBC00061480FF078F8644B18F4004F9B6B04D059
:10DBD0000121624A5C480DF02FFA192418F4806F75
:10DBE00004D05F4958480FF066F81A2418F4807F73
:10DBF00019D05C4954480FF05EF81B24EB69002EE5
:10DC000040F09B80C3F3080222B96FEA53236FEA06
:10DC10004323EB6129462046F6F7CAFDBD46BDE821
:10DC2000F0811624C0E718F4005FE7D04E4946485B
:10DC30000FF041F81C24E1E7D8F85C4042484B491A
:10DC40000FF039F8600606D5D8F868300121484A47
:10DC50003D480DF0F1F9E10705D546493A480FF086
:10DC60002AF82624CAE7A20705D5434936480FF00B
:10DC700022F82724C2E7630705D5404932480FF050
:10DC80001AF82824BAE7200705D53D492E480FF099
:10DC900012F82924B2E7E10605D53A492A480FF0DF
:10DCA0000AF82A24AAE7A20605D5374926480FF024
:10DCB00002F82B24A2E723063DD5344922480EF072
:10DCC000FAFF2C249AE7D8F86C8031491E480EF0F0
:10DCD000F2FF18F0020F03D02E491B480EF0EBFFA5
:10DCE00018F0010F03D02C4917480EF0E4FF18F08C
:10DCF000040F83D0294914480EF0DDFF7EE7284A3F
:10DD0000284BE8468AB00F2CC8BF13466A462649FE
:10DD1000103CC2E905134FF400731384234BD46104
:10DD200042F8103F00234FF411510748F5F774FCF7
:10DD30000024C54662E7252460E723F4FF7323F03F
:10DD4000010366E74121030058FA0200572103004E
:10DD5000DB1E03006821030000ED00E081210300C9
:10DD600096210300B12103003B1F03006759030004
:10DD70008059030090590300A6590300C4590300B9
:10DD8000DF590300FC590300115A03002B5A03000A
:10DD90003E5A0300585A0300885A0300B65A03003B
:10DDA000DE210300C92103006423030004000001F5
:10DDB0006CFF002000B5184B9BB01A7872B9174958
:10DDC0004FF49273164A17480CF0BCFB16480CF03F
:10DDD000B9FB4FF4927112480CF0ABFB5A6AD86C45
:10DDE00000929A6A20F005000192DA6A694602926E
:10DDF0001A6B03925A6B04929A6B0592DA6B069235
:10DE00001A6C1B6D07929B0748BF40F00400FFF798
:10DE1000ABFE1BB05DF804FB6CFF00201D5B030034
:10DE2000EA5A03000E1103002D5B0300CB8B06EEB4
:10DE3000900A07EE903A9FED187AF8EE677AF8EEBE
:10DE4000E66A27EE877A9FED156A16EE867A9FEDD1
:10DE5000146A67EE867A9FED136AB1F9203056EEA8
:10DE6000867A06EE903A91F92230B3EE006A00EE1F
:10DE7000103AB8EEC00A27EE077A20EE060AF8EE4E
:10DE8000E66A20EE070A07EEA60ADFED077A81EDC3
:10DE90000E0A80EE270A70470000003900000037A4
:10DEA0000000803A000080380000A045D1ED0E6AE5
:10DEB000F6EE007A9FED537A91F9283016EEA77AA4
:10DEC00006EE903AB1F92630F8EEE66A07EE903A9F
:10DED00066EE876AF8EEE77A66EE876A9FED4A6A31
:10DEE00067EE877A46EE867ADFED486A8B8C67EEBE
:10DEF000A67A06EE103A9FED465AF7EE006AB8EEA3
:10DF0000466A47EE856A26EE266AFDEEC67A17EE69
:10DF1000903A04EE900A002B70D091F92E30DFED8C
:10DF20003D5A06EE903AB1F92C30F8EEE66A07EE6B
:10DF3000903AF8EEE77A67EE877A66EEA56A27EE02
:10DF4000074A77EEA77A9FED347A46EE847AF8EEA8
:10DF5000E46AB1F92A3037EE667A06EE903ADFEDE0
:10DF60002F4AF8EEE66A66EEA46AF5EE004A47EE3E
:10DF7000A46ADFED2B4AF0EE477A9FED2A7A46EE4F
:10DF8000E47A67EE877AB1F9323087EE860A07EED7
:10DF9000103AB1F93030B8EEC77A07EE903AF8EEA1
:10DFA000E77A27EE007A67EE857A27EE007A67EE49
:10DFB000807A9FED1D6ADFED1D6A91F8343060EEC6
:10DFC000266A47EE067A07EE103A26EEA66AB8EE03
:10DFD000C77A66EE266A27EE257A91F92F3047EE4A
:10DFE000267A07EE103ADFED126AB8EEC77A47EEEE
:10DFF000267A9FED107A07EE870A70479FED0E0A8A
:10E00000704700BF00007A470000803800000036EB
:10E010000000003800000037000080490000804701
:10E02000000080390050C345000000300000803BF4
:10E03000000000430000803D0000000091ED0E6AEA
:10E04000DFED306A91F9153086EE267A06EE903AC9
:10E05000DFED2D5AF8EEE66AB7EE000A66EEA56A25
:10E0600091F9163006EE870A06EE903AFAEEC66A85
:10E0700066EE876A4B8A06EE870A06EE903A07EE4E
:10E08000900AFBEEC76A91F9143020EE260A06EEDC
:10E09000103A0B8AF8EE676A07EE903AB3EE005A30
:10E0A000F8EE677ABAEEEF6A67EE857A46EE077A9F
:10E0B00076EEE77A91F9183020EE270A06EE903ACC
:10E0C000CB7DFAEEE56A07EE903AF8EE677A67EEF6
:10E0D000A57A46EE877A67EE807A07EE800ADFED52
:10E0E0000B7AB4EEE70AF1EE10FA07DCB5EEC00ADF
:10E0F000F1EE10FA01D59FED060A7047B0EE670AFF
:10E10000704700BF0000A045000080380000C842F2
:10E1100000000000B1F91A30B0F5C87F07EE903A60
:10E1200028BF4FF4C870FAEEE87ADFED2B6A9FED56
:10E130002B7A07EEA67AF7EE006A07EE900AF0EE69
:10E14000665AF8EE677A91F9193047EE275A07EECA
:10E15000103ADFED237ABAEECE7A91F91C3037EE21
:10E16000277A07EE903A91F90E30FAEECB7A06EE66
:10E17000103AB8EEC66A67EE867A91F83C3045EE02
:10E18000877A07EE103AB1EE006AB8EE477A37EEBA
:10E19000067A91F93D30C6EE075A07EE103A67EE5F
:10E1A000A57AB8EEC77A9FED0F6AF0EE665A47EE91
:10E1B000065AB3EE097A86EEA56A17EE867ADFED87
:10E1C0000A7A67EE277AFCEEE77A82B0CDED017A23
:10E1D0009DF8040002B070476F12033A75021A3BB3
:10E1E000000044426F12033B9A99594006EE900A90
:10E1F000F0B52B4CA1B06D46264607EE902A9FED58
:10E20000297AF8EE666A0F460FCE0FC50FCE76EE6E
:10E21000C76AF8EEE77AB1EE046A9FED237A0FC57C
:10E220000FCE0FC596E80F00403485E80F000FCCE5
:10E2300010AD0FC50FCC0FC50FCC0FC594E80F0064
:10E2400085E80F0020AB03EB870353ED205A07EE60
:10E25000867A9FED166AB7EE000AC5EE867A77EEEB
:10E26000807A27EE277AC6EE877A53ED106A37EE6A
:10E27000807AC6EE867A012377EE807ADFED0C6A2B
:10E28000BB4067EEA67A06EE903AF8EEE66A67EED5
:10E29000A67A67EE277A80EE270A21B0F0BD00BF8C
:10E2A000E0FA0200000000440080A7440000C842D9
:10E2B000BD370634F0B54C4B064618681B7987B05D
:10E2C0008DF80C30002302900DF107000D460493E9
:10E2D0008DF814300EF02DFF044628B10EB94FF022
:10E2E000FF34204607B0F0BD29460EF0E5FE074694
:10E2F0000446002EF3D00028F3D12B4605227120CE
:10E3000004A90EF0BFFD85F84D7004460028E8D141
:10E310002A460721F01C0EF007FD04460028E0D134
:10E320000521701C0EF000FD04460028D9D1B01C58
:10E330000EF0FAFC04460028D3D130460EF0F4FC6F
:10E3400004460028CDD10821301D0EF0EDFC044616
:10E350000028C6D1F3789DF814209B0003F01C031D
:10E3600022F01C021A439DF81330717803F01F034A
:10E3700043EA4113B17823F01C03890001F01C012A
:10E380000B438DF8133031789DF8113001F00701FF
:10E3900023F007030B4331798DF8113008290ABFA8
:10E3A00000210020012002F01F0343EA41138DF8F1
:10E3B00014309DF81030052203F07F0343EAC013A8
:10E3C0008DF8103004A92B4602A80EF011FD04466A
:10E3D0009DF80700002884D0002C82D129460EF039
:10E3E0006BFE04467DE700BF595B030037B51F4B4A
:10E3F0000546D3F88000B3F884300C460090ADF8A1
:10E40000043011B9002003B030BD0521601C0EF0AE
:10E410008BFC0028F6D1A01C0EF086FC0028F1D160
:10E4200020460EF081FC0028ECD16378022D03F128
:10E4300008036B4413F8082CA37803F108036B441A
:10E4400013F8083C1344227802F108026A4412F8D7
:10E45000080C184440F2AB7303FB00F00BBF00F54F
:10E46000865000F5A55040180D30CCE7E0FA0200C8
:10E470002DE9F04FB5B01E4622AB009207460C4680
:10E4800018464822002110F044FF28AB0A900B9355
:10E4900030462EAB0C930EF039FC054628B14FF0F8
:10E4A000FF35284635B0BDE8F08F002CF7D0012F9E
:10E4B00040F0D580014615900D2216A810F029FFD6
:10E4C0004FF00508334611221D2015A90EF0DAFC85
:10E4D0009DF855209DF854C0A2709DF856200CF070
:10E4E000800301929DF857200CF00F0C02929DF8CA
:10E4F0005820237003929DF8592084F801C004929B
:10E500009DF85A209DF862B005929DF85C209DF818
:10E51000649006929DF85D209DF85BA007929DF89F
:10E52000612008929DF863200992B268012A0CBF0D
:10E5300009F030020BF03002134323701B067FD525
:10E54000002840F0978133460122E11C0CF15A006B
:10E550000EF098FC002840F08D81607833465030F2
:10E560000122211DC0B20EF08DFC002840F08281F6
:10E570006078334664300122611DC0B20EF082FC27
:10E58000002840F07781059B4FEA1A1040EA0310FB
:10E59000049B314640EA0330FFF748FC039B84EDBF
:10E5A000020A1809029B40EA0310019B40EA03306B
:10E5B000FFF77CFCDDE9062384ED030A43EA022031
:10E5C000FFF73CFD84ED040AB368012B2AD1099AB8
:10E5D0004FEA991343EA82034FF4802209F00F09AE
:10E5E00022FA09F207EE102ADFEDA47AB8EEC77A14
:10E5F00003EB430303F5206327EE277A07EE903AF7
:10E60000F8EEE77AC7EE276AC4ED056A94F90030A0
:10E61000002B01DB00270225009B002B3FF43FAFBE
:10E620001F703EE7089B4FEA9B1096F93E200BF0C7
:10E630000F0140EA8300FFF7D9FD84ED050AE5E705
:10E64000002840F0178142F21070B36C716808F135
:10E65000FF38984718F0FF087FF434AFD6E7023F41
:10E66000012F00F2048101462F22159016A810F008
:10E6700050FE1A2229460EA80D9510F04AFE334688
:10E6800033221D2015A90EF0FDFB0028C2D1334610
:10E690001E2250200DA90EF0F5FB0028BAD10DF175
:10E6A0002809CA468046DFED753A15AD5AF8047B55
:10E6B0006B78AA78BB70EB78A8791B0143EA023328
:10E6C0002A79000143EA121301936B792A7A40EA0E
:10E6D0000330EB79297840EA13106B7A95F80EB085
:10E6E00043EA022302936B7B2A7C0393EB7B01F0CA
:10E6F000800C0493B36801F00F01012B0CBF02F0F2
:10E70000300E0BF0300E059301F1D0034CEA0E0CE5
:10E7100079700DEB030187F800C011F89CCC87F8E5
:10E7200004C011F892CC11F8881C87F803C07971E5
:10E730003146FFF77BFB019887ED020AFFF7B6FB36
:10E74000029887ED030AFFF779FC059B87ED040A21
:10E75000012B5AD10499930943EA81034FF4802194
:10E7600002F00F0221FA02F207EE902A03EB4303B4
:10E7700003F52063F8EEE77A07EE103A67EEA37A26
:10E78000B8EEC77A87EE870A08F10108B8F1030FDF
:10E7900087ED050A05F1110588D100274A463B4659
:10E7A00052F8041B013391F90010DBB20029BCBF01
:10E7B0000137FFB2032BF3D14A460023164603F17B
:10E7C000010C04321146E646306851F8045B90F9BA
:10E7D00000B090F802A0BBF1000FAB7895F9008073
:10E7E00022DAB8F1000F22DAA3EB0A039BB203F19D
:10E7F00002081FFA88F8B8F1010F02D91BB2022BE8
:10E8000015DD356041F8040C11E0039B4FEA9B10C5
:10E8100096F93E200BF00F0140EA8300FFF7E6FC7B
:10E82000B2E74FF0020ECFE7B8F1000FE9DBBEF11F
:10E83000010FF6D0BCF1020F4FF00103BED14FF033
:10E84000000C4FF0180E0EFB0C4559F8046B0CF140
:10E85000010C0FCE0FC596E80300BCF1030F85E84D
:10E860000300F0D1B7FA87F56D096D00D4E60746CD
:10E870000125D1E605460027CEE600BF00247449F5
:10E8800047F270132DE9F04F91B0074690460E46BF
:10E89000ADF80C3029B94FF0FF34204611B0BDE877
:10E8A000F08F114600200EF007FC04460028F4D13A
:10E8B0006E23874A8DF80B30D2F88600D2F88A1082
:10E8C00004AB03C3B2F88E20022F1A8007AB03C338
:10E8D0001A800AAB03C31A800DAB03C30DF11009F4
:10E8E0001A800DF11C0A00F09980032F61D0012FCE
:10E8F00001D00124D1E75A23414670888DF81030A9
:10E90000FFF708FC64238DF82830B3888DF81C00CD
:10E91000B3F57C6F4BD23F2B04F1010244D803EBDB
:10E920008413DBB200258DF8343043463A46514615
:10E9300048460EF05DFA04460028AED143463A46FA
:10E940000DA90AA80EF054FA04460028A5D14346A2
:10E95000022270200DA90EF095FA044600289CD1E1
:10E960003378012B40F0B180D8F80820012A08BF85
:10E9700002239DF834200DA922F0080242EAC404C3
:10E980009DF8352003A822F00F02154325F030052D
:10E9900045EA0315022243468DF834408DF8355080
:10E9A0000EF026FA044678E714469B08B3E7FF23E7
:10E9B000B8E7F268002A3FF46EAFB568002D3FF467
:10E9C0006AAF377C5FFA84FB5F4501D83D46ACE710
:10E9D0000BF15A03414635F8140009F80430FFF7EB
:10E9E00099FB0BF1640B0AAB03F804B032F8143056
:10E9F0000AF80400B3F57C6F0ED200213F2B01F121
:10EA0000010006D803EB8113DBB20DA90B550134CD
:10EA1000D8E701469B08F1E7FF23F6E7F368002BF0
:10EA20003FF439AFB2680092002A3FF434AF758AE0
:10EA30000022002D08BF0324377C5FFA82FB5F456C
:10EA400018D840F282739D4230D84FF47A735D43F8
:10EA500040F2DD13B5FBF3F50023ADB23F2D03F11A
:10EA6000010220D805EB8315EDB28DF80A50FCB1F8
:10EA7000032412E70193009B0BF15A0133F81200B3
:10EA800009F802104146FFF745FB0BF1640B0AAB96
:10EA900003F802B0019B0AF8020033F812100DA827
:10EAA00081540132C9E71346AD08D7E7FF25DCE7FB
:10EAB000434601220DF10A010DF10B000EF098F909
:10EAC000044600287FF4E9AE80E70346012450E7BE
:10EAD000E0FA020010B58CB00DF107038DF80700C5
:10EAE000029300200123CDE90A1202AACDE908030E
:10EAF000CDE90423039308AB06930223054907934A
:10EB000051F8040B836804AA1C6806ABA04740B206
:10EB10000CB010BDE0FF0020FDEEC07AB8EEE77A41
:10EB200030EE470A9FED0C7A20EE070A9FED0B7A34
:10EB3000B4EEC70AF1EE10FA0CD49FED097AB4EEE8
:10EB4000C70AF1EE10FADEBFBDEEC00AC0ED007AD2
:10EB500080ED010A704700BF00247449000000CF17
:10EB60000000004F10B588B00DF107030493012396
:10EB7000CDE9053104AB0293022307498DF8070064
:10EB8000079251F8040B0393836802AA1C680023C0
:10EB9000A04740B208B010BDE0FF00202DE9F043CF
:10EBA000DFF86C8146684446056907460FCE0FC4FE
:10EBB00089B096E8030084E80300F5F7E9FA044613
:10EBC00030B10346424A012142480EF0C8FA15E02E
:10EBD0002A4641494148F5F7F7F9044610B1034682
:10EBE0003F4AF0E7D8F800000FF070FE50B901215D
:10EBF0003C4A38480CF017FA6FF01204204609B06E
:10EC0000BDE8F083D8F80C0018B10FF05FFE0028C3
:10EC1000EDD0002205F5805383F82422C3F81C228E
:10EC2000314A05F59050C3F85822304A1830C3F8DD
:10EC30005C222F4AC3F86022192283F826220EF0A4
:10EC400079F9044610B103462A4ABCE7EFF70AFDFA
:10EC5000044610B10346284AB5E74FF48053D5F86F
:10EC6000D01105F2152205F1F000EFF73DFD034646
:10EC700038B110F1250F04D00121204A15480EF0BB
:10EC80006EFA082105F5057305F5EA721C48EFF7E1
:10EC9000F7FC4FF000084FF0000900230E22CDE9E9
:10ECA0000133CDE90323CDE906894FF48052154B9A
:10ECB0001549009705F1280005F088FE4FF0E16244
:10ECC0000023CDE90089114807F0A4FC96E700BFB6
:10ECD000E45C0300C8F9020067D10200B85C0300DD
:10ECE000045D0300255D0300D5EA010065EB01002A
:10ECF00063D102003A5D0300545D03006C5D0300C4
:10ED00004807030041FD00001841012080CA00208F
:10ED1000E0FF002070B50D46144606694FF0FF3243
:10ED20004FF0FF33234805F0CFF9102D0AD196EDAF
:10ED3000010A2046FFF7F0FE00241E4805F082F984
:10ED4000204670BD422D08D83C2D0ED81B2D24D056
:10ED500014D80D2D17D00E2D18D00121164A1748A2
:10ED60000CF061F96FF08504E7E73E3D0023042DC8
:10ED70000FD8DFE805F01517191B1D001D2DECD16C
:10ED800096ED050AD5E796ED000AD2E796ED020A60
:10ED9000CFE7B289C4E90023CEE796ED040AC8E7BD
:10EDA000327EF7E7727EF5E7B27EF3E7F27EF1E7B7
:10EDB000327FEFE700CC0020895D0300C8F9020034
:10EDC00008B50221034A04480CF02DF96FF03C000D
:10EDD00008BD00BFA45D0300C8F9020010B50B8890
:10EDE0000469012B07D90D4801210D4A0CF01BF9CC
:10EDF0006FF085000EE04B883B2B08D01D2B0AD806
:10EE00000C2BF0D9074820FA03F3DB07EBD50020E1
:10EE1000C4E9082110BD3D2BF9D0E4E7C8F9020090
:10EE2000895D0300006001282DE9F0411F46164B63
:10EE3000044693F800800D461646A2B0B8F1000FC4
:10EE400015D16846F6F700F83A4631462846289B21
:10EE5000A047044668460CF0BBFAB8F1000F02D098
:10EE60000A4804F059FF204622B0BDE8F0814FF077
:10EE7000FF324FF0FF33054804F07EFE0028E0D05B
:10EE80006FF08304EFE700BF1515012074CB00205D
:10EE9000002300B589B0CDE9063303AB0493042306
:10EEA00003900593A9B10B6806934B68079302235F
:10EEB000111E18BF01210848CDE9002140F2F531AB
:10EEC00004AA00F02BF80028B8BF012009B05DF8B3
:10EED00004FB0123ECE700BF0501004070B53826B4
:10EEE00094B006AB05460C4632460021184610F099
:10EEF00010FACDE90454CDE9020654B1012304AA65
:10EF0000009200210448019302AA00F007F814B00F
:10EF100070BD2046FBE700BF0001004010B4B1F512
:10EF2000004F029C0FD2042B0DD8042C0BD82404C4
:10EF300044EA0364134644EA010201465DF8044BC7
:10EF40000348FFF771BF6FF080005DF8044B704716
:10EF5000217C00002DE9F74F4D4B04461A889B7821
:10EF60000F46ADF804208DF8063019B9002003B023
:10EF7000BDE8F08F38B34FF0000B01464548884696
:10EF800011F8013B6BBBA8EB0408D844384608F1E4
:10EF900003010EF027F905460028E7D0222308F1E7
:10EFA000010A08F10209461C0370BBF1000F2ED1C3
:10EFB00042462146304610F09FF9222305F80A30D8
:10EFC00005F809B00BE0032138460EF00BF90028D4
:10EFD000CCD0D7E9012301A9D21A0FF0F2FE01200B
:10EFE000C5E7222B0BD8072B0ED9A3F10802D2B20A
:10EFF00020FA02F2D20705D50BF1010BBFE75C2B1B
:10F00000BDD1F9E71F2BBAD80BF1050BB7E74FF0CD
:10F010005C0804F1FF3B1BF8013F2BB9222205F8E5
:10F020000A2005F80930DAE71F2B06D9222B04D075
:10F030005C2B02D033700136EDE7304600F8018BCF
:10F040009BF800300D2B0ED8072B10D9A3F1080226
:10F05000052A0CD8DFE802F0031A160B14186223F5
:10F0600073700646E7E7222BFAD05C2BF8D039689C
:10F070007C68411A084A611A08F00EF80536DAE78A
:10F080006623EDE76E23EBE77223E9E77423E7E7F6
:10F09000EA5D030037000004E45D030070B5054637
:10F0A00040B1F0F70EFC074B461C30461B689847F2
:10F0B000044610B90024204670BD3246294610F09F
:10F0C0001BF9F8E78CC80020F8B50D461446074632
:10F0D00000B3F9B1F2B190421CD093B1D66846F4B6
:10F0E0000076E3689B0504D4206A10B10A4B5B6884
:10F0F00098472562E66021463846BDE8F8400EF0A4
:10F10000AFB80846FFF7CAFF054618B1E66826F40F
:10F110000076E6E70020F8BD8CC800202DE9F04F0E
:10F120000C4606468FB0C8B1C1B1057B102D00F06A
:10F13000D9800ADC6B1E072B10D8072B0ED8DFE80E
:10F1400003F023390D0F0D0D0D3B402D00F01B81F9
:10F15000802D00F0B480202D00F0CA80002525E02D
:10F16000A14B18681B790790052120468DF82030A7
:10F170000EF038F80546C8B1D4E9012307A9D21A20
:10F180000FF01FFE012511E0984B062118689B889F
:10F1900007902046ADF820300EF024F80028DDD08E
:10F1A000D4E9012307A9D21A0FF00BFE28460FB0AD
:10F1B000BDE8F08F8E4BD4E70021D0E906891622F6
:10F1C00008A8079110F0A5F8002200234046CDE9D9
:10F1D0000423494642464B46EFF7B8FF90B929F061
:10F1E000004B4FF0FF3240465946824BC246EFF784
:10F1F000ADFFE8B94FF0FF32404659467D4BEFF77F
:10F2000087FFA8B9784907A8F0F753FB04252046E3
:10F21000691C0DF0E7FF0028A0D0034607AA2918B3
:10F220008B4247D100234355A3682B44A360A9E731
:10F230001A21714ACDE9008907A807F02DFF6F490F
:10F24000054604AA07A807F07BFF012826D19DEDFB
:10F25000047B8DED027BDDE9026323F0004732463B
:10F260003B4650465946EFF749FF08B1B246BB4608
:10F27000DDE9020142464B46EFF716FB0022064647
:10F280005F4B21F0004750465946EFF7C5FC024658
:10F290000B4630463946EFF73BFF38B91A21CDE926
:10F2A0000089584A07A807F0F7FE0546192D3FF7D1
:10F2B00055AFACE712F8016B03F8016BB0E70069DA
:10F2C00000283FF44BAFF0F7FCFA451C29462046D6
:10F2D0000DF088FF00283FF441AF2A46316910F055
:10F2E0000BF84FE700690FB0BDE8F04FFFF732BEF3
:10F2F0008668012120460DF075FF00283FF42EAFEF
:10F300005B232C274FF000080370A3680133A36030
:10F31000E3680133E3606EB9022120460DF062FF1D
:10F3200000283FF41BAF5D2346700370E368013B88
:10F33000E36027E721463046FFF7F0FE00283FF460
:10F340000DAF20460DF042FF3368BBB16369204624
:10F35000002B0CBF4FF001094FF0020909F1010128
:10F360000DF040FF00283FF4F9AE077063693BB928
:10F37000431C83F80080A3684B44A3603668CAE747
:10F38000831C4570F5E74B698568002B0CBF01278E
:10F3900002272046791C0DF025FF00283FF4DEAE41
:10F3A0007B230370E3680133E36063690BB10A23D5
:10F3B0004370A36809263B443A27A36063691DBBD9
:10F3C000002B00F08180E168013120460DF00AFF3A
:10F3D00000283FF4C3AE6369002B7FD103467D2232
:10F3E0001A7000225A70A1E7ED5D0300045E03006D
:10F3F0000A5E0300FFFFEF7FF25D0300F95D03008B
:10F400000000B03CFD5D030073B12046E1680DF0E3
:10F41000E9FE00283FF4A2AE0346E268191A8A42C8
:10F420004FD8A3681344A3602146286AFFF792FDD2
:10F4300000283FF493AE20460DF0C8FE63692046D5
:10F44000002B0CBF4FF001084FF0020841460DF0B1
:10F45000C9FE00283FF482AE0770636903B14670AD
:10F46000A368214643442846A360FFF757FE0028BF
:10F470003FF474AE20460DF0A9FE63692A68B3F12B
:10F48000000818BF4FF00108002A18BF08F1010852
:10F49000204608F101010DF0A5FE00283FF45EAE04
:10F4A0002B6813B12C2300F8013B636913B10A23C5
:10F4B00000F8013B00230370A3684344A3602D6858
:10F4C0007CE703F8016BA8E702217EE703F8015B04
:10F4D000E268191A013A8A42F8D880E703460925FA
:10F4E000F6E700BF70B5234D8AB00E4624220021F6
:10F4F000044601A80FF00DFF2B684FF48070984769
:10F500004FF48072034606960AAE0190029295E887
:10F51000070006E907007BB1204601A9FFF7FEFDC1
:10F5200050B101A80DF052FEAE68039956B1019892
:10F530000131B0470446C8B9019808B16B689847D3
:10F54000002413E02B68481C984704460028F3D099
:10F55000039A029B01329A4228BF1A4601990FF082
:10F56000CBFE039BE6546B680198984720460AB08F
:10F5700070BD00BF8CC8002070B504460F4D04B9A3
:10F5800070BDE3682668D90504D4A06870B9206905
:10F590006B6888B9E3689B0503D4206A08B16B687F
:10F5A000984720466B6898473446E8E7FFF7E4FF42
:10F5B000E368DA05EBD5EDE79847EBE78CC8002068
:10F5C00038B50A4B054618680DF05FFE044648B191
:10F5D0001023C3602846FFF761FD206118B920465B
:10F5E000FFF7CAFF0024204638BD00BF8CC80020AA
:10F5F00008B5044B18680DF048FE08B12023C3601D
:10F6000008BD00BF8CC8002008B5044B18680DF079
:10F610003CFE08B14023C36008BD00BF8CC8002079
:10F62000054AD2F8883043F47003C2F88830BFF33B
:10F630004F8FBFF36F8F704700ED00E030B5046867
:10F64000ACB1B4FA84F30122C3F11F03DBB29A40D8
:10F6500024EA0202D0E8EF5FA54204D1C0E8EC2F13
:10F66000BCF1000FF6D1EAD102480B7030BD024860
:10F67000FCE700BF0000AD0B0200AD0B10B5036846
:10F68000CB40DB0710D401238B40026843EA020120
:10F69000D0E8EF4F944204D1C0E8EC1FBCF1000F5A
:10F6A000F6D1F2D1014810BD0148FCE70000AD0BD6
:10F6B0000400AD0B014BC3F8040570470070014016
:10F6C00008B549B9074908484423084A0AF03AFFEF
:10F6D000442106480AF02DFF40F00040C1F88000A8
:10F6E00008BD00BFAC5E03000E1103006F5E030097
:10F6F00008B549B9074908484A23084A0AF022FFD1
:10F700004A2106480AF015FF40F00040C1F8800089
:10F7100008BD00BFB05E03000E1103006F5E030062
:10F72000F7B5334B044658B1012827D03149324848
:10F73000DC23324A0AF006FFDC2130480AF0F9FEE9
:10F740000222C3F8082301220646DA60C3F8040146
:10F75000D3F80431012342F21075254F8DF807309C
:10F7600074B3012C1BD0234923484FF47473244AEB
:10F770000AF0E8FE4FF474712148DFE70022C3F875
:10F7800008035860C3F80021D3F800310DF10706D3
:10F79000E0E70BB301200DF08DFD013D1CD0D7F843
:10F7A0000C3403F48033002EF3D0D7F80C2402F08D
:10F7B00001020FE083B101200DF07CFD013D0BD073
:10F7C000D7F8183403F48033002EF3D0D7F8182478
:10F7D00002F0030232700BB903B0F0BD9DF80700D0
:10F7E0000128F9D10DF066FD013DB9D1F4E700BF64
:10F7F00000500040672803000E110300B45E0300B0
:10F80000F15E0300044B1A7922B9012218601A71C3
:10F810000248704702487047F8FF00200000AD0B17
:10F820000C00AD0B08B50E4B1A795AB90D490E48AC
:10F830004FF498730D4A0AF085FE4FF498710B4807
:10F840000AF077FE1B6833B10520F5F755FC10B9B7
:10F850000520F5F72FFC0122054BC3F8182508BD3C
:10F86000F8FF0020255F03000E110300B45E0300C3
:10F870000050004038B5364C23795BB935494FF418
:10F88000BD73354A35480AF05DFE4FF4BD7132480C
:10F890000AF04FFE58B101284FD031494FF4DF73C1
:10F8A0002D4A2E480AF04EFE4FF4DF71EFE72D4B44
:10F8B000D3F81814D3F81824C90323D502F003038E
:10F8C000022B05D0012B02D00020FFF729FF0123D6
:10F8D000244A0220C2F8183508224FF4827300210E
:10F8E00003F1804303F5A04319601D68012502F16F
:10F8F000804202F5A0421560226812B3194BC3F88A
:10F9000004030FE0D3F81424D207E0D5D3F81C2465
:10F9100002F00302013A012AD6D822681AB1022263
:10F92000C3F8042338BDD3F80421002AFBD00022F9
:10F93000C3F80421D3F80431F4E700224FF48073B4
:10F94000CDE71A68002AFCD019601B68EAE700BFFF
:10F95000F8FF0020255F0300B45E03000E110300D2
:10F96000672803000050004008B5094B1B795BB9BC
:10F97000084909484FF4EC73084A0AF0E3FD4FF4D4
:10F98000EC7106480AF0D5FDBDE80840FFF7C8BE97
:10F99000F8FF0020255F03000E110300B45E030092
:10F9A00010B5164BD3F8002152B10020C3F8000166
:10F9B000D3F800210122C3F80823114B1B68984794
:10F9C0000E4BD3F8042182B10022C3F80421D3F8EE
:10F9D0000421D3F81824D3F81824022102F00302DA
:10F9E000012A03D1C3F818159A6010BDC3F8081393
:10F9F000034B0120BDE810401B6818470050004031
:10FA0000F8FF002001460148FFF718BE98C8002003
:10FA100070B5322402791E4B624352FA81F20832E9
:10FA200033F81240E10526D5C4F3432124F4F854F9
:10FA300023F8124064240026027904FB02340E34B9
:10FA400034F8025F15F4807F03D0C5F34325A94243
:10FA500011D00136202EF3D164240025624302EB3D
:10FA6000C1029D50027904FB02305830FFF706FEB8
:10FA7000084B984200D170BD074908484FF4DC7329
:10FA8000074A0AF05FFD4FF4DC7105480AF051FDAA
:10FA90009CC800200000AD0B473103000E1103008D
:10FAA000825F030008B50268014610460DF00FFCA6
:10FAB00058B90E4940F269330D4A0E480AF042FD2A
:10FAC00040F269310A480AF034FD02F01F0352097E
:10FAD0000B6009D0084940F27233054A05480AF024
:10FAE00031FD40F27231EDE7044808BDF830030003
:10FAF000C53003000E110300672803000025844071
:10FB0000072808B50BD90849084840F2AA33084A23
:10FB10000AF018FD40F2AA3105480AF00AFD8000FB
:10FB200000F5807008BD00BF785F03000E11030070
:10FB3000435F030032235843034B50FA81F10831ED
:10FB400033F81100400B70479CC800203223584303
:10FB5000044B50FA81F1083133F81100C0F3400032
:10FB6000704700BF9CC8002032235843054B50FA11
:10FB700081F1083133F8110010F01C0018BF01208A
:10FB8000704700BF9CC8002032235843044B50FAF2
:10FB900081F1083133F81100C0F34010704700BF05
:10FBA0009CC8002010B5044608460A460DF08FFB9D
:10FBB00058B91D4940F2E5131C4A1D480AF0C2FC21
:10FBC00040F2E51119480AF0B4FC24792046FFF709
:10FBD000BDFF48B117494FF4F373144A14480AF0B3
:10FBE000B1FC4FF4F371EDE711462046FFF7BCFF7F
:10FBF00048B9114940F2E7130C4A0D480AF0A2FC3B
:10FC000040F2E711DEE711462046FFF7BDFF38B1AD
:10FC100020461146FFF78EFFBDE81040FFF770BF8A
:10FC20004FF4BE7010BD00BFC05F0300825F0300D1
:10FC30000E110300E15F0300FF5F0300024611F0B5
:10FC4000010004D003490B6A13600B6203B9002062
:10FC5000704700BF002584402DE9F8430024074683
:10FC60000E4625464FF00108A146B5420DD1124B74
:10FC7000D3F87C2132B10022C3F87C21D3F87C3147
:10FC800044F000442046BDE8F883E8B2FFF738FFAF
:10FC9000A0F58072920808FA02F2174209D000F12A
:10FCA000804303F54433196819B1C3F800901B6809
:10FCB00014430135D9E700BF001003402DE9F74F89
:10FCC0000546554B296DD3F80403C0B240F00040FF
:10FCD000FFF7C2FF061E18DA00236846E96D00939D
:10FCE0004FF00108FFF7AAFF95F85C30DB0759D405
:10FCF000296D4FF00040FFF7AFFF6846E96DFFF751
:10FD00009DFF0028F0D126F000460124002E69D185
:10FD100003B0BDE8F08F94FAA4F4B4FA84F4E108D7
:10FD200004F1080335F8139004F007021DF80130C0
:10FD300008FA02F223EA020301A80DF80130019447
:10FD4000FFF7B0FE019B4FEA990B803350F8237008
:10FD5000C9F3820A1BF0040FD146C7F3014725D02F
:10FD60005246214628460DF0BCFA01A80194FFF73F
:10FD700099FE019BFFB2803350F82330C3F3014357
:10FD80009F4207D1002120460DF015FB3946204641
:10FD90000DF011FB01A80194FFF784FE019B08FA06
:10FDA00003F30362009C002CB5D1A1E7022F0DD113
:10FDB000032120460DF0FFFA0AF00503012BE9D1DB
:10FDC0004A46214628460DF08CFAE3E702212046F8
:10FDD0000DF0F1FABAF1030FF2D0032FDAD1BAF134
:10FDE000020FECE796FAA6F3B3FA83F304FA03F2F0
:10FDF0009B0003F1804303F54433D3F8101526EA42
:10FE00000206D3F810252846C2F30142C1F30421AB
:10FE10000DF067FA7AE700BF0010034032222DE9A7
:10FE2000F3410379214F534353FA81F3083337F8F1
:10FE300013300546DB070C46CEB234D50DF0D8FAA8
:10FE400095F8048021464046FFF79EFE60B12146AA
:10FE50004046FFF76FFE2A6800B202EB80030022E3
:10FE6000C3F81025C3F8102521462846FFF7D0FD1A
:10FE700032222B7901A802FB03660023083627F8FB
:10FE800016300194FFF70EFE019B00EB8300D0F8C3
:10FE90000022074B134043F00203C0F8003205482C
:10FEA00002B0BDE8F0810448FAE700BF9CC800201A
:10FEB000F0F8FCFF0000AD0B0400AD0B2DE9FF4195
:10FEC000166804460D46174646B30DF083FAA0BBEC
:10FED0003346CDE900008DF80E008DF80F000DF1CE
:10FEE0000F0228460DF10E010DF018FA3220237989
:10FEF000674A434353FA85F3083332F8131021F06D
:10FF0000020122F813102379434353FA85F308338F
:10FF100032F8131041F0010122F813107B68002B16
:10FF200047D02679294630461A78D3F80480FFF75F
:10FF30000DFE20B1B8F1000F23D056483CE04FF041
:10FF4000320E0EFB06F6DFF848C156FA85F6083683
:10FF50003CF81630E8B223F4604323F020032CF879
:10FF60001630B8F1000F0CD0032AE6D87B68216860
:10FF70005B681E7801EB86010ABBC1F81025C1F849
:10FF80001025322623794249734353FA85F3083307
:10FF900031F8130020F01C0021F81300237973437B
:10FFA00053FA85F3083331F8130040EA820221F84E
:10FFB0001320BB6863BB384804B0BDE8F081D1F8BA
:10FFC000108528F00308C1F81085216801EB86032D
:10FFD000D3F8101521F4473121F44071C3F81015FE
:10FFE0002902D3F8108501F4F85141EA024141EAAF
:10FFF0000801C3F8101523790EFB030008303CF804
:020000040002F8
:10000000103043EA463343F020032CF81030B8E7B1
:100010002946D3E900872046FFF7FAFCB8F1000F24
:10002000C9D0642320791A4E4343F218F3589845F7
:1000300004D153689F4201D100210CE0642303FBEB
:1000400000600DF10F015830FFF7F8FA124B98429B
:10005000B2D19DF80F1064222379534303EBC103FF
:1000600046F8038023795343322203EBC103334420
:100070005F602379534353FA85F3083336F813202E
:1000800042EA412242F4807226F8132093E700BF2F
:100090009CC800200400AD0B0000AD0B2DE9FF4112
:1000A00005460C461E465AB307793846FFF74EFD03
:1000B00020B921463846FFF767FD40BB2146384648
:1000C000FFF752FD10B15378012B20D001238DF89A
:1000D0000F3000230DF10F01CDE900232046931CC2
:1000E00001320DF01BF932222B793149534353FA77
:1000F00084F3083331F8132042F0030221F813206F
:10010000002E53D021462879FFF720FD18B9294841
:1001100004B0BDE8F08196F800C0322761468B003C
:1001200000212A68224802EB8C02C2F81015C2F89E
:1001300010152A79E1B27A4352FA84F2083230F883
:1001400012E02EF4604E2EF0200E20F812E096F809
:1001500001E0BEF1000F29D02A68B6781A44D2F81F
:1001600010354FEA0E4E23F4981323F4F853C2F8D7
:100170001035230203F4F8530EF4403E3605D2F84E
:10018000108543EA0E0306F48016334343EA08035E
:10019000C2F810352B7907FB0311083130F8113004
:1001A00043EA4C3343F0200320F811300248AFE714
:1001B0009CC800200400AD0B0000AD0B30B56425D9
:1001C0000479044B05FB0434A160017905FB01337C
:1001D000DA6030BD9CC8002038B50C465AB90F49CA
:1001E0000F4840F20D330F4A0AF0ACF940F20D31DE
:1001F0000C480AF09EF905792846FFF7C5FC58B16E
:1002000032235D43084B55FA84F4083433F8143034
:1002100006485B0B137038BD0548FCE720600300FF
:100220000E110300825F03009CC800200000AD0B8C
:100230000400AD0B2DE9F843234B026806469A42B1
:100240000BD02249224840F21E33224A0AF07AF9A2
:1002500040F21E311F480AF06CF9077964201E4DE8
:1002600000FB075898F860405CBB4046A14640221E
:10027000214610300FF04DF83668D8F85080A04570
:1002800012D1002346F30730C6F87C31D6F87C3112
:10029000F4F710FF642303FB075501230F4885F88B
:1002A0006030AB65BDE8F883E0B2FFF729FCA0F54C
:1002B00080739B081F2B04BF46F80090335801340D
:1002C000DDE70748EEE700BF001003402A600300A7
:1002D0000E110300825F03009CC800200000AD0BDC
:1002E0000C00AD0B64210279044B01FB023393F83F
:1002F0006000003818BF0120704700BF9CC8002074
:1003000064235422007913FB002302481844FFF7AA
:10031000B5B900BF9CC8002064235422007913FBA8
:10032000002302481844FFF789B900BF9CC8002089
:100330002DE9F341064600790D461746FFF714FCF8
:1003400058B9364940F2FA33354A36480AF0FAF8D5
:1003500040F2FA3132480AF0ECF833682946D3F813
:100360000423002AA4BF4FF00042C3F804233479C9
:100370002046FFF709FC18B329462046FFF7E6FBA5
:100380008046E8B929462046FFF7D4FB0446FFF72C
:10039000B7FB356822B245F800802B58336803EB71
:1003A0008203D3F8102542F00102C3F8102527B1CB
:1003B00001233268A340C2F8043302B0BDE8F081E3
:1003C0004FB9194940F20E43154A16480AF0BAF8D7
:1003D00040F20E41BEE732235C43144B54FA85F4DD
:1003E000083433F81430C3F38203042B11D0052BE7
:1003F00011D001A80195FFF755FB019A0369D3407D
:1004000003F00103991C284602B0BDE8F0410CF04E
:10041000D2BF0321F7E70221F5E700BFFF5F03002A
:10042000825F03000E110300616003009CC800207E
:100430000148FFF743BC00BF00C9002070B5164655
:100440000D4649B90B490C4837230C4A0AF07AF893
:1004500037210A480AF06DF8094C237943B92A205C
:10046000F4F728FE0123074823712560A66070BDBC
:100470000548FCE7A56303000E1103006C60030050
:10048000000001200000AD0B0C00AD0B38B548B9E1
:1004900018494A23184A19480AF054F84A211648BC
:1004A0000AF047F8164B1B79012B07D015494B234F
:1004B000114A12480AF046F84B21F0E70023124A8D
:1004C00050F8234003F5A2710133082B42F8214074
:1004D000F6D100230C4A00F11C0103F5B27451F867
:1004E000045F0133082B42F82450F6D1036CC2F8A4
:1004F000043338BDA76003006C6003000E110300D5
:1005000000000120B060030000A0024070B51C4E46
:100510003379012B09D01B491B485F231B4A0AF082
:1005200011F85F2119480AF004F80024184D2A2018
:10053000C5F81045C5F81445C5F81845C5F81C455B
:10054000C5F82045C5F82445C5F82845C5F82C450B
:10055000C5F89045C5F89445C5F89845C5F89C453B
:10056000C5F8A045C5F8A445C5F8A845C5F8AC45EB
:10057000F4F7AEFD4FF0FF33C5F80833347170BDAA
:1005800000000120B06003000E1103006C60030046
:1005900000A0024008B5094B1B79012B09D008497E
:1005A00008487A23084A09F0CDFF7A21064809F065
:1005B000C0FF064A8340C2F8043308BD0000012092
:1005C000B06003000E1103006C60030000A0024045
:1005D00008B5094B1B79012B09D00849084882232B
:1005E000084A09F0AFFF8221064809F0A2FF064A37
:1005F0008340C2F8083308BD00000120B06003004A
:100600000E1103006C60030000A00240F8B5012643
:100610000027124B124DD3F80C4304B9F8BD94FADD
:10062000A4F0B0FA80F006FA00F3072824EA0304E5
:100630000BDD0C490C4840F2F3130C4A09F082FF21
:1006400040F2F311094809F074FF094B82009F50F2
:100650002B68002BE1D0A9689847DEE700A0024094
:1006600000000120785F03000E110300D960030031
:1006700000A10240044AD2F80834DB07FBD5016030
:10068000BFF35F8F704700BF00900340B0F5801F3D
:1006900008B50BD31049114840F20713104A09F06E
:1006A00051FF40F207110E4809F043FFC0F30B035E
:1006B0007BB902220B4BC3F884254FF0FF32026056
:1006C000D3F80024D207FBD500220748C3F88425BD
:1006D00008BD0648FCE700BF676103000E11030078
:1006E0000B610300009003400000AD0B0A00AD0B4E
:1006F000B0F5801F38B50BD3104940F29513104A5E
:10070000104809F01FFF40F295110D4809F011FF44
:1007100010F0030409D00C494FF4CB73084A094880
:1007200009F010FF4FF4CB71EFE70123074DC5F837
:100730008435FFF79FFFC5F8844538BD816103000C
:100740000B6103000E1103009B6103000090034046
:1007500008B50268530904D14FF0FF33D340DB07DB
:100760000BD40749074840F26933074A09F0EAFE0B
:1007700040F26931044809F0DCFE044808BD00BFBE
:10078000F83003000E110300C5300300002584403B
:100790000C4B984213D00AD80B4B98420FD00B4BFE
:1007A00098420CD00A4BC31A584258417047094B23
:1007B000984204D0084B984201D0084BF3E701203F
:1007C000704700BF40420F0090D0030020A10700F7
:1007D00048E8010000093D0000127A0080841E00F4
:1007E00073B51446421C06460D4615D0012902D1A8
:1007F000A3B10CF09CFE01A80196FFF7A9FF00EB46
:100800008600D0F80022074B45EA840413401C43BD
:1008100044EA4504C0F8004202B070BD0CF093FEFB
:10082000E9E700BFF0F8FCFF2DE9F843574A4B69B0
:10083000054693420C4690F8049024D017D8544AA9
:10084000934200F08B80534A934200F08A80524AD0
:10085000934200F08980514951484FF4B673514A90
:1008600009F070FE4FF4B6714E4809F062FE4E4A30
:1008700093427CD04D4A93427CD04D4A9342EAD178
:100880004FF0005601E04FF080562422DFF824811B
:10089000E07E02FB0983997F60F3000199772B7951
:1008A000217C02FB03839A7F61F341029A77E77E02
:1008B000EFB9237E3A46012B94BF00230123012187
:1008C0002068FFF78DFF3B463A4601216068FFF73D
:1008D00087FF3B463946A27EA068FFF781FF237C55
:1008E0003A460121E06883F00103FFF779FF2423F2
:1008F00003FB0983E2681A62217C9A7F61F341025B
:100900009A77277FA07C217E637E2A6847B9D4E945
:1009100000C7A468C2F808C5C2F80C75C2F8104533
:10092000003B18BF01230229C2F8C005C2F82465A4
:1009300023D0032924D0012901D143F00203C2F8B6
:10094000543524222B79534358F80330DBB12868FF
:10095000BDE8F84340F30730F4F7ACBB4FF08066D6
:1009600093E74FF0006690E74FF000768DE74FF089
:1009700080468AE74FF0004687E743F00403DEE74E
:1009800043F00603DBE7BDE8F88300BF40420F00F9
:1009900090D0030020A1070048E801006728030069
:1009A0000E110300C461030000093D0000127A002B
:1009B00080841E000C000120431C13B504460DD09A
:1009C000019001A8FFF7C4FE00EB8400D0F80022DC
:1009D000034B134043F00203C0F8003202B010BDD5
:1009E000F0F8FCFF2DE9F84305461F4659B91649B2
:1009F00016484FF40A73164A09F0A4FD4FF40A7121
:100A0000134809F096FD24232E79DFF854905E43B5
:100A100009EB060494F81C80B8F1000F10D1486966
:100A2000FFF7B6FE70B1284649F806206760FFF769
:100A3000FBFE0123074884F81D802377BDE8F88377
:100A40000548FBE70548F9E7A76003000E1103001E
:100A5000C46103000000AD0B0C00AD0B0400AD0B36
:100A60000C0001202DE9F04124270679214C774321
:100A7000E3191B7F05465BB91F49204840F28923D3
:100A80001F4A09F05FFD40F289211D4809F051FD20
:100A9000006840F30730F4F71BFBE35953B12B68B0
:100AA000184A06EBC601C3F80823286804EB810145
:100AB0000CF027FD2B68242505FB0645D3F8080517
:100AC000D3F80C75D3F81085AB7FDB070AD4FFF79A
:100AD00073FF4046FFF770FF3846FFF76DFF286A47
:100AE000FFF76AFF242303FB064400232377BDE8B6
:100AF000F08100BF0C000120006203000E11030012
:100B0000C4610300520108002DE9FF47242307793F
:100B10007A4E824603FB07631B7F0D4690465BB906
:100B200077494FF45773774A774809F00BFD4FF434
:100B30005771744809F0FDFC0B685BB94B684BB109
:100B4000724940F25D336F4A6F4809F0FBFC40F296
:100B50005D31EEE7D5E9022352B95BB16C4940F251
:100B60005E33684A684809F0EDFC40F25E31E0E728
:100B70005B0B02D16B685B0B09D0664940F25F33B7
:100B8000604A614809F0DEFC40F25F31D1E718F0BD
:100B900008090FD0242303FB07631B6A013309D024
:100BA0005D4940F26233574A574809F0CBFC40F2A6
:100BB0006231BEE724237B43F218517F002940F0C5
:100BC0009A80F35823B118F0140F04BF0123537710
:100BD000242495E80F0004FB076404F10C0C8CE856
:100BE0000F00206A421C04D0A37F9B071AD50CF08B
:100BF0009EFC2B68DAF8004023B103F06043B3F1A8
:100C0000005F06D1AB6883B103F06043B3F1005FCE
:100C10000BD02423002203FB076340485A7704B01B
:100C2000BDE8F0870CF08FFCE3E718F0010318BF74
:100C30000123C4F8503518F0020318BF0123EC4615
:100C4000C4F8403595E80F008CE80F00039BC4F80A
:100C50004405C4F84815C4F83425C4F838350023D1
:100C6000C4F81831D4F818310723C4F80035242308
:100C70007B43F218B9F1000F1DD10121F058216119
:100C800058B9D4F81831002BFBD0624640212046D9
:100C90000CF0F9FB24237B43F218F35813BB106AC2
:100CA000451C13D107EBC707204606EB87010CF064
:100CB00028FC1B48B3E7F358A3B9106A411CF8D0CD
:100CC000937F9A070BD50CF03EFCF2E7937F9B07CE
:100CD00002D50CF038FCE5E70CF029FCE2E70CF05B
:100CE00026FCE6E7402318F0040F14BFC4F80833CD
:100CF000C4F80433DDE70B4891E700BF0C00012086
:100D000000620300C46103000E1103002C620300A3
:100D100073620300BA620300696303000A00AD0B4B
:100D20000000AD0B0B00AD0B70B5194D40212A46EC
:100D300018480CF0A8FB48B355F80C3CA5F10C047E
:100D40005BB9154915484FF46D73154A09F0FAFB64
:100D50004FF46D71124809F0ECFB206A421C04D07C
:100D6000A37F9B070FD50CF0EEFB637F1BB10D49F2
:100D700008480CF0C6FB002323720B48D4E900316D
:100D8000BDE8704018470CF0D2FBEEE770BD00BF25
:100D90001800012000B000409F6303000E11030003
:100DA000C46103000C0001201400012038B544097F
:100DB00014D14FF0FF34C440E4070FD50D4C04EBC1
:100DC0008000D0F800520C4C2C4044EA032444EA42
:100DD000820242EA4101C0F8001238BD07490848C2
:100DE00040F26933074A09F0ADFB40F2693105482A
:100DF00009F09FFB00258440F0F8FCFFF830030069
:100E00000E110300C530030038B5857B0446C5B913
:100E1000D0E90003984209D10B490C48F8230C4A49
:100E200009F090FBF8210A4809F083FB062303220E
:100E30002946FFF7BBFF0623032229466068FFF718
:100E4000B5FF012038BD00BFE96303000E110300A8
:100E5000AD63030010B4CC7B8A6803682CB9D1E978
:100E60000041C3F80845C3F80C15C3F8242528220F
:100E700003795343064AD35833B100685DF8044BF5
:100E800040F30730F4F716B95DF8044B704700BF24
:100E900030000120F8B506460D4659B918491948E1
:100EA0004FF48673184A09F04DFB4FF486711648CB
:100EB00009F03FFB28210079144F48433C1894F86F
:100EC0002210C9B93A50A160636084F8251084F8F3
:100ED0002410AB7B284684F82730FFF795FF68B1D4
:100EE0006B7B3046294684F82630FFF7B3FF012399
:100EF000074884F82230F8BD0648FCE70648FAE7C0
:100F0000A76003000E110300AD6303003000012051
:100F10000000AD0B0C00AD0B0400AD0B282108B593
:100F20000D4B027901FB023393F82220012A0BD0EA
:100F30000A490B4840F28F130A4A09F003FB40F2BA
:100F40008F11084809F0F5FA06210268C2F8001569
:100F5000022283F8222008BD300001201064030023
:100F60000E110300AD630300282108B5134B02796D
:100F700001FB023393F822205AB91149114840F27B
:100F80009B13114A09F0DEFA40F29B110E4809F05A
:100F9000D0FA0021996002680C48C2F80803D2F820
:100FA000000220F4BC50C2F80002C2F80015012271
:100FB00083F8241083F8222008BD00BF30000120F0
:100FC000006203000E110300AD63030002029C01E6
:100FD0002DE9F84F03790E4617463BB94B68B3F538
:100FE000005F03D28B68B3F5005F0BD3AA4940F2D0
:100FF0007623AA4AAA4809F0A5FA40F27621A74822
:1010000009F097FAA74D95F82230022B09D0A6498E
:1010100040F27D23A14AA24809F094FA40F27D21D2
:10102000EDE72B68C3B90B78022B09D19F494FF428
:1010300020739A4A9A4809F085FA4FF42071DEE746
:10104000032B09D19A4940F28123944A944809F02C
:1010500079FA40F28121D2E70023046885F8233031
:10106000736833B1F36803F06043B3F1005F40F09D
:1010700091813378023B012B06D8336903F060433A
:10108000B3F1005F40F086818A4BC4F8083395F8CD
:10109000243003F0FF013BB1AB68DFF82882C4F8CD
:1010A00004334046BDE8F88F17F0140F0CBF01233E
:1010B000002385F824303378C7F3001E85F82030EC
:1010C000737807F0080985F82130F268EA607368E0
:1010D0002B61D6F810C0C5F814C0B06885F825E0BB
:1010E000A861EF6196F801E0C4F888E5C4F86011E2
:1010F000D4F860E1C4F84811D4F848E1C4F82411E8
:10110000D4F824E1C4F80411D4F8041117F0010153
:1011100018BF0121C4F8501517F0020118BF0121B2
:10112000C4F840153178032900F2B080DFE801F0FF
:1011300091A78102F80609D55F4940F2F913574A91
:10114000574809F0FFF940F2F91158E7B9F1000FDB
:1011500009D05A494FF4FD73504A514809F0F2F949
:101160004FF4FD714BE7790709D5554940F2FB1360
:101170004A4A4B4809F0E6F940F2FB113FE74FF4C9
:101180008071C4F80012C4F84425C4F8483501231E
:10119000A3604FF4801120460CF023FA0028F8D108
:1011A000D5E90523C4F84425C4F848354FF4802315
:1011B000AB60DFF814812A68B9F1000F40F0C080FD
:1011C0003378032B00F0BC80012B40F08580236036
:1011D0009AB92A69002A5CD04FF0010BDFF8ECA025
:1011E000DFF8EC90514620460CF0FBF9830548BF30
:1011F000C4F814B010EA090FF4D072682B68002A02
:1012000040F09E80002B00F09F80012363617907EE
:1012100044BF0023AB607A065EBFAB6843F00203B5
:10122000AB60AB6843F40073AB60AB68C4F80433E5
:1012300037E7C4F84425C4F848354FF48453C4F85C
:1012400034C5C4F83805C4F80032012323620223F0
:10125000AEE7C4F84425BA06C4F848354BBF4FF48E
:1012600080734FF40073C4F80032C4F800324CBFEE
:101270004FF480230223AB600123236299E7C4F873
:101280003425C4F838354FF48053DCE7DFF8448068
:1012900091E76361A0E700BF3A640300AD63030018
:1012A0000E11030030000120F76B0300206C0300D7
:1012B000706C030002029C01C06C0300D66C03003A
:1012C000EC6C03000B00AD0B0000AD0B0202040040
:1012D000020004000400AD0B0123A360002A8CD19E
:1012E0002A692AB3DFF8C4A0DFF8C4B019EA0A0FEC
:1012F00083D1594620460CF074F910F4007F8146E2
:10130000F4D04FF0807120460CF06BF9D4F8003225
:1013100080B113F4007103D1012289462262626117
:10132000D805E3D54FF4802120460CF05AF904E0AB
:101330006361D7E70123236263614FF00009D5E7BA
:101340002B68002B7FF463AF0022D4F8C434C4F8B8
:10135000C43485F824208BB1104A114913F0010FD1
:1013600014BF90468846013213F0020F18BF904612
:1013700013F0040F0B4B18BF984692E67B063FF51F
:1013800090AE204608490CF0EAF8054B002808BF4B
:10139000984686E6DFF81C8083E600BF0000AE0BAF
:1013A0000100AD0B0200AE0B300001200200040072
:1013B000020204000A00AD0B70B5644C86B02368CD
:1013C0005BB96349634840F2C223634A09F0BAF843
:1013D00040F2C221604809F0ACF8604D0221284675
:1013E0000CF0FFF84FF40071064628460CF0F9F8AF
:1013F000D8B1E6B9A3684FF08071C5F8083302236D
:10140000A360A3682846C5F804330CF0EAF818B1C5
:10141000D5F800329B0503D40122504B1A625A6161
:10142000012384F8233006B070BD002E58D0E56942
:101430006E060AD494F823303BB9444947480CF06F
:101440008EF880F0010084F8230015F0040525D102
:10145000424B94F82520C3F86051D3F86011C3F8CB
:101460005C51D3F85C1112B194F823205AB10022D8
:10147000C3F80022A2603A4AC3F808234FF48062FE
:10148000384BC3F88021238CADF80430E368049313
:101490002369029363690593A36903932F4AD2F8E2
:1014A000C4349807C2F8C4344AD459074AD4DA0776
:1014B0004AD494F823309B00DBB28DF8003094F8C6
:1014C00025300BB984F82430E3695B0703D594F821
:1014D0002330002BA7D0D4E9003168469847A2E713
:1014E0004FF4802128460CF07CF894F82030ABB9FA
:1014F00094F8253053B94FF48062C5F80032A360E8
:10150000174BC5F80833174BC3F8802100238DF81B
:10151000043094F821308DF80530B7E74FF40073AC
:10152000C5F8003240F20223A36003F1CE73C5F880
:101530000833A368C5F804330123AB602B6272E75C
:101540000123BAE70223B8E70323B6E730000120FE
:101550009F6303000E110300AD63030000A0004071
:1015600002029C0100E100E008B50268530904D1C1
:101570004FF0FF33D340DB070BD40749074840F255
:101580006933074A08F0DEFF40F26931044808F089
:10159000D0FF044808BD00BFF83003000E1103005F
:1015A000C5300300002584402DE9F3410C46054673
:1015B0000CF041F820460CF03EF801A80195FFF729
:1015C000D3FF40F20D6600EB8500D0F80032274FC4
:1015D00001943B403343C0F8003201A8FFF7C4FF39
:1015E00000EB8400D0F800323B4033430127C0F8C1
:1015F000003204200BF05EFE092607FA04F8AF4023
:1016000001A80194FFF7B0FF036918EA030F11D195
:1016100001A80195FFF7A8FFC76004200BF04AFE60
:1016200028460CF008F8013E04200BF043FE16F0AB
:10163000FF06E5D101A80194FFF796FFC0F80C80E2
:1016400004200BF037FE20460BF0F5FF04200BF0D2
:1016500031FE01A80194FFF787FF03690448E340C6
:1016600003F00103C01A02B0BDE8F081F0F8FCFFFE
:101670000100AD0B70B503680446033BDBB2052BDC
:1016800003D8094A52F823502DB9A06858B1BDE8D3
:10169000704000F01DB80CF02AF821682B46BDE818
:1016A0007040090C184770BD88070300014B5B6947
:1016B000184700BF64C90020014B1B68184700BFD2
:1016C00064C90020014B5B68184700BF64C9002053
:1016D000014B1B69184700BF64C90020014B9B6880
:1016E000184700BF64C90020014B1B6A184700BFA0
:1016F00064C90020014B5B6A184700BF64C9002021
:10170000014B1B68D868704758000120002230B593
:101710000B4B19680C6894420FD001EBC2039D6813
:10172000A8420BD14FF003020433D3E8CF1F0029A6
:1017300003D1C3E8C02F0028F7D130BD0132EAE75A
:10174000700001202DE9F041002406460F46204696
:10175000DFF854803368A34201D8BDE8F08106EB7E
:10176000C4056B68DBB2012B16D16A68B8F800308B
:10177000B3EB124F10D1022FA8680FD1FFF77AFFF9
:1017800001206B6823F0FF0343F003036B60B8F89C
:1017900000300133A8F800300134DBE70168090CA0
:1017A0000BF055FFECE700BFC404012010B5074C57
:1017B00002216068FFF7C6FF0028F9D101212068E7
:1017C000FFF7C0FF0028F3D110BD00BF7800012053
:1017D00070B5072860D8DFE800F00B5F475F435F14
:1017E0003C0401F0FFFD0320BDE87040F8F740BB6A
:1017F00003202A4BD3F81446D3F81866284B1D78DB
:101800001870EDB201F0BCFD012D10D1254B264A18
:101810009C4212D0230C1B04B3F1886F0DD0A4F5A9
:101820008033203B022B0FD96FF004031360314645
:10183000C4F30B0001F098FD00E014601B4B186826
:10184000F8F71AFA0020CFE7194931F9133013607D
:10185000F4E70024124B20461C7001F091FDEDE7E7
:10186000FFF7A4FF0220BFE70D4B1A78012AD0B280
:101870000ED1104A1168104A8C6854604968116092
:1018800002221A7001F07CFD084B1868F8F7F4F991
:10189000FFF78CFF0120A7E770BD00BF00A002404A
:1018A0000A1501200100500574000120600001208C
:1018B0008A0F03005C000120780001200A23F7B59D
:1018C0004FF47A750C4E0D4F0193316838680BF068
:1018D000E9FE044640B90AF01BFF40B9012001A906
:1018E000F8F7AEF86E30F0D1204603B0F0BD0198A5
:1018F00068430AF00BFFE8E7640001206C00012058
:10190000054B1B782BB9054B1968054B18680BF074
:10191000C9BE0020704700BF0915012068000120E2
:101920007000012070B5164B42681B6822F0FF0260
:1019300042F00202C31A42601248134A0168C3F31C
:101940008913D2E8DF4F651CC2E8D65F002EF8D1BC
:1019500001EBC3014A6892B242EA04424A6002685B
:10196000032002EBC302536823F0FF0343F001039B
:1019700053600AF0CBFE0122044BDA6070BD00BF59
:101980006800012070000120C604012000A0024070
:101990002DE9F04F95B038220021064603A80DF03E
:1019A000B8FC0223049308230693202308930423FE
:1019B0000D93102340250F9380230122CDE911536D
:1019C000D523002157480B921393F8F721F90546C8
:1019D000002840F0A480024653493079FEF72EFDDE
:1019E00003A8FEF753FD34686268B2F59D6F40F0BE
:1019F00093806169E3680B44E16903F59D630B44DF
:101A0000B3F5003F00F28880206829460DF081FC84
:101A100033681C68D3F81C9004F1E802009204F5C6
:101A20003A72019204F16007404A04F1A40804F1FB
:101A3000200BB9F1000F59D1C2F800B000254FF0CA
:101A4000010A2570657084F802A0E570336840468D
:101A50001B69636033685B69C4F814B0A360344BDE
:101A6000C4F81890C3F80080324BE7601F60082369
:101A7000C4F8108084F8A43088F8015088F8025027
:101A800088F8035084F860307D70BD70FD700BF0F5
:101A9000ECFD38460BF0E9FD019A274B31681A60DE
:101AA000009A264B264E1A60264B1960264B274972
:101AB000C3F81046C3F81456254B264C1D80264B00
:101AC00086F800A01D80254B029525601D611B69CD
:101AD0000293029B134B1868F8F7F4F898B10323AC
:101AE0006FF073043370FEF711FD11E09B6904F190
:101AF0004009636433684846DB69C2F800B0236478
:101B000001F04CFC9AE72468002CECD1144B1C70BB
:101B1000204615B0BDE8F08F6FF01504E3E76FF0D5
:101B20002D04F5E760000120D11702005C000120C0
:101B3000700001206C000120680001206400012079
:101B40000A1501205800012000A00240F0490200BF
:101B5000C604012074000120C40401200056004086
:101B60000915012070B5164B42681B6822F0FF0270
:101B700042F00102C31A42601248134A0168C3F3DB
:101B80008913D2E8DF4F651CC2E8D65F002EF8D17A
:101B900001EBC3014A6892B242EA04424A60026819
:101BA000032002EBC302536823F0FF0343F0010359
:101BB00053600AF0ABFD0122044B5A6070BD00BFB8
:101BC000640001206C000120C604012000A0024036
:101BD00010B5FFF773FE0124002203210470817009
:101BE0004270C270FFF7BEFF054B1C700BF050FD3A
:101BF000BDE81040034B47F230511868F8F762B85F
:101C0000091501206000012038B50A4B04461B78F5
:101C1000022BDDB20DD1FFF751FE50B100220121A0
:101C20008460017042708570C270BDE83840FFF773
:101C300099BF38BD0A150120034A126812B1002865
:101C400000DB1047704700BF8C0001202DE9F743EF
:101C5000002581460F461048294690461E460193AE
:101C600006F09AFD041E11DB013420460BF068FDDE
:101C7000C9F8000068B1334642462146019606F095
:101C80008BFD28463C6003B0BDE8F0836FF0150083
:101C9000F9E76FF00B00F6E738FF020010B50E4BC6
:101CA00004461B68A3B1EDF70CFE082810D9237A6F
:101CB0003F2B0DD00949082220460DF053F801466C
:101CC00030B904F108000A22BDE8104005F05EBBFF
:101CD0004FF0FF3010BD00BF8C000120026D0300EB
:101CE0002DE9F34105460020174688461E460BF0B5
:101CF00000FD024640B915B128460BF023FD6FF0F8
:101D00000B0002B0BDE8F0816FF0580300240373AC
:101D1000042305600E4D037244738473C4734472CC
:101D20008472C472C0F80480394603202C700BF012
:101D3000FCFC4FF0FF3301932B78B34201D100201C
:101D4000DFE7022001A9F7F77BFE0028F4D0D8E7EF
:101D50000B150120F8B5054600240F4F57F8046B0A
:101D6000284631460DF049F828B90134042CF5D144
:101D70004FF480300DE06CB1A31E012BF8D8304633
:101D8000EDF79FFD0A220021284405F0F9F940EA09
:101D90000440F8BD2046FCE7A0070300014B186093
:101DA0000020704790000120014B1860704700BF71
:101DB0008C0001200FB42DE9FF410A9C01F0E6FAE6
:101DC00000284AD0002C4BD0284E294F3168386863
:101DD000F8F70EF8002846D1264D31682868F7F745
:101DE00071FF002836D122460BAB03A902A801934C
:101DF000FFF72CFF044658B12868F7F73DFF386815
:101E0000F7F7D0FF204604B0BDE8F04104B07047BA
:101E1000029C2046FFF742FF02230646012220468D
:101E20000399FFF75DFF04460028E5D1DFF84880FD
:101E3000D8F80000FFF78EFF0446D8F800000BF03A
:101E40007BFC2868F7F718FF002CD8D13046FFF745
:101E5000F3FED4E76FF00A04D1E74FF0FF34D1E787
:101E60006FF00D04CEE76FF00A04CBE7A400012069
:101E70009C000120A0000120940001200CB42DE959
:101E8000F04F89B080460F46129C01F07FFA00287F
:101E900000F0A280B8F1000F00F0A180002C00F04B
:101EA0009E80002F00F09E80514DDFF854B12968CC
:101EB000DBF80000F7F79CFF002840F096804D4EBD
:101EC00029683068F7F7FEFE002840F0828022463D
:101ED00013AB07A906A80593FFF7B8FE044618B18F
:101EE0003068F7F7C9FE23E0DDE906930193424B22
:101EF0001D68002D39D00C228246404B1B6802FB26
:101F000003530293029B9D421CD1BAF1000F2CD0C7
:101F10003068F7F7B1FE4A4639464046D047044696
:101F200018B94046FFF716FF044648460BF00AFC76
:101F3000DBF80000F7F736FF204609B0BDE8F04FA8
:101F400002B07047AB68A3420DD9019A48469A4245
:101F500028BF1A46296803930CF004FF18B9039BA5
:101F6000D5F804A01C460C35CCE74846FFF796FE92
:101F700002230546012248460199FFF7B1FE0446B7
:101F80000028ADD1DFF87C904046D9E9004ABA4537
:101F90005246214628BF3A460DF0AEF9BA452046D2
:101FA00007D90BF0C9FB3068F7F766FE6FF006043F
:101FB000BEE7FFF7CFFE0446D9F800000BF0BCFBEC
:101FC0003068F7F759FE002CB2D12846FFF734FEEF
:101FD000AEE76FF00A04ABE74FF0FF34ACE76FF009
:101FE0000D04A9E76FF01504A6E76FF00A04A3E754
:101FF000A4000120A0000120840001208000012015
:102000009C000120940001200EB42DE9F343DDF87B
:102010002480814601F0BAF900285DD0B9F1000FA3
:102020005DD0B8F1000F5AD0304C314F216838687C
:10203000F7F7DEFE002855D12E4E21683068F7F7FD
:1020400041FE002845D14846EDF73BFC451C28469B
:102050000BF076FB044668B93068F7F70DFE6FF0B9
:102060000B043868F7F79EFE204602B0BDE8F04347
:1020700003B0704749462A460CF0A3FE2046FFF7FE
:102080000DFE02238146012220462946FFF728FE45
:102090000446306814B1F7F7EFFDE2E7F7F7ECFD1F
:1020A000B9F1000F144D06DB2868FFF753FE10B995
:1020B0004846FFF7C1FD0AAA41462868019206F08A
:1020C00093FB041E286808BF6FF04C040BF034FB30
:1020D000C7E76FF00A04C4E74FF0FF34C4E76FF0BE
:1020E0000D04C1E76FF00A04BEE700BFA4000120A1
:1020F0009C000120A00001209400012038B5C36895
:102100000446A72B01D0206810E0032907D004293A
:1021100026D0022902D10122154B1A7038BD144B6A
:1021200000681A78022A05D10028F7D0BDE83840A7
:102130000BF002BB0F4D2A6862B12B689847002351
:1021400020682B600BF0F8FA0B4B1868BDE838409C
:10215000F7F792BD094A1060616851600222DCE71E
:10216000074B1B68002BCED000689847CBE700BF19
:102170000B15012088000120A000012094000120FF
:1021800090000120012210B511460B48F7F740FDE1
:1021900070B90A48F7F7D6FD014648B94FF0FF324B
:1021A000074B1A60BDE8104001230522FFF798BDD8
:1021B0006FF02D0010BD00BFA00001209C00012089
:1021C000A400012010B400F11C03D3E8EF2F511E2E
:1021D000C3E8E41F002CF8D1012A0DDC084BD0E83D
:1021E000EF2FC0E8E13F0029F9D1642200215DF81A
:1021F000044B04300DF08DB85DF8044B704700BF00
:102200001EF1010010B500240A4B4FF45072214614
:1022100009481C700DF07DF821462246064B074800
:1022200001310829C3E900029A6003F16803F7D17C
:1022300010BD00BF0C150120A80001201EF10100F7
:10224000164830B5002203464FF0FF34144DD0E855
:10225000EF1FA94204D1C0E8EC4FBCF1000FF6D14A
:102260000CBF0121002112D1682101FB02330122A0
:102270000C49DA61097893F8202061F3451283F85C
:1022800020200222A3F8482083F84A2030BD0132E2
:10229000082A00F16800DAD10846F7E7A800012013
:1022A0001EF101000C15012030B5024600236825FF
:1022B000054905FB03F460180C59944203D001331F
:1022C000082BF6D1002030BDA800012010B504462F
:1022D00004300BF02BFC606C08B1F7F7EDFD064BFA
:1022E000D4E8EF2FC4E8E13F0029F9D12046BDE84A
:1022F0001040FFF767BF00BF1EF1ADDE70B50825C7
:10230000064C074E2368B34202D02046FFF7DEFF9B
:10231000013D04F16804F5D170BD00BFA8000120A3
:102320001EF101002DE9F8430F4C06460025A0469A
:102330004FF068090D4B0E4F18702368BB420CD04C
:1023400009FB058393F8202066F3451283F82020CB
:10235000A36B13B120460BF057FA0135082D04F199
:102360006804EAD1BDE8F883A80001200C1501201B
:102370001EF10100112806DC00280DDB084BC340CC
:1023800003F001007047B0F5817F07D040F21113D0
:10239000C31A5842584170470020704701207047C7
:1023A00041000200034B02685A6082699A604269E8
:1023B0001A607047E8030120012208B5114604485D
:1023C000F7F726FC002818BF6FF02D0008BD00BFEE
:1023D000F40301202DE9F04F85B082460F461646E2
:1023E0001D4600F0D3FF28B90120F7F7F1FB6FF08D
:1023F0000A041CE05AEA070300F050811EB3336858
:1024000023F4A05323F00203002B40F04A817068AC
:1024100038B9B06878B10BF02CFB60B96FF00604E6
:1024200005E00BF020FB0028F3D16FF005042046F7
:1024300005B0BDE8F08FF06828B1B1680BF02DFB56
:1024400008B96B20D1E79A4B4FF47A611868F7F717
:1024500039FC0446002840F02781002F64D0F6B1F3
:10246000336803F4A053B3F5805F18D13368DB04FD
:1024700045D44FF0FF37706808B100F093FD8D4BE5
:102480008D4A1860B368002B08BF01231360F368FE
:102490008A4A002B08BF0623136033681CE00A2217
:1024A0000021384604F072FF4FF6FE73421E9A4236
:1024B00000F2F180824A030243EA10231380002EC7
:1024C000D4D1002301217B4A4FF0FF3713607A4AB1
:1024D00011600621794A1160DFF8F4815046C8F88E
:1024E0000030BAF1000F65D10BF003F9064600BBCE
:1024F0006FF009046E4B1868F7F7BEFB97E73A21B7
:1025000038460CF022FC00B1471C38466D490CF0EF
:1025100074FC0A2228B10021033004F031FE074682
:10252000A9E701463846F8E7654B1880002EC8D069
:102530009FE707615F4BDFF880B11B68DFF87CA184
:10254000B361DBF800303246F361DAF8003047F26D
:102550000D013362D8F80030042073610BF0E5F808
:102560004FF0FF33584F594E03933E603868B042E6
:1025700031D0002840F08B802020D7F80490F7F766
:1025800093FC286070B109F118034D4A0093184676
:102590001288B9F814100BF0DDF8064638BB28682D
:1025A000F7F78AFC6FF0090478680028A2D00BF0D6
:1025B000C3F89FE7EDF785F90BF09BF80646002876
:1025C00096D007615046EDF77CF9514602463068D7
:1025D0000CF092FEAEE7022003A9F7F731FA0028CB
:1025E000C4D06E20F7F7F4FA6FF00A0482E7D9F846
:1025F00008102A6801290AD002291FD01046F7F7CF
:102600005BFC3046F7F758FC6FF00504CCE7082177
:102610001161D8F8001011F0020136D00192B9F81A
:1026200016000130F7F740FC019A90612A68906922
:1026300030B91046F7F740FC3046B1E71621E7E71E
:10264000B9F81410009BB9F816200B4419460CF089
:1026500053FE00202968B9F81620896988542A6831
:102660000092D9F808000BF029FF009A2B685060FF
:10267000DBF800205E619A60DAF80020DA60D8F8B2
:1026800000201A600022DA618EE79161E7E70BF023
:102690005BFF044688E76FF007042BE76FF0010447
:1026A000C5E64FF0FF34C2E66FF00204BFE600BF9C
:1026B000F403012000040120FC030120F8030120A1
:1026C000C8040120236D0300E8030120EEC100BC13
:1026D00004040120F8B548F20F03994205460E465E
:1026E00040D022D848F20D03994233D048F20E036D
:1026F000994233D00069FFF7D7FD044610B3B6F511
:10270000004F1FD9A6F50046013E0B2E1AD8DFE870
:1027100016F0AE00E800B600B600B6003A013A0185
:10272000B600C400190019000B0149F204039942D4
:102730001CD0B1F5104F3FD9C068FFF7B5FD044676
:10274000002848D12868002800F02D81BDE8F84015
:102750000AF0F2BFBDE8F840FFF724BEBDE8F8403C
:102760000BF005BABDE8F8400BF0EEB90369082B91
:1027700000F21981DFE813F01000160009000E00C6
:1027800016001701170118001E000020BDE8F840D0
:10279000FFF7C8BD0120F9E70021E868BDE8F8406F
:1027A0000BF025B90121F8E70021E868BDE8F84001
:1027B0000BF029B90121F8E70069FFF775FD044620
:1027C0000028BFD048F281039E42BBD10146284673
:1027D00000F038FB56E049F202039E4200F0CD8043
:1027E00037D80BF08CF80746E0B91020F7F75CFB00
:1027F0000646B8B1394610220CF08BFD2B68736089
:102800006B683381698A002900F0C8802A8A05F143
:1028100014000AF09FFFF060002840F0BF803046AF
:10282000F7F74AFB28680AF087FF20460BF029F8E3
:1028300058B120460BF063F838B994F8203043F0D3
:10284000800384F820300C23A36120460BF01EF88F
:1028500018E049F203039E423DD049F282039E42B2
:102860007FF470AF0146284600F004FB0AE06B6974
:102870002BB928460BF082FEAA6943681A602846E5
:102880000BF07EFE20460BF04AF8002800F08B800B
:102890002046BDE8F8400AF0B7BF90F8203043F07A
:1028A000010380F820300BF011F818B13E4B186886
:1028B000F7F7E2F994F82030204623F00A0384F871
:1028C00020300BF02CF810B120460AF09DFF204676
:1028D000FFF7FCFCD3E7286969280BD16823A361C3
:1028E000D0E790F82030EE686FF3410380F8203095
:1028F000686918B100F06AFBA061C3E720460AF0DE
:10290000CFFF28B994F8203043F0040384F8203036
:1029100020460AF0C5FF0028B4D0002EB2D0002116
:10292000204600F0C5FAADE76B69F3B928460BF015
:1029300025FEAA6943681A60426892F8203043F085
:10294000040382F82030436822691A61436862698F
:102950005A6183684BB105F1180205F1300152F854
:10296000040B8A4243F8040BF9D194F82230002B6F
:1029700085D0013B84F8223081E790F82230013382
:1029800080F822307EE728460BF0F8FD6B6913B91A
:10299000AB69436073E74FF0FF33FAE731462046F7
:1029A0000AF04FFF6EE7F8BD0804012030B585B08E
:1029B0000546FFF779FC044628B90920F7F708F91E
:1029C0004FF0FF300EE000F0E1FC68B920460AF05D
:1029D0007DFF18B10D4B1868F7F74EF92046FFF749
:1029E00075FC002005B030BD00200AF082FE0146D3
:1029F00008B96920E2E7056101AA47F2090000F081
:102A0000FDFA0028EDD01628EBD0D7E70804012006
:102A10002DE9F04385B08146884615461C460C9F3B
:102A2000FFF742FC40B90920F7F7D2F84FF0FF3327
:102A3000184605B0BDE8F08314B90FB11620F3E7CE
:102A4000B8F1290F00F0ED800CDCB8F1010F12D0C5
:102A5000B8F1060F00F0E180B8F1000F00F0DF8060
:102A60006D20E1E7B8F58D7F00F08880B8F5007F34
:102A7000F6D11E2D08E03D2DF2DC202D0EDC142DAC
:102A80004ED0152D53D0022DEAD138460AF031FE32
:102A90000646002840F0C7806920C5E7A5F121035C
:102AA0001C2BDDD801A252F823F000BF8B2A0200B4
:102AB0008B2A0200612A0200612A0200612A0200B8
:102AC000612A0200612A02008B2A0200612A0200A8
:102AD000612A0200612A0200612A0200612A0200C2
:102AE000612A0200612A0200612A0200612A0200B2
:102AF0004B2B0200532B0200572B02005B2B0200D2
:102B00006B2B0200612A0200612A0200612A020086
:102B1000612A0200612A02003D2B02006F2B020095
:102B20003A46214605B0BDE8F0430BF02DBD3A46CC
:102B3000214605B0BDE8F0430BF034BD3A462146CE
:102B400005B0BDE8F0430BF03BBD01230422019327
:102B500005E00223FAE70323F8E7042201920DEBD4
:102B600002010BF04DFD034662E70523EEE73A460E
:102B7000214605B0BDE8F0430BF042BD6B1E112BA2
:102B80003FF66EAF01A252F823F000BFE32B020024
:102B90000D2C02008B2A0200612A0200FF2B02008A
:102BA000D52B0200612A0200612A0200612A02007C
:102BB000612A0200612A0200F12B02008B2A020026
:102BC0008B2A02008B2A0200612A02008B2A020053
:102BD0008B2A02003A46214605B0BDE8F0430BF0CF
:102BE00032BD3A46214605B0BDE8F0430BF03FBD8B
:102BF0003A46214605B0BDE8F0430BF04DBD3A46DC
:102C0000214605B0BDE8F0430BF058BD3A462146D9
:102C100005B0BDE8F0430BF060BD372D34E71F2D44
:102C200032E7202D30E700230822437202728372BC
:102C3000C372C0F8109040460BF069FC70612846E2
:102C400000F0B8F9B06124B13A46214630680CF082
:102C500053FB314647F20300776001AA00F0CEF93A
:102C6000034600283FF4E4AEDEE600BF2DE9F04362
:102C700085B08146884617461D460C9EFFF714FB1B
:102C800040B90920F6F7A4FF4FF0FF37384605B0EA
:102C9000BDE8F08305B10EB90E20F3E7B8F1290FB6
:102CA00000F08F800CDCB8F1010F11D0B8F1060FE5
:102CB00000F08380B8F1000F00F081806D20E1E723
:102CC000B8F58D7F2AD0B8F5007FF7D11E2F0EE022
:102CD000152F1CD00ADC042F12D0142FEED132464F
:102CE000294605B0BDE8F0430BF02EBD212FE5D1FC
:102CF00030680AF0FEFC0446002864D16920C1E770
:102D00003246294605B0BDE8F0430BF00DBD324612
:102D1000294605B0BDE8F0430BF025BD7A1E122A06
:102D2000CCD801A151F822F09F2D0200AD2D020058
:102D3000F12C0200F12C0200912D0200752D0200F1
:102D4000BD2C0200BD2C0200BD2C0200BD2C0200D7
:102D5000BD2C0200832D0200BD2C0200F12C0200CC
:102D6000F12C0200F12C0200BD2C0200BD2C02004F
:102D7000F12C02003246294605B0BDE8F0430BF0C5
:102D800001BD3246294605B0BDE8F0430BF00CBD4D
:102D90003246294605B0BDE8F0430BF017BD324678
:102DA000294605B0BDE8F0430BF022BD3246294666
:102DB00005B0BDE8F0430BF02DBD372F97E71F2F6F
:102DC00095E7202F93E70023082243720272837253
:102DD000C372C0F8109040460BF099FB6061384612
:102DE00000F0E8F82146A06101AA47F20400D4F8F7
:102DF000008000F003F9074620B140460AF0A2FC2B
:102E000038463FE76268336841469A4228BF1A460F
:102E1000284632600CF070FA40460AF093FC35E721
:102E200008B5FFF7EFF9FFF7C7FA40B901220448E8
:102E30001146F6F7EDFE002818BF6FF02D0008BD13
:102E40000804012010B543690C467BB191F820308D
:102E50006FF3C30381F82030406900F0B7F8044BEA
:102E6000A061BDE810401868F6F706BF10BD00BFAE
:102E70000804012010B591F820300C466FF3C3030D
:102E800081F82030006960B9DBB223F0140343F00D
:102E9000140381F82030054BBDE810401868F6F7A0
:102EA000EBBE00F093F8A061F5E700BF0804012035
:102EB0002DE9F341DFF8E8800546D8F800000191DC
:102EC000F6F700FF074650B1019B002B65D1102398
:102ED000AB614FF0FF37384602B0BDE8F081686C57
:102EE000A8B1ECF7EEFC461C30460AF002FC0446A2
:102EF00078B928460AF0EFFC08B16923AB61D8F82D
:102F00000000F6F7B9FE6920F6F762FEE1E73E46FB
:102F1000EAE72B6804220361002302724372837282
:102F2000C37295F84B2005F148010132920082608E
:102F300014300CF0E1F9F6B13246696C20680BF000
:102F400040FF666095F82030042043F008032246D5
:102F500047F2810185F820300AF0E7FB28460AF0A5
:102F6000BAFC0028B7D128460AF0B0FC40B9A869DD
:102F70000028B0D0C8E726706670A670E670E0E75B
:102F8000022001A9F6F75CFD10F10B0F05D0002817
:102F9000E9D00028B8BF4042B6E77420B4E700BFCC
:102FA0000804012003289CBF014B1856704700BF3E
:102FB000276D0300023835289ABF034B53F82000D1
:102FC0004FF0FF30704700BF8809030070289ABF98
:102FD000024B53F820000248704700BFC4070300AB
:102FE000ADBAADBA013804289ABF034B53F820009C
:102FF0004FF0FF30704700BFB00703004FF0FF33C2
:1030000037B50D4DCA60144615600A4601460420C6
:1030100001930AF08AFB2068A84202D0FFF7D6FF8E
:1030200008E0022001A9F6F70BFD0028F3D00028E4
:10303000B8BF404203B030BDEEC100BC2DE9F04145
:10304000056807460C463DB101F47043B3F5005FD7
:1030500004D1404BC3E90015BDE8F0813E4E336812
:1030600063B144F20402914264D00CD844F20203EA
:1030700099424ED044F20303994253D03868BDE8D8
:10308000F0410AF059BB44F2012221F480739342CB
:103090000FD044F203139942F0D1304C206808B1AC
:1030A0000AF04AFB01222E4B1A7025600420336877
:1030B00026E0DFF8BC80D8F8000008B10AF03CFB3D
:1030C00044F201339C420CBF0322022295F8517056
:1030D000244B254C1A70C8F8005017F008053368C7
:1030E000227810D01AB9052098470123237007F0E1
:1030F0004107012F02D1022033689847012033682D
:10310000BDE8F0411847002AF1D006209847257005
:10311000EDE7164C206808B10AF00EFB0320336877
:103120002560EDE70D4C206808B10AF005FB002290
:103130000B4BB9E72A78032AA0D8DFE802F0020592
:1031400007090720984799E70820FBE70920F9E7D6
:103150000A20F7E71C0401200C04012010040120C0
:103160000D1501200E1501200F150120140401205A
:103170001804012008B50023094A0A4813700A4AB6
:1031800013700A4A13700A4A13700A4A1360012224
:103190001146F6F73DFD002818BF6FF02D0008BD61
:1031A0000F15012024040120111501201015012004
:1031B0000E1501200C04012010B50B4C206818B12D
:1031C0000AF0BAFA00232360084C206818B10AF00C
:1031D000B3FA00232360064C206818B10AF0ACFA59
:1031E00000232360002010BD1804012014040120D6
:1031F0001004012030B4074B1C6844B14368858932
:10320000A4460268C1899BB2E8B230BC604730BCBA
:10321000704700BF2804012037B50125074C4FF443
:10322000FA70656109F072FA002363610193256108
:1032300023690193019B03B030BD00BF00560040DD
:1032400030B50D4D89B0036A03AC01908DF808309C
:103250000FCD0FC42B6801A823600AF004FA40B90F
:10326000044603AD55F8043B984710B90134052CCA
:10327000F8D109B030BD00BF08FF0200034BD3E80E
:10328000EF2FC3E8E10F0029F9D170472C0401208A
:1032900038B50546002850D0436A002B50D0836AC9
:1032A000002B4DD00124294BD3E8EF2F002A03D166
:1032B000C3E8E14F0029F7D145D1686A00F04EF824
:1032C000F6F70EFE224BC8209C6609F01FFA28462E
:1032D000FFF7B6FF044640B901221D4B0220DA6613
:1032E000FFF7CCFF0024204638BDFFF795FF002CE8
:1032F00011DBAB6A20469847164B9C421AD013DC70
:10330000A4F18864033C012C11D82846FFF798FFEC
:1033100004460028E0D001220D4BDA66F6F7F8FDEE
:103320000020FFF7ABFFDEE70B4B9C42EDD06FF0C8
:103330000404F0E76FF00A04EDE76FF00D04D2E744
:103340006FF01504CFE74FF0FF34CCE72C040120D9
:10335000005000400500400401005005014B18607A
:10336000704700BF3004012007B5044BCDE90001D0
:103370001B686846984703B05DF804FB30040120E1
:10338000014B1870704700BF12150120024B1878CE
:10339000431E584258417047121501200021074B27
:1033A00001221970064B1970064B1960064B196003
:1033B000064B18600648F6F72BBC00BF131501201A
:1033C00014150120380401203C0401204C04012084
:1033D00034040120024B186808B1F6F74DBC704761
:1033E0003404012070B4284B1B68196958691A7C91
:1033F00000221A745C7C5A749C7C9A74DC7CDA74AB
:103400001C7D1A755C7D5A759C7D03299A75DC7D3F
:10341000DA7529D0042929D001290FD185681B4EDE
:10342000954210D11A7A012100221972597A5A72E2
:10343000997A9A72DA7A6FF05F02DA72144B70BC82
:103440001868F6F719BC911C00EB81014C682178D3
:10345000622907D0633918BF0121490046F821408D
:103460000132DDE70121F9E7187ADEE7187A1972EF
:10347000597A5A72997A9A72DA7A6FF05F02DA722E
:103480000122044B1A70D9E74C04012040040120AA
:10349000340401201415012008B50A4A0A4B93424E
:1034A0000ED90A4917230A4A0A4807F04BF80A4876
:1034B00007F048F81721064807F03BF81433EEE709
:1034C000FCD308BD58F7020040F602004E6D030021
:1034D0002B6D03000E1103006319030010B50446A1
:1034E000EFF72EFF03480121034A07F09CFD204619
:1034F0000BF0F7F958FA0200666D03002DE9F84366
:1035000004460D4600AFEFF31188202383F31288A1
:10351000BFF36F8F0428314A98BF314BE9468AB018
:103520009668117C98BF53F820306A4688BF2D4BAF
:10353000C2E9073140F201332B4893842B4BC2E997
:10354000050442F8103F00234FF431512848F0F7AA
:1035500063F8CD4645B1EB69C3F3080323B10121FC
:10356000244A234807F05FFD2EB130460BF07CFA69
:1035700008B1037803B92048E9468AB06A461F4B70
:10358000D061C2E9053640F2013313841C4B42F886
:10359000103F00234FF411511548F0F73DF829462C
:1035A000CD462046FFF79AFF042C0CD115498623FF
:1035B000154A164806F0C6FF154806F0C3FF8621D7
:1035C000114806F0B6FF88F31188BFF36F8F3046BD
:1035D000F1F7CCFCBD46BDE8F88300BF50040120E4
:1035E000600A0300756D03008B6D03000500000188
:1035F00058FA0200B36D0300836D0300D46D03001D
:10360000040000010E6E0300EC6D03000E110300B8
:103610002B6E030038B5094B53F82040013053F8A6
:103620002050A54200D838BD636823B120460BF076
:1036300060F90834F5E723689847FAE7740A03004D
:10364000012270B5374B032086B01A70FFF7E2FFF6
:10365000F1F7A0F80420FFF7DDFF334C334DAC4207
:10366000264628D932494323324A334806F06AFFB6
:10367000324806F067FF43212E4806F05AFF54F8FF
:103680000C3C059354F8103C049354F8143C0393F9
:1036900054F8183C029354F81C3C019354F8203C15
:1036A000009354E90A2354E90C0101F02BF954F872
:1036B000303C5E65D3E7AE4204F13004DFD301F065
:1036C000A1FF194C1E4EAC421FD919496723194A54
:1036D000194806F037FF194806F034FF6721CBE799
:1036E000D4E90A23B3F1FF3F08BFB2F1FF3F05D091
:1036F00052EA0301206803D10BF0B8F93034E2E755
:103700003146183002F06AFCF8E7E9D301F0E8FF2F
:10371000EDF756FE0B4A137B23F00103137306B03B
:1037200070BD00BF1515012060F9020090F902007C
:10373000CB6E0300AA6E03000E1103006319030091
:10374000E3EA020060F7002008B50348034A0021BD
:10375000121A0BF0E6F808BDC0CC002018150120A5
:10376000C82370B5134E012203FB0066002386B008
:10377000CDE904230F220193CDE9023218234FF43F
:10378000A0720D4D0D4903FB0055044602FB0011CC
:103790000B4B3046009501F0B5F8737B2C7423F089
:1037A00004037373074B013403EBC423EE606B60B7
:1037B00006B070BD98F60020500401201859012071
:1037C000313B020018510120BFB50020FFF722FF56
:1037D0002E4B03F5006282F3088883F30A880024E5
:1037E000E0232B4D2B4E85F82230EC772C766C762F
:1037F000AC7685F820406B6A274F43F4E0236B6278
:1038000085F82340F1F70AFBF1F758FD4FF0FF333D
:10381000AB62EB62F1F728FFF1F774FDEFF7E8FC1C
:1038200040F201131D4D2846AB81C5E9194403F050
:1038300071FBB560FFF730FE0120FFF7EBFE0220C1
:10384000174DFFF7E7FE01F0C7FF164BB561059373
:10385000012315494FF48052CDE9034328463B46E6
:10386000CDE90144009401F04DF806466A7B2846F4
:1038700022F004026A7301F0DDFA2046FFF770FFC0
:103880003A4631462846F1F7E9FC00BF18510120BD
:1038900000ED00E0500401204136020010F9002044
:1038A00060F70020F86E0300585A012038B50D4C1F
:1038B0000D4DAC4213D90D4919230D4A0D4806F0A0
:1038C00041FE0D4806F03EFE1921094806F031FE82
:1038D0002046D4E901120BF028F81834E9E7F7D3B1
:1038E000002038BDB8CA0020E8CA0020226F0300BB
:1038F000006F03000E110300631903002DE9F04F60
:10390000064689B09046DDE9122306A89946174677
:1039100005910BF000F9DDE90634CDE9023406F13A
:103920001404EFF31185202383F31288BFF36F8F04
:10393000204602F0ADFA60B98823364A3649374846
:1039400006F000FE2146364806F0FCFD882131488D
:1039500033E0204602F0C0FAEFF30583FBB94FF0E5
:10396000200B06F10C0A424630460599EDF7AAFDF8
:10397000034620B32046029302F098FA029B0028E7
:103980003FD140F23113234A2649244806F0DAFD9C
:103990002146254806F0D6FD40F23111D7E757EA17
:1039A0000903DCD021494B23214A1C4806F0CAFDFB
:1039B000204806F0C7FD4B211D4806F0BAFD57EA26
:1039C0000907D7D0DDE9022306A80BF0C8F8DDE926
:1039D00006232946CDE9002317462046524699463C
:1039E00001F05EFBEFF311858BF31288BFF36F8F4D
:1039F000204602F04DFA00289ED0204602F06CFAD4
:103A0000B1E785F31188BFF36F8F184609B0BDE8A1
:103A1000F08F00BF48170300751703000E11030055
:103A20008A170300A0170300B71703003B6F0300BA
:103A3000006F03004F2A0300F8B505460E4600F15B
:103A40001404EFF31187202383F31288BFF36F8FE1
:103A5000204602F01DFA68B988231B4A1B491C48FE
:103A600006F070FD21461B4806F06CFD88211648C3
:103A700006F05FFD204602F02FFA28463146EDF7AA
:103A8000D3FC05F10C000BF030F828B13946204684
:103A9000BDE8F84001F00ABD204602F007FA68B917
:103AA00040F23113084A0C49094806F04BFD214603
:103AB0000A4806F047FD40F23111D8E787F3118834
:103AC000BFF36F8FF8BD00BF4817030075170300E1
:103AD0000E1103008A170300A0170300B717030095
:103AE000002038B50C4C0D4DAC4213D90C49952330
:103AF0000C4A0D4806F026FD0C4806F023FD9521E2
:103B0000084806F016FD20460AF022FF002802DBD6
:103B10002034E9E7F7D338BDB8CA0020B8CA00207E
:103B2000A66F0300816F03000E11030063190300E9
:103B300008B50D4B9B6893F90E30002B09DB202450
:103B4000EFF3118384F31288BFF36F8F07F065FCE6
:103B5000F6E7064906482A23064A06F0F3FC2A211E
:103B6000044806F0E6FC00BF50040120E46F0300A7
:103B70000E110300C36F03002DE9F34104461746FD
:103B80001E46EFF3058565B158496F23584A5948D9
:103B900006F0D8FC584806F0D5FC6F21544806F0D2
:103BA000C8FCEFF31188202383F31288BFF36F8FD3
:103BB000524802F06DF960B98823514A51494D4885
:103BC00006F0C0FC4D49504806F0BCFC88214C482A
:103BD000E5E74A4802F080F9E3684C4A9BB1A068E7
:103BE0009168884229D057EA06032ED1434802F053
:103BF0005DF9A0B188F31188BFF36F8F6FF00F00EC
:103C000002B0BDE8F081916891F90E100133E360D4
:103C100093683A482161A36002F048F978B940F20C
:103C20003113374A3A49334806F08CFC3349394856
:103C300006F088FC40F23111C9E72169E6E788F314
:103C40001188BFF36F8F0020DAE791F90E1090F919
:103C50000E306FF07E029942A8BF19469142B8BF5C
:103C600011468B4202DD0AF089FE05462246414696
:103C7000CDE90076214801F013FA0028E3D0EFF3F4
:103C80001186202383F31288BFF36F8F1B4802F045
:103C9000FFF8002890D0194802F01EF9A068C0B1C2
:103CA000236821699C420AD04BB193F90E309942A6
:103CB000A8BF19466FF07E039942B8BF19460AF0B3
:103CC0005DFE30B131460D4801F0F0FB6FF00A00A7
:103CD00096E7002DF6D1094802F0E8F800289ED0BA
:103CE00086F31188BFF36F8FF0E700BF2E700300DB
:103CF0000C7003000E1103004070030078040120D3
:103D000048170300751703008A17030050040120A9
:103D1000A0170300B717030070B50446EFF305863C
:103D200066B13849D723384A384806F00BFC384882
:103D300006F008FCD721344806F0FBFB8368002B13
:103D40005AD0344A9268934259D1C3683BB9324938
:103D5000EF232D4A2D4806F0F5FBEF21EBE7012B71
:103D600003D0013BC360002070BDEFF31185202319
:103D700083F31288BFF36F8F284802F089F860B987
:103D80008823274A2749214806F0DCFB2349264897
:103D900006F0D8FB88212248CEE7204802F09CF8A4
:103DA0002169A0680AF0EAFD204601F04DFAA06002
:103DB00050B190F90E202261C66701F03BF8294608
:103DC000164801F073FBCEE7E060144802F06EF88D
:103DD00068B940F23113124A14490C4806F0B2FB9C
:103DE0000E49134806F0AEFB40F23111D3E785F3DC
:103DF0001188BFF36F8FB6E76FF01500B4E74FF08F
:103E0000FF30B1E72E7003000C7003000E110300A9
:103E10004070030050040120657003007804012005
:103E200048170300751703008A170300A017030043
:103E3000B71703002DE9F04704460E469046994611
:103E40009DF820A000F10805EFF31187202383F3EC
:103E50001288BFF36F8F284602F01AF868B98823DA
:103E60003C4A3D493D4806F06DFB29463C4806F07A
:103E700069FB8821374806F05CFB284602F02CF8E5
:103E8000BAF1000F00D0666804F10C0001F0DCF913
:103E900058B10023C0F81480C36700F0CBFF284658
:103EA000394601F003FB00201EE0B9F1000F2DD0D0
:103EB000082103F035F8C8B9284601F0F7FF68B9C2
:103EC00040F23113234A2749244806F03BFB294698
:103ED000254806F037FB40F23111CBE787F3118814
:103EE000BFF36F8F6FF00B00BDE8F0870122C0F8C1
:103EF00004800260016801F003015EB922680A4390
:103F00000260626820606AB960600BE04046C8F8F1
:103F10000090EFE73268032A10D80160616839B970
:103F2000C4E90000042104F1140002F0DBFEB6E74E
:103F30000A6802F0030202430A60E5E722F0030286
:103F40000A430260326802F0030240EA020333606F
:103F5000E8E700BF48170300751703000E110300C0
:103F60008A170300A0170300B71703002DE9F743D2
:103F7000064690461F4600F10805EFF311892023FD
:103F800083F31288BFF36F8F284601F081FF68B971
:103F90008823254A2549264806F0D4FA294625488B
:103FA00006F0D0FA8821204806F0C3FA284601F02E
:103FB00093FF3468FCB12368726823F003039442D2
:103FC00020464FF00101336008BF73600AF0E5FC42
:103FD0000446284601F06AFFE8B940F23113124A5C
:103FE0001549134806F0AEFA2946144806F0AAFA15
:103FF00040F23111D7E758EA0703EAD0494628468C
:10400000CDE9008706F10C0201F04AF838B90C4BF3
:104010009B685C6903E089F31188BFF36F8F2046CA
:1040200003B0BDE8F08300BF481703007517030015
:104030000E1103008A170300A0170300B71703002F
:104040005004012038B50446EFF31185202383F393
:104050001288BFF36F8F174801F01AFF68B98823E1
:10406000154A1649164806F06DFA1249154806F029
:1040700069FA8821104806F05CFA0E4801F02CFF1E
:10408000204601F0E1F848B10022C26700F0D2FEFC
:104090002946BDE83840074801F008BAD4E90232A1
:1040A0009A4218BF01330221A36004F1100002F00C
:1040B00019FEEDE77C040120481703007517030083
:1040C0000E1103008A170300F7B5044616461D4675
:1040D000EFF305837BB152EA05030CD02D49882309
:1040E0002D4A2E4806F02EFA2D4806F02BFA88218C
:1040F000294806F01EFAEFF31187202383F3128874
:10410000BFF36F8F274801F0C3FE60B98823264AAA
:104110002649224806F016FA2249254806F012FAE6
:1041200088212148E5E71F4801F0D6FEA368D3B1F6
:10413000013B1C48A36001F0B9FE68B940F231139D
:10414000194A1C49154806F0FDF916491A4806F0A7
:10415000F9F940F23111E4E787F31188BFF36F8F6B
:10416000002003B0F0BD56EA05030BD10D4801F065
:104170009DFE0028E2D087F31188BFF36F8F6FF0A8
:104180000F00EEE722463946CDE90065054800F00C
:1041900087FFE6E79C7003007C7003000E110300AC
:1041A0004F2A03007C040120481703007517030001
:1041B0008A170300A0170300B717030070B5044661
:1041C000EFF31185202383F31288BFF36F8F154817
:1041D00001F05EFE68B98823134A1449144806F0BA
:1041E000B1F91049134806F0ADF988210E4806F0E0
:1041F000A0F90C4801F070FE6FF00A06204601F0AD
:1042000023F818B1C66700F015FEF7E7A060022199
:1042100004F1100002F066FD2946BDE87040014837
:1042200001F044B97C04012048170300751703000E
:104230000E1103008A1703001FB5094A02AB92E86A
:1042400003004FF4006283E80300009305494FF038
:10425000FF33054800F074FA002005B05DF804FB58
:1042600030FF0200586A012028F800202DE9F043B1
:1042700005466D4E6D4F85B0EFF31188202383F313
:104280001288BFF36F8F304601F002FE68B98823B1
:10429000674A6849684806F055F96349674806F077
:1042A00051F98821624806F044F9304601F014FEC5
:1042B000D5F8C840ACB9022105F1E0000AF094FB42
:1042C000002837D100234FF0FF3202934FF0FF3325
:1042D0004146CDE90023304605F1D00201F0EEFC65
:1042E000CAE7D5F8CC202368944208BFC5F8CC3083
:1042F000C5F8C830D5F8E030304643F00203C5F8C1
:10430000E030E368D4F8049023F0040343F00103A1
:10431000E36001F0CBFDB8B940F23113444A48499B
:10432000454806F00FF94049464806F00BF940F2BF
:104330003111B7E705F1D80400220121204601F030
:104340005FFC0028F8D1BDE788F31188BFF36F8FB9
:10435000B9F1000F0AD13C49374840F2AF233B4A3C
:1043600006F0F0F840F2AF2138489CE72046C847F5
:10437000EFF31188202383F31288BFF36F8F304649
:1043800001F086FD002882D0304601F0A5FDE368EB
:10439000D90623F0010231D4E260E3689A0716D50A
:1043A000386823F00203E36088B10021036870B12C
:1043B0004268944230D1036841BB7A683B608242D4
:1043C00000D17B60002340F8083BFFF73BFED5F8A7
:1043D000E030304623F00203C5F8E030C3F3002498
:1043E00001F064FD002897D088F31188BFF36F8F28
:1043F000002C7FF441AF01F0F7F93DE723F0110302
:10440000E36004F11000FFF71DFEC6E70B607B6858
:10441000834208BF7960D5E723B11A680146184680
:104420001346C4E71A46F9E78804012080040120F6
:1044300048170300751703000E1103008A170300C5
:10444000A0170300B717030035710300F3700300D2
:10445000F8B5C36804469A070F46C3F3400639D43B
:104460005B0725D40B680BB983680B60E368DD0735
:1044700021D5A3685BB9284928484FF4AF73284A6F
:1044800006F060F84FF4AF71254806F052F80226A6
:104490003B603D68002D3CD0224B9B68AB420CD06A
:1044A000D5F8E030D807C3F3800216D46FF01206B7
:1044B00000233B6027E00126EBE70AF0CCFAD5F8B1
:1044C000E0300028EED1D907C3F3C002EED552B1D7
:1044D0005B0708D46FF00F06EAE7002AFAD1C3F3AE
:1044E000C003002BF6D100232360D5F8CC3063B98C
:1044F000C5E9324428460AF091FAE36843F0040320
:10450000E3603B68A3603046F8BD1C60C5F8CC4052
:10451000F0E76FF01506CBE7147103000E110300EE
:10452000F37003005004012073B50446EFF31185C6
:10453000202383F31288BFF36F8F1E4801F0A8FC7D
:1045400068B988231C4A1D491D4805F0FBFF19491D
:104550001C4805F0F7FF8821174805F0EAFF1548C9
:1045600001F0BAFC00230321201F0193A4F11006DF
:104570000AF03AFA28B1A369304601A90193FFF77E
:1045800067FF0C4801F092FC68B940F231130A4A07
:104590000D490B4805F0D6FF06490C4805F0D2FF3F
:1045A00040F23111D8E785F31188BFF36F8F02B065
:1045B00070BD00BF88040120481703007517030071
:1045C0000E1103008A170300A0170300B71703009A
:1045D00038B50446EFF31185202383F31288BFF327
:1045E0006F8F184801F054FC68B98823164A1749A0
:1045F000174805F0A7FF1349164805F0A3FF8821C7
:10460000114805F096FF0F4801F066FCE4680D487C
:1046100004F01F0401F04AFC68B940F231130A4A61
:104620000D490B4805F08EFF06490C4805F08AFF3E
:1046300040F23111E4E785F31188BFF36F8F204614
:1046400038BD00BF88040120481703007517030018
:104650000E1103008A170300A0170300B717030009
:1046600037B50C46019059B928494FF4C273284A0E
:10467000284805F067FF4FF4C271254805F059FF3F
:104680004B684BB9244940F28513214A214805F073
:1046900059FF40F28511F0E7EFF31185202383F3F2
:1046A0001288BFF36F8F1D4801F0F2FB60B98823B9
:1046B0001B4A1C49174805F045FF18491A4805F0E0
:1046C00041FF88211648D9E7144801F005FC20462F
:1046D00001A9FFF7BDFE0446104801F0E7FB68B9E9
:1046E00040F231130E4A11490A4805F02BFF0B49DD
:1046F0000F4805F027FF40F23111E3E785F31188F9
:10470000BFF36F8F204603B030BD00BF8D71030033
:10471000F37003000E1103002F71030088040120C1
:1047200048170300751703008A170300A01703003A
:10473000B7170300014601480AF077B928F80020AE
:10474000F0B589B004460E9D58B92E4940F2DF23DA
:104750002D4A2E4805F0F6FE40F2DF212A4805F0EA
:10476000E8FE49B92A494FF43873274A274805F02B
:10477000E9FE4FF43871F1E7D0F8E00010F00100E5
:1047800009D0244940F2E1231F4A204805F0DAFE0F
:1047900040F2E121E2E7C4E9320004F1D000C4E9CB
:1047A000340004F1D800C4E936004DB3287900285C
:1047B00040F2011008BF0120C4F8E00000204FF0D3
:1047C000FF364FF0FF37CDE90330CDE90100CDE9E9
:1047D00006672046104B009400F0F8F855B12968A0
:1047E00011B120460AF03DF96B791BB1237B43F0F0
:1047F00001032373204609B0BDE8F0400AF036B942
:104800000120D9E74C710300F37003000E1103007F
:1048100052710300587103006D420200F7B516464D
:104820001D460C46019059B92C492D4840F2F933E8
:104830002C4A05F087FE40F2F9312A4805F079FE4E
:10484000EFF31187202383F31288BFF36F8F26487D
:1048500001F01EFB60B98823244A2549204805F051
:1048600071FE2149234805F06DFE88211F48E5E7C8
:104870001D4801F031FB20460AF0C1F855EA060355
:1048800016D1204601A9FFF7E3FD0446164801F0C2
:104890000DFBE0B940F23113144A1749104805F0F6
:1048A00051FE1149154805F04DFE40F23111DDE78A
:1048B000E36804F1100043F00803E360019B324613
:1048C000A3620F492B4601F089FB0124DEE787F341
:1048D0001188BFF36F8F204603B0F0BD8C710300C9
:1048E0000E110300F3700300880401204817030031
:1048F000751703008A170300A0170300B7170300FA
:10490000294502002DE9F04385B00F9D04460F2D87
:104910000E46984637D1274B984538D104F15803B5
:10492000C4E91633109B0027237304230732A573B1
:1049300022F0070506EB0509494663732046C4E9E2
:104940000677A760E773EFF7C7FF0E9B073020F0ED
:104950000700E066C4E9196502930D9BA9EB000905
:1049600001930C9B4A460093314643462046F0F79C
:1049700031FC114B67659B6803B11B6F4846236789
:1049800005B0BDE8F08305F110031E2BC6D94FF426
:1049900003730A4A0A490B4805F0D4FD29460A4820
:1049A0006FF00F030E2205F0CDFD4FF403710348A5
:1049B00005F0BFFD313B020050040120A17103004E
:1049C000C47103000E11030044720300F0B587B0F8
:1049D0000446DDE91276EFF3058575B1194940F219
:1049E0009623194A194805F0ADFD194805F0AAFDAE
:1049F00040F29621144805F09CFD0595109D049504
:104A00000F9D03950E9D02950D9D01950C9D0095A2
:104A1000FFF778FFB6F1FF3F08BFB7F1FF3F05D0C2
:104A200056EA070305D1204600F086FD204607B070
:104A3000F0BD3A463346074904F1180001F0CEFABA
:104A4000F4E700BF2E700300A17103000E110300F4
:104A500075720300E3EA020038B5144D2B4653F893
:104A60001C4F9C4200D004B9EC68AB68A8B963B98C
:104A70000F49C8230F4A104805F064FD0F4805F0A0
:104A800061FDC8210B4805F054FD5A7BD20604D1C4
:104A9000A26912B9DA897F2A05D89C4202D0204641
:104AA00001F06AF92346AB6138BD00BF5004012014
:104AB000C67203009A7203000E1103004F2A03000E
:104AC00008B590F90D200146002A437B11DA03F066
:104AD0007F0343730B4B984209D10B490B4880234A
:104AE0000B4A05F02FFD8021094805F022FD09F051
:104AF000BFFF084B9868431A58425841BDE8084028
:104B0000FFF7AABF98F600200F7303000E110300F1
:104B1000ED7203005004012008B583685BB90A49AF
:104B20000A4840F22E230A4A05F00CFD40F22E21DD
:104B3000074805F0FEFC09F09BFF437B23F00203CE
:104B400043730023836008BD307303000E1103001C
:104B5000ED72030070B590F90D30427B002B38DB0D
:104B6000D30636D18369002B33D162F07F024273C2
:104B7000184A904209D1184918487923184A05F073
:104B8000E1FC7921164805F0D4FC16490A4652F892
:104B90001C4F944218BF23460C6A23B9C0E9002475
:104BA000206008620CE090F90E5093F90E60B54257
:104BB0000BD0AE4209DD5A68C0E90032106058607F
:104BC0000020BDE87040FFF747BFA342E6D01B6856
:104BD000E3E770BD98F600200F7303000E11030089
:104BE000ED720300500401202DE9F843171E0E4614
:104BF00014BF08211021427B044611420FD141EA23
:104C00000203D20928D14373082937D00120FFF7C6
:104C100023FFBFF35F8F637B23F0600363734D4B10
:104C20009B68A3427DD1EFF30583002B79D14A48DD
:104C300001F03CF9002863D140F26B13474A484920
:104C4000484805F07FFC4449474805F07BFC40F2AA
:104C50006B11424805F06DFC03F07F034373434B37
:104C6000984208D142498023424A3E4805F06AFCF6
:104C700080214048EEE709F0FBFEC5E7A36813B1C9
:104C80002046FFF749FF04F1180001F06DFA4FF0DC
:104C9000000904F15808A56D454500D065B9DFF855
:104CA000B480D8F808309C4213D00120FFF7D4FE1E
:104CB0002046F0F7AFFAACE72846FFF72DFF05F1E5
:104CC000180001F051FA2846C5F87C90FFF742FF22
:104CD000E1E7EFF30583002BE7D00120FFF7BCFEEF
:104CE0002046F0F797FA40F20113234DAB810023E1
:104CF0002846C5E9193302F00DF9C8F8085088E7CD
:104D00003046F0F749F917B31C4940F2E513194A48
:104D1000144805F017FC1A4805F014FC40F2E511A0
:104D2000A7E70D4801F0C2F868B940F231130B4A09
:104D30000B490C4805F006FC07490B4805F002FC3E
:104D400040F2311185E786F31188BFF36F8FBDE81C
:104D5000F88300BF500401208C0401204817030091
:104D6000A01703000E110300B717030098F60020E8
:104D70000F730300ED72030010F900204773030066
:104D80005273030070B590F90D200146002A437B51
:104D9000234C10DA03F07F03A042437309D1214969
:104DA0008023214A214805F0CDFB80211E4805F0D3
:104DB000C0FB09F05DFE4B7BA14263F07F034B73A8
:104DC00007D118497923184A184805F0BBFB792107
:104DD000ECE7174A104650F81C3F146A834208BF9C
:104DE000002323B9C1E90004216011620CE091F9AC
:104DF0000E5093F90E60B5420ED0AE420CDD5868ED
:104E0000C1E90030016059609068BDE87040431A04
:104E100058425841FFF720BE9C42E3D01B68E0E7B0
:104E200098F600200F730300ED7203000E110300CB
:104E30005004012038B50446EFF31185202383F395
:104E40001288BFF36F8F174801F022F868B98823E2
:104E5000154A1649164805F075FB1249154805F024
:104E600071FB8821104805F064FB0E4801F034F80E
:104E70002046FFF76FFE0B4801F018F868B940F2C2
:104E80003113094A0C490A4805F05CFB05490B48F7
:104E900005F058FB40F23111E4E785F31188BFF3C8
:104EA0006F8F38BD8C04012048170300751703006D
:104EB0000E1103008A170300A0170300B7170300A1
:104EC00038B50446183001F04FF9EFF3118520236F
:104ED00083F31288BFF36F8F1A4800F0D9FF68B9C7
:104EE0008823194A19491A4805F02CFB1549194815
:104EF00005F028FB8821144805F01BFB114800F041
:104F0000EBFF627B12F0100216D00E4800F0CEFFCD
:104F100068B940F231130C4A0F490D4805F012FBF5
:104F200008490E4805F00EFB40F23111E3E785F326
:104F30001188BFF36F8F38BD29462046BDE8384041
:104F4000FFF752BE8C0401204817030075170300B9
:104F50000E1103008A170300A0170300B717030000
:104F600038B50446EFF31185202383F31288BFF38D
:104F70006F8F184800F08CFF68B98823164A1749CC
:104F8000174805F0DFFA1349164805F0DBFA8821C7
:104F9000114805F0CEFA0F4800F09EFFA36813B148
:104FA0002046FFF7B9FD0B4800F080FF68B940F2DA
:104FB0003113094A0C490A4805F0C4FA05490B485F
:104FC00005F0C0FA40F23111E2E785F31188BFF332
:104FD0006F8F38BD8C04012048170300751703003C
:104FE0000E1103008A170300A0170300B717030070
:104FF00070B504460D46EFF31186202383F3128823
:10500000BFF36F8F1F4800F043FF68B988231E4A23
:105010001E491F4805F096FA1A491E4805F092FAF3
:105020008821194805F085FA164800F055FF637B82
:1050300013F0280F0CD1A36813B12046FFF76CFDC5
:10504000637BBDB903F0FB0320466373FFF782FD6A
:105050000C4800F02BFF80B940F231130A4A0E4988
:105060000B4805F06FFA07490C4805F06BFA40F25F
:105070003111D6E703F0EB03E6E786F31188BFF3BF
:105080006F8F70BD8C040120481703007517030053
:105090000E1103008A170300A0170300B7170300BF
:1050A0002DE9F047DFF800A1344D1746DDE90898F7
:1050B000DAF80820324BA84204460E461A600BD19B
:1050C0003049314840F2A323304A05F03BFA40F220
:1050D000A3212E4805F02DFAEFF31183202383F34B
:1050E0001288BFF36F8F284600F0D2FE60B9882384
:1050F000274A2849244805F025FA2946264805F07C
:1051000021FA88212248E5E7284600F0E5FEDAF892
:1051100008503946284609F0B3FCB8F1FF3F08BFF4
:10512000B9F1FF3F06D04A4643461C4905F1180035
:1051300000F054FF204600F0B9FE68B9184940F26B
:105140006B13134A104805F0FDF92146154805F088
:10515000F9F940F26B11D5E7084800F0A7FE40B915
:105160000F4940F26B130A4A074805F0EBF903496F
:10517000ECE73046BDE8F047EFF70EBF8C040120A6
:1051800090040120747303000E110300ED720300FC
:1051900048170300751703008A170300E3EA0200AB
:1051A000A0170300B71703005004012070B505468F
:1051B000EFF31186202383F31288BFF36F8F1B4810
:1051C00000F066FE68B98823194A1A491A4805F0A2
:1051D000B9F91649194805F0B5F98821144805F0C0
:1051E000A8F9124800F078FE2C68A54215D014B139
:1051F0002046FFF791FC0D4800F058FE78B940F2C8
:1052000031130B4A0E490C4805F09CF907490D482B
:1052100005F098F940F23111E0E70024EBE786F35E
:105220001188BFF36F8F204670BD00BF8C04012032
:1052300048170300751703000E1103008A170300B7
:10524000A0170300B717030070B50546EFF31186EA
:10525000202383F31288BFF36F8F1D4800F018FEE0
:1052600068B988231B4A1C491C4805F06BF918498A
:105270001B4805F067F98821164805F05AF91448CB
:1052800000F02AFE2C68A54219D034B12046FFF761
:1052900043FC04F1180000F067FF0D4800F006FE23
:1052A00078B940F231130B4A0E490C4805F04AF91F
:1052B00007490D4805F046F940F23111DCE70024BA
:1052C000EBE786F31188BFF36F8F204670BD00BFF8
:1052D0008C04012048170300751703000E1103000A
:1052E0008A170300A0170300B717030038B5044658
:1052F000EFF31185202383F31288BFF36F8F1B48D0
:1053000000F0C6FD68B98823194A1A491A4805F001
:1053100019F91649194805F015F98821144805F0BE
:1053200008F9124800F0D8FDA36813B12046FFF732
:10533000F3FB0E4800F0BAFD68B940F231130C4A95
:105340000F490D4805F0FEF808490E4805F0FAF837
:1053500040F23111E2E785F31188BFF36F8F04F15A
:105360001800BDE8384000F0FFBE00BF8C040120EB
:1053700048170300751703000E1103008A17030076
:10538000A0170300B71703002DE9F04104460E46AD
:10539000EFF31188202383F31288BFF36F8F38480F
:1053A00000F076FD074660B98823364A364937480B
:1053B00005F0C8F83249364805F0C4F8882131486C
:1053C00015E02F4800F088FD637BDA0611D1A5694E
:1053D0007DB903F07F0363732E4B9C421ED12E498F
:1053E0002A4880232D4A05F0ADF880212B4805F08E
:1053F000A0F80027A673224800F058FD002837D1F6
:1054000040F231131F4A2649204805F09BF81C49F9
:10541000244805F097F840F23111D0E7204609F012
:1054200027FB637B204A63F07F036373134671B2EB
:10543000A17353F81C0F984218BF0546106A25B98E
:10544000C4E90030046014620AE095F90E60B142CC
:105450000AD08E4208DD6B68C4E900531C606C60A2
:105460000120FFF7F9FAC6E7A842E9D02D68E6E780
:1054700088F31188BFF36F8F3846BDE8F08100BF15
:105480008C04012048170300751703000E11030058
:105490008A17030098F600200F730300ED720300D3
:1054A000A0170300B71703005004012070B504468D
:1054B0000D46F9B9EFF30586E6B91A4B9A699B6870
:1054C0009A4217D000F0F2FC78B940F26B13164AFA
:1054D0001649174805F036F82146164805F032F807
:1054E00040F26B11104805F024F83046BDE87040DA
:1054F000EFF752BD204600F0D9FC68B940F23113F5
:10550000094A0A490A4805F01DF82146094805F0EC
:1055100019F840F23111E5E785F31188BFF36F8F79
:1055200070BD00BF5004012048170300A0170300FE
:105530000E110300B717030038B50446EFF31185C9
:10554000202383F31288BFF36F8F1D4800F0A0FC67
:1055500068B988231B4A1C491C4804F0F3FF18490A
:105560001B4804F0EFFF8821164804F0E2FF1448BE
:1055700000F0B2FC637B5A0716D4114800F096FC89
:1055800068B940F231130F4A1249104804F0DAFFAB
:105590000B49114804F0D6FF40F23111E4E785F3DE
:1055A0001188BFF36F8F38BD23F004032046637367
:1055B000FFF7D0FA2946BDE838400148FFF776BF2B
:1055C0008C04012048170300751703000E11030017
:1055D0008A170300A0170300B7170300034648B952
:1055E000EFF3058232B9064A91699268914201D07F
:1055F000EFF7D2BC83F31188BFF36F8F704700BF02
:105600005004012010B5EFF31184202383F3128896
:10561000BFF36F8F264800F03BFC60B98823254A12
:105620002549264804F08EFF2149254804F08AFFC9
:105630008821204810E01E4800F04EFCEFF305835F
:1056400063B120498B23204A1C4804F07BFF1F488C
:1056500004F078FF8B211C4804F06BFF1C4B9A6808
:10566000D37B012B0AD11B498C23174A134804F022
:1056700069FF164804F066FF8C21ECE7013BD37309
:105680000B4800F013FC68B940F23113094A124983
:105690000A4804F057FF0649104804F053FF40F24F
:1056A0003111C6E784F31188BFF36F8F10BD00BFBF
:1056B0008C04012048170300751703000E11030026
:1056C0008A1703002E700300AD7303004F2A0300F6
:1056D00050040120D8730300A0170300B71703007C
:1056E00038B5EFF31185202484F31288BFF36F8F50
:1056F0002D4800F0CDFB60B988232C4A2C492D4859
:1057000004F020FF28492C4804F01CFF882127487A
:1057100013E0254800F0E0FB284B9A68D37B73B96F
:10572000274940F23133274A224804F00BFF26482C
:1057300004F008FF40F23131224804F0FAFEEFF3A2
:10574000058060B1214940F232331E4A194804F005
:10575000F9FE1D4804F0F6FE40F23231ECE7013369
:10576000D373FFF779F9104800F0A0FB68B940F255
:1057700031130E4A16490F4804F0E4FE0A49154851
:1057800004F0E0FE40F23111C1E785F31188BFF368
:105790006F8FEFF3118084F31288BFF36F8FBDE832
:1057A0003840FFF71BBF00BF8C04012048170300DF
:1057B000751703000E1103008A170300500401201F
:1057C00009740300ED7203004F2A03002E700300DA
:1057D000A0170300B7170300024B03F11C02C3E933
:1057E0000722704750040120F8B5EFF305836BB131
:1057F000414940F23643414A414804F0A3FE414842
:1058000004F0A0FE40F236413C4816E0EFF311856B
:10581000202383F31288BFF36F8F3B4800F038FBDF
:1058200068B98823394A3A49354804F08BFE36492D
:10583000384804F087FE8821344804F07AFE324864
:1058400000F04AFB3449354C8868437BA04203F0A2
:105850007F03437307D132498023284A284804F044
:1058600071FE8021D0E709F003F98B685A7BA342CF
:1058700062F07F025A7307D1294979231F4A2048D1
:1058800004F060FE7921BFE7084650F81C2F0C6A2F
:10589000824208BF002222B9C3E9000423600B62E0
:1058A0000CE093F90E6092F90E70BE421BD0B74225
:1058B00019DD5168C3E900210B6053600120FFF737
:1058C000CBF8114800F0F2FA88B940F26B130F4A96
:1058D00014490B4804F036FE0B49134804F032FE1D
:1058E00040F26B11A8E7A242D6D01268D3E728464F
:1058F000BDE8F840EFF750BB2E700300ED720300D7
:105900000E1103004F2A03008C04012048170300E6
:10591000751703008A1703005004012098F6002031
:105920000F730300A0170300B71703002DE9F04120
:1059300005460E46EFF305836BB13F4940F25143F4
:105940003E4A3F4804F0FEFD3E4804F0FBFD40F2B5
:1059500051413A4824E050EA010303D1FFF744FFE4
:10596000002067E0821C71F1FF331BDB09F0CDF8EA
:105970002C18EFF31188202383F31288BFF36F8F65
:10598000314800F085FA88B98823304A30492C48DC
:1059900004F0D8FD2C492F4804F0D4FD88212B4871
:1059A00004F0C7FD6FF00104241AE2E72A4F2648ED
:1059B00000F092FAB868294B1860FFF781F8B868D0
:1059C0002A4633461830264900F008FBBA681E48BC
:1059D000537B43F01003537300F068FA68B940F248
:1059E0006B131A4A1F49164804F0ACFD16491E48AD
:1059F00004F0A8FD40F26B11D1E74046EFF7CCFA76
:105A0000BB685B7BDB060CD5184940F26D430B4A43
:105A10000B4804F097FD0B4804F094FD40F26D41F3
:105A200097E709F072F8201A63EB0303012873F17A
:105A3000000395DBBDE8F0812E700300ED720300DA
:105A40000E1103004F2A03008C04012048170300A5
:105A5000751703008A1703005004012090040120E9
:105A6000E3EA0200A0170300B71703003A7403002B
:105A700010B5EFF3058474B1134940F27B43134A28
:105A8000134804F05FFD134804F05CFD40F27B41D5
:105A90000E4804F04EFDB1F1FF3F08BFB0F1FF3FEB
:105AA00006D10D4B9868FFF70BFA4FF0FF3010BD91
:105AB000FFF73CFF4FF47A7247F6FF73C0FB0234E6
:105AC000D80B40EA4440F2E72E700300ED72030069
:105AD0000E1103004F2A03005004012038B50024A2
:105AE0000B494FF400458C462146C0FB05C10023FD
:105AF0006046084AE9F736FDC117FFF717FF47F67A
:105B0000FF73044AC0FB0234DB0B43EA444038BD58
:105B10003F420F0040420F00014B9868704700BFA2
:105B20005004012038B50446EFF31185202383F398
:105B30001288BFF36F8F284800F0AAF968B988234C
:105B4000264A2749274804F0FDFC2349264804F04B
:105B5000F9FC8821214804F0ECFC1F4800F0BCF956
:105B6000237BDA0724D51C4800F0A0F968B940F27D
:105B700031131A4A1D491B4804F0E4FC16491C481D
:105B800004F0E0FC40F23111E4E785F31188BFF343
:105B90006F8F4FF4AE63174A1749124804F0D2FCD6
:105BA0002146164804F0CEFC4FF4AE611148D2E70E
:105BB000637B1B0709D5084800F078F90028D6D088
:105BC00085F31188BFF36F8F38BD29462046BDE8A5
:105BD00038400122FFF708B88C0401204817030061
:105BE000751703000E1103008A170300A0170300A6
:105BF000B7170300ED720300672803007A740300EF
:105C00002DE9F843064688461746EFF3118920230D
:105C100083F31288BFF36F8F214800F039F90546EE
:105C200068B988231F4A2049204804F08BFC1C498E
:105C30001F4804F087FC88211A4804F07AFC1848B1
:105C400000F04AF93468A6421FD004B32046C4F8D5
:105C50007C806761FEF760FF04F1180000F084FAB1
:105C60002046FEF777FF0E4800F020F988B940F291
:105C700031130C4A0F490D4804F064FC08490E48E2
:105C800004F060FC40F23111D6E70025EBE7254631
:105C9000E9E789F31188BFF36F8F2846BDE8F883E1
:105CA0008C04012048170300751703000E11030030
:105CB0008A170300A0170300B7170300D3B5DDE967
:105CC0000667089CCDE90067FFF7EAF91CB1034BB2
:105CD0009B685B69236002B0D0BD00BF5004012007
:105CE00008B568B10F4B98420AD303F118029042ED
:105CF00006D21822C01AB0FBF2F302FB13034BB119
:105D000009490A4838230A4A04F01CFC382108488B
:105D100004F00FFC0122074BC0105843064B1A54E5
:105D200008BD00BFD8F90020C17403000E110300A4
:105D300099740300ABAAAAAA16150120C3897F2B68
:105D400012D80A4B1B6863B1094B90F90E201B68EF
:105D50009A4209DB437BDB0606D1064BC31A18BF08
:105D6000012303F0010070470023FAE798040120A3
:105D70009404012098F6002070B50E4B0E4C1E7C4A
:105D8000054606EB460304EBC304204600F0ECF99D
:105D900000220A4B28469A55FFF7D0FF48B1084B1E
:105DA0002046BDE870401A680649013AD31700F052
:105DB00015B970BD50040120D8F900201615012036
:105DC00098040120E15C020038B5EFF3118520232F
:105DD00083F31288BFF36F8F234800F059F868B936
:105DE0008823224A2249234804F0ACFB1E4922485A
:105DF00004F0A8FB88211D4804F09BFB1A4800F022
:105E00006BF81E4B1E4A9C681068A04213D1FFF726
:105E1000B3FF154800F04AF808BB40F23113134AAB
:105E20001849144804F08EFB0F49174804F08AFB08
:105E300040F23111DFE700211B7C1160134AD35C73
:105E4000002BE6D02046FFF779FF0028E1D0637BE6
:105E5000DB0602D12046FEF795FF2046D7E785F303
:105E60001188BFF36F8F38BD8C04012048170300E1
:105E7000751703000E1103008A1703005004012058
:105E800090040120A0170300B71703001615012086
:105E9000006838B1044B00F003001B7CC01A18BF27
:105EA0000120704701207047500401200023026840
:105EB0000360EFF30581074B19B19968497BC90766
:105EC00006D4197C98680843831A58425841704791
:105ED0000120704750040120024B1A7C9B68134339
:105EE000036070475004012008B50648064A074978
:105EF000121A08F018FDBDE80840054A0549064891
:105F000008F011BD80C50020BCCC0020107A030031
:105F100000000000F879030080C50020034B1B68D7
:105F20000BB9F3F7E9BC0020704700BF9C040120C7
:105F300030B570B10B4B5B6898420AD0036843B12F
:105F4000D3E90421D0E90445121941EB0501C3E965
:105F50000421D0E9003213605A600023C0E9003305
:105F600030BD00BF8CC900200246002070B50A4930
:105F70000B684D688B4208BF0023014603B970BD12
:105F8000D3E90446001941EB06019342F7D09D4244
:105F9000F5D01B68F2E700BF8CC9002010B50E4B8E
:105FA0001C689C4204D1FFF7B9FF6FF0004010BDA0
:105FB000FFF7B4FF002CF8D0D4E904321B1A62EBCF
:105FC000E072B3F1004F72F10001EEDA002AACBFCB
:105FD00018460020EBE700BF8CC90020B3F1FF3F5B
:105FE00008BFB2F1FF3F2DE9F047044692461D4637
:105FF00000F09D80066866B14E496E234E4A4F48B8
:1060000004F0A0FA4E4804F09DFA6E214A4804F0CC
:1060100090FA8160EFF31187202383F31288BFF396
:106020006F8F4848FFF734FF60B98823464A4749D5
:10603000424804F087FA4349454804F083FA88212E
:106040004148E4E73F48FFF747FFBAF1FF3F75F1EA
:10605000FF3323DA6FF001033E49D1E900209B1A98
:106060004FF0FF3262EB0000B3EB0A0360EB050078
:10607000012B70F1000201DA01233046C4E904303B
:10608000354B1A68D3F804C09A4218BF164686B931
:10609000C4E9003CCCF800405C601CE0FFF73EFF28
:1060A0001AF1010845F1000518EB000345EBE0701B
:1060B000E4E7D6E90415D4E904208A4270EB050E22
:1060C00028DA891A726865EB0005C6E90415C4E987
:1060D0000062146074601A689A4209D0944207D131
:1060E0001E4B1C6824B9FFF759FF2146F3F7DEFB6E
:1060F0001448FFF7DBFEB0B940F23113124A1849D9
:106100000E4804F01FFA0F49164804F01BFA40F23B
:10611000311195E7521A60EB05006645C4E9042089
:10612000B6D03668B3E787F31188BFF36F8FBDE849
:10613000F08700BF96760300727603000E1103000D
:106140004F2A0300A004012048170300751703001D
:106150008A170300F0F900208CC900209C0401205C
:10616000A0170300B717030038B50446EFF31185F5
:10617000202383F31288BFF36F8F1B48FFF788FE3D
:1061800068B98823194A1A491A4804F0DBF91649F4
:10619000194804F0D7F98821144804F0CAF91248C4
:1061A000FFF79AFE2368ABB12046FFF7C1FE00243B
:1061B0000D48FFF77BFE80B940F231130B4A0F49BF
:1061C0000C4804F0BFF908490D4804F0BBF940F24F
:1061D0003111E1E76FF01504EAE785F31188BFF3A9
:1061E0006F8F204638BD00BFA00401204817030070
:1061F000751703000E1103008A170300A017030090
:10620000B717030070B50546EFF31186202383F31B
:106210001288BFF36F8F1E48FFF73AFE68B98823D4
:106220001C4A1D491D4804F08DF919491C4804F009
:1062300089F98821174804F07CF91548FFF74CFECE
:106240002C68DCB12846FFF78FFE04460D46FFF7A9
:1062500065FE241A65EBE0750D48FFF727FE78B957
:1062600040F231130B4A0F490C4804F06BF908490E
:106270000D4804F067F940F23111DBE72546EBE702
:1062800086F31188BFF36F8F2046294670BD00BF8B
:10629000A004012048170300751703000E11030026
:1062A0008A170300A0170300B71703002DE9F84F62
:1062B0000446EFF31187202383F31288BFF36F8F17
:1062C0004748FFF7E5FD68B98823464A46494748ED
:1062D00004F038F94249464804F034F9882141482D
:1062E00004F027F9DFF81891DFF818813C48FFF730
:1062F000F3FDC8F80040D9F800404FF0000A4C45C3
:1063000008BF00244FF0000B3A4ED8F80030D6E911
:10631000002C002C49D0D4E90451D817AB4270EBC3
:10632000010E05DAED1A61EB0001C4E904513CE00D
:10633000AA184CEBE5732046C4E904ABC6E9002378
:10634000FFF7F6FD2648FFF7B1FD68B940F23113BB
:10635000244A2949254804F0F5F82149274804F042
:10636000F1F840F23111BAE787F31188BFF36F8F6C
:106370002046A3689847EFF31187202383F3128800
:10638000BFF36F8F1648FFF783FD00289CD0144899
:10639000FFF7A2FDD8F80030D9F800405B1B4C4550
:1063A000C8F80030B1D1D6E9002C00249A184CEB83
:1063B000E373C6E90023C8F80040FFF7EFFD21466C
:1063C000F3F774FA0648FFF771FD0028BED087F393
:1063D0001188BFF36F8FBDE8F84FFFF7F5BC00BF22
:1063E000A004012048170300751703000E110300D5
:1063F0008A170300F0F90020A0170300B717030065
:106400008CC900209C04012070B5EFF31186202375
:1064100083F31288BFF36F8F1A48FFF739FD68B90D
:106420008823194A19491A4804F08CF81549194863
:1064300004F088F88821144804F07BF81148FFF72D
:106440004BFDFFF76BFD144AD2E90045041945EBFB
:10645000E0750C48FFF72AFD68B940F231130A4A8B
:106460000E490B4804F06EF806490D4804F06AF82E
:1064700040F23111DFE786F31188BFF36F8F2046BA
:10648000294670BDA00401204817030075170300BA
:106490000E1103008A170300F0F90020A017030073
:1064A000B7170300F8B50446EFF31187202383F3F1
:1064B0001288BFF36F8F4F48FFF7EAFC68B9882353
:1064C0004D4A4E494E4804F03DF84A494D4804F0C3
:1064D00039F88821484804F02CF84648FFF7FCFCBE
:1064E000226892B14348FFF7E1FC00287CD140F2DA
:1064F0003113414A4449424804F024F83D49434895
:1065000004F020F840F23111E4E7D4E90A36581CCF
:1065100046F10001022871F1000127D3012B76F129
:106520000001BCBF012316465D1E46F1FF3608F090
:10653000F0FA013041F10001401946EB0101012858
:1065400071F100014BDB08F0E4FA013041F1000188
:106550006FF00102401946EB01034FF0FF31121AB0
:1065600061EB030320462A49FFF738FD236B013313
:106570002363236AD3B11F48FFF798FC0028B6D0E5
:1065800087F31188BFF36F8F2046236A9847EFF394
:106590001187202383F31288BFF36F8F1548FFF70D
:1065A00077FC00288BD01348FFF796FC54F8185F4F
:1065B000A54297D0002D95D02846FEF7D1FC0023A8
:1065C0000C48EB67FFF772FC002890D087F3118826
:1065D000BFF36F8F2846BDE8F840FEF72BBC6FF085
:1065E00001024FF0FF33BDE787F31188BFF36F8FD0
:1065F000F8BD00BFA404012048170300751703006D
:106600000E1103008A170300A0170300B717030039
:10661000A56402002DE9F843064614461D4691463E
:106620009846EFF31187202383F31288BFF36F8F0F
:106630002848FFF72DFC68B98823274A27492848AE
:1066400003F080FF2349274803F07CFF882122487C
:1066500003F06FFF1F48FFF73FFCB5F1FF3F08BF96
:10666000B4F1FF3F11D11B48FFF720FC60BB40F2A3
:106670003113194A1C491A4803F064FF15491B4895
:1066800003F060FF40F23111E1E7631C75F1FF3365
:106690000ADB012C75F100032246BCBF0122002554
:1066A00012F1FF3945F1FF383046FFF75DFDDDE9B6
:1066B0000823C6E90A2300234A463363304643468B
:1066C0000B49FFF78BFCCEE787F31188BFF36F8F81
:1066D000BDE8F883A40401204817030075170300E0
:1066E0000E1103008A170300A0170300B717030059
:1066F000A56402002DE9F843142315460C46002634
:106700004FF0200803FB01004B4F0CB9BDE8F883A4
:1067100010F8073CA0F1140903F03F0340F80C6C9B
:10672000082B42D8DFE803F05525054116414141C9
:10673000330050F8043C002B42D14049B723404A73
:10674000404803F0FFFE404803F0FCFEB7213C4800
:1067500003F0EFFE50F8043C002B31D13B49BB2342
:10676000374A384803F0EEFE394803F0EBFEBB2110
:10677000EDE750F8043C1BBB3649BF23304A314893
:1067800003F0E0FE344803F0DDFEBF21DFE750F800
:10679000043CABB93149C323294A2A4803F0D2FE4D
:1067A0002F4803F0CFFEC321D1E72E49D023244A3E
:1067B000244803F0C7FE2C4803F0C4FED021C6E7EE
:1067C00050F8143C2BB150F8102C13605A6040E97B
:1067D00005663846FFF76AFB70B940F23113234A69
:1067E0002349184803F0AEFE1349224803F0AAFEDD
:1067F00040F231111D48ABE785F31188BFF36F8F6D
:10680000EFF3118588F31288BFF36F8F3846FFF7D7
:106810003FFB013C58B98823144A1749094803F043
:1068200091FE0549154803F08DFE8821E2E73846C0
:10683000FFF752FB484668E7A8040120D77603001B
:10684000B67603000E110300F1760300067703000D
:106850002277030033770300507703006777030044
:1068600082770300672803009B7703004817030023
:10687000A0170300B7170300751703008A1703005A
:106880002DE9F74F00261546044637464FF0200AFB
:10689000B146DFF8CC8100910193009B9E4203DB5F
:1068A000384603B0BDE8F08FEFF3118B8AF31288FE
:1068B000BFF36F8F4046FFF7EBFA60B98823654A54
:1068C0006549664803F03EFE6549664803F03AFEB6
:1068D0008821604862E04046FFF7FEFA637B03F0E0
:1068E0003F03082B4CD8DFE803F02D3F054B294B25
:1068F0004B4B450023699B6823B30223E268C4F82D
:106900000890C2F386310B4363F39432E26085F85A
:1069100000904046FFF7CAFA1434002840F09480F3
:1069200040F231134B4A50494C4803F00BFE4C499E
:106930004E4803F007FE40F23111CAE723691B6895
:10694000002B2DD1019B002BE3D12B78002BE0D025
:10695000637B03F03F03082B6BD8DFE803F0354976
:10696000236A386A6A6A590023699B68002BE9D058
:106970000123C3E723695B6A002BE3D01023BDE743
:1069800064233B4A3B49354803F0DCFD617B3A48D0
:1069900001F03F0103F0D6FD6421354803F0C9FD45
:1069A0000423ABE7206950B934498E23304A2B4881
:1069B00003F0C8FD324803F0C5FD8E21EDE72A46FD
:1069C0002146103008F014F9A5600137A1E72069CD
:1069D00050B92C499223264A204803F0B3FD2A4897
:1069E00003F0B0FD9221D8E72A4621461430E9E7AA
:1069F000206950B9254996231D4A184803F0A2FD85
:106A0000234803F09FFD9621C7E72A462146D9E790
:106A1000206950B91F499A23154A104803F092FD86
:106A20001D4803F08FFD9A21B7E72A4621462830FA
:106A3000C8E71049A7230E4A084803F083FD17480A
:106A400003F080FDA721A8E78BF31188BFF36F8FB8
:106A5000013622E748170300751703000E110300E3
:106A6000A80401208A170300A0170300B71703002A
:106A7000B676030067280300B1770300D7760300DA
:106A8000F1760300067703002277030033770300D3
:106A90005077030067770300827703009B7703003A
:106AA00008B562B117492E23174A184803F04AFD6A
:106AB000174803F047FD2E21134803F03AFD3F2904
:106AC0000AD914493023104A104803F03BFD1248FC
:106AD00003F038FD3021EFE753B9104931230A4A5A
:106AE0000A4803F02FFD0E4803F02CFD3121E3E7A7
:106AF00082600902027B01F47C511143C0E9031357
:106B000008BD00BFCE770300B67603000E11030068
:106B1000EE77030014780300387803004878030008
:106B20005B7803002DE9F04F1E465E4B17469C68CC
:106B30000123054685B004F1600284F8603084F8D2
:106B40006130EFF3058BBBF1000F0ED056494FF4C7
:106B50009573564A564803F0F5FC564803F0F2FC8C
:106B60004FF49571514803F0E4FC60B9524940F28A
:106B70002B134E4A4E4803F0E5FC504803F0E2FC6C
:106B800040F22B11EEE700290CDA4D494FF49673D1
:106B9000464A474803F0D6FC4A4803F0D3FC4FF47A
:106BA0009671DFE757EA06030CBF01230023FFF7C6
:106BB00067FE8046EFF311894FF0200A8AF31288AE
:106BC000BFF36F8F4048FFF763F960B988233F4AEE
:106BD0003F49374803F0B6FC3B493E4803F0B2FC5E
:106BE00088213A48BFE73848FFF776F994F86030D3
:106BF0000BBB4A46414628460393FFF77BFD3248CC
:106C0000FFF754F9039B68B940F231132F4A324918
:106C1000274803F097FC2C49304803F093FC40F2DE
:106C20003111DEE789F31188BFF36F8F1C462046D0
:106C300005B0BDE8F08F57EA060384F860B00BD1C9
:106C40002148FFF733F90028DED089F31188BFF31C
:106C50006F8F6FF00A04EAE74946CDE90076204AD3
:106C60001948FEF71DFA0446EFF311868AF31288DD
:106C7000BFF36F8F1448FFF70BF90028A6D0124816
:106C8000FFF72AF9284632464146FFF733FD0E4802
:106C9000FFF70CF90028B7D086F31188BFF36F8F88
:106CA000C5E700BF500401202E700300B676030034
:106CB0000E1103004F2A0300757803008B78030040
:106CC0009A780300AA780300A8040120481703005B
:106CD000751703008A170300A0170300B7170300F6
:106CE00094C9002070B504460D46EFF311862023A9
:106CF00083F31288BFF36F8F1C48FFF7C9F868B998
:106D000088231B4A1B491C4803F01CFC17491B48DD
:106D100003F018FC8821164803F00BFC1348FFF71A
:106D2000DBF82068844209D0D0E9003213605A6051
:106D300000232946C0E9003307F08BFF0B48FFF71B
:106D4000B5F868B940F23113094A0D490A4803F011
:106D5000F9FB06490B4803F0F5FB40F23111DAE785
:106D600086F31188BFF36F8F70BD00BFA8040120A8
:106D700048170300751703000E1103008A1703005C
:106D8000A0170300B717030070B504460D46EFF3D4
:106D90001186202383F31288BFF36F8F2148FFF7FA
:106DA00077F868B98823204A2049214803F0CAFBB4
:106DB0001C49204803F0C6FB88211B4803F0B9FB9F
:106DC0001848FFF789F801212068E5608442A16036
:106DD00011D11448FFF76AF8E8B940F23113124AAA
:106DE0001549134803F0AEFB0E49144803F0AAFB03
:106DF00040F23111E1E7D0E9003213605A6000231C
:106E0000C0E9003307F025FF314604460548FEF788
:106E10004DFB204670BD86F31188BFF36F8F0024B1
:106E2000F7E700BFA8040120481703007517030007
:106E30000E1103008A170300A0170300B717030001
:106E400004322DE9734306460D4620D24FF0000868
:106E50004FF0000941F00401CDE90089FCF74EFD37
:106E60000446A0B144F8046B95B16B1E1C420FD0D0
:106E70002523094A09490A4803F064FB21460948C9
:106E80002A4603F05FFB2521034803F052FB002450
:106E9000204602B0BDE87083B7780300DB780300BA
:106EA0000E1103000D79030003280A4608B501D925
:106EB00083070CD010494223104A114803F042FBCB
:106EC000104803F03FFB42210C4803F032FB431E05
:106ED00003420AD00C494623084A094803F032FB12
:106EE0000A4803F02FFB4621EEE70146BDE80840C3
:106EF0000748FFF7A5BF00BF35790300B778030047
:106F00000E11030072790300B0140300CB140300C8
:106F1000B8CA0020014B0367704700BFB8CA002001
:106F200038B504460D4607F096FD20B9064B9B6820
:106F30001B6F0BB938BD054B2A4621461846BDE8E4
:106F40003840FFF77DBF00BF50040120B8CA0020C1
:106F5000F8B54D4A0C4600234C4DD0E90001E8F746
:106F6000B1FA002A4FF4616100F52F20B7BF02F596
:106F7000A83200F66C2000F66B2002F5C072B2FB5E
:106F8000F1F301FB13223C21A360B2FBF1F301FBFF
:106F900013226360C31C2260072293FBF2F2C2EB50
:106FA000C2029B1A52D50733A361A0F50E33A3F595
:106FB0002C7393FBF5F5364B48F6AC6140F2B457B1
:106FC00040F26D1603FB05004FF0050CB0FBF1F12C
:106FD000B0FBF7F30144C91A2E4BB0FBF3F3C91A07
:106FE00048F69463B1FBF3F3B1FBF6F2B1FBF7F1B2
:106FF00003445B1A992106FB123303EB83005E1CEA
:107000000230B0FBF1F779430231B1FBFCF1761AA3
:1070100040F2F95188424FF4C8708CBF6FF00901FB
:10702000022100FB05253944012998BF0135B3F53C
:10703000997F11D3A3F59973A5F26C75E3610023D1
:107040002046E6602362C4E90415F8BD0028A36168
:10705000ABDB90FBF5F5AEE7970710D14FF0640C72
:1070600092FBFCF70CFB17275FB992FBF0F700FBD4
:107070001722B2FA82F252093B331344DCE70022B2
:10708000FAE70122F8E700BF80510100B13A02009F
:107090004FC5FDFFB03A02000CB430B589B00546CB
:1070A0000C461C22002101A808F033F902230595A3
:1070B0008DF806300D4B029323462CB1B4F1004FEE
:1070C00028BF4FF00043013B1D440DAA0C9901A8B5
:1070D0000695009200F05AFA14B1059B00221A702E
:1070E00009B0BDE8304002B0704700BFF9F40200BB
:1070F0000EB470B589B004461C2200210DAD01A864
:1071000055F8046B08F005F9022301A82A46314618
:107110008DF80630094B0594029304F10043009565
:10712000013B069300F032FA0028A4BF0023235449
:1071300009B0BDE8704003B0704700BFF9F4020029
:107140000EB470B589B005461C2200210DAC01A813
:1071500054F8046B08F0DDF8012301A822463146FB
:107160008DF80630054B05950393009400F0F8FE6A
:1071700009B0BDE8704003B0704700BFE5F40200FD
:10718000242A2DE9F041044601D8012A4CD1364B7E
:10719000162208F0D3F91A5001B10C6000273846C6
:1071A000BDE8F08135462E4616F8010B2028F9D0AF
:1071B000A0F109070346042FF4D92B2836D02D2837
:1071C00037D14FF0010CAE1C6B78302B38D13078B2
:1071D00040F0200078282FD132F010002CD17378A5
:1071E0003446102202360CF1004000270138B0FB73
:1071F000F2FE02FB1E08392B82BF03F1FF3343F07E
:107200002003263B303B9A421ED9774502DC03D14E
:10721000984501D24CF0020C354607FB0237344644
:1072200015F8013B2E46E6E70546BCE74FF0000C9B
:10723000C9E74FF0000CC8E7002A08BF0822D2E7D0
:10724000002A08BF0A22CEE701B10C601CF0010F32
:1072500018BF7F421CF0020FA1D0034B2222074629
:1072600008F06CF91A509AE70C000000242A2DE966
:10727000F84F8046894601D8012A60D1424B162238
:1072800008F05CF91A50B9F1000F01D0C9F800807C
:10729000002319461846BDE8F88F31460E4616F809
:1072A000013B202BF9D0A3F109001C460428F4D996
:1072B0002B2B46D02D2B46D101278E1C4C78302C01
:1072C00048D1337843F02003782B3ED132F01003BD
:1072D0003BD17478B0461025023617F1FF3B6FF0B2
:1072E00000432A4643F1000A584600235146E8F776
:1072F00039F900238C461946392C82BF04F1FF343A
:1073000044F02004263C303CA54228D998427CEB2E
:10731000010E05DB614508BF834203D1A24201D2C1
:1073200047F00207A5FB033EB04605FB01EEE3185C
:107330004EF10001B6461EF8014B7646DCE70146E9
:10734000ACE70027B9E70027B9E7002A14BF1546C4
:107350000825C2E7002A14BF15460A25BDE7B9F182
:10736000000F01D0C9F80080F80702D55B4261EB3D
:107370004101BA078ED5044A222408F0DFF85B46A3
:107380005146145086E700BF0C000000242AF0B5D7
:10739000044601D8012A40D12E4B162208F0CEF81F
:1073A0001A5001B10C600020F0BD2F463D4615F883
:1073B000010B2028F9D0A0F109060346042EF4D9C8
:1073C0002B282CD02D282CD10126BD1C7B78302BCE
:1073D0002DD1287840F02000782824D132F01000F8
:1073E00021D16B782C46102202350020392B82BF28
:1073F00003F1FF3343F02003263B303B9A421AD976
:10740000A0FB02040CB9C01801D346F002062F46B7
:107410002C4617F8013B3D46E8E70746C6E700263D
:10742000D3E70026D3E7002A08BF0822DDE7002AB9
:1074300008BF0A22D9E701B10C60F20748BF4042F9
:10744000B307B1D5034B222208F078F81A504FF059
:10745000FF30A9E70C0000002DE9F04101260746A6
:10746000B24201DCBDE8F0813B461F4613F8014BF8
:10747000002CF7D0252CF8D11C780237252CF3D01E
:107480000023DFF804819C461D461F2D18D8A4F167
:10749000200EBEF1100F09D9A4F1300EBEF1090F74
:1074A0001ED80A24202504FB03E304E028FA0EFE7C
:1074B0001EF0010F06D017F8014B002CE5D128E093
:1074C0007F2D1CD8A4F1300EBEF1090FE9D9242C70
:1074D00010D1BCF1000F46D0B34246D00023EAE7FA
:1074E00024F0040EBEF12A0FF8D06C2C09D145F01F
:1074F0008005E0E724F0040EBEF12A0FEED06C2CDC
:1075000022D06C2C1BD8682C23D06A2C28D04C2C71
:1075100026D0BCF1000FA5D0B445A1D144F020077E
:107520000B68A7F1650CBCF1020F01D9612F1ED1C8
:10753000073323F00703083301360B608FE7742C01
:10754000B9D07A2CB7D0E4E72C0648BF45F40075D3
:10755000CDE7EC0548BF45F4007545F48075AAE712
:1075600045F42075A7E79C46B8E76324D6E7692C65
:1075700002D007D8632C03D02F0601D5AC05D7D491
:107580000433D9E7732CF6E7892801002DE9F04F81
:10759000436893B08046019383789807CDE906123B
:1075A00016D50B4600250B921F789FB1252F15D0BD
:1075B0000133059341463846019B01359847002821
:1075C00080F2458498F8023043F0040388F80230D2
:1075D0004FF0FF35284613B0BDE8F08F5F789A1C56
:1075E000252F0592E6D000242646A246A346BBF1ED
:1075F0001F0F32D8A7F12003102B0AD8DFE803F0C1
:107600002409092A0909091B090909220927090965
:107610001900A7F13003092B2DD92A2F39D154B9DC
:107620000B9B1BF0400F53F8042B0B9329D01646ED
:1076300001E04BF0010B059B13F8017B0593002F34
:10764000D5D15BE04BF0020B4BF0040BF3E74BF0B2
:10765000080BF0E74BF0100BEDE7BBF17F0F3FD8C5
:10766000A7F13003092BD8D81BF0400F03D00A2212
:1076700002FB0636DFE70A2202FB0A3A4BF0200B38
:10768000D9E7B2F1000AF9DACAF1000A4BF0280B87
:10769000D1E72E2F05D11BF0400F9BD14BF0400BB3
:1076A000C9E7242F1CD1002C00F03F81079B1BF061
:1076B000400F0B930AD152460BA90698FFF7CCFE58
:1076C0000B9B1A1DD3F800A00B92B4E732460BA90E
:1076D0000698FFF7C1FE0B9B1A1D1E680B92AAE7C6
:1076E0006C2F00F00F8100F20681682F00F01281EC
:1076F0006A2F00F017814C2F00F0148134B1079BE2
:1077000022460BA906980B93FFF7A6FE002E47F022
:107710002003B8BF2BF0400B0293A3F16503BCBF5D
:1077200000261FFA8BFB022B40F20481029B612B87
:1077300040F07282FF431BF0400F0CA84BF4C05482
:1077400007F0200314BF31464FF0FF31A3460493E6
:1077500001270B9B073323F0070303F1080293ED86
:10776000000B0B92049A07F0DCFD431C0646DDF883
:107770003090DBB203937023029309F10903122BBB
:107780000CD909F16303C62B40F20D8109F2E733EE
:1077900040F2CE72934294BF032704279DF8342011
:1077A00002F00C0312F0010240F018811BF0020FEE
:1077B00040F011811BF0040400F0F780002B40F032
:1077C000108120231BF4405F22D1039A002E02F186
:1077D000480208BF01266A44133A039921B112F8FE
:1077E000011D302900F032811BF0100F039A18BFE1
:1077F000324619F1040FC0F22E81B14580F22B817F
:107800004A454BF4005B40F3288109F10106961BC1
:107810001BF40052089200F0228129EAE974013435
:1078200003B10134002E00F02181721C1444A245E2
:10783000CCBFAAEB040400241BF0090F04D12C4494
:10784000A54240F0188100243BB118464146019BF7
:10785000013598470028FFF6B5AE1BF4006F12D033
:1078600041463020019B98470028FFF6ABAE049BB1
:1078700041460235C3F17800019B00F0F8009847BB
:107880000028FFF69FAE1BF0080F05D12C44AC4238
:1078900040F0FD8025460024089B002B00F0268147
:1078A00029EAE97A7642A9EB0A02039B0AF1FF3A38
:1078B0006F1C0292934289BF0CAB3020D3185879C9
:1078C000564500F3ED804146019B9847029A0028F7
:1078D00002F10102FFF676AEBAF1FF3F09D141464F
:1078E0002E20019B029298470028FFF66BAEAF1C3A
:1078F000029A3D46D9E7742F3FF49DAE7A2F3FF4AC
:107900009AAEFBE61BF0800F18BF4BF4007B4BF0E8
:10791000800B90E61BF4807F18BF4BF4007B4BF488
:10792000807B88E64BF4207B85E626465446B346AA
:10793000B24680E6FF431BF0400F07F0200308BF6C
:10794000062604930B9B073323F0070303F1080279
:1079500093ED000B029B0B92652B12D1711C002240
:107960004BF4805BC9B2134611290CA84FF00207F3
:1079700028BF112100F066FFDDF83090C3B20393F9
:10798000FBE6029B662B05D14BF4005B33460122DC
:107990001121E9E7F1B20022652001291346029086
:1079A00038BF0121E0E70227F8E6002B3FF40AAFD9
:1079B000BAF1030F39DC9DF83430A44E13F0080FF0
:1079C000A34B08BF1E46B1464F4619F8010BA0BB9A
:1079D000AE1B374485E023BB2B23F3E61BBB2D23D3
:1079E000F0E62022BAF1040F12DD1BF0080FAAF115
:1079F00004040ED12C4441462020019B0135029203
:107A000098470028FFF6DEADA542029AF3D192B165
:107A1000002441461046019B013598470028CADAE8
:107A2000D0E52B22DEE72D22DCE71BF0080FAAF1C0
:107A30000304C0D1DEE71446BDE7049B4146C01AEB
:107A4000019BC0B298470028BEDABBE50399013913
:107A5000C9B20391C1E6561EDAE60026D8E61BF449
:107A6000006F0CBF032405243C44D9E61BF0100F23
:107A700018BF0134DBE609934146019B202098475B
:107A8000002805F10105099BBFF6DAAE9AE54146EB
:107A90003020019B013598470028BFF6F8AE91E5EC
:107AA000D1450AD19DF83530352B1DD805D19DF82B
:107AB000343013F0100F08BF31204146019B984726
:107AC0000028FFF67FAD1BF0100F0AD0BAF1FF3F80
:107AD00007D1AF1C41462E20019B98470028FFF696
:107AE00071AD3D463C4436E23120E6E79DF8350075
:107AF000414631281EBF9DF8343023F010038DF825
:107B00003430019B98470028FFF65CAD002E68DDFD
:107B100041462E20019B98470028FFF653AD4FF0B9
:107B2000010A039B4146D3469A45B7BF0CAB3020B0
:107B300053445879019B98470028FFF643AD0AF15A
:107B4000010A5645EDDA02355D44029B4146049A2E
:107B5000981A019BC0B298470028FFF633ADB9F1DF
:107B6000000F04DB4AD19DF83430DB0646D5C9F15D
:107B700000092D204146019B98470028FFF622ADC1
:107B8000042F3DD14FF47A774146019B033599FB91
:107B9000F7F606F13000C0B298470028FFF612ADA4
:107BA00007FB169964274146019B013599FBF7F6BF
:107BB00006F13000C0B298470028FFF603AD07FB7E
:107BC00016990A274146019B013599FBF7F606F104
:107BD0003000C0B298470028FFF6F4AC07FB1699B6
:107BE00014E01BF0100F01D10135AEE741462E2005
:107BF000019B023598470028A7DAE3E42B20B9E778
:107C0000032F05F10205CDD0012FDAD109F13000A3
:107C10006F1C4146C0B25FE7A7F16303122B00F26D
:107C2000FF80DFE813F017005700FD00FD00FD00A6
:107C3000FD005700FD00FD00FD00FD00FD001701E7
:107C4000F800FD00FD002C00FD00B9009F79030045
:107C5000B41B03000B9B01240CAF1A1D1B680B9275
:107C60008DF830301BF0080F2AD007EB04093E4690
:107C70004E4527D1EF1B3744AAEB040431E70B9B99
:107C80001A1D0B921F68AA4B002F08BF1F461BF03E
:107C9000400F384614BF31464FF0FF3107F0A1F8CE
:107CA0000446DFE741462020019B98470028FFF665
:107CB00089AC013EB442F5D35544B246AD1BD4E77E
:107CC0005646F7E7414616F8010B019B98470028F6
:107CD000CEDA77E41BF0800F0B9B35D01BF4007FCE
:107CE0002DD0073323F0070303F10802D3E9000185
:107CF0000B922BF0100900291FFA89F936DA40425D
:107D000049F4806961EB41010DF1300B0A235A46B9
:107D100007F089F819F0400FA0EB0B0B65D029F0A4
:107D200001025E4592B240F3B280002F00F0A980BC
:107D300019F010033446914626D002345CE01A1D37
:107D400018680B92C117D4E71A1D1BF4807F1968BD
:107D50000B9201D10846F5E71BF4007F19BF48B22A
:107D600041F3C01108B241F3C031C2E750EA010348
:107D7000CAD11BF0400FC7D0002EC5D12BF0110B7C
:107D800034461FFA8BF9B34640F2064319EA03035F
:107D90001CBF013400232FE02BF0100B0A231FFA25
:107DA0008BFB1BF080040B9A57D01BF4007115BF9E
:107DB0000732101D22F007020B900FBF106802F16E
:107DC00008010B91D2E9000150EA010252D12BF0D7
:107DD00016091BF0400F1FFA89F94FD0002E4DD124
:107DE0002BF0170B1FFA8BF9B34619F0100352D082
:107DF000002F4ED10BF1010419F0080F5ED119F0DC
:107E0000010F06D0A2456DDDAAEB040404EB0B06BE
:107E1000544622464DE04BF0100B10237827C0E764
:107E2000029B782B04D1C7F1780343F01003B8E725
:107E300041462520019B98470028FFF6C3AB4146E9
:107E40003846019B98470028FFF6BCAB0235059BDE
:107E5000FFF7AABB08230027A3E7111D10680B91A9
:107E60001BF48071B0D01BF400711ABFC0B2214660
:107E700080B2A9E72BF0060B1FFA8BF90DF1300B3E
:107E800045E729F0110934461FFA89F97CE7914644
:107E9000ABE75C4651E75C4676E7CDE90223414615
:107EA0002020019B98470028FFF68CAB029A039B89
:107EB00001329245F1DC2C1BA5181446EBB141466A
:107EC0003020019B98470028FFF67CAB67B901354D
:107ED0002F462E44F31B5B4521DC5D460CAE4DBBAB
:107EE0005F44C9E65E4694E7023541463846019B49
:107EF00098470028ECDAFFF765BB40F2064319EA21
:107F0000030FE5D019F0020F05F10105414614BF3A
:107F10002B20202019F4806F18BF2D20E7E7414661
:107F20003020019B013798470028D3DAFFF74ABB7E
:107F3000A3790300013D4146019B705D98470028ED
:107F4000CDDAFFF73FBB41462020019B0135984722
:107F50000028FFF637AB631B002BF4DC77E700BF8C
:107F60002DE9F04F002399B0824607920E920F93AD
:107F700004930D4615F8016BAEB1202E17D0A6F173
:107F80000903042B13D9252E17D00FA9504606F04C
:107F900071FF031EC0F21181DBB2B3420BD00FAAF6
:107FA000514606F087FF049819B0BDE8F08F0FA97D
:107FB000504606F08AFF2946DBE74E788D1C252EB9
:107FC000E3D02A2E03BFCD1C8E7801240024002785
:107FD000A6F13003DBB2092B19D9A30723D5242E30
:107FE00023D1079B24F0020400220E93A4B20123A4
:107FF0009F4215DC42B17B1E002F0E9A4FEA83038D
:10800000D8BF00231A440E9215F8016BDFE744F045
:1080100002040A2215F8016BA4B202FB0737D7E766
:1080200001330122E4E74FF0FF376C2E34D007D83C
:10803000682E23D06A2E3ED04C2E36D026B9B2E719
:10804000742E35D07A2E33D03146984806F07DFE16
:108050000028A8D014F001030C9311BF00230E9B3D
:108060001A1D0E9208BF1B686E2E029326D10F9A1E
:1080700000230298009406F007FF9CE72E78682EF4
:1080800004D044F02004A4B20135D7E744F0300412
:108090006E78A4B20235D1E72E786C2E02D044F06F
:1080A0000404F0E744F00C04F2E744F00C04A4B23A
:1080B00015F8016BC2E744F00804F8E7632E19D104
:1080C00014F0020F08BF01270FA9504606F0D2FE98
:1080D000002872DB029B13B103F8010B0293013FEE
:1080E000F2D10C9B002B7FF466AF049B0133DBB213
:1080F000049360E75B2E40F082802022002110A8CC
:1081000007F007F900224FF0010C164611461446FD
:1081100015F8013B002B4AD05E2B03D1F2B90124A4
:108120000132F5E7A24219DD5D2B1FD02D2B15D1B1
:10813000C1B118A803F00701B34200EBD3000CFA59
:1081400001F110F820EC41EA0E0100F8201C0BD0E0
:1081500034BF013303F1FF33DBB2EAE7002908BF84
:108160001E46E6E70121DBE70021D9E729B19DF8AA
:10817000453043F020038DF845302CBB01240FA976
:10818000504606F077FE031E10DBC3F3C401DAB2DB
:1081900003F007036031694411F8201C41FA03F32E
:1081A000DE071BD40FAA514606F084FEFCB19AF8F4
:1081B000023013F00C0F3FF4F6AE049B002B14BFFB
:1081C00018464FF0FF30EFE6202310AA1178013B4C
:1081D0006FEA010102F8011BF8D1CFE7029B13B14E
:1081E00003F8012B0293013F4FF00004C7D1029B1B
:1081F000002B3FF476AF0023029A137071E70FA9AA
:10820000504606F062FE0028D7DB582E6BD0643E45
:10821000F3B2142B00F2AD80142E00F2AA80DFE836
:1082200006F00BA8A8A8A841A8A8A8A8A85F62A8BB
:10823000A84EA80BA8A862004FF00A080FA9504644
:1082400006F018FE2B2804D02D280AD144F0400453
:10825000A4B2013FABD00FA9504606F00BFE002898
:10826000A5DB302867D1B7F1010918D00FA9504616
:1082700006F000FE002812DB40F0200344F08004EA
:10828000782BA4B232D138F0100334D1B7F10209FF
:1082900005D00FA9504606F0EDFD002852DA002661
:1082A00037463CE04FF00008C8E700BFAA7903005A
:1082B000029B13B103F8010B0293013F97D00FA962
:1082C000504606F0D7FD002891DB202803D0A0F10E
:1082D0000903042BECD80FAA514606F0EBFD86E704
:1082E0004FF00808AAE74FF01008A7E7B8F1000F11
:1082F00008BF4FF00808002637463928034682BFDA
:1083000000F1FF3343F02003263B303B98451CD857
:108310000FAA514606F0CEFD20067FF548AF610654
:1083200002D5764267EB470732463B4602980094F7
:1083300006F0AAFDD5E6B946B8F1000FDBD14FF043
:108340000A08D8E74FF01008D5E7A8FB066244F00A
:1083500080049E1908FB0722A4B242F10007B9F17C
:108360000109DCD00FA9504606F084FD0028C4DACC
:10837000D5E70FA9504606F07DFD03909DF80C301F
:108380002B2B04D02D2B0DD144F04004A4B2013F7F
:108390003FF40DAF0FA9504606F06CFD031E03938A
:1083A000FFF605AF039B43F02003692B28D06E2B0B
:1083B00058D04FF000080A234646C146CDE905884B
:1083C000220555D5039A42F02002D2B2A2F16101F2
:1083D00005294DD8573AD2B293424EDC039A04F0A5
:1083E000800342F02002782A65D1002B63D056EA40
:1083F000090360D144F4006B10231FFA8BFB4EE09D
:10840000684E4FF00008DFF8A89116F801BBBBF1E9
:10841000000F13D0013FF8D00FA9504606F02AFDF7
:10842000031E07DB43F020035B45EED00FAA514645
:1084300006F040FD5C4B9E427FF4B9AE630606D564
:1084400009F10043CDF828800B93DDE90A89029BEE
:10845000002B3FF446AE14F00C0F00F08981C3E905
:1084600000893EE6514E4FF00008DFF84891CCE716
:10847000039A303AD2B29A426BDA44F0800B14F489
:10848000807F04F400711FFA8BFB3CD00698002A11
:1084900018BF40F00100069009B908F10108013F3A
:1084A0000D935ED00FA9504606F0E4FC031E5C4617
:1084B00003930D9B84DA22067FF579AE14F4006FE6
:1084C000039A14BF7023652342F020029A4240F0C1
:1084D0009480B7F1010B00F092800FA9504606F08E
:1084E000C9FC0346C2B22B2A04D02D2A57D144F42A
:1084F0008064A4B2B7F1020B35D10FAA51461846D9
:1085000006F0D8FC7BE009B108F1FF38A3FB066157
:10851000961903FB091141F1000956EA0902BED080
:10852000059A0A2B02F10102059204F00C020BD10C
:10853000002A14BF1022082205999142AFDD44F4AD
:10854000C07B1FFA8BFBAAE7002A14BF0F22072269
:10855000F2E7FE2A7FF442AFA105ACD444F4007BDD
:10856000EFE75C46A7E70FA950460D9306F082FCA3
:108570000D9B1F460346A3F13002092A1CD9514620
:108580000FAA184606F096FC791C04D00FAA514693
:10859000384606F08FFC0FAA51460398B0E74FF01B
:1085A000FF37E8E7BF790300C2790300BC79030015
:1085B0000000F07F0000F87F00270A2240F2D3413C
:1085C0008F42DCBFA3F1300102FB0717BBF1010BA7
:1085D00009D00FA9504606F04DFCA0F1300103462A
:1085E0000A220929EAD96205039348BF7F42200580
:1085F00048BF4FEA8808B8445F46002FCBD156EAFF
:10860000090300F0B080210504F00C0240F18A80DB
:10861000002A4FF001005E4912BF352318236FF086
:108620007D015F1CA3F11F02C7F1200C00FA02F2CA
:10863000B84420FA0CFCB84042EA0C02864279EBBE
:10864000020751D30127A3F11E02C3F11E0C981C8F
:1086500007FA02F227FA0CFC07FA00F042EA0C02D1
:10866000864279EB020745D2884543DB069A3243BE
:1086700016464A4606F00300032803D006F006001B
:1086800006280BD1043649F10002B2F5000F21BFD4
:10869000760808F1010846EAC2765208B608C3F126
:1086A0003500C3F11507153B46EA8276920806FAB3
:1086B00007F726FA03F3824006FA00F03A431A431A
:1086C000334B994225D1B8F5806F5BDAB2F5801F44
:1086D00025D308F2FF3822F4801242EA08530890AA
:1086E0000993DDE90889A9E6B61908F1FF3849EBD5
:1086F0000909A3E7770806F0010608F1010847EA2F
:10870000C9774FEA59093E43AAE7001808F1FF3834
:108710005241B2F5801F32D218F57F7FF5DA4FF063
:108720000008DAE7059B43446AB113F5A27F1ADD1E
:10873000B3F59B7F26DA424649463046E7F79CFD73
:1087400059EC108B7AE613F12D0F0CDB272B19DC7B
:108750004146304606F0FEFB10EE100AE6F704FA3A
:10876000804689466AE64FF000084FF0000965E64A
:1087700040464946E6F748FD029B1860B1E4B8F56B
:10878000806FA6DB4FF00008DFF8089056E600BFC8
:1087900002FCFFFF0000F07FF0B589B005460C46F3
:1087A000164600211C2201A81F4606F0B2FD022336
:1087B000204605958DF806300A4B02932CB1B4F192
:1087C000004F28BF4FF00040013805443A4631467B
:1087D00001A80695FEF7DAFE14B1059B00221A7077
:1087E00009B0F0BDF9F4020070B588B006460C4639
:1087F000154600211C2201A806F08BFD01232A4604
:1088000021468DF8063001A8034B05960393FFF728
:10881000A7FB08B070BD00BFE5F402001FB502ABB6
:10882000074A00934FF0CC3306F01BFDDDE902014F
:10883000C00840EA4170C90805B05DF804FB00BFFC
:10884000CDCCCCCC2DE9F04F9DB055EC104BCDE903
:108850000B122A46290D0D93C5F31303D20FC5F34E
:108860000A5507908DED050A0A9275B922461A43FA
:108870001BD130230126056043710A9B43F002039C
:10888000037130461DB0BDE8F08F40F2FF72954293
:108890004DD1059A002613430A9B079A14BF43F053
:1088A000080343F004031371EBE7059A4FEA8308CA
:1088B0009A46B14D02F001020992059A48EA92786F
:1088C000970001221646C5F1000B0892584600F0A9
:1088D00017FAB5F1FF3FACBF8146A0F10109ABEB40
:1088E000090B09EB05035846069300F01DFA18A979
:1088F000A0F17D05584600F037FA14AB089AA9EBB1
:108900000505019312AB02925146009318AA2B461B
:10891000059806F0AFFBB9F1010F04460D4600F2D1
:10892000D880099B002B40F0CB8001276FE0059A8F
:1089300043F4801AA5F2354502F001024FEA8A0895
:108940000992059A134348EA92784FEA82074BD17D
:1089500040F2FE7319420CBF01260026002D32465C
:10896000B1DB284600F0C6F90346032DC8BF013B22
:108970001846069300F0D8F9069B7C3018A95D1BB9
:108980000544184600F062FA14AB18AA0598019342
:1089900012AB5146029600932B4606F06BFB069BEA
:1089A00004460D46152B00F2888016AB734A3846F4
:1089B000414600934FF0CC3306F053FC169B179AB8
:1089C0009B0843EA827303EB8303BB42DDE9129AFF
:1089D0000CD13846414600F0AFF9069B83428CBF6C
:1089E00000270127002612E00126B7E7099B002B8C
:1089F00053D1013F48F1FF31B81B61F1000100F094
:108A00009BF9069B099F83428CBF002601260C9B85
:108A1000002B40F09280DDF82CB04FF000084FF0B2
:108A20000A0ACDF82080CDF81480DDE91201FFF7A5
:108A3000F5FE149BCDE90E01184615991093FFF72A
:108A4000EDFE0E9B81460F9A98420B461191934181
:108A500080F08D8020462946FFF7E0FE0AFB09F3EF
:108A6000109AB8F1000F14BF002707F001070AFBA6
:108A700010480D46934214BF002606F001060E9BD7
:108A80005FFA88F8044612930F9BCDE91339119BC6
:108A90001593089B01330893C7E7B81C48F1000100
:108AA00000F04AF9069B83428CBF00200120B9EBFD
:108AB00000006AF10002CDE9120200273E46A6E757
:108AC000129B0127139A013B42F1FF32CDE912328A
:108AD00088E7B9F13E0FF0D84FF0FF33A9F120003D
:108AE000C9F1200103FA09F203FA00F023FA01F1B7
:108AF00003FA09F3024327EA03070A4328EA0208B4
:108B000057EA08070CBF012700276BE700FB02FCB0
:108B10000133A1FB001262448C4275EB020CF5D2CA
:108B2000069A13440D9A13440B9A012BB8BF0123E4
:108B30009A42A8BF1A4693466FE70A2100220123F2
:108B40000846E9E70AFB03F00131A2FB0A230344CC
:108B5000944275EB0300F5D2594511DDBBF1000FCE
:108B600002D154EA05030BD00123059372E70A22D0
:108B700000230121ECE700BFCCFBFFFFCDCCCCCC28
:108B80007EB34FF00A0A149B159918460F93FFF70E
:108B900045FE0F9B0AFB00F281460E919A4220D1BE
:108BA000B8F1000F14BF002707F00107DDE912013B
:108BB000FFF734FE10900F9120462946FFF72EFE56
:108BC0000F9B0AFB1048109A04460D465FFA88F87E
:108BD0001292CDE913390E9B1593089B013308932C
:108BE000D1E7069B089A13449946002F5BD0B8F151
:108BF000050F58D114F001034BD1059A32B9DDE9C4
:108C000014239D4208BF944260D0059B18194FF071
:108C10000A044FF000024FF0010645F1000125461D
:108C2000A04271EB020754D2EBB1B3451BDA0C9BA7
:108C300063B106EB09030D9A1A4422EAE2730B9A18
:108C40009A42A8BF1A46964293460CDD053009F1B8
:108C5000010906F1FF364FF00A024FF0000341F11F
:108C60000001E6F77FFC5E450FFA89F9079BA8BF74
:108C70005E4636B2B14406F1050809F1FF37984463
:108C80004FF00009B1452BDB079B0A9A1F601A7150
:108C9000F7E5059B2BB9DDE914239D4208BF9442FB
:108CA00009D00123B2E7059B53B9DDE914239D42A6
:108CB00008BF944204D1099B002BF2D1002EF0D0C2
:108CC000B8F1040F94BF002301239FE74FF004087D
:108CD000F1E705FB02F70136A4FB05423A449FE7A2
:108CE0000A220023E6F73EFC303209F1010908F8B8
:108CF000012DC7E7014B5843800C704741340100F8
:108D0000014B5843000D7047FB2E0B00014B58439D
:108D1000C00C70474F931200024B5843C00C0130F7
:108D2000704700BF4F931200024B5843C00C0130F4
:108D3000704700BF4F93120070B50346094A0020E8
:108D40004FF0CC364FF0333506FB03F402FB014401
:108D5000A3FB023121449D4275EB010401D3013094
:108D6000F2E770BDCDCCCCCC1A232DE9F04FB0FB8F
:108D7000F3FA334E03FB1A0389B004460D4606EBA3
:108D80000A1653B9D6E90023C1E90023D6E9020146
:108D9000C5E9020109B0BDE8F08F2A4A02EBC3031E
:108DA000D3E9008904AB404649460093D6E9022343
:108DB00006F057FA06AB83460F46404649460093F5
:108DC000D6E9002306F04DFA00238146DDE906626C
:108DD00016EB0B0652EB070828BF012333B1049BA7
:108DE000059A013342F10002CDE904322046039195
:108DF000FFF79AFF07461A2000FB0AF0FFF794FFDF
:108E00003F1A3246434648460399009706F044FA13
:108E10000D4A4FEA141C640004F01E0352F82C4063
:108E2000DC4004F003042418304641F10001DDE980
:108E30000423C5E900414146009706F02DFAA7E753
:108E40001800030048FF02008C0A03002DE9F04FD0
:108E50001A2700F11905DFF8E8A089B004460E468C
:108E6000B5FBF7F56F434FEA051B0AEB05153A1AF8
:108E70000AD1D5E90023C1E90023D5E90201C6E9F9
:108E8000020109B0BDE8F08F2B4B03EBC203D3E91D
:108E9000008904AB404649460093D5E9022306F019
:108EA000E0F95AF80B206B68013ACDE9020106A9F6
:108EB00063F1000340460091494606F0D2F98A4624
:108EC000029900238146DDE906526D18039952EBA1
:108ED000010828BF012333B1049B059A013342F1F5
:108EE0000002CDE904323846FFF71EFF0746204650
:108EF000FFF71AFF3F1A2A46434648465146009755
:108F000006F0CAF90D4A4FEA141C640004F01E036F
:108F100052F82C40DC4004F00304013424182846A5
:108F200041F10001DDE90423C6E900414146009713
:108F300006F0B2F9A3E700BF48FF0200E00A030011
:108F4000E800030070B555EC104BC5F30A502B46F2
:108F50002146A0F2FF32132A1CDC002A07DA002D7A
:108F600040DB294342D10B461D460C461EE02148FA
:108F7000104105EA0006264318D0002DC4BF4FF467
:108F8000801141FA02F24FF00001C8BF9B1823EA9A
:108F90000003E9E7332A0CDDB2F5806F06D12246E3
:108FA00020462946E5F782FC04460D4645EC104B69
:108FB00070BDA0F213404FF0FF36C6402642F5D0F8
:108FC000002D02DD142A03D1013321EA0601CBE78B
:108FD0000120C2F1340200FA02F21219114628BF30
:108FE0001B18F2E700214FF00043BDE70021024BC0
:108FF000BAE700BFFFFF0F000000F03F51EC100B7D
:10900000C1F30A520B4670B5A2F2FF340546132C89
:109010001EDC002C0CDA00293CDA21F0004300228F
:1090200003431E4B08BF4FF000431946104617E09C
:109030001B4A224101EA0206064311D00029BEBFA5
:109040004FF4801121415B1823EA02030022ECE770
:10905000332C08DDB4F5806F02D10246E5F726FC1B
:1090600041EC100B70BDA2F213464FF0FF32F240FC
:109070000242F5D000290ADA142C01D1013306E0AE
:10908000C4F134040121A14049190D46F6D225EA64
:109090000202CAE700221346C7E700BF0000F0BF84
:1090A000FFFF0F0051EC100B38B5C1F30A53054612
:1090B0000C46A3F2FF33B3F5806F06D102460B4690
:1090C000E5F7F4FB41EC100B38BD002B17DB3F2B11
:1090D0000D4AA8BF3F23B3F12001C3F1200058BFC0
:1090E00042FA01F102FA00F058BF084342FA03F1D4
:1090F00000EA050201EA040343EC102BE4E7002038
:109100004FF00041F4E700BF0000F0FF2DE9F84305
:109110002DED028B59EC118BB0EE408AF0EE608A97
:1091200000F09EFA40B942464B4651EC180BE5F769
:10913000BDFB41EC180B34E049EC108B00F090FAC9
:109140000028F0D0B0EE480AF0EE680A00F088FA85
:10915000012809D1B0EE480AF0EE680ABDEC028B96
:10916000BDE8F843E7F790BD29F000474D46464675
:1091700058EA070302D149EC108BEFE718EE90CACA
:1091800018EE101A2CF000430CF00044BB4210DC27
:1091900007DB414505D315D1744B03EB147393EDF5
:1091A000008BB0EE480AF0EE680ABDEC028BBDE819
:1091B000F8836F4A0CEA0202002A4FD01815A0F279
:1091C000FF300AE06A4A0CEA0202002AF6D1002BBC
:1091D00044D10A466748002A3DDC654A2A40002AF5
:1091E00051D1002F45D1B646A2F21342BEF1000F75
:1091F0003BDCDFF884E1704549DBCCF3130343F437
:109200008013DFF874C1624557DBC5F3130545F4DD
:109210008015801A5F1BA1EB060C002862D1B142B9
:1092200038BF07F1FF37002FA4BF61463B4653EA22
:109230000100B1D0B3F5801F6BDB4F4882426EDB7B
:10924000A3F5801302F2FF3223430C4643EA025592
:1092500045EC184BA5E701385200BCE7DA02464856
:10926000002ABADD01385200FAE7013A4FEA4E0E01
:10927000BCE74FEAC72E404ABEF1000FB9DD013A04
:109280004FEA4E0EF8E73A15A2F2FF32B1E7AEEB25
:10929000000EBEF11F0F0ADC03FA0EFC00F21E43A3
:1092A00021FA03F301FA0EF143EA0C03A9E7334B69
:1092B0001B1A01FA03F30021A3E7ACEB020CBCF18B
:1092C0001F0F09DC02F21E4507FA0CF726FA05F516
:1092D00006FA0CF63D439CE7284DAD1A06FA05F553
:1092E000002696E7B14238BF07F1FF37002F05DAB5
:1092F000CF0F490007EB430301388BE757EA0C0314
:109300003FF44AAF4FEADC734FEA4C0103EB4703EB
:10931000F2E7C80F013A490000EB43038AE7801ADD
:1093200014280EDC02F21E42C14003FA02F203418D
:109330000A4343EA04011046114B0022E5F76CFC96
:10934000F7E61F2807DC02F21E42C14003FA02F2D0
:109350000A432346EDE7C2F17F4202F57F0202F5A0
:109360007B42E23243FA02F2F3E700BFD801030086
:109370000000F07FEDFBFFFF02FCFFFFE2FBFFFFC1
:109380000000F03F10EE102A22F00043B3F1FF4F2F
:1093900002D930EE000A70474FEAD27105D1002998
:1093A000DFED4D7A00FE270A70474C48824202DD0D
:1093B000002000F0CFB9002A05DA494A934202D9C9
:1093C000002000F0B9B9474AF7EE005A934252D94B
:1093D000454A93424FEA810234D8444B1344D3EDBB
:1093E000006A434B70EE666A1344C1F10102D3ED8B
:1093F000007A521A36EEE70A20EE007A9FED3D5AC7
:109400009FED3D6A17EE056A9FED3C5A06EE075A3E
:109410009FED3B6A15EE076A9FED3A5A06EE075A32
:10942000B0EE406A05EE476AB0EE007A20EE065ACA
:1094300092BB36EE476AC5EE067A37EEC00A35EEC5
:10944000C00A7047304BF0EE406A9FED307A13440B
:10945000D3ED007A40EE077A9FED2D7AFDEEE77AA4
:1094600017EE902AF8EEE77A47EEC76A9FED297A61
:1094700067EE877ABEE7B3F1505F0BD29FED267A95
:1094800030EE077AB4EEE57AF1EE10FA02DD30EE56
:10949000250A70470022AFE737EE467A12F17D0FBA
:1094A000B8BF643285EE076A77EEC67A77EEE67A61
:1094B00075EEE77A17EE903AB5BFDFED187A03EB59
:1094C000C25303EBC25300EE103ABCBF00EE103A99
:1094D00020EE270A704700BF000000001772B1425B
:1094E000B5F1CF421872B13E9115853F3C0B030098
:1094F000340B03004CBB31330EEADD3555B38A38EB
:10950000610B363BABAA2A3E440B03003BAAB83F93
:109510008071313FD1F71737CAF249710000800DD1
:1095200010EE102AF0EE407A08B532F000432DED2F
:10953000028B06D10120BDEC028BBDE8084000F093
:1095400017B9002A05DABDEC028BBDE8084000F02F
:109550001DB9B2F1FF4F04DB30EE000ABDEC028B07
:1095600008BDB2F5000FBBBF9FED157A6FF0180173
:10957000002160EE077AB8BF17EE902AD315C2F328
:1095800016027F3B0B44D90F03EBD37307EE903ADF
:10959000C1F17F0342EAC353B8EEE78A00EE103A06
:1095A000E6F74EFFDFED077A20EE270ADFED067AB9
:1095B00008EE270ADFED057A08EE270ACEE700BF9E
:1095C0000000004CD95BDE3EDB27543580209A3EFC
:1095D00010EE103A07B523F000431F4A934207D814
:1095E0000020DFED1E0A03B05DF804EB00F03AB98D
:1095F000B3F1FF4F04D303B05DF804EB00F0C6B83D
:10960000684600F077F900F0030001280CD002282A
:1096100011D0D0B90120DDED010A9DED000A00F066
:1096200021F903B05DF804FBDDED010A9DED000AB0
:1096300000F0C0F8F5E70120DDED010A9DED000A1C
:1096400000F010F9B1EE400AEBE7DDED010A9DED07
:10965000000A00F0AFF8F5E7D80F493F000000001E
:1096600051EC100B0B4631F0004107D190B10D4A7F
:109670001A40002A14BF042003207047094A1342ED
:109680000AD0094B994209D9914209D1B0FA80F028
:10969000400970470220704703207047042070473C
:1096A000002070470000F07FFFFFEF7F024610EEC2
:1096B000100AC0F3C75320F0004183B9A9B3DFED0E
:1096C0001B7A1B4960EE277A8A4217EE900AC0F394
:1096D000C753A3F1190307DAC00F00F02DB8FF2B11
:1096E00002D130EE000A70474CF250318A4202DD5E
:1096F000C00F00F02FB81344FE2BF9DC002B06DD61
:1097000020F0FF4040EAC35300EE103A704713F1D7
:10971000180FE1DB193320F0FF409FED060A40EA05
:10972000C35007EE900A27EE800A70470000004CF5
:10973000B03CFFFF000000339FED040A0028DFED7E
:10974000047A40FE277A27EE800A704700008000E6
:10975000000080809FED040A0028DFED047A40FEBF
:10976000277A27EE800A7047FFFF7F7FFFFF7FFF8A
:10977000BFEE007A0028F7EE007A9FED030A47FE5D
:10978000877A87EE800A70470000000008B52DED4B
:10979000028BB0EE408A00F0E7F920B938EE080AF3
:1097A000BDEC028B08BDDFED027A87EEA70AF7E772
:1097B0000000000010EE103AB7EE007A23F00043EC
:1097C000B3F1485F3BD360EE006ADFED1E5A9FEDB8
:1097D0001E6AF6EE007A1D4A60EE200A06EEA56AC1
:1097E000DFED1B5A934266EEA77A56EE265A9FED9E
:1097F000196A05EEA66ADFED185A56EE265A9FED55
:10980000176A05EEA66A26EE266A56EE260A04D8E0
:1098100077EEE07A37EE670A7047114A934296BFB7
:1098200003F17F43F5EE026A06EE903A77EEE67AB0
:1098300037EE660A77EEE07A30EE670A7047B0EEF0
:10984000470A70474ED747ADF6740F319999993E44
:109850007CF29334010DD037610BB63AABAA2A3DA6
:109860000000483F10EE103AF0EE407A23F000433B
:10987000B3F1485F01D200F069B960EE006A9FED74
:10988000167ADFED165A56EE875A9FED157A20EEBE
:10989000266A05EEA67ADFED135A57EE265A9FED9B
:1098A000127A05EEA67A40B9DFED105A56EE875AC5
:1098B00045EE867AB0EE670A704726EE077AF6EE36
:1098C000005A10EEA57A57EE260A9FED097A46EE69
:1098D000470A30EE600A7047D3C92E2F342FD73293
:1098E0001BEF3836010D50398988083CABAA2A3E57
:1098F000ABAA2ABEF0B510EE105A864A87B00446CD
:1099000025F00043934205D8002380ED000A436010
:10991000002022E0804A93423AD825F00043002DEF
:10992000DFED7E7A23F00F037D4A18DD934230EE9F
:10993000670A09BFDFED7B7A9FED7B7A30EE670A1D
:109940009FED7A7A70EE477A30EE670AC0ED007AC2
:1099500030EE470A80ED010A012007B0F0BD9342C6
:1099600030EE270A09BFDFED6F7A9FED6F7A30EE98
:10997000270A9FED6E7A70EE077A30EE670AC0ED27
:10998000007A30EE070A80ED010A4FF0FF30E4E77D
:10999000674A934270D8F6EE007A9FED667AB0EE91
:1099A000C00A40EE077AFDEEE77AF8EEE76A17EEB6
:1099B000900ADFED5A7A1F2806EEE70ADFED5A7AA1
:1099C00066EEA77A30EE677A17EE106A09DC25F0AA
:1099D0000042471E584922F0FF0251F827108A42E0
:1099E00006D1C6F3C751DA15C1EBD353082B14DCEB
:1099F000266094ED007A002D30EE470A30EE670ABB
:109A000084ED010AA9DAB1EE477AB1EE400A84ED9D
:109A1000007A84ED010A40429FE7DFED427A9FED34
:109A2000436A66EEA77A30EE677A30EE470A70EE48
:109A3000677A56EE867A37EE676A16EE101AC1F329
:109A4000C753D31A192B04DCB0EE470A84ED006A21
:109A5000CFE7DFED3A7A66EEA77A37EE670A37EEA0
:109A6000407A77EE677A9FED367A56EE877A30EE57
:109A7000677A84ED007ABCE7B3F1FF4F06D330EE8E
:109A8000400A80ED010A80ED000A41E7DA15DFEDBA
:109A90002D6A863AA3EBC25307EE903ABDEEE77A01
:109AA000B8EEC77A77EEC77A8DED037A67EEA67ABD
:109AB000BDEEE77AB8EEC77A77EEC77A8DED047A15
:109AC00067EEA67AF5EE407ACDED057AF1EE10FA62
:109AD0001ED1B5EE407AF1EE10FA0CBF012302233D
:109AE000194903A8019102210091214600F058F87C
:109AF000002DBFF632AFD4ED007AF1EE677AC4EDF7
:109B0000007AD4ED017AF1EE677AC4ED017A82E74A
:109B10000323E5E7D80F493FE3CB1640800FC93F49
:109B2000D00FC93F004435374344353708A3852E4D
:109B3000800F494384F9223F640B030000A3852E64
:109B400032318D2400008043E40B0300F7EE007AED
:109B50009FED047A82B077EE877ACDED017A019B92
:109B600002B070470000800010EE103A33F0004061
:109B70000DD0A0F50003B3F1FE4F0AD3421E074BF0
:109B80009A4208D9A0F1FF43584258417047022039
:109B90007047042070470320704700BFFEFF7F001E
:109BA0002DE9F04F90469B46C14B0F4618F1040F2C
:109BB0002DED048BD9B0669ADDF89CC153F822A034
:109BC0000BF1FF33019025DBB8F1030248BF08F128
:109BD0000402D210551CD41A0AEB03060DF17009C9
:109BE000E9009FEDB77AA8EBC50502910CEB840E56
:109BF0000021B14210DD1CA90DF58879002601EB8A
:109C00008B01564528DCDDF804E00C46DFEDAC7A2C
:109C1000002018E00022DDE7CC4254BF5EF82100AE
:109C2000F0EE477A01F101015CBF07EE900AF8EE11
:109C3000E77AE9EC017ADCE7FEEC016A013094EDA9
:109C4000007A46EE877A9842A4F10404F4DD0136E6
:109C50000431E9EC017AD4E708A90CEB82025446FE
:109C6000DFED968A01EB8A019FED939A03920491AE
:109C7000A20044A92046059258AA01EB840102EBF8
:109C8000840212ED140A08AA16460028A1F1040164
:109C90004EDC2846CDE90632FFF708FDF4EE007AE7
:109CA000B0EE408A60EE277AFBFE677AB2EE007A69
:109CB000002DDDE9063207EEC78AFDEEC87A17EE01
:109CC000909AF8EEE77A38EE678A43DD601E08A9BD
:109CD000C5F1080C51F8206046FA0CF1894401FAEC
:109CE0000CF1761A08A941F82060C5F107010E4170
:109CF000002E3EDD4FF0000C09F10109604664457D
:109D00006ADC002D05DD012D00F08380022D00F0BE
:109D10008B80022E2DD1B7EE000A30EE488A40B378
:109D200028460693FFF7C2FC069B38EE408A20E0E7
:109D300060EE287A0138FDEEE77AF8EEE77A07EE72
:109D4000C90ABDEEC00AA6EC010A91ED000A37EE81
:109D5000800A9AE705D1611E08A850F82160F61123
:109D6000C6E7F6EE007AB4EEE78AF1EE10FA31DAE1
:109D70000026B5EE408AF1EE10FA40F0A380611E95
:109D80000020514557DA002871D0013C08AB083D4E
:109D900053F82430002BF8D0B7EE000A2846FFF71E
:109DA00085FC631C44AA9FED457A990002EB83026F
:109DB0002346002B80F2B4802346002BC0F2D280D1
:109DC00044AADFF8F0C0DFED3E7A002002EB830505
:109DD000E21ABCE002268DE796465EF8041B60B9E5
:109DE00081B10CF1010CC1F5807164454EF8041C81
:109DF0000DDDDEF8001002F1080EC1F1FF014EF892
:109E0000041C01210CF1010C7246084677E7012081
:109E100077E7611E08AA52F8212002F07F020DF1B7
:109E2000200C4CF8212074E7611E08AA52F821206A
:109E300002F03F02F3E708AA52F82120013910434B
:109E40009FE7013251F8040D0028FAD0059904EB80
:109E50000B000DF1700C661C01F5B07122440CEB87
:109E6000800069444C39B24204DA144600E7049990
:109E70000122E7E7039CDDF804C054F8264007EE12
:109E8000904A05940024F8EEE77AE0EC017A8646E1
:109E9000DFED0B7A9C4203DD0136E1EC017AE2E76B
:109EA000FCEC016A01343EED017A46EE877AF1E777
:109EB000280F0300FC0E0300000080430000803BDD
:109EC00000000000029BB0EE480AA3EB0800FFF779
:109ED000EDFB1FED077AB4EEC70AF1EE10FA19DBBD
:109EE0005FED0A7A08AA083560EE277AFDEEE77A78
:109EF000F8EEE77A07EEC70AFDEEE77ABDEEC00A94
:109F000010EE103A42F82430013417EE903A42F83D
:109F1000243041E7BDEEC00A08AA10EE103AF6E779
:109F200008A850F82300013B07EE900A0190F8EED4
:109F3000E77A67EE807A20EE070A62ED017A38E769
:109F4000FCEC016A0130B5EC017A46EE877A5045A7
:109F500001DC8242F4DA58A8013B00EB820242EDB8
:109F6000287A2AE7669B022B09DC002B2BDC44D0E5
:109F700009F0070059B0BDEC048BBDE8F08F669B7B
:109F8000032BF5D130AA0B1F204613441A46002894
:109F9000A2F1040252DC2246012AA3F104035DDC93
:109FA00030AB5FED397A0B44012C67DCDDED306AB4
:109FB0009DED317A002E67D1C7ED006A87ED017AF9
:109FC000C7ED027AD4E730AB22461FED437A0B444B
:109FD000002A24DA4EB3F1EE477AC7ED007A31AAAF
:109FE000DDED307A012377EEC77A9C4220DA0EB19C
:109FF000F1EE677AC7ED017ABAE730AB5FED507AE0
:10A000000B44002C05DA0EB1F1EE677AC7ED007A49
:10A01000AEE733ED017A013C77EE877AF1E773ED35
:10A02000017A013A37EE277AD2E7F0EE477AD4E7A1
:10A03000B2EC017A013377EE877AD6E7D2ED007A77
:10A040000138D2ED016A37EEA67A77EEC77A82ED53
:10A05000007A77EEA67AC2ED017A98E7D3ED007A1E
:10A06000013AD3ED016A37EEA67A77EEC77A83ED2F
:10A07000007A77EEA67AC3ED017A8DE733ED017AA7
:10A08000013C77EE877A8FE7F1EE666AB1EE477AA8
:10A09000F1EE677AC7ED006A87ED017A90E700BFBD
:10A0A00070477047836800EBC101B3F5004F2CBFC8
:10A0B00051F8220031F81200704700EBC1018068AE
:10A0C000B0F5004F2CBF41F8223021F81230704714
:10A0D000012208B5FFF7E6FFD04008BD836800EB1A
:10A0E000C101B3F5004F08D34B681AB143F0010327
:10A0F0004B60704723F00103FAE74B881AB143F035
:10A1000001034B80704723F00103FAE7530001225B
:10A11000FFF7D3BF8368B3F5004F34BF0423082390
:10A12000C91A081AC0087047B0F5004F34BF04239D
:10A1300008230731C818C00870470A4608B501212E
:10A14000FFF7F2FF0132121AB2FA82F0C0F11F00DB
:10A1500008BD2DE9F041174603220E460446FFF7DD
:10A16000A1FF8642054607F104080AD10122E368EF
:10A17000BA4023EA0203E360002344F82830BDE834
:10A18000F081314602222046FFF78CFF06462B461F
:10A1900001460322204644F82850FFF78EFF33463D
:10A1A00029462046BDE8F0410222FFF786BF70B580
:10A1B0000D4686680446FFF78BFFB6F5004F014653
:10A1C00001D3012809D03046FFF7B7FF29460246E0
:10A1D0002046BDE87040FFF7BCBF70BD2DE9F047D9
:10A1E000054680688846FFF7A8FF05EB800ADAF885
:10A1F00010900646B9F1000F1BD00327DAF8104083
:10A2000028462146FFF764FF404507D332462146E2
:10A210002846FFF79EFF2046BDE8F087032221462F
:10A220002846FFF73FFF013FCAF8100001D08145E3
:10A23000E4D14FF0FF34EB680136B4401C40EAD063
:10A2400094FAA4F2B2FA82F2131D55F82340DEE725
:10A250002DE9F04114460E460546FFF739FFA4EB01
:10A260000608371B0744424631462846FFF74EFF93
:10A270003A4621462846FFF749FF43460022214639
:10A280002846FFF71AFF21462846FFF721FF3B46E5
:10A29000211800222846BDE8F041FFF70EBF2DE946
:10A2A000F041164604460F46FFF712FF31460546B9
:10A2B0002046FFF70DFF05442A4639462046FFF7A2
:10A2C00025FF31462046FFF703FF2B4631180022B9
:10A2D0002046BDE8F041FFF7F0BE2DE9F0410D4604
:10A2E00086680446FFF7F4FEB6F5004F014601D339
:10A2F000012832D03046FFF720FF04EB80010E69C1
:10A3000096B90122E36882401343E36002220D61A3
:10A310002B4629462046FFF7D0FE03222946204639
:10A32000BDE8F041FFF7C9BE022231462046FFF7E3
:10A33000B9FE0746034629462046FFF7BEFE032224
:10A34000334629462046FFF7B8FE39462B462046BD
:10A35000FFF7B3FE02223146E1E7BDE8F081F8B530
:10A360000C460546FFF7B4FE261801223146284662
:10A37000FFF798FEC3070CD431462846FFF717FFB6
:10A3800021462846FFF7A4FE214622182846FFF75B
:10A3900086FF002221462846FFF784FE271A012265
:10A3A00039462846FFF77EFE10EA020613D13946E9
:10A3B0002846FFF7FCFE214632462846FFF772FE8C
:10A3C0002246211A2846FFF76AFF214632462846D0
:10A3D000FFF768FE241A21462846BDE8F840FFF73B
:10A3E0007CBF70B5066809B9002070BDB068B0EBDD
:10A3F000D10FF9D9FFF798FE014605463046FFF721
:10A40000EDFE04460028EFD001463046FFF760FE1F
:10A41000A84209D92544214630462A46FFF718FFAD
:10A4200029463046FFF759FF304601222146FFF703
:10A4300055FEB368B3F5004F34BF0423082303EB84
:10A44000C4031844D1E72DE9F04706460D461746E8
:10A4500098462BB34FF0000A98F8004093F801900B
:10A46000DB78A40004EB430498F802301C44444415
:10A47000CA4509D339463046AC46D8F8042008F11D
:10A480000803BDE8F047604714F8013B0AF1010AF0
:10A49000204648F82340E5F714FA01300444E7E782
:10A4A0006FF01500BDE8F08770B50025024628461C
:10A4B000144614F8013B0BB9184609E098B18D42D7
:10A4C00007D1702B04D0A3F140023A2A0BD8002008
:10A4D00070BDA3F140063A2E05D853780135941C7F
:10A4E000002BE9D00020252B224608BF80F0010078
:10A4F000DEE70020704700F01DBD0FB407B504A9CA
:10A5000051F8040B019100F015FD03B05DF804EB68
:10A5100004B070470CB4034607B5084605AA40F2DC
:10A520000511DB680192984703B05DF804EB02B0B7
:10A530007047002383F31188BFF36F8F04231846FD
:10A5400002DF70470FB407B504A951F8040B01915D
:10A55000FFF7D1FF03B05DF804EB04B0704710B50E
:10A560000369024613F0080009D11368D4689C42BD
:10A570009BBF0120526AE31AD31A0B6010BD00235F
:10A580001846FAE713B501A90446FFF7E8FF20B122
:10A59000019BE268013B13440193606A019BC01A6E
:10A5A000013802B010BD10B5044650182269636A24
:10A5B000D20702D5013B184010BD984228BFC01AEF
:10A5C000FAE710B504460A46C168FFF7ECFF2369B5
:10A5D000E06023F00803236110BD38B50D46026A20
:10A5E0008B00016843F00203044642F82130016801
:10A5F0002A46FFF7D8FFE3686168984208BF2369DD
:10A60000206008BF43F008032A46204608BF2361A4
:10A61000FFF7C9FF606038BD2DE9F74FC768066ACC
:10A620009B4616F82730044603F00303022B8846A6
:10A6300091464FF0000306EB870A09D01360CBF870
:10A6400000302369990710D4002003B0BDE8F08FD3
:10A6500056F8271013608908CBF80030F1D0FFF7C7
:10A66000B0FFE368A3600120EFE7E3695046984735
:10A6700016F827300546DA07E6D513F002031DD099
:10A68000B8F1000F03D041462046FFF7A6FF6168EE
:10A690002A462046FFF787FFD4E9023199426060DD
:10A6A00004D12A462046FFF77EFFA060A3682360FE
:10A6B000E360236943F008032361D4E701462046A1
:10A6C0000193FFF77EFFE268A260B8F1000F04D0AB
:10A6D0002168226A019B42F8213005EB0802CBF881
:10A6E000002021682046FFF75EFF2369206043F0C9
:10A6F0000803236116F827306FF3000306F82730AC
:10A70000C9F800A0AFE770B504461546FFF74BFF48
:10A710002368834205D12369216023F00803236164
:10A7200070BD226AAB0043F0020342F82130616839
:10A730002A462046FFF737FF6060F1E738B5036926
:10A7400004465B0706D5856AFFF71CFF85422CBFD0
:10A75000A562A06238BD02698368120702D442680C
:10A760009A4200D2426AD31A181E18BF01207047BD
:10A77000A0F13003DBB2092B02D800200B70704728
:10A78000A0F16103052B02D85738C3B2F5E7A0F159
:10A790004103052B01D83738F7E76FF015007047F4
:10A7A000F7B5054601F0010000EB51069E424FEA65
:10A7B000510703D90026304603B0F0BD58B12878C0
:10A7C0000DF10701FFF7D4FF0028F3DB9DF80730F8
:10A7D000013502F8013B01351744BA42EBD015F8B8
:10A7E000010C0DF10701FFF7C3FF0028E2DB9DF824
:10A7F00007402401E4B2147015F8020BFFF7B8FF0C
:10A800000028D7DB9DF807301C4402F8014BE4E731
:10A81000838B13F0070305D10368002B0CBF0020C6
:10A8200003207047022B05D1C08BB0FA80F040099D
:10A8300080007047012B05D10368002B0CBF00205E
:10A84000052070470020704710B50C4600B111B9C3
:10A850006FF0150010BD081D00F02FF80028F9D189
:10A86000A368032BF6D9F3E72DE9F0410D4607461F
:10A870001946281D90461E46E8F77EFA044638B170
:10A880003346424629463846A446BDE8F041604773
:10A89000BDE8F08138B50C46054658B151B10B689A
:10A8A00043B14B6833B12022002104F032FD002077
:10A8B0002C6138BD6FF01500FBE7034640B14268DC
:10A8C00002F00302022A06D0032A04D0012A05D08E
:10A8D0006FF0150070471A68002AF9D000209860C0
:10A8E000704770470346012B82BF03F1FF325218B5
:10A8F0005B42084688BF02EA0300704770B5044611
:10A90000416A00F05AFA236A0646984215D0A0B16F
:10A91000A28E01460132204692B200F0D5F80546DB
:10A9200048B9082194F836006662FFF7DBFFA38E72
:10A93000A0620133A386284670BD6FF01B05FAE7BD
:10A940002DE9F04383B004460D4690F8362002AF5F
:10A95000D31D03F4FC73ADEB030D02AEFF213046B3
:10A9600004F0D7FC32462946204600F0CCF9A0B9C5
:10A9700094F83680A9894046FFF7B4FFD5F80890CF
:10A98000CDF8008000EB090233462046296800F02C
:10A9900026F8002818BF6FF004000437BD46BDE854
:10A9A000F08308B5806B10B100F01DFCC0B208BD8B
:10A9B00070B514461A46049B4D68E618AE420BD893
:10A9C000806B10B96FF0040070BD0968214400F07D
:10A9D000CAFB0028F8D0F5E76FF01500F4E770B572
:10A9E00014461A46049B4D68E618AE420BD8806B9D
:10A9F00010B96FF0040070BD0968214400F0C8FB75
:10AA00000028F8D0F5E76FF01500F4E708B5806B83
:10AA100010B96FF0040008BDD1E9001200F0CDFBC1
:10AA20000028F8D0F5E738B504460025416A637977
:10AA3000AB4201DC284638BD204600F0BEF9236A4F
:10AA400001468342F6D00135F1E77F2A10B506D8DA
:10AA500090F83C3001205340DB430B7010BD47F6AB
:10AA6000FE739A420ED890F83C3062F07F04634047
:10AA7000DB430B7090F83C30022083EAD213DB43B7
:10AA80004B70EBE76FF01500E8E730B590F83C301D
:10AA90000D7883EA050044B2002C0EDBAB42497806
:10AAA00001D18B420DD04B40DB0183F4FF4380F09A
:10AAB0007F0018431080022030BDE4430120148041
:10AAC000FAE76FF08500F7E77FB54FF0013390F8B4
:10AAD0003C5006686B437340DB4302930379ADF847
:10AAE0000E208DF80C300823002200936B448DF863
:10AAF0000D50FFF774FF002818BF6FF0040004B07A
:10AB000070BD30B50546144685B002B902AC0823C5
:10AB10000022009328462346FFF74AFF88B94FF0EA
:10AB2000013195F83C3022684B439A4207D029689E
:10AB30004B40DB439A4214BF6FF02200012005B066
:10AB400030BD6FF00400FAE72DE9F04F8B680C463A
:10AB500085B02BB96FF01505284605B0BDE8F08F1C
:10AB60004A798B799A42F5DD3831C0B2E9F7AEF80F
:10AB700006460028EED1A36BD8688368DB68984747
:10AB80000379204684F83C30FFF70BFF0746002886
:10AB9000E0D04FF0FF33B346B04699466279B242F7
:10ABA0002BDCB9F1FF3F4ED1D4F80880002241469A
:10ABB0002046FFF789FF05460028CDD1C346012F67
:10ABC0000CBF0823FB1D84F83670C4E9088B1CBF3A
:10ABD0007F423B40A362A58604F12406314620460D
:10ABE00000F0CAF810F1860F05462ED00028F5D0E7
:10ABF00004F10C0003F0CAFEAEE7A268204602EBA7
:10AC0000C60A514602AA0193FFF77BFF051EA3DB8C
:10AC1000019B08D0B9F1FF3FBDF80E2005D1914648
:10AC2000D346D04613460136B8E711B218B2814276
:10AC300002DD1346D346F6E70FFA89F08842C4BF17
:10AC40009146D046EFE71D46B9E70025D0E72DE94C
:10AC5000F0470C461746D1E900124B68951C9D42FF
:10AC600006468CB04CD80223009304ABFFF7A0FE3D
:10AC700020B16FF004000CB0BDE8F08730460DF154
:10AC80000E0204A9FFF701FF0028F4DB96F8362036
:10AC900083B2012A84BF02F1FF355B19616884BF6A
:10ACA000524213400B44A360BDF80E300246A3810C
:10ACB000FF2004A9E6F7A2FB0546D4F80880BDF8FA
:10ACC0000EA0C244D04502D300203D70D3E7AAEBCA
:10ACD0000809B9F1200F28BF4FF02009CDF80090E6
:10ACE00042463046216804ABFFF762FE0028C0D11F
:10ACF00028464A4604A9E6F781FBC8440546E1E731
:10AD00006FF08500B7E7FFF7A2BF30B585B00DF152
:10AD10000E0205460C46FFF79AFFE0B995F836306B
:10AD2000A289012B81BF02F1FF32D2185B421A4087
:10AD30000123A16800930A44284621680DF10F03FE
:10AD4000FFF736FE48B99DF80F209DF80E309A4265
:10AD500018BF6FF04C0005B030BD6FF00400FAE78B
:10AD60000346012B82BF03F1FF3252185B420846B3
:10AD700088BF02EA030070472DE9F04106460D4600
:10AD8000FFF7C3FF10B110F14D0F14D196F83670D4
:10AD9000A9893846FFF7E4FF012104463846FFF74A
:10ADA000DFFFD5F8088004444444294630466C60EF
:10ADB000FFF7ABFFE7E7BDE8F08103469A685B79F0
:10ADC00001F1080002EBC303984228BF1046704708
:10ADD00038B50B6805460C460BB9036A0B6063680F
:10ADE00093B995F836000821FFF7BAFF2146606055
:10ADF0002846FFF78AFF10F14D0F17D068B901E020
:10AE00004D3013D0002038BD21462846FFF7B4FF4F
:10AE10000028F7D010F1860FF2D121686B6A9942B1
:10AE20000DD02846FFF7C9FF2060DAE72146284603
:10AE3000FFF7A2FF0028E5D04D30F7D0EDE76FF027
:10AE40008500E0E770B504460D4600F10C064FF0B2
:10AE5000FF324FF0FF333046F8F78EFE48B92946EF
:10AE60002046FFF7B5FF04463046F8F755FF204669
:10AE700070BD6FF01504FAE7F8B5044600F10C0652
:10AE80004FF0FF324FF0FF333046F8F775FE0028E1
:10AE900030D12046216AFFF7B9FD40BBD4E9081341
:10AEA000994219D12046FFF788FFA28E0146013250
:10AEB000074692B22046FFF707FE054690B994F880
:10AEC00036306762012B91BF0823DA1D5B421340C5
:10AED000A362A38E0133A3862046216AFFF76DFF8C
:10AEE000002520623046F8F717FF2846F8BD6FF0BE
:10AEF0000405F7E76FF01505F7E703785B075FBF19
:10AF000003684288C3F34A2303EB12105DBF173076
:10AF100020F007008008002070470020704701F0F3
:10AF2000F1BB0346D3E8EF0F421CC3E8E12F002931
:10AF3000F8D170471FB50023CDE902011A46194622
:10AF40001846CDE90033E8F7FDFB05B05DF804FBDA
:10AF50000120E8F7EDB80020704770B5D2E901365E
:10AF60009B1B8B420C4615460AD313680A460146C2
:10AF7000981904F0C1F92046AB682344AB6070BD5A
:10AF80006FF01B00FBE770B50E46154619460446E8
:10AF900018B9BDE87040E8F7CBB833B1C2F34A2323
:10AFA0001030120D184404F0A7F9C4E900562046E9
:10AFB000BDE87040E8F7EABA2DE9F3415F1C4FEABB
:10AFC0008708064608F1170020F0070080080C46A5
:10AFD0001546E8F727F900238DF80470ADF8053021
:10AFE0008DF8073068B10346019AA8F1040143F8CF
:10AFF000102F2A46294452F8045B8A4243F8045F22
:10B00000F9D100233146A20102F4E07242EA48225B
:10B0100022F07F4222F4700222F03F0202B0BDE82B
:10B02000F041FFF7B0BF07B50123019201AAFFF776
:10B03000C3FF03B05DF804FB07B5CDE9002302238D
:10B040006A46FFF7B9FF03B05DF804FB1FB5CDE911
:10B050000123069B01AA03930323FFF7ADFF05B06D
:10B060005DF804FBF8B506460D4614461F4604B9C4
:10B07000F8BD214628463A46B047241A0544F6E76B
:10B0800010B542680446D2E9002381680068FFF7E2
:10B09000E9FF002263681A6010BD0A2838B504462B
:10B0A0000D4602D10D20E8F7DDFB29462046E8F7E2
:10B0B000D9FB002038BD2DE9F043054687B008468E
:10B0C0000E8891F800900C46D1F808801746E8F7F2
:10B0D0009DFB011EC6F38216C9F3C2091EDB48465A
:10B0E000E8F766FA0346214651F8102B6088C2F350
:10B0F0004A22002A01EB020408BF00210022C0F30B
:10B100000B10CDE90407CDE902142846414601960B
:10B110000092E8F7D3FB07B0BDE8F0830023E2E735
:10B12000436800201B685B68996170470121436890
:10B130001B685A6811771868FFF7A2BF43681B683D
:10B140001868E8F74BBD70B543680C461D686B681E
:10B150009869E7F7C9FF214603460F222868BDE832
:10B16000704018477047002930B4044618460BDB7E
:10B17000A5680844A84207D8E06864682144846848
:10B180002468A44630BC60476FF0150030BC70479F
:10B19000002930B4044618460BDBA5680844A842D1
:10B1A00007D8E0686468214484686468A44630BCB9
:10B1B00060476FF0150030BC70470029034610B49B
:10B1C00010460BDB9C680844A04207D8D8685B682F
:10B1D000194483685DF8044B9B6818476FF01500AD
:10B1E0005DF8044B704708B5C0688368DB68984712
:10B1F000006808BD70B54C680368A34201D2012005
:10B2000070BD8A682244934201D30020F8E74E695A
:10B21000D1E90325B54203D36FF00B038B61F4E74B
:10B220001B1B42F835304368086902EBC0025360CB
:10B230000B6901330B61E2E710B1C068EAF78EBD1C
:10B240007047034610B508460AB10021116053B19A
:10B25000D0B1411E11F8010F80B113F8014BA0428B
:10B2600001D13D28F6D100200EE0013313600AE041
:10B270003D2808D0B0FA80F0400905E018782F2862
:10B28000F6D1002AF1D1012010BD10B50C46E4F72B
:10B2900018FB0134204410BD13B5049C0194002414
:10B2A0000094E8F793FF02B010BD1FB50368009348
:10B2B000406803ABFFF7F0FF18B9039805B05DF8DD
:10B2C00004FB4FF0FF30F9E71FB53D2401930DF16A
:10B2D0000F03009313460A46014600208DF80F40E5
:10B2E000E8F774FF04B010BD2DE9F047884688B038
:10B2F000196891461E46E4F7D2FA074648B9414616
:10B300004846E9F72DF8B3680546834205D0002387
:10B31000F360002008B0BDE8F08708B90123F7E723
:10B32000D6F804A0102D2C4628BF1024CDF800809C
:10B33000224603AB04A909EB07000394FFF7ACFF17
:10B340000028E4D1039B9C42E1D12246504604A947
:10B3500003F0EBFC0028DAD12D1BA2442744E1D1F5
:10B36000DCE7808970470830704730B4046885682E
:10B37000246829442144006930BCFFF709BF30B478
:10B3800084898C420FDD1D680D44A54284BF641A78
:10B390001C60046885682468294421441B6800698E
:10B3A00030BCFFF7E0BE0020186030BC70470520BD
:10B3B000704701460068E9F7FBB908B5E9F788FA74
:10B3C000BDE80840E9F7A8BA0A460121FFF72BBEFD
:10B3D00090F884308BB1EFF3148343F0040383F3CC
:10B3E0001488BFF36F8FD0F88030E1EE103A00F18F
:10B3F000400390EC100A93EC108A70470021012062
:10B40000E9F7D6B9436E83F30B88704761B662B62D
:10B4100080F31188BFF36F8F704772B6002383F3F8
:10B420001188BFF36F8FBFF34F8F30BF62B6BFF38A
:10B430006F8F704772B6002383F31188BFF36F8F4D
:10B44000BFF34F8F20BF80F31188BFF36F8F62B6B9
:10B45000704740E800F313F4803FD8B208BF6FF0A4
:10B460001500704730B50C684B6885B00A894D8966
:10B470000094013B24F01F04234402F01F0242EA1F
:10B48000451223F01F0369468DF808200393E9F75E
:10B490006FFF05B030BD08B5D1E9043198470020F1
:10B4A00008BD08B5EAF7AAF9002008BD07B501AB49
:10B4B00001F074FE02280AD003280BD068B9019865
:10B4C000003818BF0120404203B05DF804FB6FF064
:10B4D0001500F9E76FF08500F6E74FF0FF30F3E76E
:10B4E000EAF780BEEAF7A4BE0CB4034607B504AA87
:10B4F000084652F8041BDB680192984703B05DF8D8
:10B5000004EB02B07047F8F737BBF8F705BC2DE93C
:10B51000F041141E05460E4613DB4FF4004740F27F
:10B52000E73000214FF47A720023C4FB0701E4F7EF
:10B5300019F802460B4631462846BDE8F041EAF7C5
:10B54000F9BC4FF0FF321346F5E708B5EBF73AF9CF
:10B55000EBF7D6F9002008BD10B1006800B14068D3
:10B560007047F8F709BB10B50346FFF7F5FF28B1A0
:10B57000C2681AB1BDE810401846104710BDF8F770
:10B58000CBBB10B50446EAF7ADFE48B12046EAF75A
:10B5900005FF8368986818B18047C31E5842584118
:10B5A00010BD10B504460809B3B1092812D9A2F19B
:10B5B0000A031844C0B204F8010B002301F00F0184
:10B5C000092983BF0A3A8918C9B2303121706370E2
:10B5D000601C10BD3030EEE70028E6D1EDE7D0E981
:10B5E0000032D21A012A0DD95A1C02601B781B02A4
:10B5F0000B8003685A1C02601B780A8800201343E2
:10B600000B8070476FF01500704710B5D0E900341B
:10B610009C4220D05C1C04601B780B7000231360DC
:10B62000D0E90014A14219D20978146801F07F0111
:10B6300099400C44146001684C1C046091F900109E
:10B64000002905DB1368B3F1805F04D2002004E019
:10B6500007331C2BE4D16FF0150010BD6FF00A000A
:10B66000FBE770B5D1E900369E4202D16FF01500BC
:10B6700070BD5D1C0D60AE421C78F7D09D1C0D6046
:10B68000597890F85E300020042B04BF04F00103C9
:10B6900013705170ECE7F7B51C461546A27D4300C8
:10B6A00003F0020322F00302C0F3410013430E46ED
:10B6B0002072A37528460DF10601FFF790FFD8B957
:10B6C000D5E90012BDF80630521A9A4212DB6360C7
:10B6D00073B12A6822601A442A60237A67686BB9BA
:10B6E000BB1C9E4206D30020F61AE060266103E0F0
:10B6F0002360F2E76FF0150003B0F0BD284604F1B7
:10B700001401FFF76CFF0028F6D13B1DE9E7FFF7B6
:10B7100066BFFFF764BFFFF762BFFFF760BF38B5D2
:10B720000446FFF75CFF40B9D4E900239B1A8B6005
:10B7300023B122684A601A44226038BD4860FCE7A1
:10B74000FFF74DBFD1E90032D21A012A09D95A1C9C
:10B750000A60020A1A700B685A1C0A6018700020EE
:10B7600070476FF00B00704738B50546D1E90023EC
:10B7700040689B1A821C93420C460DD380B2FFF79F
:10B78000E1FFD5E90012206803F0B6FD0020236830
:10B790006A681344236038BD6FF00B00FBE770B597
:10B7A0001468641AB4F1805F27D225460026ED099B
:10B7B000334606F10106FAD102335668DBB25D4228
:10B7C000CB1AB34213601EBF0133136048552046A5
:10B7D000136800F07F011970C009136805D10133A7
:10B7E0001D4423441560536070BD197861F07F01DA
:10B7F0001970136801331360EAE76FF07900F3E71B
:10B8000070B506461446084669B1156811460535F7
:10B810001560FFF797FF40B9224629463046BDE83C
:10B820007040FFF7BCBF6FF0150070BD2DE9F84305
:10B83000877D047A07F0010805468946C7F340076B
:10B840000CB1838A83B3D9F800604946053628468F
:10B85000C9F80060FFF788FFB0B92B7AB3B9600070
:10B8600000F006002A69D9F80030384340EAC800E1
:10B87000134440F030004A463146C9F8003000F029
:10B880003F00FFF78CFF40B1BDE8F8834946A88A26
:10B89000FFF758FF0028E2D0F6E7D9F804302A690C
:10B8A0009B1AC9F80430EFE76FF01500ECE70A4681
:10B8B00001884020FFF7A4BFF8B50D46D1E900315B
:10B8C000CB1A9342064601D30020F8BDD41A0F19B3
:10B8D000D0E9132313449F4213D8974211D3002376
:10B8E0002246EBF7A7FA0028EFDB0DD0F369A04260
:10B8F0000344F3616B6803446B60E5D26FF00A00A8
:10B90000E3E76FF00B00E0E76FF07F00DDE770B575
:10B91000C36CC2698CB002930546134402220393A0
:10B92000284602A9FFF7C8FF041E2DDBEB6C01AA15
:10B930000DF1030102A80293FFF767FE10F10B0F50
:10B9400004464FF00102EBD000283CDB9DF8036079
:10B9500006F0F003302B1BD10222284602A9FFF784
:10B96000ABFF041E10DB029B16F0060F1A88284658
:10B9700052BA92B20CBF0232043202A9FFF79CFF06
:10B9800000EAE074002C0ADA14F10B0F1BD119E065
:10B990002846019A02A9FFF78FFF0446F2E700222A
:10B9A0009DF80300019900F0F003602B0B926FD01B
:10B9B00016D8402B62D009D8202B2FD0302B4BD05B
:10B9C0000023EB61002420460CB070BD502BF7D152
:10B9D000042305A902A88DF81030FFF79AFE54E061
:10B9E000B02B65D00BD8702B5AD0902BE8D1072301
:10B9F00005A902A88DF81030FFF791FE45E0D02B85
:10BA0000DED195F95F30002BC4BF03F1FF335AB28A
:10BA1000092385F85F208DF8103010E08DF8102094
:10BA2000284605AA02A9FFF71CFE044670BB9DF834
:10BA300015304BB9AB690B9043F00403AB6128465A
:10BA400004A900F062F8BBE7284604A90B936FF045
:10BA50006E0400F05AF8B6E7022302AA8DF81030FF
:10BA600005ABFFF718FE0446099B0B902B62284696
:10BA700004A900F04AF8002CA2DAA4E7032305A9E0
:10BA800002A88DF81030FFF742FE04460B94EEE753
:10BA9000052305A902A88DF81030FFF73CFEF4E756
:10BAA000062305A902A88DF81030FFF736FEECE753
:10BAB000082305A90DEB03008DF81030FFF740FEB9
:10BAC000E3E7EBF783B938B504460D46826D0021F4
:10BAD000406D03F01EFC636D2B60A26D13446B6020
:10BAE00038BD08B503F015F84FF47A72A0FB0203D5
:10BAF00002FB0133C00B40EA434008BD10F0040FC5
:10BB00000CBF6FF07F000020704738B5836C04468F
:10BB10000D4653B1EBF79CF920462946A36C984794
:10BB20002046BDE83840EBF7AFB938BD30B589B035
:10BB300004460D46FFF7C5FF00211C22C4E905118C
:10BB4000C4E90711684603F0E4FB01236946204677
:10BB50008DF800300795FFF7D8FF09B030BD2DE90B
:10BB6000F0410F4690461E46054620B3EBF78CF990
:10BB70002C6AB4B144452246334628BF4246394672
:10BB80002846EBF757F9044616B910F10B0F08D009
:10BB9000002C0CDC08BF6FF07F0428462146FFF71D
:10BBA000C5FF2846EBF754F92046BDE8F0812B6A23
:10BBB0001B1B2B62F5E76FF01504F5E738B505465A
:10BBC000EBF71EF9041E05DA21462846FFF7AEFF03
:10BBD000204638BDFFF785FF00246861F8E710B5FF
:10BBE000044690B16822002103F093FB204602F046
:10BBF000CDFE042384F85E3094F8603043F00203F5
:10BC000084F860303C23A4F85C3010BD37B505469D
:10BC100000283AD0C36AC3B3EBF736F96B6D8BB328
:10BC2000EB6C7BB32846EBF7E1F8041E24DB694696
:10BC30002846FFF748FFAB69694643F002032846F0
:10BC4000AB61EAF791FF041E13DBDDE90012284621
:10BC5000521AEBF7D5F8041E0BDBFFF742FF002466
:10BC6000686185F85F402846EBF7F2F8204603B09C
:10BC700030BD2846FFF725FF0023C5E90533C5E998
:10BC80000733F0E76FF00B04F6E76FF01504EDE70C
:10BC900070B50E4605468EB000283AD0002938D03F
:10BCA000EBF7F2F8284601A9FFF70DFFA869FFF7A7
:10BCB00025FF041E22DB304601A9FFF7B7FD041E55
:10BCC0001CDB019A029B03929B1A1C220493F368CB
:10BCD0000021059333690DEB0200069303F019FB75
:10BCE00003AB09930223284607A90A93EBF794F8BC
:10BCF000041E09DA21462846FFF718FF2846EBF70D
:10BD0000A7F820460EB070BDFFF7EBFE0024686177
:10BD1000F4E76FF01504F4E773B50E460546F0B18D
:10BD2000E9B1EBF7B1F828466946FFF7CCFEA86900
:10BD3000FFF7E4FE041E0CDB69463046FFF7B7FD53
:10BD4000041E06DBDDE900122846521AFFF736FF13
:10BD500004462846EBF77CF8204602B070BD6FF031
:10BD60001504F9E737B5054618B3EBF78DF8284603
:10BD70006946FFF7A8FEA869FFF7C0FE041E12DBA4
:10BD80006846EAF773FF041E0DDBDDE90012284662
:10BD9000521AFFF713FF044695F95F307F2B1CBF43
:10BDA000013385F85F302846EBF752F8204603B0A0
:10BDB00030BD6FF01504F9E710B5044668B1EBF734
:10BDC00063F8A36923B16FF070012046FFF7AEFE60
:10BDD0002046EBF73DF8002010BD6FF01500FBE7A3
:10BDE00038B50446F0B1EBF74FF86569FFF779FE17
:10BDF000401B06D52046EBF72BF86FF00A052846C6
:10BE000038BDB4F85C30002BF4D04FF47A72534351
:10BE10008342EFD82046FFF7A5FF05462046EBF703
:10BE200017F8ECE76FF01505E9E738B50446456902
:10BE3000FFF757FE431B4FF47A70B4F85C2023EAF7
:10BE4000E37350431AB1984204D9C01A38BD4FF079
:10BE5000FF30FBE70020F9E738B50546D0B1EBF736
:10BE600013F8AB699B070FD52B6A83B92846FFF7F8
:10BE70004EFD041E03DA21462846FFF757FE2846EA
:10BE8000EAF7E6FF204638BD6FF07F04F7E76FF072
:10BE90000F04F4E76FF01504F4E70123FFF75FBE2A
:10BEA00070B506460C468D18AC4201D3002070BD1B
:10BEB000214630462A1BFFF7F0FF0028F7DB01D0B0
:10BEC0000444F1E76FF00400F1E710B403460838CA
:10BED000D0E8EF2F511CC0E8E41F002CF8D11AB9AC
:10BEE0005DF8044BEBF706B86FF00F025DF8044BFA
:10BEF0009A667047F8B5069F0469C9B2EFF31186D8
:10BF0000202585F31288BFF36F8F0C2569430C44FD
:10BF1000A56C05F0070CBCF1010F0BD1A76486F3EB
:10BF20001188BFF36F8FC4E9102343685B589847AB
:10BF30000020F8BD05F0C005AF4286F31188BFF3BD
:10BF40006F8F0CBF6FF077004FF0FF30F1E713B544
:10BF500080240094FFF7CEFF02B010BD0069CBB281
:10BF600000EB4310002110470020F3F783BC0020B2
:10BF7000F3F7FABC1046F8F765B88022EBF7E4B99E
:10BF8000084608B51146F2F7A9FF002818BF6FF060
:10BF9000040008BD08B501F0FFF8002818BF6FF0D5
:10BFA000040008BD43681C330B6001231360704715
:10BFB000F8F748B84FF0FF324FF0FF33F8F784B886
:10BFC000F0B54468076900208BB000908DF804003C
:10BFD0000120119D0790109802F08006CDE9080518
:10BFE000D007CDF818D08DF8001012D53A7F1BBAC3
:10BFF000D107049357BFBDF81130CDF80130ADF82B
:10C0000001309DF813304EBF05238DF80330042313
:10C010000793002D0CBF0122022206ABCDE90323BA
:10C02000029302232146059351F8040B36B183682D
:10C030001C68002302AAA0470BB0F0BD83681C68EF
:10C0400004ABF7E7002373B50D1E466814BF042147
:10C050000621CDE9003380220446FFF7B1FF96F8B0
:10C060003030DB0609D540B93DB90346CDE90000C3
:10C07000802298212046FFF7A3FF02B070BD1FB5B4
:10C08000012301930DF10F030093002305211A46AC
:10C09000FFF796FF08B99DF80F0005B05DF804FBA7
:10C0A000F7B51E4643680D1E044617469B6914DB10
:10C0B000AA199A4211D80069FFF77CFF2B4601228A
:10C0C00003212046CDE90076FFF77AFF0546206977
:10C0D000FFF76EFF284603B0F0BD6FF01505F9E7D6
:10C0E000F7B54468054694F83030DA0744D5076957
:10C0F00002F00FFD4FF47A76A0FB063206FB012218
:10C10000DB0B43EA4243BA699B1A13D4628DA68DB6
:10C110009B1AB3420EDA4FF4004740F2E730002199
:10C12000F61A4FF47A720023E6FB0701E3F71AFAD6
:10C13000F9F79EFC94F8303013F002031CD18022F2
:10C14000AB212846CDE90033FFF73AFFA8B994F8B0
:10C150003030DB0710D540F2E7314FF400450E4692
:10C160000146E48D4FF47A72E5FB0461002330460A
:10C17000E3F7F8F9F9F77CFC002003B0F0BD2DE9F6
:10C18000FF41064615461C4601270DF10F08002306
:10C1900005211A463046CDE90087FFF711FF40B967
:10C1A0009DF80F30DB0704D528462146F9F760FCDF
:10C1B000EDE704B0BDE8F0812DE9F3479846436808
:10C1C0000D1E064691469B6958DB05EB08029A4214
:10C1D00054D80069FFF7EEFE00213046FFF732FF2A
:10C1E000044600283FD18246B8F1000F05D1012155
:10C1F0003046FFF727FF044639E0B8F5807F474611
:10C2000028BF4FF480772A46EB19002D03F1FF3346
:10C210004FEA1323B8BF05F1FF02B3EB222F06D07C
:10C220006B42DBB2EFB258BF5F42C7F580770023A5
:10C23000802206213046CDE900AAFFF7C1FE2B4639
:10C24000812202213046CDE90097FFF7B9FE04466E
:10C2500048B9012200233046A8EB0708B9443D4401
:10C26000FFF78DFFC0E701213046FFF7EBFE306995
:10C27000FFF79EFE204602B0BDE8F0876FF0150480
:10C28000F8E738B505460C4601F0DFF8002D07DB6E
:10C29000A84205D9401B84428CBF0020012038BD34
:10C2A0000020FCE770B50C461946204616461D4690
:10C2B000FFF7E7FF28B929462046BDE87040EBF7B5
:10C2C0001DBC5DB1B4F5004F2A462146304603DA65
:10C2D000BDE87040FFF7EAB803F00EF8002070BD2B
:10C2E0002DE9F0470024836886B0884691461B6993
:10C2F00002AA01A99847A2462546029BAB4202D852
:10C3000006B0BDE8F0870026019F07EBC5077B68F4
:10C3100004933A680AEB0603B24202D89A46013502
:10C32000EBE749460394059303A8C0470028E7D0EC
:10C33000049B01361C44ECE7436800205B681B69E2
:10C340000B607047436802EA01005B6821EA020162
:10C3500098600020D9607047436800205B6899604E
:10C360007047436800205B68D960704743685A682B
:10C37000536821EA03000B4090600020D3607047AF
:10C38000002201210A20E8F7C5BE13B5002101AA49
:10C39000044600F00AF8002805DB019B22681979A1
:10C3A0001868ECF703F802B010BD30B543681360AD
:10C3B000057A446804EBC504A34202D36FF0010080
:10C3C00030BD5C798C4201D00833F0E70020F7E7FC
:10C3D00010B48468A468A4465DF8044B604730B587
:10C3E00061F07F0189B08DF807100DF1070102910E
:10C3F00001211D4644686068039100212389CDE92D
:10C40000052502228DF8101002A98DF81C20FFF7D7
:10C41000DFFF09B030BD30B561F07F0189B08DF824
:10C4200007100DF107011D46029101214468606863
:10C4300023890391CDE90525002107228DF81010ED
:10C440008DF81C2002A90222FFF7C2FF09B030BDFF
:10C450001FB58DF80120022243688DF8001058683E
:10C4600001A91B8902928DF80C200122CDF804D07D
:10C47000FFF7AEFF05B05DF804FB10B588B08DF88E
:10C4800007100DF10701029101214368002458684B
:10C490001B89CDE90521072203918DF81C2002A9F3
:10C4A00002228DF81040FFF793FF08B010BD2DE970
:10C4B000F047984643680127D3F8049093F808A002
:10C4C000002388B08DF810300DF10303CDE9053756
:10C4D00007230E4614468DF8041001AD8DF81C306C
:10C4E00002225346484602A902950397FFF770FFC0
:10C4F000B8B99DF8032022EA040304EA08041C43A7
:10C50000A2420ED002233A4603938DF810304846DB
:10C51000534602A98DF804608DF805400295FFF797
:10C5200057FF08B0BDE8F08743681B68D3F8800464
:10C53000C3F880047047436802691B68D3F8100190
:10C5400050B10020526912780A70C3F81001D3F874
:10C55000102101221A6070474FF0FF3070470268C7
:10C560000346D2F8580140B95B689B0706D4D2F85D
:10C570002001003818BF0120704701207047426831
:10C580001368D3F80413C90517D5D3F82011A1B146
:10C59000EFF31181202080F31288BFF36F8FD3F85F
:10C5A000200130B10020C3F82001D3F82001012080
:10C5B000D86081F31188BFF36F8F5268D20614D50B
:10C5C000EFF31182202181F31288BFF36F8FD3F82C
:10C5D000581111B10021C3F800154FF48001C3F8C0
:10C5E000081382F31188BFF36F8F704710B50446AC
:10C5F000002201210920E8F78DFD0920E8F75AFD06
:10C600002046BDE81040ECF7EFB910B50446002213
:10C6100001210820E8F77EFD0820E8F74BFD2046C1
:10C62000BDE81040ECF7E0B9FEF7FDBC00220121A7
:10C630000B20E8F76FBD10B50B6813B918461360EF
:10C6400005E003685C681CB114600368186810BDDD
:10C65000083303600B68013B0B60EDE710B503681E
:10C660000446DBB19868C8B149B1197B0122ECF7E7
:10C6700065FB23681869BDE8104002F023B912B9C0
:10C680009A88D2040AD4186902F01CF9236800229F
:10C69000BDE81040197B9868ECF750BB10BD10B591
:10C6A000012200210446FFF7D9FFA36933B9636073
:10C6B00004F11000BDE81040F7F7C4BC10BD10B580
:10C6C000006903688B4206D190F86C4034B9FFF7DB
:10C6D000E6FF204610BD6FF01500FBE76FF00F007E
:10C6E000F8E738B505690446296405F12800F7F72D
:10C6F000A9FC002285F86C2020691146BDE838406D
:10C70000FFF7ACBF08B5ECF76BFF08BD02F0DAB875
:10C7100002F0A1B900207047006801F081BB38B574
:10C72000044604B938BDE069256802F0E2FA204603
:10C7300002F0DFFA2C46F4E7F7F71EBAF7F7ECBA87
:10C74000002307B5CDE90033EDF79CFD03B05DF89C
:10C7500004FB2DE9F04F064640688BB00C46DDE93E
:10C7600014579046994608B1FFF7E8FFD6F800A0A5
:10C7700005B1AFB900232146CDE9003342464B460F
:10C78000504601F059FD0446706828B14FF0FF3261
:10C790004FF0FF33FFF7D0FF20460BB0BDE8F08F1E
:10C7A0004FF0160B04AB5A460021184602F0B1FDBB
:10C7B00003AACDE9000221464B4642465046CDF839
:10C7C0000CB001F039FD041EDEDBBDF81020012A9B
:10C7D0000AD1039B082BD7D1BDF812102A80059AE5
:10C7E00069806A603B60CFE7022ACDD1039B162B9C
:10C7F000CAD1BDF812300DF1140C6B802B460DF12F
:10C80000240E23F8042B624603CA7245186059604F
:10C81000944603F10803F6D19DF824302B751823B4
:10C82000E0E7002307B5CDE90033FFF792FF03B03F
:10C830005DF804FB38B505460068F6F7B7F804461E
:10C8400010B92846EDF724FE204638BDF0B505683E
:10C8500008880B46012887B00DD14A884B68ADF88F
:10C8600002200822ADF8000001936946284601F035
:10C87000E9F907B0F0BD022815D14A88ADF80000EB
:10C88000ADF8022001AE0A1D01F11407344610680C
:10C890005168083203C4BA422646F7D11B7D1622DE
:10C8A0008DF81430E1E7284607B0BDE8F04001F00C
:10C8B000C9B9A0F12303DBB2082B9DBF40F20510DC
:10C8C000D84000F00100002070470D2804D0A0F1EE
:10C8D0000A035842584170470120704710B501685B
:10C8E00002468B1C03608C782046FFF7EEFF10B9E0
:10C8F0000CB10331116010BD10B50446E2F7E1FF41
:10C9000001281ED92378A3F16102192A98BF203B80
:10C91000412B16D16378A3F16102192A98BF203BFD
:10C92000542B0ED1A27802F0F703232B0BD0252A2B
:10C9300009D01046FFF7C9FF10B9B2FA82F04009DA
:10C9400010BD0020FCE70120FAE71368EEF7F8BA03
:10C9500038B50D46044640B11021284602F0D4F9FE
:10C96000606028B10020256038BD6FF01500FBE73E
:10C970006FF00B00F8E738B5044648B143683BB1A7
:10C980000025EEF7EDFB6068256002F0B2F9656006
:10C9900038BD10B578B143686BB1EEF779FB04464A
:10C9A00048B1EEF7B9FB04230022237000230020D6
:10C9B000C4E9022310BD6FF01500FBE770B5164601
:10C9C0001D4668B143685BB1EEF762FB044638B1BF
:10C9D000EEF7A2FB01230020C4E90265237070BDBD
:10C9E0006FF01500FBE7F8B517461D46C0B1436868
:10C9F000B3B1AAB1EEF74CFB044688B1681C02F053
:10CA00007FF9064678B12A46394602F075FC204681
:10CA1000EEF782FB0223002065602370A660F8BD5C
:10CA20006FF01500FBE76FF00B00F8E7F8B517465D
:10CA30001D46C0B14368B3B1AAB1EEF729FB044665
:10CA400088B1284602F05CF9064678B12A46394694
:10CA500002F052FC2046EEF75FFB032300206560E6
:10CA60002370A660F8BD6FF01500FBE76FF00B00B8
:10CA7000F8E710B51446B0B14368A3B19AB1EEF728
:10CA800007FB80B10378012B0DD1D0E9023213F5F9
:10CA9000004142F10002B1F5803F72F1000202D282
:10CAA0000020238010BD6FF01500FBE710B5144681
:10CAB00090B1436883B17AB1EEF7EAFA60B10378D6
:10CAC000012B09D1D0E90232B3F5803F72F10002A7
:10CAD00002D20020238010BD6FF01500FBE710B5D7
:10CAE000144690B1436883B17AB1EEF7D1FA60B1E0
:10CAF0000378012B09D1D0E9023213F1004142F150
:10CB0000000212B90020236010BD6FF01500FBE792
:10CB100010B5144670B1436863B15AB1EEF7B8FA74
:10CB200040B10378012B05D1D0E902230020C4E9EC
:10CB3000002310BD6FF01500FBE7F8B517461C4643
:10CB4000C0B14368B3B1AAB1A4B1EEF7A1FA0646E9
:10CB500080B10378022B0DD1EEF7BAFA23680546AF
:10CB600083420AD30246B168384602F0C5FB002072
:10CB70002560F8BD6FF01500FBE76FF00B00F8E7DC
:10CB800038B5054680B1436873B10021EEF780FAED
:10CB9000002408B103780BB9204638BD0134214682
:10CBA0002846EEF775FAF4E76FF01504F4E7FEF7A0
:10CBB0003ABAFEF741BA08B530B1EFF773F9BDE8FC
:10CBC00008400020EFF700B9EFF764F90028F6D02D
:10CBD000BDE80840EEF718BD08B50020EFF7B0F843
:10CBE000002818BF6FF00D0008BDFEF71CBAFEF755
:10CBF00023BA30B5102587B0144601AB02AA0195BF
:10CC0000FFF79BFF68B9019B224618336B4403F87A
:10CC1000100C294602A8EFF7B5F9002818BF6FF0ED
:10CC20003C0007B030BD08B501F04AFE18B1BDE8C0
:10CC30000840FFF7D1BF08BDFEF7F5B908B5F0F71A
:10CC400097F9002008BDF0F7D5B9F0F7CDB930B5A8
:10CC500087B0F0F7D9F940B90120F0F761F9FF206A
:10CC600007B0BDE83040F0F733B963230024002556
:10CC700001A902A8CDE902450193F0F7B7FB0246EE
:10CC800030B9DDE90201019BF0F7E4F907B030BDEE
:10CC900004A8CDE90445F0F73BFA28B9DDE9040121
:10CCA0000122F0F72FFAF1E70120F0F739F903201C
:10CCB000F0F70EF9EAE70A460121FEF7B4B900B52C
:10CCC00089B006AB02930823039301AB04930423BA
:10CCD0000791CDE9053004AA032002A9F2F7D8F89C
:10CCE0000228019B09D003280AD060B9181E18BF7A
:10CCF0000120404209B05DF804FB6FF01500F9E730
:10CD00006FF08500F6E74FF0FF30F3E748B1036CB2
:10CD10003BB1436C2BB1806CB0FA80F040094042CB
:10CD200070474FF0FF30704710B504461046FFF7CC
:10CD3000EDFF50B923788B4206D9217092F84D301F
:10CD400043F0010382F84D3010BD4FF0FF30FBE798
:10CD500073B502460846FFF7D9FF0C460546A8B949
:10CD6000D343497BC3F3C013B1EB031F4FEA031254
:10CD70000CD06273F3200122266C63680DF1070169
:10CD8000B04784F84C0020B16FF00105284602B08E
:10CD900070BD9DF80730627B23F0100302F0100293
:10CDA00013438DF8073001227320666C63680DF120
:10CDB0000701B04784F84C000028E7D0E4E737B516
:10CDC0000446FFF7A3FF70B90122F320256C6368C6
:10CDD0000DF10701A84784F84C0030B99DF80730E1
:10CDE00003F01003637303B030BD6FF00100FAE786
:10CDF0002DE9F0431D460F46002187B00446164634
:10CE000002A81022019102F084FA2846FFF77EFF63
:10CE100090BB8CB387B3731E092B30D80DF1040877
:10CE2000013F04EB06092A7B14F8013B3AB9184686
:10CE30002946FFF78DFF14F8013C03F07F0388F8C3
:10CE4000003017F8013F4C4588F8013008F102081E
:10CE5000E9D170B972006C6C6B689DF80400013AFE
:10CE60000DF10501A047002885F84C0018BF6FF0B0
:10CE7000010007B0BDE8F0834FF0FF30F9E76FF035
:10CE80000300F6E72DE9F042064618461D46FFF777
:10CE90003DFF0F4691460446C8B9C1B12B7B3BB953
:10CEA00029463046FFF754FF044608B946F080068D
:10CEB00030464A4639466B682E6CB047002818BF8A
:10CEC0006FF0010485F84C002046BDE8F0824FF079
:10CED000FF34F9E7E02337B58DF80630B623054671
:10CEE0008DF80730FFF712FF044680B92B7B8BB11A
:10CEF0002B460DF1070101220DF10600FFF778FF27
:10CF00000446AB6C42F21070696898474CB12046F9
:10CF100003B030BD2846FFF752FF04460028F6D183
:10CF2000E6E72B7B002BF2D1284603B0BDE830406A
:10CF3000FFF745BF10B58CB00446FFF7CBFF0346A3
:10CF4000002840F08C80234601222146D020FFF7A4
:10CF500099FF0346002840F082802278612A40F041
:10CF6000818023468DF804000122F02001A9FFF7FB
:10CF700089FF0346002872D19DF804301722A36070
:10CF80008A20234601A9FFF77DFF0346002866D1CA
:10CF900023460E22E1200DF11B01FFF773FF03462C
:10CFA00000285CD1234605220DF12901FFF76AFF15
:10CFB0000346002853D1BDF823209DF81D00E283CD
:10CFC000BDF8042022849DF8062084F82220029ACD
:10CFD00062629DF80C2084F82820BDF80E2062853E
:10CFE000BDF81020A285BDF8122052BAE285BDF826
:10CFF00016202286BDF8182062869DF81A2084F833
:10D0000034209DF81C2002F00F0141EA001121821A
:10D010009DF81B10120942EA01126282BDF81E201F
:10D02000A282BDF82020E2829DF8222022769DF87F
:10D0300027206276BDF8252062839DF8282022777C
:10D040009DF82B20C2F3011284F83C209DF8292082
:10D0500084F83D209DF92D20121184F83E201846B9
:10D060000CB010BD6FF00203F9E713B504460B4690
:10D07000052269467120FFF705FFD4B1B8B99DF8C4
:10D08000013003F0070323709DF80430C3F38202DC
:10D09000E2709DF803205109C2F38202A2709DF94B
:10D0A00000206170002AB4BF08235B09237102B01D
:10D0B00010BD4FF0FF30FAE7742373B506460D46F6
:10D0C0008DF807302B46012274200DF10601FFF781
:10D0D000D9FE0446B8B99DF80620930716D022F071
:10D0E00003022B468DF806200DF1060101220DF1F9
:10D0F0000700FFF77DFE0446AB6C42F210706968D2
:10D100009847002CDED0204602B070BD002EFAD029
:10D1100022F0030206F0030632438DF806202B4668
:10D1200001220DF106010DF10700FFF761FE044633
:10D13000E9E713B50B46044660B1012274200DF1F6
:10D140000701FFF79FFE9DF8073003F003032370EC
:10D1500002B010BD4FF0FF30FAE700207047FDF736
:10D160006BBFF8F7BBBC38B5DD2914461846049DE3
:10D170000BD80A4605F1F001A0470028C5F8D001F8
:10D1800006DCBDE83840F1F71BBE6FF0150038BD76
:10D190000020FCE7002070470020704710B588B0E1
:10D1A0001C4605AB01930C2302930423CDE9061220
:10D1B000CDE904300DEB030103AA0020CDF80CD01B
:10D1C000F1F766FE009B236008B010BD38B5044639
:10D1D00038B1006828B1A5682844E2F772FB05441D
:10D1E000A56038BD70B50446B0B10068A0B16268F2
:10D1F00012B1A3689A420FD900290DDBA568294412
:10D200004B1C9A4201D3284407E0226922B9B3F1AA
:10D21000804F03D3002B0EDA002070BD8E1C236AD2
:10D2200063B1314698470546B0B9E369206898472D
:10D23000C4E90055F0E76FF00046F0E73046A36917
:10D24000984705460028F0D0A2682168013202F014
:10D2500053F8E36920689847C4E90056A068D2E70C
:10D2600089B188B181420ED0836823B98160C1E958
:10D270000031012070475B68002BFAD019604B60C9
:10D2800083685960F5E700207047034610B52820F1
:10D290009847044618B12822002102F03AF82046A7
:10D2A00010BD0021F2F71EB9FFF7DABF0023F1F736
:10D2B0000BBF004701F006BB38B504461546F2F730
:10D2C000FFF929462046BDE83840F2F711BA430974
:10D2D00003BF4FF0FF3323FA00F000F001000020FD
:10D2E000704770B501F1080330F813301646DA05BF
:10D2F00004460D4609D5C3F3432300EBC302314670
:10D3000050F83330526828469847A3682BB131460D
:10D310002846E268BDE87040184770BD2DE9F3412A
:10D320001746DDE90858019001A80C461E46F2F7A1
:10D33000B9FB019B391E18BF012100EB8300231E9E
:10D3400018BF0123002E43EA410314BF0C21002122
:10D35000002D43EA010314BF4FF4E0610021B8F14E
:10D36000000F43EA010314BF4FF440310021D0F80D
:10D3700000220B4322EA030304B124780FB13F7863
:10D380007F001C430EB13678B6003C438DB129783E
:10D3900009023443B8F1000F03D098F800804FEA37
:10D3A0000848214341EA0801C0F8001202B0BDE874
:10D3B000F0812946EDE71FB50DF10F03019300231E
:10D3C0008DF80F101A4619460093FFF7A7FF05B016
:10D3D0005DF804FB10B504790A462046F2F7B6FB67
:10D3E00018B111462046F2F7CFFB00F0010010BD46
:10D3F00038B50579044628460A46F2F7C5FBC0B1A0
:10D4000011462846F2F7A2FB98B911462846F2F7D2
:10D4100091FB012322688340C2F80833226803B2DB
:10D4200002EB8303D3F8102522F00302C3F8102582
:10D4300038BD0021BDE838401046FFF7BCBFF2F709
:10D44000EDBCFFF7D5BFF2F7ADBB4FF480107047CE
:10D450004FF4805070474FF48070704770B50126CC
:10D46000A2F58074A40806FA04F4054614EA010043
:10D4700008D0A85830B100213046A950AA581A68DF
:10D4800022431A6070BD00232DE9F34104460D4686
:10D490000193904601AB4FF4A672FFF7DFFF4FF404
:10D4A000827229462046FFF7D9FF4FF48C72074657
:10D4B00029462046FFF7D2FF064630B1B8F1000FEB
:10D4C0001DD017B13E46D4F83C354FF4887229463A
:10D4D000204601ABFFF7C2FF30B1B8F1000F03D017
:10D4E00016B90FB1D4F83C354FF490722946204656
:10D4F00001ABFFF7B3FF019802B0BDE8F0814646EB
:10D50000E3E7012370B504460D466426436100221B
:10D5100002212046FFF7B7FF20B90120FFF7CAFE1E
:10D52000013EF4D100236B77C4F8003570BD07B518
:10D53000019001A8F3F70CF90123019A934083604D
:10D5400003B05DF804FB07B5019001A8F3F700F9FB
:10D550000123019A9340C36003B05DF804FB91F886
:10D5600020200346032A29D8DFE802F021251902EA
:10D570008A68500304D5D3F84C250869904207D136
:10D580008A6852031AD4D3F84C258969914215D080
:10D5900000200622C3F80005C3F800257047D3F821
:10D5A0004C2508699042F3D1D3F83C25EDE7D3F838
:10D5B0004C250969EAE7D3F83C25FAE701207047D2
:10D5C00030B50124A2F58075AD08AC400C4207D0FF
:10D5D000815829B10021815082581A6822431A606B
:10D5E00030BD002313B50C4601934FF4A47201AB78
:10D5F000FFF7E6FF21464FF48272FFF7E1FF214675
:10D600004FF49272FFF7DCFF21464FF4A872FFF748
:10D61000D7FF21464FF4A672FFF7D2FF21464FF401
:10D62000B072FFF7CDFF4FF4AE722146FFF7C8FF8F
:10D63000019802B010BD07B5019001A8F3F794FF5F
:10D640000123019A9340836003B05DF804FB022933
:10D6500004D0042906D0012900D17047806808B1A0
:10D66000ECF738BC7047F4F721B8002210B5046815
:10D67000944200D110BD00EBC2014B68013223F08F
:10D68000FF0343F003034B60F2E70420F2F782BF8D
:10D690000420F2F79DBF08B5F2F738FFBDE8084057
:10D6A000F5F798BE38B504460025031D2268AA4246
:10D6B00001D8002319E04FF00002D3E8CF0F032870
:10D6C00004D1C3E8CC2FBCF1000FF6D102D008334F
:10D6D0000135EBE701EB851318464022002101F0EC
:10D6E00018FE034604EBC504A060184638BD083098
:10D6F000704738B5054620B9F3F7DEFF80B9002042
:10D7000038BDECF7DFFB04460028F8D0F3F7D4FF70
:10D7100038B92046ECF7DEFB0120ECF7A9FBEEE779
:10D720002C46C56040F8084FEAE740EA0141104640
:10D7300040F8081DF3F7D2BFF3F7CABFF3F7C2BF33
:10D74000ECF7C0BB08B5ECF7C5FBBDE8084001200D
:10D75000ECF78EBB0429F8B50546174603D010290F
:10D7600010D000240CE00820ECF79EFB04460028B3
:10D77000F7D0002343600123478003802B68436078
:10D780002046F8BD1620ECF78FFB04460028E8D0B1
:10D79000061D12220021304601F0BBFD022323802A
:10D7A0002B46678005F1100253F8041B934246F89C
:10D7B000041BF9D1E4E7134609B9116070470A88E0
:10D7C000012A02D0022A07D070471A68082A28BF07
:10D7D00008221A6001F090BD1A68162A28BF162286
:10D7E000F7E708B5F4F760FD40B100F11C03D3E89A
:10D7F000EF1F0131C3E8E21F002AF8D108BD00681D
:10D8000008B1F4F7DFBC704737B50025036804465C
:10D810000093838F6846ADF80650ADF8043000F0F1
:10D82000EBFD38B1A36B6846984794F83E300BB1D6
:10D83000A563E56303B030BD4068003818BF012020
:10D84000704700230B60836813B9C0E9011170476A
:10D8500019608160704738B505460C46F3F744FF00
:10D86000AA68236894426B6008BFAB60002320461F
:10D87000236000F04DF9BDE83840F3F73BBF406846
:10D8800070470069431E5842584170470069831E23
:10D890005842584170470069C31E5842584170476A
:10D8A0004069B0F5817F05D040F21113C31A584288
:10D8B000584170470120704790F82000C0F34000A5
:10D8C000704790F82000C0F38000704790F8200067
:10D8D000C0F3C0007047006C00F00100704790F882
:10D8E000200000F0010070470369012B05D1806919
:10D8F000A0F180035842584170470020704790F8CB
:10D900002000C0097047836933F0800314BF0120F1
:10D910000020704790F82000C0F340107047806BE3
:10D92000003818BF0120704790F83400431E584259
:10D930005841704708B590F82030014613F00102B5
:10D940000BD1FFF7E0FF28B90846FFF7CDFF80F0C5
:10D950000100C2B202F0010008BD0022FAE770B572
:10D9600004460D4616462046FFF7E4FF70B155B158
:10D97000284600F0BCF848B931460220ECF760F8C0
:10D980000028F0D070BD6368002BF5D00020F9E7C7
:10D990004068003818BF0120704790F82200003816
:10D9A00018BF0120704710B50446FFF7ACFF94F88C
:10D9B0002010C1F3401340EA0302236982F0010200
:10D9C000012B14BF0123C1F38003D2B220461A40B9
:10D9D000FFF766FF48B1C1F300112046FFF784FF4F
:10D9E0000A4080F00100104010BD0121F5E710B59C
:10D9F0000C46F4F759FC28B190F8203064F38613F4
:10DA000080F8203010BD10B50C46F4F74DFC28B15D
:10DA100090F8213064F3000380F8213010BDD0E984
:10DA2000092353EA020109D04FF47A71B3FBF1F0F4
:10DA300001FB02000128B8BF012070474FF0FF3002
:10DA40007047D0E90B2353EA020109D04FF47A71F1
:10DA5000B3FBF1F001FB02000128B8BF01207047C1
:10DA60004FF0FF307047013802288CBF00200120A2
:10DA70007047013802288CBF0020012070470388BE
:10DA8000012B03D0022B06D001207047082914BFB8
:10DA90000020012070471629F9E7032915D0112825
:10DAA0000CD004DC88B106280AD000207047B0F5FD
:10DAB000817F05D040F211139842F6D1022900E08F
:10DAC000012914BF00200120704701207047C3685E
:10DAD000012B03D0022B07D00120704708880128B2
:10DAE00014BF00200120704708880228F8E700B121
:10DAF0000068003818BF0120704700B10068704707
:10DB0000438940681844704702894089101A704759
:10DB100010B504464068FFF70FFEE06808B1ECF767
:10DB2000CBF92046BDE81040ECF7C6B910B5044665
:10DB3000206800B910BD626803689042236008BF86
:10DB40006360FFF7E5FFF3E700F01ABD10B5044688
:10DB500060B1406908B1ECF7AFF9A06908B1ECF722
:10DB6000ABF92046BDE81040ECF7A6B910BD10B5E2
:10DB7000044600F003FD23684360A36983602046E8
:10DB8000BDE8104000F0FCBC2DE9FF4180460F4687
:10DB90001646FFF768FF38B96A20ECF719F84FF01E
:10DBA000FF3004B0BDE8F0813046F4F7E3FB08B97C
:10DBB0007B20F2E73846FFF75CFF08B96B20ECE703
:10DBC00039463046FFF769FF0028F7D0F4F738FBF5
:10DBD000054608B91720E0E70020FFF78AFD044654
:10DBE00020B92846F4F772FB6920D6E74FF0FF33DF
:10DBF0000C22037443748374C3740023027243724F
:10DC00008372C3724046F5F7CDF96061384600F083
:10DC10005DFC0146A061304600F059FC2146E06100
:10DC200001AA47F201000295F5F7E8F9044620B190
:10DC30002846F4F74BFB2046AFE7C5E90387286881
:10DC40006E61AEE773B506460C461546FFF7C9FD93
:10DC5000019050B90920EBF7BBFF4FF0FF3401A84A
:10DC6000FFF7CDFD204602B070BDFFF74CFE10B1AE
:10DC7000019B9869EFE70198FFF723FE08B17F2029
:10DC8000E9E70198FFF718FE08B17820E3E70CB93F
:10DC90000E20E0E721460198FFF719FF08B96A2036
:10DCA000D9E729462046FFF7EAFE08B91620D2E751
:10DCB0000198FFF710FE054620B1019B5D69113DFB
:10DCC00018BF01250020FFF714FD024608B969209E
:10DCD000C1E7002314210661017243728372C3728B
:10DCE0002188012911D0022917D00199042091F827
:10DCF000203043F0020381F8203047F20201D56062
:10DD0000FFF713FDCDB17720A5E76188C375818248
:10DD10000421817563688361E7E76188C375818247
:10DD20001021231D8175143400F1180153F8040BE0
:10DD3000A34241F8040BF9D1D7E70198FFF781FE20
:10DD400000900198FFF7B8FD20B90198846984B16B
:10DD5000204680E769460220EBF772FE10F10B0FB8
:10DD600005D00028EDD00028B8BF404273E77420EA
:10DD700071E7FFF795FD00283FF471AFDDE9001072
:10DD8000F5F796F804466AE730B585B005460C46C7
:10DD9000F4F78AFA38B90920EBF71AFF4FF0FF338E
:10DDA000184605B030BD0CB90E20F5E72146FFF747
:10DDB0008EFE08B96A20EFE70020FFF79AFC0146C3
:10DDC00008B96920E8E70023142205610272437252
:10DDD0008372C3722288012A0AD0022A10D047F225
:10DDE000050001AAF5F70AF903460028D8D0D3E7C1
:10DDF0006288C37582820422827563688361EEE75C
:10DE00006288C37582821022231D8275143400F14A
:10DE1000180253F8040BA34242F8040BF9D1DEE7D1
:10DE200030B585B005460C46F4F73EFA38B90920FE
:10DE3000EBF7CEFE4FF0FF33184605B030BDFFF7CD
:10DE400020FD08B95F20F3E70020FFF752FC0146F0
:10DE500008B96920ECE70023042224EAE474027282
:10DE600043728372C372056144616A4447F20800D9
:10DE7000F5F7C4F803460028DED0D9E7F0B593B033
:10DE800007460D461446FFF7ACFC029050B9092036
:10DE9000EBF79EFE4FF0FF3402A8FFF7B0FC2046E0
:10DEA00013B0F0BD15B11CB90E20F1E7002CFBD169
:10DEB000FFF7E7FC08B95F20EAE70298FFF70BFDE0
:10DEC00028B10298FFF769FD08B90B20E0E7029836
:10DED000FFF7A5FD01900298FFF701FD50B10298F0
:10DEE000FFF75BFD0028D2D0F4F7AAF9064680B907
:10DEF0001720CDE70298FFF750FD0028EFD1022050
:10DF000001A9EBF79DFD0028E5D00028B8BF4042ED
:10DF1000BEE70020FFF7EDFB014620B93046F4F7DD
:10DF2000D5F96920B4E70761049675B17CB10CABF3
:10DF300047F20C0003AA0593F5F760F8074640B1D5
:10DF40003046F4F7C3F93846A2E72B46F0E72346FC
:10DF5000EEE73DB134B1BDF83630042B04D0102BC0
:10DF600015D02760346897E701232768ADF818308B
:10DF7000082F28BF0827BDF83430ADF81A300E9BA3
:10DF800007933A46284606A901F0B6F9E9E70223C5
:10DF9000ADF81830BDF8343007AFADF81A3012AB19
:10DFA000ADF82C0013E90F0087E80F002768162F43
:10DFB00028BF1627E5E72DE9F04F87B089461646BA
:10DFC0001D46109F009003F0400803F4007AF4F718
:10DFD0006BF9044638B90920EBF7FAFD4FF0FF3032
:10DFE00007B0BDE8F08F35F4107305D1B8F1000F1C
:10DFF00011D0BAF1000F01D05F20EDE7FFF721FD4E
:10E0000002902046FFF767FCA8B9B8F1000818BFD6
:10E010004FF0010805E0FFF714FD0290BAF1000F80
:10E02000EFD02046FFF780FC40B12046FFF76BFCA5
:10E0300068B1A069D0E74FF00108F2E72046FFF78A
:10E0400062FC0028F5D12046FFF74EFCF0E72046A1
:10E05000D7B1FFF716FC00BB39462046FFF737FD66
:10E0600008B96A20B8E738461199FFF708FD08B9E2
:10E070001620B1E72046FFF709FC70B12046FFF7F4
:10E080000FFC50B17F20A7E7FFF700FC28B1204626
:10E09000FFF717FC08B979209EE72046FFF7F1FB50
:10E0A00040B12046FFF7FCFB20B1B6F5006F28BF5A
:10E0B0004FF40066FFF742FBB04206D22046FFF75E
:10E0C000E0FBC8B1FFF73AFB064600252046FFF704
:10E0D00021FC18B12046FFF72DFC78B93046FFF738
:10E0E00008FB8346C8B9012002A9EBF7A9FC80B957
:10E0F000B8F1000FF2D004E07A206DE7B8F1000F1C
:10E1000001D00B2068E7022002A9EBF799FC002858
:10E11000DCD00028B8BF40425EE7009B0361B9F144
:10E12000000F04D032464946006801F0E5F894F843
:10E13000340000283CD0F4F755FF0021024684F853
:10E140003410BAF1000F0ED0029D42F040026B1C59
:10E1500030D04FF47A7195FBF1F5ADB2B5F5167F7D
:10E1600028BF4FF41675002F47D020460192FFF7C5
:10E1700088FB019A002840D11A218BF809008BF8FE
:10E1800008108BF80A008BF80B00CBF81420ABF8C2
:10E190002C503A88012A10D0022A1AD047F20700E0
:10E1A000594603AAF4F72AFF0346B8BB049817E7B9
:10E1B0000246C6E74FF41675D5E77A888BF81B0040
:10E1C000ABF8182004228BF81A207A68CBF81C20B0
:10E1D000E4E77A880BF11C01ABF8182010228BF8C9
:10E1E0001B008BF81A2007F114003A1D52F804CBDB
:10E1F000824241F804CBF9D1D0E7002106208BF808
:10E2000009108BF808008BF80A1047F206008BF80B
:10E210000B10CBF81420ABF81850C1E70C2806DC23
:10E220000A2807DDB8F1000F3FF450AF69E78C28EA
:10E230003FF4D2AE1846CFE62DE9F74F8946DDE927
:10E240000C7A15461E4603F48078FFF7CAFA01904F
:10E2500058B90920EBF7BCFC4FF0FF3701A8FFF7D6
:10E26000CEFA384603B0BDE8F08F36F4A17301D082
:10E270005F20EFE727B1BAF1000F04D10E20E9E7E4
:10E28000BAF1000FFAD1FFF7FCFA28B10198FFF7B5
:10E2900018FB08B98020DDE70198B8F1000F16D10E
:10E2A000FFF719FB08B9730611D50198FFF7C4FAF7
:10E2B00068B90198FFF727FB48B90198FFF714FBED
:10E2C00028B90198FFF70BFB08B90B20C2E70198AA
:10E2D000FFF7A5FB6A46009000210198FFF73FFB7E
:10E2E00018B10028B8BF4042B4E70198FFF7A4FA7C
:10E2F00088B90198FFF7F8FA002876D10198FFF75E
:10E30000EEFA0028A5D10198FFF7FDFA0028A3D066
:10E31000019B98699EE70198FFF7B1FA044627B17F
:10E32000C16852463846FFF746FA002706F0020A4F
:10E330002046FFF7E9FBA8421DD82046FFF7E4FB83
:10E340000646002E8AD02046FFF7DAFB09EB070BC2
:10E3500001463246584600F0CFFF01983744FFF798
:10E3600095FA50B1BAF1000F7FF478AF21460198C9
:10E37000FFF771FA72E72E46E3E70198FFF78BFA91
:10E380000028EFD1BAF1000F14D0B5423FF466AFC8
:10E39000B8F1000F04D06A4621460198FFF7DFFA72
:10E3A0002046AD1BFFF7A9FB04460028C0D1002F73
:10E3B0009FD053E76389204633446381FFF7A4FB72
:10E3C00018B921460198FFF746FAB5423FF446AF27
:10E3D000AD1BB8F1000F04D06A4600210198FFF789
:10E3E000BEFA0198FFF74BFADEE7002736E708B5DB
:10E3F000F3F784FF002008BD38B504460068F3F742
:10E4000053FF054628B90120E38843F02003E38049
:10E4100038BDFFF764FA0028F5D12846FFF773FAF4
:10E42000F8B1E38843F00803E380A388DA0707D54F
:10E430002846FFF7ADFAE8B1E38843F00103E38033
:10E44000A3885B0707D52846FFF7ADFA18B1E38824
:10E4500043F00403E380B4F90600003818BF01203C
:10E46000D6E72846FFF740FA0028DED0E38843F0DD
:10E470001003D9E72846FFF790FA0028DCD1284698
:10E48000FFF732FA0028D7D1DAE738B50D4614463F
:10E49000F3F70AFF28B90920EBF79AFB4FF0FF309A
:10E4A00006E0032D03D0042D03D01620F4E7006C02
:10E4B00038BD012CF9D804640020F9E7431F002B74
:10E4C00003D8DFE803F001000320704770472928D4
:10E4D00015D005DC062814D0112814D048B1704797
:10E4E000B0F5817F0DD040F2111398420BD0FF2878
:10E4F0000CD1012909D0022908BF0220704706204B
:10E50000704701207047022070470846704729284D
:10E5100011D00ADC012810D0062810D0002808BF2E
:10E52000042018BF4FF0FF307047B0F58D7F08D042
:10E53000B0F5007FF5E706207047082070470120FE
:10E5400070474FF48070704708B5031F092B0FD830
:10E55000DFE803F00811050E0E0E0E0E0E056FF02B
:10E56000010008BD7320EBF733FB6FF00A00F8E7FA
:10E57000F4F72CFDF7E76FF06300F2E7C06870472F
:10E580004269C3681A60704708B5034624301AB957
:10E590005A624260002008BD082A28BF082200F005
:10E5A000ABFEF7E708B503462C301AB9DA624260D1
:10E5B000002008BD082A28BF082200F09DFEF7E7CA
:10E5C00038B504460D4639B1082A0BD01620EBF7B2
:10E5D000FFFA4FF0FF3038BD002AF7D18263C263E3
:10E5E0000020F8E7F3F780F895E8030004F138031A
:10E5F00083E803002046FFF707F9F3F77BF8EFE71E
:10E6000073B5044608680D461646F4F7EBFC00287F
:10E6100001DB042E06D01620EBF7DAFA4FF0FF30BC
:10E6200002B070BD2B68204684F83430FFF77CF9C7
:10E6300000230028F4D0CDE900331A46194620689B
:10E64000FFF7B9FCECE708B509B1042A05D016209C
:10E65000EBF7BEFA4FF0FF3006E00B782BB1012B41
:10E66000F5D180F84830002008BD0223F9E710B545
:10E67000541E1B2C02D812F0030405D01620EBF711
:10E68000A7FA4FF0FF3010BD930880F84B304C30A4
:10E6900000F032FE2046F6E708B509B1042A05D09D
:10E6A0001620EBF795FA4FF0FF3008BD0B78003BD2
:10E6B00018BF012380F849300020F6E708B509B1FA
:10E6C000042A05D01620EBF783FA4FF0FF3008BD7F
:10E6D0000B6880F84A300020F9E770B5054614460B
:10E6E0000E4631B992B11620EBF772FA4FF0FF30B7
:10E6F00070BD002AF7D0406C08B1EBF7DDFB601C61
:10E70000EBF7D2FB686438B96920EDE7406C08B1DB
:10E71000EBF7D2FB0020EBE72246314600F0ECFDA0
:10E7200000226B6C1A55F5E710B5134612680446C3
:10E73000042A28BF042208461A6004F1180100F0D8
:10E74000DBFD0020A06110BD10B513461268044621
:10E75000082A28BF082208461A6004F1240100F0A4
:10E76000CBFD002010BD10B5134612680446082AE0
:10E7700028BF082208461A6004F12C0100F0BCFDF5
:10E78000002010BD13B50446134694F848200846EF
:10E7900001921A6801A9042A28BF04221A6000F015
:10E7A000ABFD002002B010BD13B50446134694F82B
:10E7B0004920084601921A6801A9042A28BF0422A8
:10E7C0001A6000F099FD002002B010BD13B5044698
:10E7D000134694F84A20084601921A6801A9042AAF
:10E7E00028BF04221A6000F087FD002002B010BD8F
:10E7F00010B504460846114694F84B309A000B6851
:10E800009A4228BF1A460A6004F14C0100F074FDD8
:10E81000002010BDF8B5456C0E461446176875B15A
:10E820002846E1F74EF80130B842024628BF3A4682
:10E8300029463046226000F05FFD0020F8BD3A46D0
:10E840002946304600F065FD2560F6E770B50446C0
:10E850000E4600F025F80546206808B1FEF76CFF6B
:10E8600048F202039E4218D048F209039E4214D097
:10E8700048F201039E420BD16B684BB104F11402C4
:10E8800004F1380152F8040B8A4243F8040BF9D121
:10E890002046BDE8704000F005B863696B60F7E79B
:10E8A000C06870470269C3681A60704700207047EB
:10E8B00000207047002070470020704700207047FC
:10E8C000F4F764BD08B1E7F7EDB8704740B1C3682D
:10E8D000587810F001001EBF1878B0FA80F0400997
:10E8E0007047EFF31183202383F31288BFF36F8FF8
:10E8F000FEE710B5D0E9003433B90020E268537860
:10E9000043F00103537010BD204698470028F4D00F
:10E910000028B8BF4042FF28A8BFFF20E368187056
:10E92000ECE700F0F6BC00F0E7BC10B400F10C041A
:10E93000C0E903445DF8044BE2F710BF07B5CDE929
:10E9400000230A460421F4F7D9FF03B05DF804FB65
:10E95000C2688369134313F003030CD10361416957
:10E96000994201D800207047016901331160816923
:10E9700002610A44F3E76FF01500704790F90E301A
:10E980008B4201D0F6F700BD0020704703460020FF
:10E99000C3E90033C3E90200704710B5044630B143
:10E9A0000268930703D0446809B100F0A2F9204639
:10E9B00010BD012307B5009300230A461946F5F759
:10E9C00039FA03B05DF804FB5AB18A4209D300F169
:10E9D0001003C0E90212C0E90000C0E904330020BE
:10E9E00070476FF015007047012302688B4022EAE0
:10E9F0000303036022FA01F000F00100704710B534
:10EA0000032104460C30FFF7EFFF30B104F1100092
:10EA1000F7F7AAFBB0FA80F0400910BD20B1002240
:10EA2000D0301146F7F7ECB8704710B5F5F718FE7F
:10EA3000041E08DDEFF31180202383F31288BFF357
:10EA40006F8FF6F7CBFD204610BDF5F7C1BDC0E9CD
:10EA5000000000207047EFF30580003818BF012048
:10EA600070476FF05700704700207047F6F764BD9D
:10EA7000D0E9003213605A600023C0E900337047C8
:10EA800038B504460D46F6F71BF8637B43F00203E6
:10EA90006373E5B1A5602B689D4209D16B68C4E939
:10EAA00000531C606C6012E06A689A42F6D01B68E2
:10EAB000002BF3D094F90E2093F90E108A42F3D074
:10EAC0009142F1DD5A68C4E9003214605C6038BDDF
:10EAD00090F90E3091F90E00834214BFC01A002045
:10EAE000704701211838F6F783BA38B5054600207B
:10EAF0002C68A54200D004B938BD2046F6F7F6FBD5
:10EB00002046F6F797F90120F2E708B5F7F77CFC05
:10EB100008BDF7F779BCB3F1FF3F08BFB2F1FF3F83
:10EB200070B504461D46164613D01A4315D06FF033
:10EB300001024FF0FF33921B63EB0501002904DA59
:10EB4000F7F762FC821941EB0501C4E90021204678
:10EB500070BD4FF0FF321146F7E70022FBE7B3F13B
:10EB6000FF3F08BFB2F1FF3FF8B5074616461C4607
:10EB700010D054EA020311D0F7F746FCB0420A461F
:10EB8000A14103460AD2F31A64EB0204C7E9003438
:10EB90003846F8BD4FF0FF331C46F7E70023FBE78C
:10EBA0000023C0E9081200F11802C0E90622C0E9FA
:10EBB000003303634363704710B50446F7F7D4FA94
:10EBC000A8B9636A0BB12046984704F11800F6F71C
:10EBD000EDFA60B1F6F72EF9EFF31180202383F3FD
:10EBE0001288BFF36F8FBDE81040F6F7F7BC10BD79
:10EBF000F8B50D46D0E900138842044605D1636894
:10EC0000C5E900431D6065601DE0002BF7D09868E2
:10EC100000B16038A2F160073946FFF759FF0028BC
:10EC2000EDDC2668B442EAD0002EE8D0B16801B12C
:10EC300060393846FFF74CFF002805DD7368C5E9E9
:10EC400000631D607560F8BD63689E42D7D036686A
:10EC5000EAE72DE9F041846805460E46ECB1637899
:10EC6000012B25D114F8533C9A0714D5A4F1600761
:10EC70003846F6F73BFB082E0CBF6FF0030300236A
:10EC8000E36114F8533CDB0605D154F8483C13B952
:10EC90003846F6F7CFF8002323700020EB68A86011
:10ECA000C3F38632164366F39433EB60BDE8F0811C
:10ECB000022BF0D12378002BEDD054F8048CB8F15E
:10ECC000000FE8D004F11400F7F74EFA0023A4F186
:10ECD000140739464046E362F5F7C2FCDBE7002340
:10ECE000C0E900008360704783680B60C3681360ED
:10ECF000704720B1011F50F8040CF4F79DBE704717
:10ED000001460420F8F7D0B870B5A0FB015424B92F
:10ED10002846FFF7F5FF064610B90026304670BDBD
:10ED20002A46214600F0F5FAF8E70139024410B509
:10ED3000904201D1002005E0037811F8014FA34271
:10ED400001D0181B10BD0130F2E7C9B203461846C6
:10ED500013F8012B12B18A42F9D17047002918BF6C
:10ED60000020704730B50A440546914201D1002089
:10ED70000FE015F8013B11F8014BA3F141001928F0
:10ED8000A4F1410098BF2033192803D82034181B60
:10ED9000EBD030BD181BFCD1002CE6D1F9E710B543
:10EDA0006AB10139841810F8012B11F8013F9A4219
:10EDB00003D1A04201D0002AF5D1D01A10BD1046CF
:10EDC000FCE710B50139044632B111F8013F013AB0
:10EDD00000F8013B002BF7D1002100F09AFA204601
:10EDE00010BD0246014410B58A42134603D01C7878
:10EDF0000132002CF8D1181A10BD0A7870B56AB922
:10EE000070BD9A4209D10C46054614F8013F002B0B
:10EE1000F6D015F8016F9E42F7D001300378002B31
:10EE2000EFD11846ECE72DE9F047C3F13709074663
:10EE3000884603F01F055FFA89F916464FF0000A6D
:10EE4000384641462A465346E0F78CFB4346D4B247
:10EE50003A4688460746092C84BF4C44E4B2AA428D
:10EE600004F1300473EB0A0306F8014BE8D2304694
:10EE7000BDE8F08710B50C4600F014FB0028A2BFD7
:10EE800023680133236010BDBDF8001068B111F094
:10EE9000100F01D00270704711F0080F02D0C0E9C6
:10EEA000002370474B0701D5026070478B06FBD5E6
:10EEB0000280704710B5144600F026FB0028A2BF60
:10EEC000236803F1FF33236010BD70B505460E467D
:10EED00031462846FFF7CEFF041E09DB202CF7D071
:10EEE000A4F10903042BF3D932462946FFF7E2FFC8
:10EEF000204670BD2DE9F04387B01C461746814679
:10EF000002AB88460093D2E9022300F0AAF904ABD1
:10EF100006460D46009348464146D7E9002300F0D7
:10EF2000A0F90027DDE90423901953EB050128BF60
:10EF3000012737B1029B039A013342F10002CDE968
:10EF40000232403CDDE90223009400F0A5F907B04D
:10EF5000BDE8F0832DE9F843B0FA80F60029804639
:10EF60000F46A1EB060606F1070625DB0846F9F772
:10EF7000CDFE06443846F41BF9F7CEFE3946221A78
:10EF800040463D3200F05DF9B74213DC1F2C6ADCCD
:10EF90004FF0FF33A34038EA03030CBF01240024E1
:10EFA000B0FA80F33546F31A9E33FE2B27DD4FF07F
:10EFB000FF4344E00124F3E74C422046F9F7ACFE5E
:10EFC000351A2046A5EB0709F9F7A6FE21462E467D
:10EFD00009EB000240463C3200F020F9AF4232DC3F
:10EFE000B9F11F0F3FDC4FF0FF3303FA09F338EAA2
:10EFF000030329D0B0FA80F30024EB1A9E33002BD0
:10F0000023EAE372D4BF012313465B1BA3F19705E8
:10F01000963B20FA05F120FA03F3C90725D544B140
:10F020004FF0FF31A94020EA010003F0010108433D
:10F030001BD00133C3F31603D3B143EAC25300EE2E
:10F04000103ABDE8F88300230521B8FBF1F202EB8A
:10F050008205A84502D101339046F6E79C428CBF59
:10F06000002401249CE700249AE7C3F31603E4E795
:10F070000132E2E72DE9F04F061889B099461546AE
:10F0800041EB010404AB3046DDF84CB0214600935F
:10F09000A9F1410AD2E9002300F0E3F806AB0746E4
:10F0A0008846304621460093D5E9022300F0D9F87E
:10F0B0000022DDE90463841951EB0306069B28BF97
:10F0C0000122D5E90001D218079B43F1000338184B
:10F0D00048EB0101B84271EB0801E968039138BFC0
:10F0E0000120A96828BF0020CDF800A014EB010C76
:10F0F000039946EB010110EB0C0041F10001A04225
:10F1000071EB060C34BF4FF0010C4FF0000CCDE951
:10F1100006231CEB020243F1000300F0BDF8129B32
:10F12000C3E90001149B012BDDE9062329D1D5E9B0
:10F130000201D5E900C5201ACDF800A066EB010157
:10F14000674578EB050534BF01250025401B61F1BB
:10F150000001844276EB010534BF01250025521BD6
:10F1600063F1000300F098F8DDE90623CBE9000124
:10F1700020463146CDF800A000F08EF809B0BDE879
:10F18000F08F17EB070E48EB080C201946EB060131
:10F19000BE457CEB080834BF01270027C71941F1A1
:10F1A0000008D5E9000186457CEB010C34BF012045
:10F1B0000020D5E90215381A68F1000C401A6CEBF2
:10F1C000050192185B41A74278EB060534BF012583
:10F1D0000025521943F10003874278EB010834BF40
:10F1E00001250025521BA9F140050095B8E710B58F
:10F1F000A3FB00430299A2FB0020001943F1000386
:10F200003F29DBBFA1F12002C1F1400140398B4011
:10F21000D6BFD04023FA01F0184310BD30B587B0F7
:10F2200004460846154602A9F9F710FE049B20463D
:10F2300000955A1C059B43F10003FFF7D8FF07B068
:10F2400030BD30B587B015460446084602A9F9F727
:10F250008BFD20460095DDE90423FFF7C8FF07B0CA
:10F2600030BDF0B50F460446A0FB0201059EA7FB8A
:10F2700002524919A3FB0445A7FB037342F10002A4
:10F28000611845F10004D21943F10003121943F14A
:10F290000003C6E90023F0BDF0B5059CC4F14007AA
:10F2A000C4F12006A4F12005E04002FA06F6BB40B6
:10F2B00022FA05F5BA403343C4F120062B4301FA84
:10F2C00006F6A4F12005304321FA05F5E140284374
:10F2D00019431043F0BDB1EEC00A7047C9B20346EE
:10F2E000024410B59342184601D1002003E004788F
:10F2F00001338C42F6D110BD0A44431E914200D125
:10F30000704710B511F8014B914203F8014FF9D144
:10F3100010BD02440346934200D1704703F8011B1D
:10F32000F9E72DE9F04F55EC104BA446C5F30A540C
:10F330000346084644EA0C072946C5F31305302660
:10F34000E14657EA0508AE465E7174D10024A14239
:10F350001C716EDA0121A04219714FF000041ADA13
:10F36000204603F112060D25C2F157024FF0300C72
:10F3700007F00F013F0947EA0E774FEA2E1E0029DA
:10F3800040F08780A84201DB86F800C0013D06F10D
:10F39000FF36EDD176E00C2868DCC0F10D010126C6
:10F3A000890001F1FF3EA1F12108C1F1210706FA10
:10F3B00008F826FA07F706FA0EF648EA070816EBE9
:10F3C000060A48EB080BDAF100076BEB4B0E1AF15B
:10F3D000FF3A4BF1FF3B0AEA0C0A0BEA050B5645D4
:10F3E00078EB0B0B11DBC1F1200BB1F1200A2CFAE9
:10F3F00001F105FA0BFB58BF45FA0AFA41EA0B0185
:10F4000058BF41EA0A01C90724D51CEB060C45EB9D
:10F410000805E146B5F5801F1CDB5979B4F5806F0E
:10F4200001F10101597127D007EA0C070EEA050E18
:10F4300097E7002891E75CB13126C90F0028A4F2B4
:10F44000FF345E7119710FDB0C28A6DD0D2005E07D
:10F450000124F2E707EA09090EEA0505B4F5806F11
:10F4600006D04F46AE467CE70020F7E70D2078E750
:10F4700059EA05051A7908D01A794FF4806442F0E8
:10F4800008021A711C60BDE8F08F42F004021A7184
:10F49000F8E70929D4BF30318918A8423170B8BFC4
:10F4A000284673E710B583780446DB0717D54FF07D
:10F4B0000002D4E85F3FC4E8512F0029F9D19BB284
:10F4C00013B1581EC0B20CE0A36898470028F9DABF
:10F4D0000130A37814BF082204221343A3704FF015
:10F4E000FF3010BD02690346107810B101321A6175
:10F4F00070476FF001007047D1E9043293421EBF9C
:10F500005A1C0A61187070478B78DA0702D44FF0E2
:10F51000FF307047431CFAD0C0B2431CD1E8DF2F44
:10F52000002A04D1C1E8DC3FBCF1000FF6D1EED1D6
:10F530008B7823F008038B70704700000148006847
:10F540007047000094FB0020BA00FE7F010000001D
:10F55000955A01000000000039DB010000000000A6
:10F56000E973010054F60200AD380200000000000B
:10F57000E13A020000000000FD7C010068F6020094
:10F5800095BF02007CF602000BC60200A4F6020042
:10F59000EDC5020090F602001177010000000000A6
:10F5A0002D980100000000003D2F01000000000028
:10F5B000219A010000000000C5A0010040F60200F1
:10F5C0005D5801000000000095D10200000000001D
:10F5D0003942020000000000C9710100B8F60200C3
:10F5E000217B0100CCF60200AD800100E0F60200B4
:10F5F000998D0100F4F602007578010008F7020009
:10F600007D88010030F702000D8601001CF7020022
:10F610009DEB010044F702004BB502000000000022
:10F620001D5C01000000000079A90100000000003D
:10F6300001B40100000000003DCC02000000000009
:10F64000BE3C03000000000014C8002034CA0020A3
:10F6500008FE0020C32E03006003030078030300AC
:10F660001ECA0020E0FB00205B31030008040300F9
:10F670002004030026CA00207CFC0020E82E0300A2
:10F68000000000009403030020CA002000000000D6
:10F69000A535030020050300780503002ECA0020CD
:10F6A00064C70020AF3503004C0503007805030054
:10F6B00030CA002080C700204A2E0300000000004E
:10F6C000480303001CCA002000000000273003008C
:10F6D00000000000EC03030024CA0020000000002A
:10F6E000AF320300440403008804030028CA00204A
:10F6F0001CC700208537030084050300F0050300C4
:10F7000032CA00209CC70020B22F03009C030300D4
:10F71000D003030022CA00203CFC00207434030004
:10F72000A0040300B00403002ACA002088FC0020C3
:10F7300078350300E0040300040503002CCA002010
:10F740009CFC0020D65D030074C800202C07030039
:10F7500036CA002030E4002000000000FDB30200A3
:10F7600000000000FDB3020000000000FDB3020035
:10F7700000000000FDB3020000000000FDB3020025
:10F78000A1F90100B3D2020000000000FDB30200A5
:10F7900000000000FDB30200A4F602007FC50200D5
:10F7A00090F602007FC50200B9130200B3D2020036
:10F7B000290D0200B3D2020000000000FDB30200D8
:10F7C00000000000FDB30200B8F602000D72010057
:10F7D00000000000FDB3020000000000FDB30200C5
:10F7E00000000000FDB3020000000000FDB30200B5
:10F7F00000000000FDB3020000000000FDB30200A5
:10F80000000000002596010000000000FDB302008A
:10F8100000000000FDB3020000000000FDB3020084
:10F8200000000000FDB3020000000000FDB3020074
:10F8300000000000FDB3020000000000FDB3020064
:10F8400000000000FDB3020000000000FDB3020054
:10F8500000000000FDB3020000000000FDB3020044
:10F8600000000000FDB3020000000000FDB3020034
:10F8700000000000FDB3020000000000FDB3020024
:10F8800000000000FDB3020000000000FDB3020014
:10F8900000000000FDB3020000000000FDB3020004
:10F8A00000000000FDB302000D060200B3D202000A
:10F8B00000000000FDB3020000000000FDB30200E4
:10F8C00000000000FDB3020000000000FDB30200D4
:10F8D00000000000FDB3020000000000FDB30200C4
:10F8E00031040200B3D2020000000000FDB30200A8
:10F8F00000000000FDB3020000000000FDB30200A4
:10F9000000000000FDB3020000000000FDB3020093
:10F9100000000000FDB3020000000000FDB3020083
:10F9200000000000FDB3020000000000FDB3020073
:10F9300000000000FDB3020000000000FDB3020063
:10F9400000000000FDB3020000000000FDB3020053
:10F9500000000000FDB3020000000000FDB3020043
:10F9600068E3002018370120000A0000B9D5010023
:10F970000000000000000000000000000E00000079
:10F98000000000000E59030000000000000000000D
:10F9900000000000010000001DA2010039A60100C6
:10F9A0002E1C030003000000E529030003000000F3
:10F9B000532E030003000000CE13030003000000D9
:10F9C000E53D030003000000DF5D030003000000CD
:10F9D0000817030003000000DA2E030003000000F4
:10F9E00036520300030000003E3003000300000015
:10F9F0006731030003000000B83203000300000079
:10FA000086340300030000009E1903000300000079
:10FA1000391A030003000000251C03000300000046
:10FA20008A46030003000000900F0300030000005B
:10FA30004F240300030000002159030003000000CD
:10FA4000FC29030003000000042A03000300000057
:10FA50005D3C030003000000FD6E03000300000096
:10FA60005326030003000000BA1C0300030000003B
:10FA70005F26030003000000BD2F03000300000009
:10FA80008E37030003000000B935030003000000B7
:10FA90007E350300030000004C020300A4C60020D2
:10FAA000141C0300010000001CF70200583403007E
:10FAB0006B3403000000000044F70200BA5D03004D
:10FAC000CF5D03000000000030F7020000000000DE
:10FAD0000000000000000000FFFFFFFFFFFFFFFF2E
:10FAE0000000000000000000000000000000000016
:10FAF00000000000000080BF00000000CDCC4CBF23
:10FB00000000000000000000CDCC4CBE000000BF93
:10FB100000000000000080BF0000000000000000A6
:10FB200000000000000000000000000000000000D5
:10FB3000CDCCCC3D3333333F00000000CDCC4CBFA7
:10FB4000CDCCCCBD00000000000000000000000093
:10FB500000000000000000000000000000000000A5
:10FB60000001020408100000000000000000000076
:10FB7000307564002C01701797078403C5005C047E
:10FB80009001400140019001FFFF7FFFFFFF7FFFD9
:10FB9000FFFF7FFFFFFF7FFFFFFF7FFFFFFF7FFF75
:10FBA000FFFF7FFFFFFF7FFFFFFF7F7FFFFF7F7F65
:10FBB000FFFF7F7FFFFF7F7FFFFF7F7FFFFF7F7F55
:10FBC000FFFF7F7FFFFF7F7F05020A1E05050505FA
:10FBD000050500004001640064006400C800C8001E
:10FBE000C800400140014001010203000400000080
:10FBF00005060700140011001000050000000001B8
:10FC00002000400000000001000000000000000093
:10FC1000000000000E0000000000000008000000CE
:10FC200004000000040000000600000004000000C2
:10FC3000060000000F008000010203040000000025
:10FC4000000000000005000000000000000607089A
:10FC50000E00E0000E00E0000E00E0000E00E000EC
:10FC60000E00E0000400000001000000020000009F
:10FC700008000000F4FF9F00F6FF9F0008008000CE
:10FC80000800800004208000062080000E00E000B4
:10FC90000E00E0000E00E0000E00E0000E00E000AC
:10FCA0000E00E0000F0080000F0080000F008000B9
:10FCB0000F008000000080001700170017001700D9
:10FCC0001D0000000000000000006001E0011000C5
:10FCD00010000001000315001500150015001500A7
:10FCE00017000004000400040004000001020304E3
:10FCF00000050607080000090A0B0C00000D0000B3
:10FD00000E0F1011121300000000891112239B32F4
:10FD10002446AD573665BF74488CC19D5AAFD3BEDB
:10FD20006CCAE5DB7EE9F7F88110080193331A22EB
:10FD3000A5562C47B7753E64C99C408DDBBF52AEBB
:10FD4000EDDA64CBFFF976E802218B3010029913CB
:10FD50002667AF763444BD554AADC3BC588ED19F9B
:10FD60006EEBE7FA7CC8F5D983310A2091121803AB
:10FD7000A7772E66B5543C45CBBD42ACD99E508F7B
:10FD8000EFFB66EAFDD874C904428D5316619F707B
:10FD90002004A9153227BB364CCEC5DF5EEDD7FC5B
:10FDA0006888E1997AABF3BA85520C4397711E606B
:10FDB000A1142805B3373A26CDDE44CFDFFD56EC3B
:10FDC000E9986089FBBB72AA06638F7214409D514B
:10FDD0002225AB343006B9174EEFC7FE5CCCD5DD1B
:10FDE0006AA9E3B8788AF19B87730E6295501C412B
:10FDF000A3352A24B1163807CFFF46EEDDDC54CDFB
:10FE0000EBB962A8F99A708B088481951AA793B60A
:10FE10002CC2A5D33EE1B7F04008C919522BDB3AFA
:10FE2000644EED5F766DFF7C899400859BB712A6CA
:10FE3000ADD224C3BFF136E0C1184809D33B5A2ADA
:10FE4000E55E6C4FF77D7E6C0AA583B418869197AA
:10FE50002EE3A7F23CC0B5D14229CB38500AD91BBA
:10FE6000666FEF7E744CFD5D8BB502A4999610878A
:10FE7000AFF326E2BDD034C1C3394A28D11A580B9A
:10FE8000E77F6E6EF55C7C4D0CC685D71EE597F45A
:10FE90002880A1913AA3B3B2444ACD5B5669DF787A
:10FEA000600CE91D722FFB3E8DD604C79FF516E44A
:10FEB000A9902081BBB332A2C55A4C4BD7795E685A
:10FEC000E11C680DF33F7A2E0EE787F61CC495D52A
:10FED0002AA1A3B03882B193466BCF7A5448DD593A
:10FEE000622DEB3C700EF91F8FF706E69DD414C50A
:10FEF000ABB122A0B9923083C77B4E6AD5585C491A
:10FF0000E33D6A2CF11E780F85210200212E0200AC
:10FF100075310200B5E80200BDE80200ADE802005C
:10FF2000EFE30200B9310200B9E80200B1E80200D3
:10FF3000EA70030000010000000000000000000063
:10FF40000338FDD8704700000100000000000000E9
:10FF50000500000000000000190000000000000083
:10FF60007D000000000000007102000000000000A1
:10FF7000350C000000000000093D000000000000FA
:10FF80002D31010000000000E1F505000000000037
:10FF900065CD1D0000000000F90295000000000082
:10FFA000DD0EE90200000000514A8D0E0000000045
:10FFB0009573C24800000000E941CC6B01000000CD
:10FFC0008D49FD1A07000000C16FF2862300000072
:10FFD000C52EBCA2B1000000D9E9AC2D7803000009
:10FFE0003D9160E45811000031D6E275BC56000026
:10FFF000F52E6E4DAEB10100C9EA26836778080080
:020000040003F7
:10000000ED95C28F055A2A00A1EDCCCE1BC2D300BC
:1000100025A4000A8BCA2204000000000000000092
:1000200000000000000000100000000000000000C0
:10003000B9340332B7F4AD1410DB1AB30892540E7E
:100040000D307D951447BA1A66088F4D26ADC66DE2
:10005000F598BF85E2B74511CA96853D92BD1DEB67
:10006000FCA11860DCEF52163C92AE220BB8C1B472
:10007000839D2D5B0562DA1C304C7E8F4E8BB25B0C
:1000800016F4529F8B56A512FBD4827643ED8AF06C
:100090008FE7F9311565191850F19BD94A13EEB461
:1000A000284CF0A686C1251F035FC270CB9E49165F
:1000B000E642889C44EB2014B0650836AD6EA585F9
:1000C00085F0CA14E2FD031A0B899979D5B13D096F
:1000D000D8DA973A35EBCF10AC363F5E73BB38CFEA
:1000E0003E6752FA44AFBA1501000000000000005C
:1000F0000000000000000020345065C05FC9A65217
:10010000BB13CBAEC440C21806C8DF7100D5A87CB3
:10011000F56F0FDA58FC27136E4756357D2420659E
:1001200002C7E768E48CA41DE9E60268D7CD39610F
:100130007977FCC2405BEF16798CDE43FFA751F95B
:1001400091F3B278F5BDBE11E857E9D6E8BEE87B79
:10015000B054AC8F848D751BEA23A499E9F9D38B35
:10016000B7A3714061DA3E15CEE33ECB73F9480880
:100170008C97B427D51B7010A2BFEFB9EB85321551
:100180004DB44DB49BBB6F1996B6076CF8E7EEAD56
:1001900036D9B4F59135AE13222218AF4E6A684DA8
:1001A00091DAAA3D4F40741E9FBD9EE006A1C09803
:1001B00057C2A7FDA40E90170E7D497173E3208FDF
:1001C000B220D87605143B12853D7434811343B0B8
:1001D000AD297A5F27F4351C000000000000000004
:1001E0000000000000000080E0DC002000010000B2
:1001F00051AF0200FBAE020002000000B7B00200E7
:1002000000000000000000000000000000000000EE
:100210009C1B0300A41B0300000000000000000062
:1002200000000000AC1B0300B01B0300B41B030064
:10023000B81B03003C020300FCFA0020613C0100F3
:100240001CFB0020960501200100000047B10200C0
:100250003DB102002DB10200853C0100000000000C
:1002600021B1020000000000F9440100000000007C
:10027000094501000000000067B30200070000000C
:10028000000000000000000000800000CCF602002A
:10029000010000000000000000800000CCF6020019
:1002A000020000000080000000000F00CCF60200F9
:1002B000030000000080000000000F00CCF60200E8
:1002C0000400000000800F0000200000CCF60200B7
:1002D0000500000000800F0000200000CCF60200A6
:1002E0000600000000A00F0000600000CCF6020035
:1002F00080C5002000000000060001000200000090
:100300000403030000000000FC25030002000000BD
:10031000E0FF0F0068C50020042603002100000054
:10032000E0FF03205E2C030004000000632C0300A8
:1003300006000000916C0100D96C01001D6D0100E8
:10034000A16D0100CD6D0100116F01000170010070
:1003500058020000D5720100C173010000000000C6
:10036000597501007D740100CE2E030069BF0200A3
:100370006FBF0200D42E0300417401007BBF020056
:100380004FBF0200000000001173010000000000D8
:100390000000000081BF020000000000F4F602002F
:1003A00000B4C4040001000068F602001900010056
:1003B000000000000000800080000000000001003C
:1003C000EF401700000001000000010001000000E4
:1003D000A1C00200B9C10200697701006177010084
:1003E000A5BF020001000000FF000000A5C202003E
:1003F000D57B0100497B0100F57A0100E57A010017
:1004000004000000FF000000FFFFFFFF0025844004
:100410000000000000000000001003400100000088
:10042000D17E010039C3020045C3020059C3020056
:1004300063C302006DC30200857D01005D7C010085
:100440000000000000A000400000000000000000CC
:100450000000000000004006000001011000000044
:1004600081C302006C040300FF1F000000A00040D5
:100470007804030001000000800403000200000073
:100480001A0018001B00160069800100000000001F
:100490009981010000000000000000002981010096
:1004A0003D870100E0F6020019000000080000008E
:1004B00009FA00000000000000000000998501001A
:1004C0000D850100000000000000000017C40200BC
:1004D000DFC302007BC4020051C40200AFC40200AB
:1004E000B8F602000000000000000000000000005C
:1004F00000000000E04DE000809698000000000041
:1005000000000000000000000000000000000000EB
:100510004188010071870100000000000000000018
:1005200000900040020000000000000030050300C1
:10053000009000403C05030001000000440503005A
:1005400002000000180000001700020000800040B8
:1005500002000000000000005C0503000080004075
:1005600068050300010000007005030002000000A0
:10057000090000000600020037C50200318C0100AE
:1005800029C5020000B000400000000000127A00FF
:10059000000000000000000000000000FFFFFFFF5F
:1005A0000000FF000000000000000001010000004A
:1005B0002DC60200FF1F0000C8050300FFFFFFFF5C
:1005C000000000000000000000B00040D40503005F
:1005D00001000000DC050300030000001400080017
:1005E00015000A0016000C0068F602001900010050
:1005F000DD900100BFC6020000800020E80400007A
:10060000E88400200020000068A5002000200000F1
:1006100000000000000000000100000059A90100D6
:100620000D990100CDA601001FC7020023C80200DA
:1006300041C7020035C8020025A5010000000000E6
:10064000E9A801004DC8020019C70200FDA701007A
:1006500085A2010053C7020079A10100E9A00100B1
:1006600035A30100000000000000000000000000B1
:10067000273E03002C3E0300343E03003F3E0300B0
:100680000000000060460300664603006C4603005D
:1006900072460300784603007E460300844603004A
:1006A000D14F0300E34F0300F54F03000250030056
:1006B00013500300235003002D500300405003004B
:1006C000535003006650030058020000100E000053
:1006D000A08C0000020000001E0000003C00000092
:1006E0000094110000000000020000003C00000027
:1006F000680100003C0000003C0000003C000000DD
:100700003C00000000000000335303003E53030090
:10071000AF570300DC570300A0580300C058030084
:10072000D65803004C580300F558030000000000A1
:1007300000000000DDED01005BD1020015ED0100BD
:1007400000000000000000003BAAAA3E01000000DB
:100750003BAAAA3E030000003BAAAA3E04000000F8
:100760003BAAAA3E0C0000003BAAAA3E0D000000D6
:100770003BAAAA3E0E0000003BAAAA3E07000000CA
:100780003BAAAA3E0F000000FD200200D526020071
:10079000000000004DE802003D300200F53102008B
:1007A000273E03002C3E03000B6D0300176D030072
:1007B000000000020000000100000004000000082A
:1007C00000000010000000000C00000069000000A4
:1007D0000B00000072000000800000001600000006
:1007E00070000000780000007F0000008000000022
:1007F0007100000068000000160000007400000096
:100800007300000073000000710000008C00000005
:100810007A0000000D0000000B0000000B0000003B
:1008200076000000ADBAADBAADBAADBAADBAADBAE8
:10083000ADBAADBAADBAADBAADBAADBAADBAADBA80
:10084000ADBAADBAADBAADBAADBAADBAADBAADBA70
:10085000ADBAADBAADBAADBAADBAADBAADBAADBA60
:10086000ADBAADBAADBAADBAADBAADBAADBAADBA50
:10087000ADBAADBAADBAADBAADBAADBAADBAADBA40
:10088000ADBAADBAADBAADBAADBAADBAADBAADBA30
:10089000ADBAADBAADBAADBAADBAADBAADBAADBA20
:1008A000ADBAADBAADBAADBAADBAADBAADBAADBA10
:1008B000ADBAADBAADBAADBAADBAADBAADBAADBA00
:1008C000ADBAADBAADBAADBAADBAADBAADBAADBAF0
:1008D000ADBAADBAADBAADBAADBAADBAADBAADBAE0
:1008E000ADBAADBAADBAADBAADBAADBAADBAADBAD0
:1008F000ADBAADBAADBAADBAADBAADBAADBAADBAC0
:10090000ADBAADBAADBAADBAADBAADBAADBAADBAAF
:10091000ADBAADBAADBAADBAADBAADBAADBAADBA9F
:10092000ADBAADBAADBAADBAADBAADBAADBAADBA8F
:10093000ADBAADBAADBAADBAADBAADBAADBAADBA7F
:10094000ADBAADBAADBAADBAADBAADBAADBAADBA6F
:10095000ADBAADBA6F0000006F0000006F0000007C
:100960006F0000006F0000006F0000006F000000CB
:100970000B0000007A000000470000000B000000A0
:100980000B0000005F000000041000000170000078
:1009900004700000FFFFFFFFFFFFFFFFFFFFFFFFEF
:1009A000FFFFFFFFFFFFFFFFFFFFFFFFFFFFFFFF57
:1009B000FFFFFFFF037000000270000005700000E1
:1009C0000670000008700000097000000A70000046
:1009D000FFFFFFFFFFFFFFFFFFFFFFFFFFFFFFFF27
:1009E000FFFFFFFFFFFFFFFFFFFFFFFFFFFFFFFF17
:1009F000FFFFFFFFFFFFFFFF01800000104000002E
:100A0000106000001130000012300000FFFFFFFFF7
:100A1000FFFFFFFFFFFFFFFFFFFFFFFFFFFFFFFFE6
:100A200010300000FFFFFFFFFFFFFFFFFFFFFFFF92
:100A3000FFFFFFFFFFFFFFFFFFFFFFFFFFFFFFFFC6
:100A4000FFFFFFFFFFFFFFFFFFFFFFFFFFFFFFFFB6
:100A5000FFFFFFFFFFFFFFFFFFFFFFFF065000004C
:100A6000606E03006E6E0300826E0300916E0300E1
:100A70009D6E030050F5020050F50200A0F5020043
:100A8000A8F5020028F6020040F60200000000006F
:100A90000000000000000000000000000000004016
:100AA00095596959555554551555555604051541CF
:100AB00010545540455155444045504450555545B6
:100AC0000040004040044496655556554540455405
:100AD000514115405591555555554051050100005E
:100AE00054455454455505040010041014044000A6
:100AF0000000014055551541540400004400010018
:100B000000000040410000445044455054005555F9
:100B100054556551004000400100000100050100EE
:100B200011545151545555050000000000000000BB
:100B300000000000D1F71737D1F717B78071313FA8
:100B4000807131BF0000003F000000BF00000000C6
:100B5000DCCFD1350000000000C0153F0000803F11
:100B60000000C03F000FC93F000F494000CB964036
:100B7000000FC9400053FB4000CB164100ED2F4150
:100B8000000F49410031624100537B41003A8A41E4
:100B900000CB9641005CA34100EDAF41007EBC411B
:100BA000000FC94100A0D5410031E24100C2EE4131
:100BB0000053FB4100F20342003A0A420083104214
:100BC00000CB164200141D42005C234200A52942BE
:100BD00000ED2F4200363642007E3C4200C74242C2
:100BE000000F4942A2000000F9000000830000004D
:100BF0006E0000004E0000004400000015000000E0
:100C000029000000FC000000270000005700000041
:100C1000D1000000F500000034000000DD000000FD
:100C2000C0000000DB000000620000009500000032
:100C3000990000003C00000043000000900000000C
:100C400041000000FE0000005100000063000000B1
:100C5000AB000000DE000000BB000000C50000008B
:100C600061000000B7000000240000006E000000DA
:100C70003A000000420000004D000000D2000000D9
:100C8000E000000006000000490000002E00000007
:100C9000EA00000009000000D100000092000000FE
:100CA0001C000000FE0000001D000000EB00000022
:100CB0001C000000B100000029000000A700000097
:100CC0003E000000E8000000820000003500000047
:100CD000F50000002E000000BB00000044000000F2
:100CE00084000000E90000009C000000700000008B
:100CF00026000000B40000005F0000007E0000003D
:100D0000410000003900000091000000D600000002
:100D1000390000008300000053000000390000008B
:100D2000F40000009C000000840000005F00000050
:100D30008B000000BD000000F9000000280000004A
:100D40003B0000001F000000F800000097000000BA
:100D5000FF000000DE000000050000009800000019
:100D60000F000000EF0000002F0000001100000045
:100D70008B0000005A0000000A0000006D00000017
:100D80001F0000006D000000360000007E00000023
:100D9000CF00000027000000CB0000000900000089
:100DA000B70000004F000000460000003F000000B8
:100DB000660000009E0000005F000000EA000000E6
:100DC0002D0000007500000027000000BA000000A0
:100DD000C7000000EB000000E5000000F10000008B
:100DE0007B0000003D00000007000000390000000B
:100DF000F70000008A00000052000000920000008E
:100E0000EA0000006B000000FB0000005F00000033
:100E1000B10000001F0000008D0000005D00000018
:100E20000800000056000000030000003000000031
:100E300046000000FC0000007B0000006B0000008A
:100E4000AB000000F0000000CF000000BC0000007C
:100E5000200000009A000000F400000036000000AE
:100E60001D000000A9000000E30000009100000048
:100E7000610000005E000000E60000001B000000B2
:100E800008000000650000009900000085000000D7
:100E90005F00000014000000A000000068000000D7
:100EA000400000008D000000FF000000D80000009E
:100EB000800000004D0000007300000027000000CB
:100EC00031000000060000000600000015000000D0
:100ED00056000000CA00000073000000A8000000D7
:100EE000C900000060000000E20000007B0000007C
:100EF000C00000008C0000006B0000000000C93F33
:100F00000000F0390000DA370000A2330000842E20
:100F10000000502B0000C2270000D0220000C41F98
:100F20000000C61B0000441704000000070000007A
:100F300009000000000001000A00190032006400EE
:100F4000C80090015406400500150200020002008E
:100F5000040002000800020002000200100020004D
:100F600040008000000100020004000001000200B7
:100F70000400060008000A000C000E00100020000B
:100F800040008000000100010001EAFF7AFFF4FF49
:100F90006D6F64656D5F73657475705F746872659D
:100FA000616400436F6E6E6563746564202D206814
:100FB0006F6D6500436F6E6E6563746564202D20F0
:100FC000726F616D696E6700436F6E6E6563746505
:100FD000640049646C650A004E6574776F726B201B
:100FE000726567697374726174696F6E207374617E
:100FF0007475733A2025730A0050534D2070617246
:10100000616D65746572207570646174653A205411
:1010100041553A20256420732C204163746976651C
:101020002074696D653A20256420730A0065445276
:101030005820706172616D657465722075706461AD
:1010400074653A20654452583A20252E3266207342
:101050002C205054573A20252E326620730A005215
:101060005243206D6F64653A2025730A004C544545
:101070002063656C6C206368616E6765643A204329
:10108000656C6C2049443A2025642C2054726163BD
:101090006B696E6720617265613A2025640A0057AA
:1010A0004553545F544F504449522F7A65706879C4
:1010B000722F696E636C7564652F7A6570687972DA
:1010C0002F647269766572732F6770696F2E68007E
:1010D000286366672D3E706F72745F70696E5F6D16
:1010E00061736B202620286770696F5F706F727460
:1010F0005F70696E735F74292831554C203C3C2029
:101100002870696E29292920213D2030550041533E
:1011100053455254494F4E204641494C205B25735C
:101120005D20402025733A25640A0009556E7375C9
:1011300070706F727465642070696E0A00436C6928
:10114000656E74204D51545420696E697A69616CE2
:10115000697A7A61746F20636F7272657474616DFD
:10116000656E7465210A00746573742E6D6F7371FA
:10117000756974746F2E6F7267007466757365722B
:10118000313233343536004661696C656420636FF3
:101190006E6E656374696E6720746F204D51545490
:1011A0002C206572726F7220636F64653A2025642B
:1011B00000436F6E6E657373696F6E6520616C209E
:1011C00062726F6B6572204D515454207269757351
:1011D00063697461210A004572726F7265206E65E1
:1011E0006C6C27696E697A69616C697A7A617A696F
:1011F0006F6E652064656C20636C69656E74204D4C
:101200005154543A2025640A004D515454204552FB
:10121000524F52005265636569766564207061794A
:101220006C6F61643A20252E2A73206F6E20746FD4
:101230007069633A20252E2A73004D51545420447E
:101240004953434F4E454E53534F004D5154542034
:10125000434F4E454E53534F0057616974696E6753
:1012600020666F722063757272656E742074696D8A
:10127000650A004661696C656420746F2067657457
:101280002063757272656E742074696D652E2043DB
:101290006F6E74696E75696E6720616E79776179BA
:1012A0002E0A0054494D45203D20256C6C640A00EF
:1012B00054463100256C640073657269616C0025C9
:1012C000352E306C6600616C746974756465002538
:1012D000332E366C66006C61746974756465006CDD
:1012E0006F6E676974756465006971610025642EAD
:1012F0002531640068756D696469747900616D6297
:1013000069656E745F74656D706572617475726520
:1013100000707265737375726500766F6300636F3A
:10132000320073697A65202564202573200A0062E3
:101330007365632F74657374004661696C6564201E
:10134000746F2073656E64207061796C6F61642CBA
:10135000206572723A2025640045736563757A6969
:101360006F6E652064656C207468726561642031FD
:101370000A004661696C656420746F20696E697447
:1013800069616C697A65206D6F64656D206C696256
:10139000726172792C206572726F723A2025640A2C
:1013A000004661696C656420746F20636F6E6E65C2
:1013B000637420746F204C5445206E6574776F728F
:1013C0006B2C206572726F723A2025640A0061707E
:1013D000700000070E091C1B1215383F36312423FC
:1013E0002A2D574553545F544F504449522F7A6524
:1013F000706879722F6C69622F686561702F6865FB
:1014000061702E63006368756E6B5F757365642829
:10141000682C2063290009756E65787065637465B2
:101420006420686561702073746174652028646F3E
:1014300075626C652D667265653F2920666F722046
:101440006D656D6F72792061742025700A006C657E
:1014500066745F6368756E6B28682C2072696768B4
:10146000745F6368756E6B28682C20632929203DA2
:101470003D20630009636F72727570746564206843
:1014800065617020626F756E647320286275666690
:101490006572206F766572666C6F773F2920666F84
:1014A00072206D656D6F72792061742025700A005D
:1014B00028616C69676E20262028616C69676E2040
:1014C0002D20312929203D3D20300009616C6967BC
:1014D0006E206D757374206265206120706F776572
:1014E00072206F6620320A006279746573203E2094
:1014F000686561705F666F6F7465725F627974654D
:1015000073286279746573290009686561702073B6
:10151000697A6520697320746F6F20736D616C6CDC
:101520000A00686561705F737A203E206368756E9B
:101530006B737A2873697A656F6628737472756342
:1015400074207A5F686561702929006368756E6B25
:10155000305F73697A65202B206D696E5F636875F3
:101560006E6B5F73697A65286829203C3D20686549
:1015700061705F737A00574553545F544F5044492C
:10158000522F7A65706879722F6C69622F6F732F92
:1015900063627072696E74665F7061636B616765C8
:1015A000642E630009537472696E672077697468EA
:1015B00020746F6F206D616E7920617267756D6543
:1015C0006E74730A00097374725F7074725F706F67
:1015D000735B5D20746F6F20736D616C6C0A000922
:1015E000756E65787065637465642073697A6520CB
:1015F00025750A0009746F6F206D616E7920666F22
:10160000726D617420617267730A00696E5F706148
:10161000636B6167656420213D202828766F6964CB
:10162000202A2930290028756E7369676E65642940
:101630002063686172202A207573656420666F726A
:101640002025257020617267756D656E742E2049A6
:10165000742773207265636F6D6D656E64656420B9
:10166000746F206361737420697420746F20766FC7
:101670006964202A2062656361757365206974203E
:101680006D6179206361757365206D69736265684A
:101690006176696F7220696E206365727461696E2C
:1016A00020636F6E66696775726174696F6E732E01
:1016B00020537472696E673A222573222061726723
:1016C000756D656E743A256400736370795F636E3F
:1016D00074203C2073697A656F66286370795F7344
:1016E00074725F706F7329006B6565705F636E74F1
:1016F000203C2073697A656F66286B6565705F733F
:1017000074725F706F73290063627072696E7466C1
:101710005F7061636B61676500574553545F544F59
:10172000504449522F7A65706879722F6C69622F24
:101730006F732F6D7073635F706275662E630065E3
:101740007272203D3D203000574553545F544F5036
:101750004449522F7A65706879722F696E636C758F
:1017600064652F7A65706879722F7370696E6C6F1B
:10177000636B2E68007A5F7370696E5F6C6F636B6A
:101780005F76616C6964286C290009496E76616C2A
:101790006964207370696E6C6F636B2025700A003A
:1017A0007A5F7370696E5F756E6C6F636B5F766185
:1017B0006C6964286C2900094E6F74206D79207360
:1017C00070696E6C6F636B2025700A005745535427
:1017D0005F544F504449522F7A65706879722F6C6C
:1017E00069622F7574696C732F6F6E6F66662E63F6
:1017F000007374617465203D3D203055002173797C
:10180000735F736C6973745F69735F656D7074790E
:1018100028266D67722D3E636C69656E74732900AE
:101820007472616E73697420213D202828766F6977
:1018300064202A293029007374617465203D3D209D
:101840002831554C203C3C2028312929006D6772F5
:101850002D3E72656673203D3D20300073746174C7
:1018600065203D3D202831554C203C3C2028302926
:101870002900574553545F544F504449522F7A65BD
:10188000706879722F6C69622F7574696C732F6E32
:101890006F746966792E6300574553545F544F50F7
:1018A0004449522F7A65706879722F737562737923
:1018B000732F66732F6663622F6663625F61707059
:1018C000656E642E6300636E74203C3D2073697AFC
:1018D000656F6628746D705F73747229006C6F6732
:1018E00067696E6700574553545F544F50444952DF
:1018F0002F7A65706879722F7375627379732F6CA4
:101900006F6767696E672F6C6F675F636F72652EB5
:1019100063006C6F675F6261636B656E645F636FCA
:10192000756E745F6765742829203C20282833323F
:10193000202F20335529202D202831202B203029FD
:1019400029006261636B656E64203C3D205F6C6FB3
:10195000675F6261636B656E645F6C6973745F651A
:101960006E640009756E6578706563746564206CDB
:1019700069737420656E64206C6F636174696F6E47
:101980000A006C6F675F6261636B656E645F636FB3
:10199000756E745F6765742829203E2030006C6F77
:1019A0006700574553545F544F504449522F7A654E
:1019B000706879722F7375627379732F6C6F6767B4
:1019C000696E672F6C6F675F6D676D742E63006C57
:1019D000696E6B203C3D205F6C6F675F6C696E6B5E
:1019E0005F6C6973745F656E6400574553545F5450
:1019F0004F504449522F7A65706879722F696E632F
:101A00006C7564652F7A65706879722F6C6F676783
:101A1000696E672F6C6F675F6261636B656E642EC2
:101A200068006261636B656E6420213D2028287622
:101A30006F6964202A293029006C6F675F6D676DBC
:101A400074004D6573736167652028222573222910
:101A50002064726F70706564206265636175736580
:101A600020697420657863656564732073697A659D
:101A7000206C696D69746174696F6E202825752901
:101A800000574553545F544F504449522F7A657064
:101A90006879722F7375627379732F6C6F676769DA
:101AA0006E672F6C6F675F6D73672E6300706C6578
:101AB0006E203E3D203000574553545F544F5044F4
:101AC00049522F7A65706879722F737562737973D2
:101AD0002F6C6F6767696E672F6C6F675F6F7574C8
:101AE0007075742E63006F75745F6374782D3E6338
:101AF0006F6E74726F6C5F626C6F636B2D3E6F669E
:101B000066736574203C3D206F75745F6374782D37
:101B10003E73697A65001B5B306D006C6576656CA1
:101B2000203C3D20345500257320005B2530386C67
:101B3000755D20005B253032753A253032753A25C7
:101B40003032752E253033752C253033755D2000ED
:101B500025732F003C25733E200025733A20006535
:101B60007272203E3D203000253032782000202047
:101B700020007C00206D657373616765732064725B
:101B80006F70706564202D2D2D0D0A1B5B306D006C
:101B90001B5B313B33316D2D2D2D20001B5B313B09
:101BA00033316D001B5B313B33336D006572720066
:101BB00077726E00696E6600646267005745535421
:101BC0005F544F504449522F7A65706879722F7371
:101BD00075627379732F6C6F6767696E672F6261C7
:101BE000636B656E64732F6C6F675F6261636B65B7
:101BF0006E645F756172742E6300646576696365F7
:101C00005F69735F726561647928756172745F647E
:101C1000657629006C6F675F6261636B656E645FF8
:101C200075617274006C6F675F75617274005354F4
:101C30005245414D5F464C41534800574553545F10
:101C4000544F504449522F7A65706879722F7375DA
:101C5000627379732F73657474696E67732F73720F
:101C6000632F73657474696E67732E6300636820F5
:101C70003C3D205F73657474696E67735F68616E65
:101C8000646C65725F7374617469635F6C697374AB
:101C90005F656E64007365742D76616C7565206692
:101CA00061696C7572652E206B65793A2025732009
:101CB0006572726F72282564290073657474696E89
:101CC0006773004661696C656420746F206C6F6196
:101CD00064206C696E65206E616D653A2025640034
:101CE0006661696C656420746F206C6F6164206C40
:101CF000696E65004661696C656420746F20666971
:101D00006E697368206663625F617070656E6420DF
:101D100028256429004661696C656420746F20661B
:101D2000636220726F746174652028256429002A1B
:101D30002A2A20426F6F74696E67206E52462043D4
:101D40006F6E6E6563742053444B2076322E372EAF
:101D5000302D356362383535373063613433202AAE
:101D60002A2A0A002A2A2A205573696E67205A6592
:101D700070687972204F532076332E362E39392DE4
:101D8000313030626566633730633734202A2A2A5F
:101D90000A0072302F61313A2020307825303878AF
:101DA000202072312F61323A202030782530387867
:101DB000202072322F61333A202030782530387855
:101DC0000072332F61343A20203078253038782063
:101DD0007231322F69703A202030782530387820DF
:101DE0007231342F6C723A202030782530387800E8
:101DF00020787073723A202030782530387800735C
:101E00005B2532645D3A20203078253038782020F8
:101E1000735B2532645D3A20203078253038782095
:101E200020735B2532645D3A202030782530387885
:101E30002020735B2532645D3A20203078253038CD
:101E4000780066707363723A2020307825303878D5
:101E5000004661756C74696E6720696E7374727583
:101E60006374696F6E206164647265737320287295
:101E700031352F7063293A20307825303878005575
:101E80006E68616E646C6564204952516E3A20251B
:101E900064002A2A2A2A2A204D5055204641554CB2
:101EA00054202A2A2A2A2A002020537461636B694D
:101EB0006E67206572726F722028636F6E7465782A
:101EC000742061726561206D6967687420626520A5
:101ED0006E6F742076616C696429002020556E73E2
:101EE0007461636B696E67206572726F7200202087
:101EF00044617461204163636573732056696F6C3C
:101F00006174696F6E0020204D4D4641522041643E
:101F100064726573733A2030782578002020496E0A
:101F2000737472756374696F6E2041636365737354
:101F30002056696F6C6174696F6E002020466C6F6B
:101F40006174696E672D706F696E74206C617A7947
:101F50002073746174652070726573657276617444
:101F6000696F6E206572726F7200574553545F54EB
:101F70004F504449522F7A65706879722F617263AD
:101F8000682F61726D2F636F72652F636F72746556
:101F9000785F6D2F6661756C742E63002128282888
:101FA0005343425F54797065202A292028283078CD
:101FB0004530303045303030554C29202B2030789A
:101FC00030443030554C2920292D3E434653522071
:101FD00026202831554C203C3C20283055202B20F1
:101FE00034552929290009537461636B696E672090
:101FF0006F7220446174612041636365737320567E
:10200000696F6C6174696F6E206572726F72207790
:102010006974686F757420737461636B2067756190
:1020200072642C20757365722D6D6F6465206F72FC
:10203000206E756C6C2D706F696E746572206465AE
:1020400074656374696F6E0A0A002A2A2A2A2A2094
:102050005553414745204641554C54202A2A2A2AA7
:102060002A0020204469766973696F6E20627920A6
:102070007A65726F002020556E616C69676E6564C9
:10208000206D656D6F7279206163636573730020E5
:1020900020537461636B206F766572666C6F772076
:1020A00028636F6E746578742061726561206E6F4D
:1020B000742076616C6964290020204E6F20636F64
:1020C00070726F636573736F7220696E737472756B
:1020D0006374696F6E73002020496C6C6567616C76
:1020E000206C6F6164206F66204558435F524554F1
:1020F00055524E20696E746F205043002020496C69
:102100006C6567616C20757365206F662074686507
:102110002045505352002020417474656D70742026
:10212000746F206578656375746520756E64656687
:10213000696E656420696E737472756374696F6E1D
:10214000002A2A2A2A2A20425553204641554C5417
:10215000202A2A2A2A2A002020537461636B696E80
:1021600067206572726F7200202050726563697318
:1021700065206461746120627573206572726F728C
:102180000020204246415220416464726573733AD4
:102190002030782578002020496D7072656369735E
:1021A00065206461746120627573206572726F725C
:1021B000002020496E737472756374696F6E2062BB
:1021C0007573206572726F72005265736572766501
:1021D0006420457863657074696F6E2028005370C1
:1021E0007572696F757320696E746572727570743B
:1021F0002028495251200065736620213D2028285F
:10220000766F6964202A29302900094553462063E6
:102210006F756C64206E6F742062652072657472D5
:102220006965766564207375636365737366756C41
:102230006C792E205368616C6C206E657665722017
:102240006F636375722E0A00457863657074696FF9
:102250006E206F6363757272656420696E205365CA
:1022600063757265205374617465002A2A2A2A2ACC
:102270002048415244204641554C54202A2A2A2ABB
:102280002A002020427573206661756C74206F6E81
:1022900020766563746F72207461626C652072656C
:1022A00061640020204465627567206576656E7400
:1022B0000020204661756C7420657363616C6174E5
:1022C000696F6E20287365652062656C6F772900E1
:1022D000415243485F4558434550542077697468DC
:1022E00020726561736F6E2025780A00094661755A
:1022F0006C7420657363616C6174696F6E207769BB
:1023000074686F75742046535220696E666F0A00B8
:1023100009486172644661756C7420776974686FEE
:102320007574204846535220696E666F2053686169
:102330006C6C206E65766572206F636375720A003F
:102340002A2A2A2A2A204465627567206D6F6E69E1
:10235000746F7220657863657074696F6E202A2AC5
:102360002A2A2A002A2A2A2A2A2025732025642993
:10237000202A2A2A2A2A00574553545F544F504492
:1023800049522F7A65706879722F617263682F6184
:10239000726D2F636F72652F636F727465785F6DF6
:1023A0002F6670752E630062756666657220213D2A
:1023B000202828766F6964202A2930290057455340
:1023C000545F544F504449522F7A65706879722F88
:1023D000617263682F61726D2F636F72652F636F17
:1023E000727465785F6D2F6972715F6D616E616780
:1023F000652E63007072696F203C3D20282831559E
:102400004C203C3C2028332929202D20312900094B
:10241000696E76616C6964207072696F7269747933
:1024200020256420666F7220256420697271212046
:1024300076616C756573206D757374206265206CB0
:10244000657373207468616E20256C750A0A006DCF
:102450007075004661696C656420746F20616C6CF6
:102460006F63617465206E6577204D5055207265ED
:1024700067696F6E2025750A00506172746974690E
:102480006F6E2025753A2073616E697479206368D8
:1024900065636B206661696C65642E00496E7661C8
:1024A0006C696420756E6465726C79696E67207200
:1024B0006567696F6E20696E6465782025750057C1
:1024C0004553545F544F504449522F7A6570687990
:1024D000722F617263682F61726D2F636F72652F47
:1024E0006D70752F61726D5F6D70752E630009439D
:1024F0006F6E6669677572696E67202575207374E3
:1025000061746963204D505520726567696F6E7301
:10251000206661696C65640A0A00094D61726B6925
:102520006E6720257520617265617320666F722069
:1025300064796E616D696320726567696F6E73207F
:102540006661696C65640A0A000952657175657394
:102550007420746F20636F6E6669677572653A20C8
:10256000257520726567696F6E73202873757070AA
:102570006F727465643A202575290A0A0021287251
:102580006567696F6E5B6964785D2E64745F617402
:1025900074722026202831554C203C3C20283029BC
:1025A0002929000952414D5F4E4F43414348452080
:1025B000776974682044545F4D454D5F43414348FB
:1025C0004541424C45206174747269627574650AB4
:1025D0000A00094661696C656420746F20616C6C47
:1025E0006F63617465204D505520726567696F6E29
:1025F000732066726F6D2044540A0A00464C4153A2
:10260000485F30005352414D5F3000574553545F8F
:10261000544F504449522F7A65706879722F6C6913
:10262000622F6C6962632F636F6D6D6F6E2F736FB6
:10263000757263652F7374646C69622F6D616C6C65
:102640006F632E63006C6F636B5F726574203D3D3A
:10265000203000706F7369785F74696D6572007304
:102660006F630028666C6167732026202828315527
:10267000203C3C20323129207C20283155203C3C14
:1026800020323229207C20283155203C3C20323316
:1026900029207C20283155203C3C20323429207CC4
:1026A00020283155203C3C20323529207C202831FF
:1026B00055203C3C203236292929203D3D20300040
:1026C00009496E7465727275707420666C61677307
:1026D00020617265206E6F7420737570706F7274F4
:1026E00065640A0028666C616773202620282831FB
:1026F000203C3C203429207C202831203C3C2035C3
:1027000029292920213D20282831203C3C2034291A
:10271000207C202831203C3C203529290009507597
:102720006C6C20557020616E642050756C6C204478
:102730006F776E2073686F756C64206E6F742062A3
:102740006520656E61626C65642073696D756C747B
:10275000616E656F75736C790A00212828666C615B
:102760006773202620283155203C3C20313629290A
:10277000202626202128666C6167732026202831B8
:1027800055203C3C20313729292026262028666CFC
:102790006167732026202831203C3C2031292929DB
:1027A0000009496E7075742063616E6E6F742062EB
:1027B0006520656E61626C656420666F7220274FCC
:1027C00070656E20447261696E272C20274F7065FA
:1027D0006E20536F7572636527206D6F646573207B
:1027E000776974686F7574204F75747075740A001A
:1027F00028666C6167732026202831203C3C2031FC
:10280000292920213D2030207C7C2028666C6167AE
:10281000732026202831203C3C20322929203D3DB0
:1028200020300028666C61677320262028283155E7
:10283000203C3C20313829207C20283155203C3C4C
:10284000203139292929203D3D2030207C7C202839
:10285000666C616773202620283155203C3C20316E
:1028600037292920213D203000094F757470757477
:10287000206E6565647320746F20626520656E61EB
:10288000626C656420746F20626520696E6974698A
:10289000616C697A6564206C6F77206F722068695B
:1028A00067680A0028666C61677320262028283133
:1028B00055203C3C20313829207C20283155203CB3
:1028C0003C20313929292920213D20282831552033
:1028D0003C3C20313829207C20283155203C3C20AC
:1028E0003139292900094F75747075742063616E40
:1028F0006E6F7420626520696E697469616C697AB3
:102900006564206C6F7720616E6420686967680A6F
:10291000005468652053494D2053656C65637420ED
:1029200050696E20706F7274206973206E6F74200E
:102930007265616479004661696C656420746F201A
:10294000736574207468652053494D2053656C6528
:1029500063742050696E20286572726F723A202568
:102960006429006553494D2069732073656C656364
:1029700074656400546865204368617267657220FD
:10298000456E61626C652050696E20706F727420B4
:102990006973206E6F7420726561647900466169A5
:1029A0006C656420746F20736574207468652043BF
:1029B00068617267657220456E61626C652050695E
:1029C0006E20286572726F723A2025642900436870
:1029D00061726765722069732073657420746F205B
:1029E0006175746F00616374696E6975735F626F9E
:1029F0006172645F636F6E74726F6C006E65745F9A
:102A0000627566006E65745F6275665F73696D708E
:102A10006C6500574553545F544F504449522F7AC8
:102A200065706879722F696E636C7564652F7A655D
:102A3000706879722F6E65742F6E65745F636F6E48
:102A4000746578742E6800636F6E7465787400091D
:102A50000A00574553545F544F504449522F7A65EA
:102A6000706879722F7375627379732F6E65742F26
:102A70006C69622F736F636B6574732F736F636B15
:102A80006574732E6300736F636B5F66616D696C51
:102A9000792D3E69735F737570706F727465640031
:102AA000736F636B5F66616D696C79203C3D205F7D
:102AB0006E65745F736F636B65745F72656769736E
:102AC0007465725F6C6973745F656E64005745531B
:102AD000545F544F504449522F7A65706879722F71
:102AE0007375627379732F6E65742F6C69622F73BF
:102AF0006F636B6574732F736F636B65745F6F6661
:102B0000666C6F61642E6300646E735F6F66666CE3
:102B10006F6164203D3D202828766F6964202A2952
:102B2000302900646E735F6F66666C6F6164006469
:102B30006E735F6F66666C6F61642D3E676574616E
:102B4000646472696E666F00646E735F6F66666C54
:102B50006F61642D3E6672656561646472696E665C
:102B60006F00574553545F544F504449522F7A6574
:102B7000706879722F696E636C7564652F7A657001
:102B80006879722F6E65742F6E65745F69662E6842
:102B90000069666163650069666163652D3E69660B
:102BA0005F64657600574553545F544F5044495213
:102BB0002F7A65706879722F7375627379732F6ECF
:102BC00065742F69702F6E65745F69662E63006E81
:102BD00065745F69665F6765745F6C696E6B5F6182
:102BE000646472286966616365292D3E616464725C
:102BF00020213D202828766F6964202A2930290069
:102C00006966616365203C3D205F6E65745F69663F
:102C10005F6C6973745F656E640069666163655FAC
:102C2000636865636B203C3D205F6E65745F696619
:102C30005F6C6973745F656E6400776C616E2564A8
:102C4000006E6574256400636F756E745F6966203D
:102C50003D3D2069665F636F756E7400C0004D5125
:102C60005454004D514973647000574553545F5498
:102C70004F504449522F7A65706879722F7375628C
:102C80007379732F6E65742F6C69622F6D71747414
:102C90002F6D7174745F6F732E6800097379735FA1
:102CA0006D757465785F756E6C6F636B20666169B6
:102CB0006C656420776974682025640A000973795B
:102CC000735F6D757465785F6C6F636B20666169A7
:102CD0006C656420776974682025640A0006010524
:102CE00001040103010502020103020504010101BF
:102CF000020103010401060108010C011001180181
:102D0000200140018053656C656374656420414413
:102D100043206761696E206973206E6F742076614D
:102D20006C69640053656C65637465642041444359
:102D3000207265666572656E6365206973206E6FCB
:102D4000742076616C69640053656C6563746564B6
:102D500020414443206163717569736974696F6EC2
:102D60002074696D65206973206E6F742076616CC4
:102D7000696400496E76616C69642073656C656393
:102D800074696F6E206F66206368616E6E656C7328
:102D9000004368616E6E656C202575206E6F74202F
:102DA000636F6E66696775726564004144432072A3
:102DB00065736F6C7574696F6E2076616C756520D4
:102DC0002564206973206E6F742076616C696400DD
:102DD0004F76657273616D706C696E6720697320E0
:102DE000737570706F7274656420666F722073699A
:102DF0006E676C65206368616E6E656C206F6E6CCB
:102E000079004F76657273616D706C696E672076BC
:102E1000616C7565202564206973206E6F7420765F
:102E2000616C69640050726F7669646564206275D4
:102E30006666657220697320746F6F20736D616CB4
:102E40006C202825752F2575290061646340653045
:102E50003030006164635F6E7266785F73616164D5
:102E60006300574553545F544F504449522F7A657D
:102E7000706879722F647269766572732F636C6FF4
:102E8000636B5F636F6E74726F6C2F636C6F636BD9
:102E90005F636F6E74726F6C5F6E72662E63007428
:102EA000797065203C20434C4F434B5F434F4E5459
:102EB000524F4C5F4E52465F545950455F434F55F9
:102EC0004E5400636C6F636B403530303000686681
:102ED000636C6B006C66636C6B00636C6F636B5F41
:102EE000636F6E74726F6C007073612D726E670029
:102EF0004661696C656420746F206578697420444C
:102F0000504420282564290057616974696E672040
:102F1000756E74696C20666C6173682069732072C9
:102F200065616479004A45444543204944207265FF
:102F30006164206661696C65643A202564004465BB
:102F40007669636520696420253032782025303227
:102F500078202530327820646F6573206E6F74207E
:102F60006D6174636820636F6E6669672025303217
:102F70007820253032782025303278004250206386
:102F80006C656172206661696C65643A2025640A2B
:102F900000556E61626C6520746F20656E74657299
:102FA00020342D62797465206D6F64653A20256444
:102FB0000A007732357136346A76403000737069B2
:102FC0005F6E6F7200D810200C00000000696E76F2
:102FD000616C696420616464726573733A2030784F
:102FE0002530386C783A257A7500756E616C6967A2
:102FF0006E656420616464726573733A203078256D
:1030000030386C783A257A75006E6F7420776F725D
:10301000642D616C69676E65643A203078253038BC
:103020006C783A257A7500666C6173682D636F6EF3
:1030300074726F6C6C657240333930303000666C7E
:103040006173685F6E726600574553545F544F500A
:103050004449522F7A65706879722F696E636C7576
:1030600064652F7A65706879722F6472697665720B
:10307000732F6770696F2F6770696F5F7574696C04
:10308000732E680063616C6C6261636B00094E6F44
:103090002063616C6C6261636B210A0063616C6C1C
:1030A0006261636B2D3E68616E646C657200094EEF
:1030B0006F2063616C6C6261636B2068616E646C2D
:1030C0006572210A00574553545F544F504449528A
:1030D0002F6D6F64756C65732F68616C2F6E6F72E6
:1030E0006469632F6E7266782F68616C2F6E7266EA
:1030F0005F6770696F2E68006E72665F6770696FD8
:103100005F70696E5F70726573656E745F6368652A
:10311000636B282A705F70696E2900574553545FAE
:10312000544F504449522F7A65706879722F6472F7
:1031300069766572732F6770696F2F6770696F5F4B
:103140006E7266782E6300657272203D3D204E528D
:1031500046585F53554343455353006770696F406A
:103160003834323530300069326300756E737570F3
:10317000706F727465642073706565640046616980
:103180006C656420746F20696E697469616C697A1A
:1031900065206465766963653A202573004E656530
:1031A0006420746F207573652074686520696E747F
:1031B00065726E616C2064726976657220627566F4
:1031C00066657220627574206974732073697A650C
:1031D00020697320696E73756666696369656E74CC
:1031E00020282575202B202575203E202575292E89
:1031F0002041646A75737420746865207A6570680C
:1032000079722C636F6E6361742D6275662D7369BC
:103210007A65206F72207A65706879722C666C61AD
:1032200073682D6275662D6D61782D73697A6520DE
:1032300070726F70657274792028746865206F6E83
:10324000652077697468206772656174657220769D
:10325000616C75652920696E20746865202225736C
:1032600022206E6F64652E00547279696E67207437
:103270006F207472616E73666572206D6F72652067
:103280007468616E20746865206D6178696D756D14
:103290002073697A6520666F722074686973206490
:1032A00065766963653A202564203E2025640069BF
:1032B00032634061303030006932635F6E7266782D
:1032C0005F7477696D000001020304050607436F10
:1032D000756C64206E6F7420726561642061636335
:1032E000656C206178697320646174610054656D58
:1032F0007065726174757265206D65617375726554
:103300006D656E742064697361626C656400574515
:1033100053545F544F504449522F7A657068797204
:103320002F647269766572732F73656E736F722F77
:1033300073742F6C69733264682F6C6973326468BC
:103340002E630009496E76616C69642073656E7343
:103350006F72206368616E6E656C20696E206665B1
:103360007463680A00617474725F7365742829203D
:103370006E6F7420737570706F72746564206F6EF9
:103380002074686973206368616E6E656C2E0046F8
:1033900061696C656420746F207265616420636884
:1033A00069702069642E00496E76616C69642063DF
:1033B0006869702049443A20253032780A00466115
:1033C000696C656420746F20646973636F6E6E65E9
:1033D00063742053444F2F5341302070756C6C2D13
:1033E00075702E004661696C656420746F2072658B
:1033F000736574206374726C207265676973746599
:1034000072732E004661696C656420746F20736569
:10341000742066756C6C207363616C6520637472D4
:103420006C2072656769737465722E0066733D2542
:10343000642C206F64723D30782578206C705F6555
:103440006E3D30782578207363616C653D2564009E
:10345000000102020001020053544D6963726F655E
:103460006C656374726F6E696373006C6973326448
:10347000683132006C697332646831322D61636384
:10348000656C403139006C69733264680042757351
:1034900020646576696365206973206E6F7420729D
:1034A0006561647900574553545F544F5044495205
:1034B0002F7A65706879722F647269766572732FDE
:1034C00073656E736F722F766F6C746167655F647E
:1034D0006976696465722F766F6C746167652E63B7
:1034E0000076616C20213D202828766F6964202AAF
:1034F000293029007261775F746F5F6D763A2025FD
:1035000064006164635F726561643A202564004110
:103510004443206973206E6F742072656164790082
:10352000506F776572204750494F206973206E6F46
:1035300074207265616479006661696C65642074E9
:103540006F20696E697469616C697A6520475049BA
:103550004F20666F722072657365740073657475B1
:10356000703A2025640073657175656E6365206926
:103570006E69743A20256400766261747400766F17
:103580006C74616765004661696C656420746F20C6
:10359000616C6C6F636174652050504920436861B1
:1035A0006E6E656C00756172744039303030007534
:1035B000617274403830303000756172745F6E72C1
:1035C00066785F7561727465004661696C65642038
:1035D000746F20616C6C6F63617465204750494F54
:1035E0005445206368616E6E656C20666F7220576B
:1035F000414B45004661696C656420746F20636FC0
:103600006E6669677572652057414B452070696E1B
:10361000004353204750494F20706F727420257328
:103620002070696E202564206973206E6F7420728B
:1036300065616479005570646174652065786365BF
:103640006564732063757272656E74206275666658
:1036500065720048616C662D6475706C6578206ECB
:103660006F7420737570706F7274656400536C6151
:103670007665206D6F6465206973206E6F742073AA
:103680007570706F72746564206F6E202573004CC6
:103690006F6F706261636B206D6F6465206973206A
:1036A0006E6F7420737570706F7274656400576FFD
:1036B00072642073697A6573206F74686572207410
:1036C00068616E2038206269747320617265206EB3
:1036D0006F7420737570706F7274656400467265E4
:1036E0007175656E63696573206C6F7765722074A0
:1036F00068616E20313235206B487A206172652016
:103700006E6F7420737570706F72746564004661BB
:10371000696C656420746F20696E697469616C6995
:103720007A65206E726678206472697665723A20D6
:10373000253038780057616974696E6720666F724A
:103740002057414B452061636B6E6F776C656467F2
:103750006D656E742074696D6564206F75740054B6
:10376000696D656F75742077616974696E6720662D
:103770006F72207472616E7366657220636F6D7014
:103780006C6574650073706940623030300073702E
:10379000695F6E7266785F7370696D005745535448
:1037A0005F544F504449522F6E72662F6C69622FDE
:1037B0006E72665F6D6F64656D5F6C69622F6E72AD
:1037C000665F6D6F64656D5F6C69622E6300652076
:1037D0003C3D205F6E72665F6D6F64656D5F6C6906
:1037E000625F6466755F63625F6C6973745F656E68
:1037F00064004D6F64656D206C696272617279203E
:10380000696E697469616C697A6174696F6E20664A
:1038100061696C65642C20657272202564006520E6
:103820003C3D205F6E72665F6D6F64656D5F6C69B5
:10383000625F696E69745F63625F6C6973745F6510
:103840006E6400574553545F544F504449522F6E95
:1038500072662F6C69622F6E72665F6D6F64656D44
:103860005F6C69622F6E72665F6D6F64656D5F6F0E
:10387000732E63006572725F636F6465203E203053
:103880000009547269656420746F20736574206E3A
:1038900065676174697665206572726F7220636F07
:1038A00064652C2025640A0075736564203C20370C
:1038B00000094E6F7420656E6F7567682073656DC3
:1038C0006170686F72657320696E20676C75652022
:1038D0006C617965720A00282828737472756374A4
:1038E000206B5F73656D202A2973656D292026265C
:1038F00020282875696E747074725F742920286E90
:1039000072665F6D6F64656D5F6F735F73656D7316
:103910002929203C3D20282875696E747074725FD7
:103920007429202828737472756374206B5F736523
:103930006D202A2973656D292920262620282875BF
:10394000696E747074725F7429202828737472759C
:103950006374206B5F73656D202A2973656D292957
:10396000203C20282875696E747074725F74292059
:103970002826286E72665F6D6F64656D5F6F735F7A
:1039800073656D73295B282873697A655F742920D4
:10399000282828696E74292073697A656F66286300
:1039A0006861725B31202D2032202A202128215F7E
:1039B0005F6275696C74696E5F74797065735F635B
:1039C0006F6D70617469626C655F70285F5F747998
:1039D00070656F665F5F286E72665F6D6F64656DA0
:1039E0005F6F735F73656D73292C205F5F747970EF
:1039F000656F665F5F2826286E72665F6D6F64650F
:103A00006D5F6F735F73656D73295B305D29292965
:103A10005D29202D203129202B202873697A656F9C
:103A200066286E72665F6D6F64656D5F6F735F733E
:103A3000656D7329202F2073697A656F6628286E5B
:103A400072665F6D6F64656D5F6F735F73656D73D5
:103A5000295B305D292929295D2929290009556E0D
:103A6000696E697469616C697365642073656D6101
:103A700070686F72650A0075736564203C203100C0
:103A8000094E6F7420656E6F756768206D7574657B
:103A900078657320696E20676C7565206C61796547
:103AA000720A00282828737472756374206B5F6D26
:103AB00075746578202A296D757465782920262605
:103AC00020282875696E747074725F742920286EBE
:103AD00072665F6D6F64656D5F6F735F6D75746542
:103AE0007865732929203C3D20282875696E7470FB
:103AF00074725F7429202828737472756374206B44
:103B00005F6D75746578202A296D7574657829292B
:103B100020262620282875696E747074725F7429B7
:103B2000202828737472756374206B5F6D757465DB
:103B300078202A296D757465782929203C20282849
:103B400075696E747074725F7429202826286E72ED
:103B5000665F6D6F64656D5F6F735F6D75746578BB
:103B60006573295B282873697A655F742920282882
:103B700028696E74292073697A656F6628636861A5
:103B8000725B31202D2032202A202128215F5F62A4
:103B900075696C74696E5F74797065735F636F6D5E
:103BA00070617469626C655F70285F5F74797065BD
:103BB0006F665F5F286E72665F6D6F64656D5F6FC5
:103BC000735F6D757465786573292C205F5F7479F8
:103BD00070656F665F5F2826286E72665F6D6F6422
:103BE000656D5F6F735F6D757465786573295B30A4
:103BF0005D2929295D29202D203129202B2028739A
:103C0000697A656F66286E72665F6D6F64656D5F59
:103C10006F735F6D75746578657329202F207369E4
:103C20007A656F6628286E72665F6D6F64656D5F7A
:103C30006F735F6D757465786573295B305D2929D5
:103C400029295D2929290009556E696E6974696100
:103C50006C69736564206D757465780A006E7266B0
:103C60005F6D6F64656D00574553545F544F50440A
:103C700049522F6E72662F6C69622F6E72665F6D8D
:103C80006F64656D5F6C69622F6366756E5F686FE8
:103C90006F6B732E630065203C3D205F6E72665F24
:103CA0006D6F64656D5F6C69625F61745F6366759B
:103CB0006E5F63625F6C6973745F656E64006E72E1
:103CC0006639315F736F636B6574004D6F64656D4A
:103CD0002068617320637261736865642C2072656B
:103CE00061736F6E20307825782C2050433A203055
:103CF000782578004661696C656420746F20686F70
:103D00006F6B2074686520646973706174636820E8
:103D100066756E6374696F6E2C20657272202564FF
:103D200000574553545F544F504449522F6E7266AA
:103D30002F6C69622F61745F6D6F6E69746F722F83
:103D400061745F6D6F6E69746F722E630065203CE5
:103D50003D205F61745F6D6F6E69746F725F656E39
:103D60007472795F6C6973745F656E64004E6F2066
:103D70006865617020737061636520666F72206989
:103D80006E636F6D696E67206E6F746966696361DB
:103D900074696F6E3A2025730061745F6E6F746989
:103DA0006600094E6F2068656170207370616365FD
:103DB00020666F7220696E636F6D696E67206E6F2B
:103DC00074696669636174696F6E3A2025730A00CD
:103DD0006E6F74696620213D202828766F69642003
:103DE0002A2930290061745F6D6F6E69746F7200EB
:103DF0002B43474556002B4350494E002553484F0F
:103E00005254535756455200254857564552534928
:103E10004F4E0025584D4F44454D555549440025BA
:103E2000584943434944004F4B0D0A004552524FF5
:103E3000520D0A002B434D45204552524F52002B44
:103E4000434D53204552524F5200574553545F54EF
:103E50004F504449522F6E72662F6C69622F617405
:103E60005F636D645F7061727365722F61745F7000
:103E70006172616D732E63006C69737420213D2043
:103E80002828766F6964202A293029000950617238
:103E9000616D65746572206C6973742063616E6E08
:103EA0006F74206265204E554C4C2E0A0070617272
:103EB000616D20213D202828766F6964202A2930F1
:103EC000290009506172616D657465722063616ECD
:103ED0006E6F74206265204E554C4C2E0A00415482
:103EE0002525585054573D25642C22257322004621
:103EF00061696C656420746F207265717565737497
:103F0000205054572C207265706F72746564206560
:103F100072726F723A2025640041542B434552451A
:103F2000473D35004661696C656420746F20737588
:103F30006273637269626520746F2043455245471E
:103F4000206E6F74696669636174696F6E732C208B
:103F50006572726F723A202564004661696C65640F
:103F600020746F20656E61626C6520525243206E32
:103F70006F74696669636174696F6E7320282B437F
:103F800053434F4E292C206572726F7220256400B6
:103F9000574553545F544F504449522F6E72662F09
:103FA0006C69622F6C74655F6C696E6B5F636F6EBA
:103FB00074726F6C2F6C74655F6C632E6300726536
:103FC00073706F6E736520213D202828766F6964B9
:103FD000202A2930290043616E2774207061727392
:103FE0006520544155207072652D7761726E696E3F
:103FF00067206E6F74696669636174696F6E2C20E7
:104000006572726F723A2025640043616E277420D6
:104010007061727365206D6F64656D20736C65658A
:1040200070207072652D7761726E696E67206E6F99
:1040300074696669636174696F6E2C206572726F52
:10404000723A202564006C74655F6C635F776F72F1
:104050006B5F710043616E2774207061727365201D
:104060007369676E616C6C696E67206D6F64652C37
:10407000206572726F723A2025640043616E277466
:1040800020706172736520654452582C20657272ED
:104090006F723A2025640043616E2774207061724C
:1040A0007365206D6F64656D206576656E74206E36
:1040B0006F74696669636174696F6E2C20657272D2
:1040C0006F723A202564004E6F2068616E646C65E3
:1040D0007220726567697374657265640046616910
:1040E0006C656420746F207061727365206E6F74EC
:1040F000696669636174696F6E20286572726F7298
:10410000202564293A202573004661696C65642086
:10411000746F20616C6C6F63617465206D656D6F89
:10412000727920666F722074686520474349206366
:10413000656C6C73004E6F7420616C6C206E6569E9
:104140006768626F722063656C6C7320636F756C57
:1041500064206265207061727365642E204D6F72F9
:10416000652063656C6C73207468616E207468658B
:1041700020636F6E66696775726564206D61782073
:10418000636F756E74206F66202564207765726595
:1041900020666F756E640050617273696E67206F80
:1041A00066206E65696768626F722063656C6C7308
:1041B000206661696C65642C206572723A20256402
:1041C000004661696C656420746F20616C6C6F637C
:1041D000617465206D656D6F727920666F72206EF7
:1041E00065696768626F722063656C6C73004E6FFF
:1041F0007420616C6C206E65696768626F72206301
:10420000656C6C7320636F756C64206265207061EF
:1042100072736564004E554C4C20617320612068B8
:10422000616E646C65722072656365697665643A77
:10423000204E6F7468696E6720746F206265206419
:104240006F6E652E0A5468652068616E646C6572D5
:104250002063616E206265206465726567697374AE
:1042600065726564207573696E67206C74655F6C38
:10427000635F646572656769737465725F68616EB8
:10428000646C657228290041542B4350534D533DB3
:10429000312C2C2C222573222C22257322004154F0
:1042A0002B4350534D533D312C2C2C22257322008F
:1042B00041542B4350534D533D312C2C2C2C222553
:1042C00073220041542B4350534D533D31006E72C5
:1042D000665F6D6F64656D5F61745F7072696E7447
:1042E00066206661696C65642C207265706F7274FB
:1042F0006564206572726F723A202564004154250E
:1043000025584D4F4E49544F5200415420636F6D14
:104310006D616E64206661696C65642C20657272E3
:104320006F723A20256400415420636F6D6D616E99
:10433000642070617273696E67206661696C656480
:10434000004661696C656420746F207061727365EA
:104350002050534D20636F6E666967757261746992
:104360006F6E2C206572726F723A20256400466170
:10437000696C656420746F206765742050534D200C
:10438000696E666F726D6174696F6E0041542525A8
:10439000464541434F4E463D25642C25642C2575EA
:1043A0000041542B4345445258533D330046616904
:1043B0006C656420746F2064697361626C6520654C
:1043C0004452582C207265706F7274656420657257
:1043D000726F723A2025640041542B434544525871
:1043E000533D322C25642C222573220041542B434B
:1043F00045445258533D322C2564004661696C6532
:104400006420746F20656E61626C6520654452584B
:104410002C207265706F72746564206572726F72A1
:104420003A202564002B43455245473A20252A75FA
:104430002C2568752C252A5B5E2C5D2C2225782284
:104440002C0041542B43455245473F00436F756C48
:1044500064206E6F74206765742072656769737479
:10446000726174696F6E207374617475732C20654A
:1044700072726F723A20256400496E76616C6964CD
:104480002073797374656D206D6F6465207265713A
:104490007565737465643A20256400496E76616CB5
:1044A0006964204C544520707265666572656E6360
:1044B00065207265717565737465643A20256400C2
:1044C000415425255853595354454D4D4F44453D6E
:1044D00025732C256300436F756C64206E6F742008
:1044E00073656E6420415420636F6D6D616E642C42
:1044F000206572726F723A202564002B4346554E38
:104500003A202568750041542B4346554E3F0041E3
:104510005420636F6D6D616E64206661696C6564C3
:104520002C206E72665F6D6F64656D5F61745F7382
:1045300063616E6628292072657475726E656420E9
:104540006572726F723A202564004661696C656419
:1045500020746F20656E61626C65206E6F74696691
:1045600069636174696F6E732C206572726F723A41
:1045700020256400496E76616C69642066756E63FF
:1045800074696F6E616C206D6F64653A20256400FC
:1045900041542B4346554E3D2564004661696C6588
:1045A0006420746F207365742066756E6374696F20
:1045B0006E616C206D6F64652E20506C6561736553
:1045C00020636865636B205853595354454D4D4FD4
:1045D00044452E004661696C656420746F206765F0
:1045E000742063757272656E742072656769737486
:1045F000726174696F6E20737461747573004E65B7
:1046000074776F726B20636F6E6E656374696F6E23
:1046100020617474656D70742074696D6564206FB9
:10462000757400254D444D45560025584D4F444561
:104630004D534C45455000254E43454C4C4D45414E
:10464000530025585433343132002B4345445258DB
:1046500050002B4353434F4E002B434552454700D8
:10466000312C302C3000302C312C3000302C302CC0
:104670003100312C302C3100302C312C3100312CD8
:10468000312C3000312C312C31006C74655F6C633F
:1046900000303132333441542B4353434F4E3D317C
:1046A0000041542B4350534D533D00496E76616C8D
:1046B000696420706F696E7465722070726F7669BC
:1046C00064656400436F756C64206E6F7420696E5E
:1046D000697420415420706172616D73206C69733C
:1046E000742C206572726F723A20256400436F75D6
:1046F0006C64206E6F742070617273652065445223
:104700005820726573706F6E73652C206572726FBE
:10471000723A202564004661696C656420746F20DC
:10472000676574204C5445206D6F64652C2065725C
:10473000726F723A202564004661696C656420746A
:104740006F20676574206544525820636F6E6669F8
:104750006775726174696F6E2C206572726F723A40
:1047600020256400574553545F544F504449522FFD
:104770006E72662F6C69622F6C74655F6C696E6B0C
:104780005F636F6E74726F6C2F6C74655F6C635FC8
:1047900068656C706572732E6300656472785F7310
:1047A000747220213D202828766F6964202A2930E0
:1047B00029004661696C656420746F206765742008
:1047C000654452582076616C75652C206572726F55
:1047D000723B202564004661696C656420746F201B
:1047E0006765742050545720636F6E6669677572F1
:1047F0006174696F6E2C206572726F723A20256445
:10480000007074775F73747220213D202828766FC2
:104810006964202A29302900496E76616C69642018
:10482000505457206C6F6F6B757020696E6465789B
:104830003A20256400556E61626C6520746F2070AB
:104840006172736520706572696F64696320544199
:104850005520737472696E672028543334313220C6
:10486000657874656E6465642900556E61626C6577
:1048700020746F20706172736520706572696F6457
:1048800069632054415520737472696E67202854FF
:10489000333431322900457870656374656420765D
:1048A000616C69642054333431322074696D6572EF
:1048B00020756E697400556E61626C6520746F209E
:1048C0007061727365206163746976652074696DC7
:1048D0006520737472696E6700436F756C64206E37
:1048E0006F74207061727365202B4353434F4E20C9
:1048F000726573706F6E73652C206572726F723A99
:1049000020256400436F756C64206E6F74206765AA
:1049100074207369676E616C6C696E67206D6F647B
:10492000652C206572726F723A20256400496E769C
:10493000616C6964207369676E616C6C696E672075
:104940006D6F64653A20256400436F756C64206E5A
:104950006F742070617273652041542B434552453A
:104960004720726573706F6E73652C206572726F6D
:10497000723A20256400436F756C64206E6F74205A
:1049800067657420726573706F6E736520707265F1
:104990006669782C206572726F723A20256400492E
:1049A0006E76616C6964206E6574776F726B2072CD
:1049B0006567697374726174696F6E207374617472
:1049C00075733A20256400436F756C64206E6F74B4
:1049D000207061727365202525585433343132209C
:1049E000726573706F6E73652C206572726F723AA8
:1049F00020256400436F756C64206E6F74206765BA
:104A0000742074696D6520756E74696C206E6578AC
:104A100074205441552C206572726F723A202564BF
:104A2000005061727365642074696D6520706172F5
:104A3000616D65746572206E6F7420776974686942
:104A40006E2076616C69642072616E6765006174C6
:104A50005F726573706F6E7365206973204E554C7D
:104A60004C2C2063616E2774206765742063656C2D
:104A70006C20636F756E7400436F756C64206E6F8D
:104A80007420706172736520415425254E43454C56
:104A90004C4D45415320726573706F6E73652C20C9
:104AA0006572726F723A20256400436F756C6420E2
:104AB0006E6F7420696E6974204154207061726158
:104AC0006D73206C69737420666F722063656C6C03
:104AD0005F6C6973742C206572726F723A20256462
:104AE00000453242494720776173207265747572C0
:104AF0006E65642C20636F6E74696E75652E207010
:104B00006172616D5F636F756E742025642C206522
:104B100072722025642C20737472202573004E6FEE
:104B20007420612076616C6964204E43454C4C4D85
:104B300045415320726573706F6E7365004E434537
:104B40004C4C4D454153206D6561737572656D65C3
:104B50006E747320696E7465727275707465643BEF
:104B600020726573756C747320696E636F6D706C01
:104B700065746500436F756C64206E6F742070619E
:104B80007273652063656C6C5F69642C20696E6468
:104B900065782025642C2069202564206572726F59
:104BA000723A2025640063656C6C5F6964203D2067
:104BB0002564207768696368206973203E204C541F
:104BC000455F4C435F43454C4C5F45555452414E05
:104BD0005F49445F4D41583B206D61726B696E6760
:104BE00020696E76616C696400436F756C64206E39
:104BF0006F7420706172736520706C6D6E2C20650F
:104C000072726F723A20256400737472696E675F06
:104C1000746F5F696E742C206572726F723A202512
:104C20006400436F756C64206E6F742070617273E2
:104C30006520747261636B696E675F617265615F45
:104C4000636F646520696E20692025642C2065727D
:104C5000726F723A20256400436F756C64206E6F2A
:104C6000742070617273652074696D696E675F612D
:104C70006476616E63652C206572726F723A2025CE
:104C80006400436F756C64206E6F74207061727382
:104C9000652074696D696E675F616476616E6365D6
:104CA0005F6D6561735F74696D652C206572726FED
:104CB000723A20256400436F756C64206E6F742017
:104CC00070617273652065617266636E2C20657217
:104CD000726F723A20256400436F756C64206E6FAA
:104CE0007420706172736520706879735F63656C9E
:104CF0006C5F69642C206572726F723A20256400C3
:104D0000436F756C64206E6F7420706172736520E0
:104D1000727372702C206572726F723A2025640073
:104D2000436F756C64206E6F7420706172736520C0
:104D3000727372712C206572726F723A2025640052
:104D4000436F756C64206E6F7420706172736520A0
:104D50006D6561735F74696D652C206572726F7229
:104D60003A20256400436F756C64206E6F74207068
:104D7000617273652073657276696E672C20657247
:104D8000726F723A20256400436F756C64206E6FF9
:104D900074207061727365206E65696768626F72F6
:104DA0005F636F756E742C206572726F723A202586
:104DB000640043757474696E6720726573706F6EFA
:104DC00073652C2062656361757365207265636528
:104DD00069766564206E656967626F722063656CD1
:104DE0006C20636F756E74206973206269676765F4
:104DF00072207468616E20636F6E66696775726594
:104E000064206D61783A202564004661696C6564B0
:104E100020746F20616C6C6F63617465206D656DCB
:104E20006F727920666F7220746865206E63656C9E
:104E30006C732028636F6E74696E75652900436F0B
:104E4000756C64206E6F74207061727365206E5F84
:104E500065617266636E2C206572726F723A2025EE
:104E60006400436F756C64206E6F742070617273A0
:104E700065206E5F706879735F63656C6C5F6964F1
:104E80002C206572726F723A20256400436F756C36
:104E900064206E6F74207061727365206E5F727330
:104EA00072702C206572726F723A20256400436F15
:104EB000756C64206E6F74207061727365206E5F14
:104EC000727372712C206572726F723A20256400C1
:104ED000436F756C64206E6F74207061727365200F
:104EE00074696D655F646966662C206572726F72A5
:104EF0003A202564004275666665722069732074E5
:104F00006F6F20736D616C6C3B20726573756C7490
:104F10007320696E636F6D706C6574653A202564EB
:104F200000436F756C64206E6F74207061727365DE
:104F3000202525584D4F44454D534C454550207232
:104F40006573706F6E73652C206572726F723A2094
:104F5000256400436F756C64206E6F742067657400
:104F6000206D6F646520736C656570207479706561
:104F70002C206572726F723A20256400436F756C45
:104F800064206E6F74206765742074696D65207588
:104F90006E74696C206E657874206D6F64656D2029
:104FA000736C6565702C206572726F723A2025648F
:104FB00000254D444D45563A2000496E76616C6996
:104FC00064204D444D455620726573706F6E736555
:104FD00000534541524348205354415455532031C6
:104FE0000D0A0053454152434820535441545553F0
:104FF00020320D0A005245534554204C4F4F500D5E
:105000000A004D452042415454455259204C4F57B7
:105010000D0A004D45204F564552484541544544E0
:105020000D0A004E4F20494D45490D0A005052418E
:1050300043482043452D4C4556454C20300D0A0031
:1050400050524143482043452D4C4556454C203154
:105050000D0A0050524143482043452D4C455645CA
:105060004C20320D0A0050524143482043452D4CFC
:105070004556454C20330D0A00574553545F544F55
:10508000504449522F6E72662F6C69622F6C7465A2
:105090005F6C696E6B5F636F6E74726F6C2F6C7494
:1050A000655F6C635F6D6F64656D5F686F6F6B7379
:1050B0002E630065203C3D205F6C74655F6C635F10
:1050C0006366756E5F63625F6C6973745F656E645F
:1050D000003030313030303031003030303030302E
:1050E0003131004661696C656420746F20736574AA
:1050F0002050534D20706172616D732C2065727267
:10510000202564004661696C656420746F20636FBC
:105110006E6669677572652050534D2C20657272FA
:105120002025640041542525464541434F4E463DC8
:10513000302C332C2564004661696C656420746FE3
:1051400020636F6E66696775726520654452582CDE
:105150002065727220256400415425255241493D45
:105160002564004661696C656420746F20636F6E0E
:10517000666967757265205241492C2065727220FC
:105180002564004D6F64656D206C6962726172798F
:1051900020696E6974206572726F723A2025642CE2
:1051A000206C74655F6C63206E6F7420696E697427
:1051B00069616C697A6564004661696C6564207434
:1051C0006F207365742073797374656D206D6F64DF
:1051D0006520616E64206D6F646520707265666520
:1051E00072656E63652C20657272202564005468B8
:1051F000652070617373656420696E20706F696EDD
:105200007465722063616E6E6F74206265204E5506
:105210004C4C0056616C69642074696D65206E6F3A
:10522000742063757272656E746C79206176616941
:105230006C61626C6500646174655F74696D6500C2
:10524000636C6F636B5F67657474696D652066611D
:10525000696C65642C206572726E6F202564006431
:105260006174655F74696D655F776F726B5F710004
:10527000436F756C64206E6F74207365742073794E
:105280007374656D2074696D652C2025640046611A
:10529000696C65642067657474696E67204C544559
:1052A000206E6574776F726B2072656769737472B4
:1052B0006174696F6E207374617475732C206572EC
:1052C000726F723A20256400313233006765746171
:1052D000646472696E666F2C206572726F723A2018
:1052E000256400736E74705F696E69742C2065723A
:1052F000726F723A20256400736E74705F71756509
:1053000072792C206572726F723A202564004469AC
:1053100064206E6F74206765742074696D65206603
:10532000726F6D20616E79204E54502073657276D5
:105330006572006E74702E75696F2E6E6F007469E1
:105340006D652E676F6F676C652E636F6D004154DE
:1053500025255854494D453D31005375627363729C
:105360006962696E6720746F206D6F64656D20419E
:105370005425255854494D45206E6F7469666963FC
:105380006174696F6E73206661696C65642C206559
:1053900072723D25640025255854494D45206E6F95
:1053A00074696669636174696F6E20646F65736E9A
:1053B000277420636F6E7461696E20272C273A2052
:1053C00025730025255854494D45206E6F74696634
:1053D00069636174696F6E20746F6F2073686F7298
:1053E000743A2025730025255854494D45206E6F89
:1053F00074696669636174696F6E20646F65736E4A
:10540000277420636F6E7461696E202722272061E4
:105410006674657220272C273A20257300252558AD
:1054200054494D45206E6F74696669636174696F94
:105430006E206465636F64696E67206661696C6580
:105440006420287265743D2564293A202573002B59
:1054500043434C4B3A202225752F25752F25752C5B
:1054600025753A25753A257525640041542B43432B
:105470004C4B3F00446964206E6F74206765742054
:1054800074696D652066726F6D2063656C6C756CF8
:105490006172206E6574776F726B20286572726F0F
:1054A000723A202564292E2054686973206973207C
:1054B0006E6F726D616C20617320736F6D65206318
:1054C000656C6C756C6172206E6574776F726B734E
:1054D00020646F6E27742070726F7669646520692E
:1054E00074206F722074696D65206D6179206E6F14
:1054F0007420626520617661696C61626C652079F7
:1055000065742E0041542B43434C4B3D22253032D1
:10551000752F253032752F253032752C2530327598
:105520003A253032753A25303275252B30336422D6
:105530000053657474696E67206D6F64656D2074C7
:10554000696D65206661696C65642C2025640025A1
:105550005854494D45004D5154545F53544154459E
:105560005F554E4B4E4F574E004E6577207374611A
:10557000746520697320756E6B6E6F776E3A2025A7
:105580006400496E76616C6964207374617465208F
:105590007472616E736974696F6E2C202573202D8F
:1055A0002D3E20257300574553545F544F504449B6
:1055B000522F6E72662F7375627379732F6E6574D6
:1055C0002F6C69622F6D7174745F68656C706572A1
:1055D0002F6D7174745F68656C7065722E6300095D
:1055E000496C6C6567616C207374617465207472BA
:1055F000616E736974696F6E3A202564202D2D3EAB
:105600002025640A00706F6C6C28292072657475FF
:10561000726E656420616E206572726F722028253B
:1056200064292C206572726E6F3A20256400436CE9
:105630006F7564204D515454206B656570616C69C1
:1056400076652070696E67206661696C65643A20D2
:10565000256400436C6F7564204D51545420696E6D
:10566000707574206572726F723A20256400536FF2
:10567000636B6574206572726F723A20504F4C4CA8
:105680004E56414C0054686520736F636B657420FF
:1056900077617320756E65787065637465646C7985
:1056A00020636C6F73656400536F636B6574206572
:1056B00072726F723A20504F4C4C48555000436FF5
:1056C0006E6E656374696F6E2077617320756E65A9
:1056D000787065637465646C7920636C6F7365645E
:1056E00000536F636B6574206572726F723A20505D
:1056F0004F4C4C45525200496E636F6D696E672086
:105700004D515454206D65737361676520746F6FDC
:10571000206C6172676520666F72207061796C6FB2
:10572000616420627566666572007075626C69738B
:10573000685F6765745F7061796C6F61642C206568
:1057400072726F723A202564004661696C6564204C
:10575000746F2073656E64204D5154542041434B47
:105760002C206572726F723A202564006366672090
:10577000213D202828766F6964202A293029004C91
:1057800069627261727920697320696E207468653C
:105790002077726F6E67207374617465202825739B
:1057A000292C202573207265717569726564004D1E
:1057B0005154545F53544154455F554E494E4954DA
:1057C00000636F6E6E5F706172616D7320213D20AA
:1057D0002828766F6964202A293029004D515454B5
:1057E0005F53544154455F444953434F4E4E4543E4
:1057F0005445440067657461646472696E666F281D
:1058000029206661696C65642C206572726F722054
:105810002564006D7174745F636F6E6E6563742CC4
:10582000206572726F723A202564004661696C656A
:105830006420746F207365742074696D656F75746E
:105840002C206572726E6F3A202564004D515454BD
:105850005F53544154455F434F4E4E454354454476
:10586000004661696C656420746F2073656E642006
:10587000646973636F6E6E656374696F6E207265C1
:1058800071756573742C207472656174696E67201C
:10589000617320646973636F6E6E65637465640021
:1058A0004D5154545F53544154455F5452414E53EB
:1058B000504F52545F434F4E4E454354494E47005C
:1058C0004D5154545F53544154455F434F4E4E45E0
:1058D0004354494E47004D5154545F53544154452D
:1058E0005F5452414E53504F52545F434F4E4E45BA
:1058F00043544544004D5154545F53544154455F03
:10590000444953434F4E4E454354494E47006D71F1
:1059100074745F68656C7065725F746872656164E9
:10592000006D7174745F68656C7065720054462D0B
:105930004D206E6F6E2D7365637572652063616CAB
:105940006C6261636B20696E697469616C697A610C
:1059500074696F6E206661696C65642C2065727273
:105960006F723A202564002A2A2A2A2A20534543A6
:10597000555245204641554C54202A2A2A2A2A00AD
:105980002020416464726573733A20307825780072
:105990002020496E76616C696420656E747279208E
:1059A000706F696E74002020496E76616C696420A6
:1059B000696E74656772697479207369676E617462
:1059C000757265002020496E76616C696420657887
:1059D00063657074696F6E2072657475726E0020F5
:1059E000204174747269627574696F6E20756E6996
:1059F000742076696F6C6174696F6E002020496E47
:105A000076616C6964207472616E736974696F6E1B
:105A10000020204C617A7920737461746520707263
:105A200065736572766174696F6E0020204C617ACF
:105A300079207374617465206572726F72002A2A0E
:105A40002A2A2A2053505520494E54455252555027
:105A500054202A2A2A2A2A00202053656375726955
:105A600074792076696F6C6174696F6E20666F72ED
:105A70002074686520666C617368206D656D6F7257
:105A800079207370616365002020536563757269C6
:105A900074792076696F6C6174696F6E20666F72BD
:105AA000207468652052414D206D656D6F727920BC
:105AB0007370616365002020536563757269747942
:105AC0002076696F6C6174696F6E206F6E206F6EE7
:105AD00065206F72207365766572616C20706572E7
:105AE0006970686572616C732E00574553545F543A
:105AF0004F504449522F6E72662F6D6F64756C65FE
:105B0000732F747275737465642D6669726D776135
:105B100072652D6D2F6661756C742E6300675F630F
:105B20006F6E746578742E76616C696400094E6FCF
:105B30006E2D7365637572652063616C6C62616361
:105B40006B20776974686F75742076616C69642066
:105B5000636F6E746578740A007172737475006295
:105B60007365635F73656E736F725F636F6E74727C
:105B70006F6C206572723A20256400626D6536385C
:105B8000785F6765745F636F6E66206572723A2036
:105B9000256400626D653638785F7365745F636F86
:105BA0006E66206572723A20256400626D65363833
:105BB000785F7365745F6F705F6D6F646520657289
:105BC000723A20256400756E6B6E6F776E206F7071
:105BD000206D6F64653A20256400627365635F64BD
:105BE0006F5F7374657073206572723A202564006C
:105BF000756E6B6E6F776E2062736563206F757460
:105C00007075742069643A20256400574553545FC9
:105C1000544F504449522F6E72662F6472697665F4
:105C200072732F73656E736F722F626D653638787D
:105C30005F6961712F626D653638785F6961712EB9
:105C40006300726574203D3D20425345435F4F4BD6
:105C50000009627365635F6765745F73746174657F
:105C6000206661696C65642E0A00646174612D3E72
:105C700073746174655F6C656E203C3D2073697A56
:105C8000656F6628646174612D3E73746174655F2D
:105C900062756666657229000973746174652062B5
:105CA000756666657220746F6F2062696720746F15
:105CB00020736176652E0A00627365632F737461C9
:105CC0007465000973746F72696E67207374617410
:105CD0006520746F20666C617368206661696C650D
:105CE000642E0A0073657474696E67735F737562FE
:105CF0007379735F696E69742C206572726F723A82
:105D00002025640073657474696E67735F6C6F61DE
:105D1000645F737562747265652C206572726F7250
:105D20003A202564005350492064657669636520F4
:105D30006E6F74207265616479004661696C656498
:105D400020746F20696E697420626D653638783A08
:105D5000202564004661696C656420746F20696E5B
:105D6000697420425345433A202564004661696CBA
:105D7000656420746F20736574204253454320731B
:105D8000746174653A20256400556E737570706F88
:105D9000727465642073656E736F72206368616EE0
:105DA0006E656C004E6F2073657474696E67732046
:105DB00064617461207265616400426F736368207E
:105DC00053656E736F7274656320476D624800623D
:105DD0006D6536383000626D6536383040300062AF
:105DE000736563007525303478002222006E756C6F
:105DF0006C0025312E31356700256C670025312E6A
:105E00003137670066616C736500747275650057A1
:105E10004553545F544F504449522F6D6F64756C15
:105E200065732F68616C2F6E6F726469632F6E7279
:105E300066782F68616C2F6E72665F647070692E71
:105E400068006368616E6E656C203C206E72665FF0
:105E5000647070695F6368616E6E656C5F6E756DAE
:105E60006265725F67657428705F726567290057A5
:105E70004553545F544F504449522F6D6F64756CB5
:105E800065732F68616C2F6E6F726469632F6E7219
:105E900066782F68656C706572732F6E7266785FB6
:105EA000677070695F647070692E6300656570006B
:105EB00074657000574553545F544F504449522FF6
:105EC0006D6F64756C65732F68616C2F6E6F726493
:105ED00069632F6E7266782F647269766572732FAC
:105EE0007372632F6E7266785F636C6F636B2E6381
:105EF00000574553545F544F504449522F6D6F64BF
:105F0000756C65732F68616C2F6E6F726469632F97
:105F10006E7266782F68616C2F6E72665F636C6F4D
:105F2000636B2E68006D5F636C6F636B5F63622EE3
:105F30006D6F64756C655F696E697469616C697AAF
:105F4000656400574553545F544F504449522F6D78
:105F50006F64756C65732F68616C2F6E6F72646906
:105F6000632F6E7266782F68616C2F6E72665F6742
:105F700070696F74652E6800696E646578203C20D6
:105F80003800574553545F544F504449522F6D6F5A
:105F900064756C65732F68616C2F6E6F72646963D2
:105FA0002F6E7266782F647269766572732F7372C2
:105FB000632F6E7266785F6770696F74652E630019
:105FC0006E7266795F6770696F5F70696E5F70721D
:105FD0006573656E745F636865636B2870696E29AD
:105FE0000070696E5F69735F696E70757428705FA9
:105FF000696E7374616E63652C2070696E29007020
:10600000696E5F6861735F74726967676572287033
:106010005F696E7374616E63652C2070696E290010
:10602000705F6368616E6E656C00705F696E73743B
:10603000616E63652D3E705F726567203D3D20286F
:10604000284E52465F4750494F54455F547970651A
:106050002A292030783430303331303030554C29D3
:1060600000696E745F656E61626C650057455354DC
:106070005F544F504449522F6D6F64756C65732F98
:1060800068616C2F6E6F726469632F6E7266782F11
:10609000647269766572732F7372632F6E7266789D
:1060A0005F6970632E6300705F636F6E666967007F
:1060B0006D5F63622E7374617465203D3D204E52A6
:1060C00046585F4452565F53544154455F494E49C8
:1060D0005449414C495A454400574553545F544F25
:1060E000504449522F6D6F64756C65732F68616CF5
:1060F0002F6E6F726469632F6E7266782F68616CA1
:106100002F6E72665F6970632E6800574553545F47
:10611000544F504449522F6D6F64756C65732F68EE
:10612000616C2F6E6F726469632F6E7266782F6474
:106130007269766572732F7372632F6E7266785F01
:106140006E766D632E630062797465735F636F753D
:106150006E74203C3D202834202D20627974655FC8
:106160007368696674290069735F76616C69645F3E
:106170006164647265737328616464722C203029D1
:106180000069735F76616C69645F616464726573F2
:106190007328616464722C203129006E7266785F06
:1061A00069735F776F72645F616C69676E6564289D
:1061B00028766F696420636F6E7374202A29616486
:1061C00064722900574553545F544F504449522F2D
:1061D0006D6F64756C65732F68616C2F6E6F726480
:1061E00069632F6E7266782F647269766572732F99
:1061F0007372632F6E7266785F7370696D2E6300C1
:10620000705F63622D3E737461746520213D204E82
:106210005246585F4452565F53544154455F554E61
:10622000494E495449414C495A454400705F78668B
:1062300065725F646573632D3E705F74785F62752D
:106240006666657220213D202828766F6964202AC1
:10625000293029207C7C20705F786665725F6465D8
:1062600073632D3E74785F6C656E677468203D3D86
:10627000203000705F786665725F646573632D3EE1
:10628000705F72785F62756666657220213D2028B6
:1062900028766F6964202A293029207C7C20705F51
:1062A000786665725F646573632D3E72785F6C65B6
:1062B0006E677468203D3D2030002828705F786646
:1062C00065725F646573632D3E72785F6C656E679F
:1062D0007468203C202831554C203C3C20286561C6
:1062E0007379646D615F737570706F72745F6269EA
:1062F00074735B705F696E7374616E63652D3E6469
:1063000072765F696E73745F6964785D29292920EC
:1063100026262028705F786665725F646573632D3A
:106320003E74785F6C656E677468203C2028315538
:106330004C203C3C202865617379646D615F737506
:1063400070706F72745F626974735B705F696E7393
:1063500074616E63652D3E6472765F696E73745FFF
:106360006964785D29292929002128666C61677391
:106370002026202831554C203C3C20332929207CE4
:106380007C2028705F63622D3E73735F70696E209E
:106390003D3D2030784646464646464646290070F2
:1063A0005F63622D3E68616E646C65720057455391
:1063B000545F544F504449522F6D6F64756C657330
:1063C0002F68616C2F6E6F726469632F6E726678CE
:1063D0002F647269766572732F7372632F6E7266A3
:1063E000785F7477696D2E6300705F636F6E6669A6
:1063F000672D3E73636C5F70696E20213D20705F76
:10640000636F6E6669672D3E7364615F70696E00CD
:10641000705F63622D3E7374617465203D3D204E54
:106420005246585F4452565F53544154455F494E5B
:10643000495449414C495A4544002830207C7C202D
:1064400030207C7C20282828705F696E7374616E10
:1064500063652D3E6472765F696E73745F696478FC
:1064600029203D3D204E5246585F5457494D325FDA
:10647000494E53545F49445829202626202828286D
:10648000705F786665725F646573632D3E707269D4
:106490006D6172795F6C656E67746829203C202895
:1064A0003155203C3C20313329292026262028281C
:1064B000705F786665725F646573632D3E736563B4
:1064C0006F6E646172795F6C656E67746829203CD9
:1064D00020283155203C3C20313329292929207C92
:1064E0007C2030207C7C2030207C7C2030207C7CF8
:1064F0002030207C7C2030207C7C2030207C7C2044
:1065000030207C7C2030207C7C2030207C7C203023
:10651000207C7C2030207C7C2030207C7C20302023
:106520007C7C2030207C7C2030207C7C2030207CB7
:106530007C2030207C7C2030207C7C2030207C7CA7
:106540002030207C7C2030207C7C2030207C7C20F3
:1065500030207C7C2030207C7C2030207C7C2030D3
:10656000207C7C2030207C7C2030207C7C203020D3
:106570007C7C2030207C7C2030207C7C2030207C67
:106580007C2030207C7C2030207C7C2030207C7C57
:106590002030207C7C2030207C7C2030207C7C20A3
:1065A00030207C7C2030207C7C2030207C7C203083
:1065B000207C7C2030207C7C2030207C7C20302083
:1065C0007C7C2030207C7C2030207C7C2030207C17
:1065D0007C2030207C7C2030207C7C2030207C7C07
:1065E0002030207C7C2030207C7C2030207C7C2053
:1065F00030207C7C2030207C7C2030207C7C203033
:10660000207C7C2030207C7C2030207C7C20302032
:106610007C7C2030207C7C2030207C7C2030207CC6
:106620007C2030207C7C2030207C7C2030207C7CB6
:106630002030207C7C2030207C7C2030207C7C2002
:1066400030207C7C2030207C7C2030207C7C2030E2
:10665000207C7C2030207C7C2030207C7C203020E2
:106660007C7C2030207C7C2030207C7C2030207C76
:106670007C2030207C7C2030207C7C2030207C7C66
:106680002030207C7C2030207C7C2030207C7C20B2
:1066900030207C7C2030207C7C2030207C7C203092
:1066A000207C7C2030207C7C2030207C7C20302092
:1066B0007C7C2030207C7C2030207C7C2030207C26
:1066C0007C2030207C7C2030207C7C2030207C7C16
:1066D0002030207C7C2030207C7C2030207C7C2062
:1066E00030207C7C2030207C7C2030207C7C203042
:1066F000207C7C2030207C7C2030207C7C20302042
:106700007C7C2030207C7C2030207C7C2030207CD5
:106710007C2030207C7C2030207C7C2030207C7CC5
:106720002030207C7C2030207C7C2030207C7C2011
:1067300030207C7C2030207C7C2030207C7C2030F1
:10674000207C7C2030207C7C2030207C7C203020F1
:106750007C7C2030207C7C2030207C7C2030207C85
:106760007C2030207C7C2030207C7C2030207C7C75
:106770002030207C7C2030207C7C2030207C7C20C1
:1067800030207C7C2030207C7C2030207C7C2030A1
:10679000207C7C2030207C7C2030207C7C203020A1
:1067A0007C7C2030207C7C2030207C7C2030207C35
:1067B0007C2030207C7C2030207C7C2030207C7C25
:1067C0002030207C7C2030207C7C2030207C7C2071
:1067D00030207C7C2030207C7C2030207C7C203051
:1067E000207C7C2030207C7C2030207C7C20302051
:1067F0007C7C2030207C7C2030207C7C2030207CE5
:106800007C2030207C7C2030207C7C2030207C7CD4
:106810002030207C7C2030207C7C2030207C7C2020
:1068200030207C7C2030207C7C2030207C7C203000
:10683000207C7C2030207C7C2030207C7C20302000
:106840007C7C2030207C7C2030207C7C2030207C94
:106850007C2030207C7C2030207C7C2030207C7C84
:106860002030207C7C2030207C7C2030207C7C20D0
:1068700030207C7C2030207C7C2030207C7C2030B0
:10688000207C7C2030207C7C2030207C7C203020B0
:106890007C7C2030207C7C2030207C7C2030207C44
:1068A0007C2030207C7C2030207C7C2030207C7C34
:1068B0002030207C7C2030207C7C2030207C7C2080
:1068C00030207C7C2030207C7C2030207C7C203060
:1068D000207C7C2030207C7C2030207C7C20302060
:1068E0007C7C2030207C7C2030207C7C2030207CF4
:1068F0007C2030207C7C2030207C7C2030207C7CE4
:106900002030207C7C2030207C7C2030207C7C202F
:1069100030207C7C2030207C7C2030207C7C20300F
:10692000207C7C2030207C7C2030207C7C2030200F
:106930007C7C2030207C7C2030207C7C2030207CA3
:106940007C2030207C7C2030207C7C2030207C7C93
:106950002030207C7C2030207C7C2030207C7C20DF
:1069600030207C7C2030207C7C2030207C7C2030BF
:10697000207C7C2030207C7C2030207C7C203020BF
:106980007C7C2030207C7C2030207C7C2030207C53
:106990007C2030207C7C2030207C7C2030207C7C43
:1069A0002030207C7C2030207C7C2030207C7C208F
:1069B00030207C7C2030207C7C2030207C7C20306F
:1069C000207C7C2030207C7C2030207C7C2030206F
:1069D0007C7C2030207C7C2030207C7C2030207C03
:1069E0007C2030207C7C2030207C7C2030207C7CF3
:1069F0002030207C7C2030207C7C2030207C7C203F
:106A000030207C7C2030207C7C2030207C7C20301E
:106A1000207C7C2030207C7C2030207C7C2030201E
:106A20007C7C2030207C7C2030207C7C2030207CB2
:106A30007C2030207C7C2030207C7C2030207C7CA2
:106A40002030207C7C2030207C7C2030207C7C20EE
:106A500030207C7C2030207C7C2030207C7C2030CE
:106A6000207C7C2030207C7C2030207C7C203020CE
:106A70007C7C2030207C7C2030207C7C2030207C62
:106A80007C2030207C7C2030207C7C2030207C7C52
:106A90002030207C7C2030207C7C2030207C7C209E
:106AA00030207C7C2030207C7C2030207C7C20307E
:106AB000207C7C2030207C7C2030207C7C2030207E
:106AC0007C7C2030207C7C2030207C7C2030207C12
:106AD0007C2030207C7C2030207C7C2030207C7C02
:106AE0002030207C7C2030207C7C2030207C7C204E
:106AF00030207C7C2030207C7C2030207C7C20302E
:106B0000207C7C2030207C7C2030207C7C2030202D
:106B10007C7C2030207C7C2030207C7C2030207CC1
:106B20007C2030207C7C2030207C7C2030207C7CB1
:106B30002030207C7C2030207C7C2030207C7C20FD
:106B400030207C7C2030207C7C2030207C7C2030DD
:106B5000207C7C2030207C7C2030207C7C203020DD
:106B60007C7C2030207C7C2030207C7C2030207C71
:106B70007C2030207C7C2030207C7C2030207C7C61
:106B80002030207C7C2030207C7C2030207C7C20AD
:106B900030207C7C2030207C7C2030207C7C20308D
:106BA000207C7C2030207C7C2030207C7C2030208D
:106BB0007C7C2030207C7C2030207C7C2030207C21
:106BC0007C2030207C7C2030207C7C2030207C7C11
:106BD0002030207C7C2030207C7C2030207C7C205D
:106BE00030207C7C2030207C7C2030207C7C20303D
:106BF000207C7C20302900705F63622D3E737461BD
:106C00007465203D3D204E5246585F4452565F53B6
:106C1000544154455F504F57455245445F4F4E00D5
:106C2000212828705F63622D3E68616E646C657216
:106C3000203D3D202828766F6964202A29302929A3
:106C40002026262028705F786665725F646573630E
:106C50002D3E74797065203D3D204E5246585F545C
:106C600057494D5F584645525F545852582929009C
:106C7000212828705F63622D3E68616E646C6572C6
:106C8000203D3D202828766F6964202A2930292953
:106C90002026262028705F786665725F64657363BE
:106CA0002D3E74797065203D3D204E5246585F540C
:106CB00057494D5F584645525F545854582929004A
:106CC0002128666C6167732026202831554C203CB2
:106CD0003C20342929002128666C61677320262016
:106CE0002831554C203C3C20332929002128666C52
:106CF0006167732026202831554C203C3C203229E6
:106D0000290041542B4346554E3D002B434D452011
:106D10004552524F523A002B434D53204552524F49
:106D2000523A0070646E0000010205574553545FEB
:106D3000544F504449522F7A65706879722F6B65B1
:106D4000726E656C2F6465766963652E6300646599
:106D500076203C3D205F6465766963655F6C69738E
:106D6000745F656E640048616C74696E6720737946
:106D70007374656D00556E6B6E6F776E2065727201
:106D80006F7200756E6B6E6F776E003E3E3E205ADE
:106D9000455048595220464154414C204552524F8B
:106DA000522025643A202573206F6E2043505520D1
:106DB0002564004661756C7420647572696E672085
:106DC000696E746572727570742068616E646C6946
:106DD0006E670A0043757272656E7420746872651E
:106DE00061643A20257020282573290057455354A3
:106DF0005F544F504449522F7A65706879722F6BF7
:106E000065726E656C2F666174616C2E63007265CD
:106E100061736F6E20213D204B5F4552525F4B45A1
:106E2000524E454C5F50414E4943000941747465D0
:106E30006D7074656420746F207265636F7665721F
:106E40002066726F6D2061206B65726E656C2070BC
:106E5000616E696320636F6E646974696F6E0A00A6
:106E600043505520657863657074696F6E00556E88
:106E700068616E646C656420696E746572727570A9
:106E80007400537461636B206F766572666C6F7704
:106E9000004B65726E656C206F6F7073004B65728E
:106EA0006E656C2070616E696300574553545F5482
:106EB0004F504449522F7A65706879722F6B657212
:106EC0006E656C2F696E69742E63007468726561FB
:106ED000645F64617461203C3D205F5F7374617422
:106EE00069635F7468726561645F646174615F6C3B
:106EF0006973745F656E64006D61696E006F730025
:106F0000574553545F544F504449522F7A65706827
:106F100079722F6B65726E656C2F6B686561702E70
:106F2000630068656170203C3D205F6B5F68656150
:106F3000705F6C6973745F656E6400216172636871
:106F40005F69735F696E5F6973722829207C7C209A
:106F5000282874696D656F7574292E7469636B7365
:106F6000203D3D202828286B5F74696D656F75741E
:106F70005F7429207B307D29292E7469636B732906
:106F800000574553545F544F504449522F7A65700F
:106F90006879722F6B65726E656C2F6D656D5F73AE
:106FA0006C61622E6300736C6162203C3D205F6BFC
:106FB0005F6D656D5F736C61625F6C6973745F6553
:106FC0006E6400574553545F544F504449522F7AD2
:106FD00065706879722F6B65726E656C2F69646C71
:106FE000652E63005F6B65726E656C2E63707573E2
:106FF0005B305D2E63757272656E742D3E626173D7
:10700000652E7072696F203E3D2030005745535405
:107010005F544F504449522F7A65706879722F6BD4
:1070200065726E656C2F6D757465782E63002161D5
:107030007263685F69735F696E5F697372282900A4
:10704000096D7574657865732063616E6E6F742069
:107050006265207573656420696E73696465204993
:107060005352730A006D757465782D3E6C6F636BB7
:107070005F636F756E74203E203055005745535442
:107080005F544F504449522F7A65706879722F6B64
:1070900065726E656C2F73656D2E630028286172B2
:1070A00063685F69735F696E5F6973722829203D49
:1070B0003D203029207C7C20282874696D656F75FF
:1070C00074292E7469636B73203D3D202828286B3A
:1070D0005F74696D656F75745F7429207B307D29DD
:1070E000292E7469636B73292900737973776F7222
:1070F0006B7100574553545F544F504449522F7A97
:1071000065706879722F6B65726E656C2F776F7220
:107110006B2E6300776F726B2D3E71756575652000
:10712000213D202828766F6964202A29302900779C
:107130006F726B2D3E68616E646C657220213D201C
:107140002828766F6964202A2930290071756575B1
:107150006500737461636B0021666C61675F7465C1
:107160007374282671756575652D3E666C6167734D
:107170002C204B5F574F524B5F51554555455F5340
:107180005441525445445F424954290064776F7218
:107190006B20213D202828766F6964202A29302918
:1071A00000574553545F544F504449522F7A6570ED
:1071B0006879722F6B65726E656C2F746872656189
:1071C000642E6300282828287072696F2929203DC1
:1071D0003D203135202626207A5F69735F69646C13
:1071E000655F7468726561645F656E747279282882
:1071F000656E747279292929207C7C202828283101
:1072000035202D203129203E3D2028282D313629BA
:1072100029292026262028287072696F2929203ED6
:107220003D2028282D31362929202626202828707F
:1072300072696F2929203C3D20283135202D2031CD
:107240002929290009696E76616C69642070726968
:107250006F7269747920282564293B20616C6C6FFA
:107260007765642072616E67653A20256420746FCB
:107270002025640A000954687265616473206D6199
:1072800079206E6F74206265206372656174656435
:1072900020696E20495352730A00574553545F5476
:1072A0004F504449522F7A65706879722F6B65721E
:1072B0006E656C2F696E636C7564652F6B74687294
:1072C0006561642E68005F6B65726E656C2E63701D
:1072D00075735B305D2E63757272656E7420213D2F
:1072E000202828766F6964202A29302900574553C1
:1072F000545F544F504449522F7A65706879722F09
:107300006B65726E656C2F73636865642E63002114
:107310007A5F69735F69646C655F746872656164E4
:107320005F6F626A656374287468726561642900BE
:107330007468726561642D3E626173652E70656E5E
:107340006465645F6F6E00217465726D696E61744F
:1073500065000961626F72746564205F63757272A3
:10736000656E74206261636B2066726F6D20646568
:1073700061640A0073697A656F66285F7363686584
:10738000645F7370696E6C6F636B29203D3D2030C4
:10739000207C7C206C6F636B20213D20265F736313
:1073A0006865645F7370696E6C6F636B00574553FB
:1073B000545F544F504449522F7A65706879722F48
:1073C0006B65726E656C2F696E636C7564652F6B8F
:1073D00073636865642E68005F6B65726E656C2E02
:1073E000637075735B305D2E63757272656E742D9C
:1073F0003E626173652E73636865645F6C6F636B77
:10740000656420213D203155005F6B65726E656CAF
:107410002E637075735B305D2E63757272656E746A
:107420002D3E626173652E73636865645F6C6F6384
:107430006B656420213D20305500217A5F69735FC0
:107440007468726561645F73746174655F73657499
:10745000285F6B65726E656C2E637075735B305D53
:107460002E63757272656E742C20282831554C205D
:107470003C3C20283429292929000961626F727453
:10748000696E6720657373656E7469616C207468DA
:10749000726561642025700A00574553545F544F4C
:1074A000504449522F7A65706879722F6B65726EFD
:1074B000656C2F74696D65736C6963696E672E63A3
:1074C00000282874696D656F757429202626202888
:1074D0002875696E747074725F74292028736C69E2
:1074E00063655F74696D656F7574732929203C3D10
:1074F00020282875696E747074725F74292028744E
:10750000696D656F757429292026262028287569DC
:107510006E747074725F7429202874696D656F755C
:10752000742929203C20282875696E747074725F54
:10753000742920282628736C6963655F74696D65FA
:107540006F757473295B282873697A655F742920C5
:10755000282828696E74292073697A656F66286304
:107560006861725B31202D2032202A202128215F82
:107570005F6275696C74696E5F74797065735F635F
:107580006F6D70617469626C655F70285F5F74799C
:1075900070656F665F5F28736C6963655F74696DA2
:1075A000656F757473292C205F5F747970656F66E1
:1075B0005F5F282628736C6963655F74696D656F0A
:1075C000757473295B305D2929295D29202D2031AF
:1075D00029202B202873697A656F6628736C69638C
:1075E000655F74696D656F75747329202F207369E9
:1075F0007A656F662828736C6963655F74696D6569
:107600006F757473295B305D292929295D2929202B
:1076100026262028282875696E747074725F742974
:10762000202874696D656F75742929202D202828FC
:1076300075696E747074725F74292028736C696345
:10764000655F74696D656F7574732929292025201C
:1076500073697A656F662828736C6963655F7469FE
:107660006D656F757473295B305D29203D3D203059
:107670002900574553545F544F504449522F7A655F
:10768000706879722F6B65726E656C2F74696D65A9
:107690006F75742E6300217379735F646E6F646518
:1076A0005F69735F6C696E6B65642826746F2D3E2D
:1076B0006E6F64652900574553545F544F504449D9
:1076C000522F7A65706879722F6B65726E656C2FB8
:1076D000706F6C6C2E63006576656E742D3E7365FD
:1076E0006D20213D202828766F6964202A293029C1
:1076F0000009696E76616C69642073656D617068FC
:107700006F72650A0A006576656E742D3E71756547
:10771000756520213D202828766F6964202A29304C
:10772000290009696E76616C6964207175657565FB
:107730000A0A006576656E742D3E7369676E616C2A
:1077400020213D202828766F6964202A29302900CD
:1077500009696E76616C696420706F6C6C20736966
:10776000676E616C0A0A006576656E742D3E6D73F6
:10777000677120213D202828766F6964202A2930EE
:10778000290009696E76616C6964206D65737361A7
:1077900067652071756575650A0A0009696E76610D
:1077A0006C6964206576656E7420747970650A0A68
:1077B0000009696E76616C6964206576656E742077
:1077C00074797065202830782578290A0A006D6F51
:1077D0006465203D3D204B5F504F4C4C5F4D4F4406
:1077E000455F4E4F544946595F4F4E4C5900096F03
:1077F0006E6C79204E4F544946595F4F4E4C59207C
:107800006D6F646520697320737570706F72746535
:10781000640A0A0074797065203C20282831554C90
:10782000203C3C20285F504F4C4C5F4E554D5F54E0
:10783000595045532929290009696E76616C69649C
:1078400020747970650A0A006F626A20213D202841
:1078500028766F6964202A29302900096D757374B0
:107860002070726F7669646520616E206F626A6550
:1078700063740A0A006576656E747320213D2028C2
:1078800028766F6964202A29302900094E554C4C0E
:10789000206576656E74730A0A006E756D5F657695
:1078A000656E7473203E3D203000093C30206576C3
:1078B000656E74730A0A00574553545F544F504421
:1078C00049522F7A65706879722F6B65726E656C9C
:1078D0002F6D656D706F6F6C2E6300616C69676EE4
:1078E000203D3D2030207C7C20282875696E7470F6
:1078F00074725F74296D656D20262028616C69673C
:107900006E202D20312929203D3D203000096D6950
:1079100073616C69676E6564206D656D6F72792047
:1079200061742025702028616C69676E203D2025D8
:107930007A75290A00616C69676E202F2073697A55
:10794000656F6628766F6964202A29203E3D2031C4
:107950002026262028616C69676E20252073697AAD
:10796000656F6628766F6964202A2929203D3D20AD
:10797000300009616C69676E206D757374206265F3
:107980002061206D756C7469706C65206F66207362
:10799000697A656F6628766F6964202A290A006E05
:1079A000616E00286E756C6C29006364696E6F707F
:1079B000737578585B65666745464700616E006E73
:1079C00066696E697479000041D201000000000010
:1079D0006DCD01000000000079B50100000000003D
:1079E000299F01000000000039CE010000000000C6
:1079F00027CC020000000000FFFFFFFFFFFFFFFF9A
:107A0000FFFFFFFFFFFFFFFFFFFFFFFFFFFFFFFF86
:107A100007CACA7BFD2422400000000000005E402F
:107A2000CA26CF6E99C24640000000000000000048
:107A30000000000000000000A5640200000000003B
:107A40000000000000000000B8C50020B8C50020FC
:107A5000CBBE02000000000000000000000000009B
:107A60000000000000000000D8C50020D8C500209C
:107A70000000000001000000E8C50020E8C500206B
:107A8000F0C50020F0C5002000000000010000004B
:107A900000C6002000C6002000000000000000001A
:107AA00000000000000000000000000000000000D6
:107AB00000000000000000000000000000000000C6
:107AC00000000000000000000000000000000000B6
:107AD000000000004FCC0200000000000001000088
:107AE0000000000000000000000000000000000096
:107AF0000000000000000000000000000000000086
:107B0000512A030000000000512A03000000000079
:107B1000CC04012068F602000C00010068F60200A7
:107B20000B00010068F602000A000100F3A4020045
:107B30001BAF020034020300000000000000000040
:107B400000000000EEEEFFC0000000004CFB002033
:107B50000000000000000000000000000000000025
:107B60000000000000000000000000000000000015
:107B70000000000000000000000000000000000005
:107B8000000000008002030000000000A3B4020017
:107B9000000000000000000008C7002008C7002007
:107BA00000000000000000000E0000001CC70020C4
:107BB0001CC7002001000000010000002CC70020AD
:107BC0002CC7002034C7002034C70020000000006C
:107BD0000100000044C7002044C70020000000004E
:107BE0009905012068250000D14A0000A3950000F6
:107BF000E9C001000000000000C201000001030014
:107C000000000000AA050120A905012000000000D5
:107C10000000000000C2010000010300000000009D
:107C2000AC050120AB0501200000000000000000B1
:107C300000000000E805030001000000ACC70020C0
:107C4000ACC700200000000001000000BCC70020FD
:107C5000BCC70020C4C70020C4C70020000000002B
:107C600001000000D4C70020D4C70020000000009D
:107C70000000000000000000000000000000000004
:107C800000000000000000000000000000000000F4
:107C9000F4F602000000000000000000B50501201D
:107CA000AD050120BDA4010015C7020000000000C1
:107CB00000000000D5AA0100000000000000000044
:107CC0000000000015BC01000000000000000000E2
:107CD0000000000009B201000000000000000000E8
:107CE00000000000F9BA01000000000000000000E0
:107CF000630000000000000019D201000000000035
:107D000000000000F4F6020000127A0006010000F4
:107D100068F602001900010000000000C5580100CB
:107D200031590100F9580100FFFF00000000000078
:107D30000000000000000000000000000000000043
:107D40000000000000000000000000000000000033
:107D50000000000000000000000000000000000023
:107D60000000000000000000000000000000000013
:107D700000000000000000000000000008000000FB
:107D8000FF000000000000000100000000000000F3
:107D900000000000000000000000000000000000E3
:107DA00000000000000000000000000000000000D3
:107DB00000000000000000000000000000000000C3
:107DC00000000000000000000000000000000000B3
:107DD00000000000000000000000000000000000A3
:107DE00008000000FF00000000000000010000008B
:107DF000000000000119020001170200251902000D
:107E00000D170200091C020091190200D11B02008B
:107E100097D6020091D602008BD602008CC90020B2
:107E20008CC9002094C9002094C900200307303079
:107E3000303030303131003030313030303031009E
:107E40003130303100313030310000004A4603001B
:107E5000DDB40100000000005946030025B6010012
:107E6000000000005246030031B401000000000091
:107E700023460300A1B501000000000037460300BF
:107E8000B5B70100000000002A46030071B30100ED
:107E90000000000042460300FDB2010000000000A7
:107EA0004F5503005DD201000000000000000000FB
:107EB00000000000000000000000000000000000C2
:107EC00000000000000000000000000000000000B2
:107ED00000000000000000000000000000000000A2
:107EE0000000000000000000000000000000000092
:107EF0000000000000000000000000000000000082
:107F00000000000000000000000000000000000071
:107F10000000000000000000A56402000000000056
:107F2000000000000000000098CA002098CA00204D
:107F30000000000000000000000000000000000041
:107F40000000000000000000000000005872012046
:107F50000008000000000000000000000000000019
:107F600000000000182D01200001000000000000AA
:107F70000000000000000000E8CA0020E8CA00205D
:107F800000000000000000000E000000FCCA0020FD
:107F9000FCCA002000000000000000000E000000ED
:107FA00010CB002010CB00200000000000000000DB
:107FB0000E00000024CB002024CB00200000000095
:107FC000000000000E00000038CB002038CB00205D
:107FD00000000000000000000E0000004CCB00205C
:107FE0004CCB002000000000000000000E0000004C
:107FF00060CB002060CB00200000000000000000EB
:108000000E00000074CB002074CB002000000000A4
:10801000000000000E00000088CB002088CB00206C
:10802000000000000100000098CB002098CB002049
:10803000A0CB0020A0CB0020000000000100000029
:10804000B0CB0020B0CB0020B8CB0020B8CB0020B4
:108050000000000001000000C8CB0020C8CB0020B9
:10806000D0CB0020D0CB0020000000000100000099
:10807000E0CB0020E0CB0020E8CB0020E8CB0020C4
:108080000100000001000000F8CB0020F8CB002028
:1080900000CC002000CC0020010000000100000006
:1080A00010CC002010CC002018CC002018CC0020D0
:1080B000000000000100000028CC002028CC002097
:1080C0000000000000000000000000003CCC002088
:1080D0003CCC002044CC002044CC002088CC0020A4
:1080E0000000000000000000000000000000000090
:1080F0000000000000000000000000000000000080
:10810000000000000000000000000000000000006F
:10811000000000000000000040F60200ACCC00208F
:10812000000000000002000000000000000000004D
:10813000000500000000000000000000000000003A
:10814000000000007D6201000000000015E015E065
:00000001FF
