:10800000107B0120355101003FB70200CD50010027
:10801000CD500100CD500100CD500100CD500100E8
:108020000000000000000000000000002D530100CF
:10803000CD50010000000000B1520100CD50010000
:1080400079550100795501007955010079550100F4
:1080500079550100795501007955010079550100E4
:1080600079550100795501007955010079550100D4
:1080700079550100795501007955010079550100C4
:1080800079550100795501007955010079550100B4
:1080900079550100795501007955010079550100A4
:1080A0007955010079550100795501007955010094
:1080B0007955010079550100795501007955010084
:1080C0007955010079550100795501007955010074
:1080D0007955010079550100795501007955010064
:1080E0007955010079550100795501007955010054
:1080F0007955010079550100795501007955010044
:108100007955010079550100795501007955010033
:108110007955010079550100795501007955010023
:108120007955010079550100795501007955010013
:108130007955010079550100795501007955010003
:04814000795501006C
:04814400FFFFFFFF3B
:108148002DE9F04F00224FF0090BDFED205A9FED8B
:10815800206ADFED206AB1EE047ADFED1F7A4FF076
:10816800FF346FF00045DFF880A0DFF88090DFF87B
:108178008080DFF880E0DFF880C0184F184E19497A
:10818800C0ED015A80ED046AC0ED056A80ED067AFB
:10819800C0ED097AC0E9164580F800B0C0F828A0FB
:1081A800C0F82C90C0F83880C0F83CE0C0F840C057
:1081B800C764066501668260C260C26102620263CA
:1081C800426342648264BDE8F08F00BF07F0963DC9
:1081D8001C7CE13D3480D73FCDCC0C3E5DFEE33EB8
:1081E800363C85BF0000404067D5273EE63F4CC07F
:1081F80091ED3CBFFB3A403FB15083402DE9F04739
:1082080086B004AB05AE04460078CDE900360DF122
:108218000F030D4605F096FE9DF90F00E0B94FF0EB
:10822800010A04F1400904F12C0804F118075FFA67
:108238008AF3013B032B24D8DFE803F01D17110252
:108248004A463146284602F0ADFF0AF1010ABAF162
:10825800060FECD19DF90F0006B0BDE8F087424645
:108268003146284602F09EFFEFE73A463146284657
:1082780002F098FFE9E731462846221D02F092FFF6
:10828800E3E73146284602F019FD84ED180ADCE7D9
:108298002DE9F0432DED048B83B0BDF84040054631
:1082A800DDE90E89B4F5E16F17461E46B0EE408A47
:1082B800F0EE608A6BD028D941F270739C422ED0C0
:1082C80047F230539C4208BF012408D1D5E9160172
:1082D8004FF0FF326FF0004306F0D8FA08B39FED75
:1082E800309A4FF0FF326FF000433846314606F0BF
:1082F800CDFA08B9C5E9167638EE490A30EE680AAB
:1083080003B0BDEC048BBDE8F083642C05D0B4F554
:10831800967F08BF0424D9D0E1E70524D6E70224D4
:10832800D4E7D5E91601B8EB000069EB010106F0C6
:1083380041FC19A3D3E9002306F094FD0B4602463D
:10834800CDE9002306F05CFFDDE9002305EB84049A
:1083580007EE900AD4ED009A94ED057A67EEA99A93
:1083680094ED0A9A1046194627EE899A79EE879A6B
:1083780006F04EFC06F044FF07EE900A94ED0F7AE3
:1083880079EE277A77EE877A89EEA79AA9E790EDB2
:10839800189AA6E7AFF300800000000065CDCD4134
:1083A800000000002DE9F047052482B007469046FA
:1083B80000780DF103020D468DF8034005F0E4FD49
:1083C8009DF80360019036B3012407F1400A07F1D4
:1083D8002C09E3B2013B042B0BD8DFE803F0311082
:1083E8002A2303004146284697ED180A01AA02F0FD
:1083F8007DFCA64204F101030CD01C46E9E701AB61
:108408004246294607F1180002F02EFEA64204F162
:108418000103F2D10198C0F3072328706B7002B0F2
:10842800BDE8F08742462946504601AB02F01CFEE3
:10843800DFE742462946484601AB02F015FED8E779
:108448004246294601AB381D02F00EFED1E700BFB7
:108458002DE9F043012485B08046914600780DF15E
:108468000B020E468DF80B4005F08EFD9DF80B5063
:10847800039035B1002403AF54B10134A542FBD1B8
:108488000398C0F307233070737005B0BDE8F0831C
:10849800D8E916014B463246009702F075FCECE726
:1084A80070B586B004AB05AE04460078CDE9003659
:1084B8000DF10F030D4605F045FD9DF90F0008B1BC
:1084C80006B070BD3146284602F042FCC4E91601E8
:1084D8009DF90F0006B070BD2DE9F04F2DED028B10
:1084E8004FF0000B99B0259D9146C5E900BBC5E941
:1084F80002BB85F839B0A5F83AB0A5F83CB085F8C4
:108508003EB0D0F8D62AD0F8DACAD0F8DE7AD0F859
:10851800E26A2A61EE61C5F814C0AF61D0F8E62AB4
:108528001E462A62D0F8C23AD0F8CA7AD0F8CE2AC3
:10853800D0F8C6CA2A63C5F828C0EF626B62D0F8C3
:10854800D23A00F6F80A6B6390F8EA3A044685F8DE
:108558003830249B00F6C22783F800B0B0F85C3AA4
:10856800059300F0E1FDDAE9002352EA030104D0A3
:1085780094F8BD1A002900F0FE8094F8EB3A93B302
:1085880094F8EA3A94F8ED2A013BDBB29A4204D116
:1085980094F8BD3A022B00F059810022012194F889
:1085A800B83A85F83A3094F8B60AA34B85F83B00F8
:1085B80094F8B70A19EB030346EB0202C5E9003247
:1085C80085F83C0085F8391002222946204601F03A
:1085D80077F90423A4F85A3ACAE9009619B0BDEC11
:1085E800028BBDE8F08F0DF13E070DF13D032A46E1
:1085F80001212046009700F09DFD9DF83D30BDF813
:108608003E803BB194F8B83A85F83A3094F8B63AD7
:1086180085F83B302A460DF13D030221204600979C
:1086280000F088FDBDF83E309DF83D20984528BFF4
:1086380098463AB194F8B73A85F83C3094F8B63A87
:1086480085F83B302A460DF13D030321204600976B
:1086580000F070FDBDF83E309DF83D20984528BFDC
:108668009846002A40F0CE802A4604210DF13D03A9
:108678002046009700F05EFDBDF83E300599434561
:1086880028BF4346994228BF19469DF83D208B468E
:10869800002A40F0718104F51067B4F8B23AB4F8D2
:1086A8005E2AB3FBFBF10BFB1131ABEB010B1FFA9D
:1086B8008BFB5B449BB2B3FBF2F102FB1133CAE9BB
:1086C80000969FED5B0BA4F8B23AA4F85ABAADF83D
:1086D8003E2005F0E1FE51EC100B06F077FF0B464B
:1086E8004FF00008A0FB0B0103FB0B113B687A68F5
:1086F80010EB090941EB0606B9EB0300C5E9009642
:1087080066EB020184F8BA8A06F09AFEDFED4B8A1E
:1087180007EE900A9FED4A8AC7EEA87AF4EEC87A67
:10872800F1EE10FA1FD49FED477AF4EEC77AF1EE16
:1087380010FA18DCD4F80809D4F80C19B9EB0000C1
:1087480066EB010106F07CFE07EE900AC7EEA87AF8
:10875800F4EEC87AF1EE10FA4ABF662384F8BB8AB1
:1087680084F8BB3A3AE7652384F8BB3A19B0BDEC04
:10877800028BBDE8F08FB9EB02010A914FF00001BE
:10878800B4F85A0A66EB03029FED290B0B92CDE968
:10879800060105F081FE51EC100B06F017FF8C4620
:1087A800069B0B9AA0FB03010CFB0311030943EA88
:1087B800017302930A9BCDE91001C31A08934FEA8B
:1087C8002113039361EB02030993DDE90823DDE933
:1087D80002BC93457CEB0303C0F265810A9B1B1A1C
:1087E8000C930B9B63EB01030D93DDE90C23DDE98F
:1087F8000201904271EB0303BFF6BFAE6423249AD3
:108808001370BAE64FF6FF720F4B94F8B61A5B7BFB
:1088180085F83B1004EB4303B3F8A0389342ADF856
:108828003E303FF421AFAB6843F40053AB601BE725
:1088380000000000D0126341C00E1602286B6E4E75
:1088480000007042000070432800030094F8EC3ADE
:10885800002B3FF4A2AE94F8BF3A94F8BE0A18442D
:1088680006F06CF941EC100B94F8C00A00F044FBD8
:1088780094F8BE2A0130C3B29A4284F8C03ABFF4D1
:108888008CAE38687968BA68FB680DF14C0CE04624
:10889800ACE80F0038692F46CCF80000BDF84C0052
:1088A80006F03CF902940D4604460DF15E0B38F8CB
:1088B800020F06F033F902460B462046294605F01A
:1088C800F1FFC34504460D46F1D106F07FFE029C38
:1088D8003D4694F8BF7AA7FB002301FB07334FEA14
:1088E800C20CDF001CEB020C47EA527743EB070788
:1088F8004FEA8C01BF0047EA9C77B1EB020C67EBAB
:10890800030E4FEA8E0747EA9C77BE4690484FEA27
:108918008C0CA2FB007800FB038817EB090348EBDB
:108928000602C5E90032294600222046CDE910CECC
:1089380000F0C6FFDDE910780123002F84F8C03A63
:1089480078F10003C0F2D7800A2200233846414656
:1089580006F004FE0A22054600233846414606F082
:10896800FDFD002B08BF052A80F0E580A8B2A4F819
:108978005A0ACAE9009631E6012385F8393094F895
:10898800B52A0DF13D0302F2375234F8121010AA3D
:10899800A98194F8B70A13A985F83C0094F8B67A27
:1089A800204685F83B7002F097F8DDED137AF5EE76
:1089B800407AF1EE10FA0ED194F8BA3A5BB994F80D
:1089C800B53A04F5106703F2335334F81330EB81EA
:1089D800C7E9009661E604F5106704F60818D7E9B8
:1089E8000023D8E90001824273EB010CCDE9102382
:1089F80003DA02460B46CDE91001B9EB020066EB3B
:108A0800030106F01DFDDFED537A07EE100A87EE2D
:108A1800270AF1EE000A8DED130A07F00DFEF0EEBD
:108A2800080AB0EE408A9DED130A07F005FEDFED57
:108A38004A6ADFED4A7A9DED137A28EE268A20EEFF
:108A4800270ADFED476A67EE077A38EE008A67EE95
:108A5800A67ADFED446A78EE277A27EE267ADFEDEC
:108A6800426A77EE877A9FED417A77EEA67A67EECB
:108A7800877AF8FE677AFCEEE77A17EE902A94F880
:108A8800BA3AEA8143BB00939FED390A4A46334616
:108A98001621204601F02EFF94F8BA3A002B97D001
:108AA800C8E90096F9E59FED280BDAE90067B4F804
:108AB8005A8A05F0F1FC51EC100B06F087FD64248E
:108AC800A0FB082301FB0833961947EB0303C5E90C
:108AD8000063249B1C7081E50023B7EE000A009315
:108AE8004A4633461621204601F004FFAB6843F49A
:108AF8000013AB60D0E7B8F1004F08BF002F1DD0BE
:108B08007F4268EB48080A2200233846414606F0AF
:108B180025FD0D460290414638460A22002303955A
:108B280006F01CFDDDE90201002B08BF052A08D26A
:108B3800404280B21BE7681C80B218E743F233302A
:108B480015E7C04380B212E700000000D01263416D
:108B5800003B5808286B6E4E598207B0DFE0C234DC
:108B68003767D9B85A8E863C6A92E43E00007A4448
:108B780000000000000000002DE9F04F2DED048BEF
:108B8800044600200D46164698468DB01A9F0DF1F2
:108B9800080904F6782C04F6982A3870CE46DCF8D2
:108BA8000000DCF80410DCF80820DCF80C300CF1CC
:108BB800100CD445AEE80F0009F11009EED1DCF82D
:108BC8000000BCF80430C9F80000A9F8043076BBEE
:108BD8000C2384F8EB6A3B70204602A900F0D8FA0F
:108BE800002840F0248197F90000002856DB002374
:108BF800B94EDFF8F89203E05D1C1A2D2B464DD0D4
:108C080046FA03F2D507F7D513F809200CA901EBAA
:108C1800420002F23B5130F82A2C34F811005D1C56
:108C28009042E9B2E9D0204600F068FCE5E72B79EC
:108C3800013BDAB2012A40D900229FEDA88A9FEDB4
:108C4800A89ADFEDA88ADFF890B205EBC60684F88B
:108C5800EB2A0092CDF8048012E04BFA03F2D20717
:108C680011D5012202FA03F3009A13EA020A00F06E
:108C78009380F3233B700835B54209D02B79013B2B
:108C8800DBB2192BE9D90A230835B5423B70F5D177
:108C980097F90030DDF80480002B9DDA98F8003051
:108CA800072B22D8F1234FF0000E3B7088F800E024
:108CB8000DB0BDEC048BBDE8F08FD5ED007AF5EE74
:108CC800407AF1EE10FAB7D147F23053BDF80820D8
:108CD8009A4200F0ED80BDF80A209A4200F0E88040
:108CE8000B234FF0000E3B70E0E700259FED7B6AF9
:108CF800AE46DFED7B5ADFF8F8A177497A4FDFF807
:108D0800ECC1DDF86CB002E00135182DCED001229F
:108D1800AA4012EA0A0FF7D00EF1010E5FFA8EFE92
:108D28000EF1FF360BEBC606013586ED006A00230F
:108D38004FF6FF7935710CE0484507D007EE900AE9
:108D4800F8EEE77A85EEA77A86ED007A01331A2BDA
:108D5800DBD041FA03F0C007F8D557F823000242E8
:108D6800F4D0D6ED007AF4EE467AF1EE10FA13F864
:108D78000C0000F23B5034F81000DDD007EE100A6A
:108D8800B8EEC77AC5EE876AF4EEE67AF1EE10FA25
:108D980048BFC6ED006AD9E7D5ED007AF5EE407A0E
:108DA800F1EE10FA009A42EA0302009229D1F62362
:108DB8003B70D5ED007AF5EE407AF1EE10FAB0EEA0
:108DC800677A1ED1B5EEC07AF1EE10FA31DCB5EE55
:108DD800407AF1EE10FA14BF4FF0FF3300231FFA68
:108DE80083F897F90030002B7FF445AF3F4A2B7981
:108DF800134413F8013C0CAA02EB430323F82A8C12
:108E080039E7F4EE487AF1EE10FA4ED0B2EE047A71
:108E1800F4EEC77AF1EE10FA04DCF4EEE87AF1EE3B
:108E280010FA4DD5F2233B7095ED007ACAE73870F9
:108E3800DBE6B4EEC87AF1EE10FAC8D5C9EE077AC7
:108E4800F8FE677AFCEEE77A17EE903A1FFA83F895
:108E5800264A2B79134413F8013C534403F2A743E1
:108E680034F813900AF1130A484605F057FE18A380
:108E7800D3E9002305F0CCFE41EC100B05F00CFB08
:108E880051EC100B06F09CF980B2A9EB00039BB2E1
:108E9800814443451FFA89F901D8C145A1D2BAF1E5
:108EA800720FD5D1F4233B70E5E6B0EE677A8EE712
:108EB80094F9BB3A3BB901229E4684F8BA2AF5E6F2
:108EC800B0EE677A7EE74FF0000E3B70EEE600BF2B
:108ED8007B14AE47E17A843FEF79F20300FF7F47C6
:108EE8000000C8420E74DA3A40000300DC000300B8
:108EF8000F20E000000000002DE9F84F2DED028B57
:108F080055EC104B074605F0C7FA51EC100B06F06C
:108F180057F9C6B2304605F011FE22462B4606F038
:108F2800DFF840B1BDEC028BB7FBF6F306FB13701C
:108F3800C0B2BDE8F88F384605F0F0FD002241ECDC
:108F4800180B00232046294606F0CAF8B0BB45ECAA
:108F5800104B20F065FA204653EC102B294606F0FA
:108F6800BFF858BB22462B4651EC180B05F07AFF88
:108F780021F0004700221E4B3946064605F092FCB8
:108F880041EC100B20F04CFA304653EC102B3946CC
:108F980005F086FC002280468946164B3046394645
:108FA80005F036FE29F0004B02460B46404659466E
:108FB80006F0AAF810B19FED0C0B07E0B0EE480AD6
:108FC800F0EE680A45EC114B20F05EFA05F064FA01
:108FD80051EC100B06F0F4F8BDEC028BC0B2BDE802
:108FE800F88F00BFAFF30080000000000000000011
:108FF8000000E03F0000B03C2DE9F0470646344D44
:1090080001F010FC334F002303E05C1C1A2C2346AC
:1090180010D045FA03F2D107F7D5DA5D5C1C02F2ED
:109028003B5336F813203046E1B201F0CBFC1A2C42
:109038002346EED1304601F079FB0025DFF8909009
:10904800244FDFF8988002E001351A2D1AD049FA2A
:1090580005F3DA07F8D5EB5D334493F89D3A002B16
:10906800F2D0002338F915A002E00B2C2346EBD0F0
:109078004AFA03F25C1CD307F7D53046E1B201F097
:1090880069FCF2E700231449C6F8AA3AC978C6F879
:109098009E3AC6F8A23AC6F8A63AC6F8AD3A86F895
:1090A800B53A06EB41011A46B1F8A00886F8B93A74
:1090B80006F5266333F8021B0132884203D0042ADE
:1090C800F8D1BDE8F08786F8B52ABDE8F08700BF7B
:1090D800EF79F203DC00030028000300A800030076
:1090E800F0B41468049F04EB030C8C4516D805995A
:1090F8008B4216D8002B0CDD791ECE18C7F101075C
:1091080000E014687B1811F8015F2344B142C5548C
:10911800F7D10020C2F800C0F0BC70476FF02800FB
:10912800FAE76FF02500F7E790F8B93A03B9704706
:1091380062E700BF70B400264FF6FF75134C013983
:10914800645C00EB4404B4F8A0481E70039EAC4273
:10915800348013D0B0F8B26AB6FBF4F504FB15649A
:10916800A4B26CB901209468C9B200FA01F1214394
:10917800187082F83D0082F83E00916070BC70471C
:1091880090F8BA0A0028F9D0ECE700BF28000300DD
:109198000023F0B56FF0004C1C464FF0010E4FF65F
:1091A800FF772C4D2C4E05E0BA4218BF012401333D
:1091B8001A2B0FD045FA03F2D207F8D59A5D62440C
:1091C80031F81220B2F5E16FEED101331A2B80F895
:1091D800EBEAEFD190F8EB3A8BBBB0F85C7A1D4C18
:1091E80038461D4D44FA03F2D60706D55A5D013AB2
:1091F80031F81220904228BF104601331A2BF1D1C2
:109208004FF6FF76B04223D0B7FBF0F300FB1373A1
:109218009BB28BB90F4D104F45FA03F2D20714D504
:10922800DA5D013A31F81240B4420ED0B4FBF0F2E4
:1092380000FB124292B242B16FF00F00F0BD002C59
:109248000CBF00206FF00F00F0BD01331A2BE3D1E3
:109258000020F0BDEF79F203DC0003002DE9F043B4
:1092680040F2BD184FF0000987B004AA0446002652
:109278004FF0040C022713460D46CDE90289DDE9BB
:10928800020182E8030084F802C003CBE77026706D
:109298006060A16066702B682046103B2373C3F39F
:1092A8000721C3F30742C3F30763A273E373617330
:1092B8000DEB0C02296805F0C9FA2B689DF804200B
:1092C80023441A712B689DF8052023445A712B6892
:1092D80023449E7128680444E6712B6808332B6088
:1092E80007B0BDE8F08300BF2DE9F0470D2482B038
:1092F80006461746FE200DF103020D468DF8034081
:1093080004F042FE9DF803800190B8F1000F2AD0C6
:10931800012406F6D62A06F6C229E3B2013B0C2B35
:109328000FD8DFE803F0655D756D554D453D352E69
:10933800271407003A46294696F8EE0A01AB01F0D1
:10934800FBFCA04504F101030CD01C46E5E701AB8A
:109358003A46294696F8EA0A01F0EEFCA04504F1DF
:109368000103F2D10198C0F3072328706B7002B093
:10937800BDE8F0873A462946504601AB02F0A6F907
:10938800DFE73A462946484601AB02F09FF9D8E79D
:109398003A46294601AB06F6BE2001F06FFCD0E73D
:1093A8003A46294696F8BC0A01AB01F0C5FCC8E765
:1093B8003A462946B6F85C0A01AB01F037FCC0E72B
:1093C8003A46294601AB06F6342002F03DF9B8E7E3
:1093D8003A46294601AB06F5156002F007F9B0E7F1
:1093E8003A46294696F8B70A01AB01F0A5FCA8E76A
:1093F8003A46294696F8B60A01AB01F09DFCA0E76B
:109408003A46294601AB06F5266002F0B3F898E71C
:109418003A46294696F8B80A01AB01F08DFC90E768
:10942800F0B400264FF6FF7400251660C3E9004526
:1094380069B100EB0114417B182905D1D0E9006717
:1094480081681160C3E900671030A042F3D1F0BC15
:10945800704700BF00B52DED028B85B00DF10303F9
:1094680002AA01A9B0EE408A01F02AF99DF803305A
:109478006BB1DDED017AF4EE487AF1EE10FA14BF23
:109488000120002005B0BDEC028B5DF804FB012033
:1094980005B0BDEC028B5DF804FB00BFF0B40024FE
:1094A80082B0DDE9066C34708CF800400D6847190D
:1094B8007F78455D8DF805708DF80450BDF804700F
:1094C800089D9F422F6004D9E023337002B0F0BC9E
:1094D80070474FB12346541E0D68C618755D013399
:1094E8009F4204F8015FF7D193788CF800300B683D
:1094F8001F440F6002B0F0BC704700BF0B4B10B4A4
:10950800194411F8013C00EB4301B1F8764A944242
:1095180004D00124013B034483F89E4A0123A1F8A7
:10952800762A5DF8044B80F8B93A7047DC000300EE
:109538000139032900D9704710B50446483003F0B3
:109548008DFD0121204601F09DFA04F12C0004F064
:1095580051FA2046BDE81040022101F093BA00BF3D
:109568002DE9F04F0123064600F64E144FF481789A
:109578004FF0050E25464FF6FF7C9E4F80F8EE3AD9
:109588000FCFA6F8B68AC6F8600AC6F8641AC6F8F5
:10959800682A03CFC6F86C3A86F8B8EAC6F8700AA3
:1095A800C6F8741A06F6322725F802CFBD42FBD159
:1095B8004FF06413642541F2707240F2DC50C6F833
:1095C8005839C6F86439C6F87839C6F88439A6F81F
:1095D8009059894B894D8A49DFF854C2C6F8F03949
:1095E800C6F8F439C6F8C439C6F8D439C6F8D0591B
:1095F800844B854DC6F8181AC6F8C8C98349DFF8E0
:1096080034C2C6F85039C6F85439C6F86039C6F8B5
:109618006839C6F88039C6F85C597D4BC6F87C595C
:10962800C6F88859DFF810E27A4DC6F874C9A6F86A
:10963800DC29A6F8DA29A6F8C229A6F8160AA6F897
:10964800FC09C6F8CC19C6F88C59C6F89C39C6F876
:10965800A039C6F8A439C6F8A8390EF12008C6F80A
:10966800AC3906F5126CA6F8D829C6F8B039C6F890
:10967800B439A6F8FE09C6F86C19C6F8701975460B
:109688000FCD4545CCF80000CCF80410CCF80820E4
:10969800CCF80C300EF1100E0CF1100CEFD1DFED00
:1096A8005E7A00234FF08041DEF80000DFF88CB1CD
:1096B800CCF8000006F61810C0ED007A06F6141073
:1096C800036006F51160036006F61C10C0F800B0D0
:1096D80006F62410036006F628100360DFF860A180
:1096E80006F62C100360DFF85C9106F63813C3F811
:1096F80000A0DFF8548106F63413C3F80090474AF7
:1097080006F51363C3F8008006F63C131A6006F6E4
:10971800441206F64813116019603B464FF6FF7174
:109728003F4D06F64C12156006F6582223F8021F24
:109738009342FBD147F230553A4B3B4AA6F85C5A64
:10974800C6F8BC3A4FF4A070052102F10C0506F5E5
:109758002C6306F6D42C03E012F9011F35F8020F2A
:1097680023F8021F63459882F6D10A2200234FF698
:10977800FF7186F8EA2AA6F85E3A34F8023F8B426F
:1097880005D0B6F85E2A9A4238BFA6F85E3ABC42BF
:10979800F3D100230127254CDFF8B0C044FA03F2C7
:1097A800D20711D513F80C2006EB4201B1F8320AA2
:1097B800B1F8765A013A85421CBF921982F89E7A0E
:1097C800A1F8760A86F8B97A01331A2BE6D1012175
:1097D80006F69D2306F52B6203F8011F9342FBD181
:1097E80096F8B93A0BB9BDE8F08F3046BDE8F04FAE
:1097F80002E400BF60FF02007017701708077017B7
:10980800DC05DC053075307564003075080708071D
:109818002C012C0130756400000082C2F874C44C1D
:10982800000010410000050AB8FF0200EF79F203BA
:10983800701708070807640088FF020000002A4321
:109848000000FA420000C8420024F449DC0003008A
:10985800F0B400240022002347F230564FF6FF757B
:1098680080F8B54AA0F8B24A214600F6F80700F594
:109878001064C7E90023C4E9002300F60814C4E90A
:10988800002300F67623A0F85A6A00F69D2200F617
:109898009C2423F8025FA34202F8011FF9D14FF478
:1098A800CC42F0BC012380F8B91A80F8B41A80F8C9
:1098B800EB1AA0F8EC1AA0F8BA2A80F8C03A704758
:1098C80090F8BD3A934211D06AB9002380F8B43AAF
:1098D8008B6081F83D30002380F8BD2A80F8EC3A8F
:1098E80081F83E207047931E012BEED9B0F8803ADC
:1098F80070B4B3F5E16F47D08B68B0F8824AB4F51D
:10990800E16FB0F8844A04BF43F001038B60B4F5FB
:10991800E16FB0F8864A04BF43F002038B60B4F5E8
:10992800E16FB0F89C4A04BF43F008038B60B4F5BC
:10993800E16FB0F8944A04BF43F400038B60B4F5B8
:10994800E16F10D0B0F8964AB4F5E16F0BD0B0F8DB
:10995800984AB4F5E16F06D0B0F89A4AB4F5E16FC9
:1099680001D043B104E043F4000343F00F038B60DC
:10997800012381F83D30002370BC80F8BD2A80F8AF
:10998800EC3A81F83E2070474FF6FF76084B8D6819
:109998005C7B45F0040300EB4404B4F8A0488B60FA
:1099A800B442AAD045F4005343F004038B60A4E703
:1099B800280003002DE9F0430C46002189B0109ED1
:1099C800172C316004D8DB221A7009B0BDE8F08387
:1099D800944204D9DA221A7009B0BDE8F0830178FC
:1099E80042788DF80C108DF80D208178C2788DF8AA
:1099F8000E108DF80F20039A0546B2F1017F06D0AC
:109A0800013204D0DE221A7009B0BDE8F08329467D
:109A180006AF3A464FF0000940F2BD1851F8040F5E
:109A2800496803C204AA82E80300DDE90401494544
:109A380008BF404507D0002908BFB0F1FF3F02D05A
:109A4800DD221A70C1E72A7BA97B8DF80C20687B80
:109A5800EA7B8DF80D008DF80F208DF80E10039914
:109A680001F11802A24202D0D8221A70ADE71031D3
:109A780002AA28462C44019304F0E8FE14F8042CAA
:109A88009DF80810019B914202D0DC221A709CE7D5
:109A98009DF8091014F8032C9142F6D114F8022C01
:109AA800002AF2D114F8012C002AEED110213160DD
:109AB8001A708AE72DE9F04786B004AB05AECDE908
:109AC800003604460DF10F03FE200D4604F03AFA65
:109AD8009DF90F00002862D14FF0010A04F6D6293B
:109AE80004F6C22804F6BE275FFA8AF3013B0B2B63
:109AF80000F2A680DFE803F099928B847D766F628E
:109B08005C6956063146284601F010F984F8EA0ADD
:109B18000AF1010ABAF10E0FE6D100234FF6FF75DC
:109B2800A4F85E3A04F6322004F64E1333F8022FF6
:109B3800AA4205D0B4F85E1A914238BFA4F85E2A4A
:109B48009842F3D100230127414DDFF808C145FAB7
:109B580003F2D20711D513F80C2004EB4201B1F837
:109B6800320AB1F8766A013A86421CBF121982F8A5
:109B78009E7AA1F8760A84F8B97A01331A2BE6D1CD
:109B8800012104F69D2304F52B6203F8011F93427B
:109B9800FBD194F8B93A002B4ED19DF90F0006B0CD
:109BA800BDE8F0874A463146284601F03FFAAFE75C
:109BB8003A463146284601F04DF8A9E7314628468D
:109BC80001F0B4F884F8BC0AA2E7424631462846B8
:109BD80001F02CFA9CE73146284601F015F8A4F864
:109BE8005C0A95E73146284604F6342201F0CCF9A0
:109BF8008EE73146284604F5156201F07DF987E7BE
:109C08003146284604F5266201F018F980E7314606
:109C1800284601F08BF884F8B80A79E731462846D7
:109C280001F084F884F8B70A72E73146284601F053
:109C38007DF884F8B60A6BE72046FFF7DDF9ACE754
:109C48003146284601F072F884F8EE0A60E700BF52
:109C5800EF79F203DC000300032906D98378FE2B91
:109C68000CBF00206FF0630070476FF0670070470B
:109C7800074A0849037F0162426282623BB10022BF
:109C8800012B026103D0022B426118BF8261704729
:109C98000AD7233B0AD7A33C0023027B0361436115
:109CA80002B18360704700BF034670B44FF6FF747B
:109CB80018480139425C03EB4202B2F89258A542B7
:109CC80007D000EB4104B4F90C50D3F89048A543F1
:109CD80002D0002070BC704700EB8100406AD3F8C6
:109CE8007458A843F5D1B2F8E458B2F8D668681C9D
:109CF80085B2B5FBF6F006FB105080B2A2F8E40876
:109D08000028E6D1012202FA01F10C431046C3F8FB
:109D18009048DFE7D8FF0200F8B5044603F0B6FA2A
:109D280004F5CC7003F0E0FE04F12C0003F0F6FC1F
:109D380004F1480002F03EFC04F59870FEF700FAC2
:109D48000A2104F5E87003F0CFFB04F5F47001F084
:109D5800F3FE00260020002704F6080304F5E66257
:109D680004F6280143F8040B8B42E2E80267F9D1B4
:109D780000224FF0000C002600271046C4F8742873
:109D880004F5ED6104F6770204F6740543F804CB94
:109D9800AB42E1E9026702F8010FF7D1012600257D
:109DA8004FF6FF72C4F88C08C4F8900804F69403C0
:109DB80004F6A201A3F84460A3F8525023F8022B3A
:109DC8009942F7D14FF6FF71A4F8A228A4F8A42865
:109DD800A4F8A628A4F8A828A4F8AA28A4F8AC28C7
:109DE800A4F8AE28A4F8B02804F50B6304F6D6024C
:109DF80023F8021F9342FBD12046F8BD10B44C1E35
:109E080011461A460A2C07D8DFE804F00B1015068D
:109E1800190606061F252B006FF063005DF8044B3A
:109E280070475DF8044B483002F07ABC5DF8044B8B
:109E38002C3003F085BC5DF8044B03F033BA5DF8B1
:109E4800044B00F5CC7003F06BBE5DF8044B00F5D5
:109E58009870FEF7D3B95DF8044B00F5E87003F08D
:109E68004FBB5DF8044B00F5F47001F0CDBE00BFA8
:109E78002DE9F04700272DED028B00239EB008EE58
:109E8800101AC0F890780521044616468DF810700F
:109E98008DF811708DF81270059306930793189337
:109EA80019931A931B931C931D9308930993FFF717
:109EB800FBFE58B104F6240393ED007AF8EEC87A55
:109EC800B4EE677AF1EE10FA00F0F2814FF0FF3845
:109ED8006FF00049A04D03212046FFF7E5FE58B179
:109EE80004F6240393ED007AF8EEC87AB4EE677AA4
:109EF800F1EE10FA00F0268201212046FFF7D4FE89
:109F080058B104F6240393ED007AF8EEC87AB4EE5B
:109F1800677AF1EE10FA00F0288202212046FFF756
:109F2800C3FE58B104F6240393ED007AF8EEC87A1C
:109F3800B4EE677AF1EE10FA00F054820921204657
:109F4800FFF7B2FE58B104F6240393ED007AF8EE59
:109F5800C87AB4EE677AF1EE10FA00F0DD82DFED30
:109F68007F0A0A212046FFF79FFE58B104F6240312
:109F7800B8EEC88AD3ED007AF4EE487AF1EE10FA1A
:109F880000F0FC820B212046FFF78EFE002840F0EF
:109F9800E7804FF6FF726B7904EB4301B1F8B01814
:109FA800581E914204D0D4F87428520700F1B680A4
:109FB8004FF6FF72AB7904EB4301B1F8B018581EA5
:109FC800914204D0D4F87428D70700F189804FF65D
:109FD800FF72EB7904EB4301B1F8B018581E9142B7
:109FE80003D0D4F8742896075CD44FF6FF722B7A06
:109FF80004EB4301B1F8B018581E914203D0D4F8CD
:10A008007428110730D44FF6FF726B7E04EB4301BE
:10A01800B1F8B018581E91421ED0D4F87428120214
:10A028001AD5002104F62402156803F20922ED333B
:10A0380004EBC303204404EB820204F5ED66D6E981
:10A0480000671560C3E9006780F87818D4F88C3881
:10A0580043F00073C4F88C380023C4F874381EB079
:10A06800BDEC028BBDE8F087002104F61402D2F89B
:10A0780000C003F20922ED3304EBC303204404EBD0
:10A08800820204F5E966D6E90067C2F800C0C3E9B0
:10A09800006780F87818D4F88C3843F48073C4F8D3
:10A0A8008C38B0E7002104F60C02D2F800C003F2A5
:10A0B8000922ED3304EBC303204404EB820204F5C8
:10A0C800E766D6E90067C2F800C0C3E9006780F810
:10A0D8007818D4F88C3843F08003C4F88C3884E7B7
:10A0E800002104F60802D2F800C003F20922ED3379
:10A0F80004EBC303204404EB820204F5E666D6E9C8
:10A108000067C2F800C0C3E9006780F87818D4F87F
:10A118008C3843F04003C4F88C3858E7002104F524
:10A128000162D2F800C003F20922ED3304EBC30345
:10A13800204404EB820204F5E866D6E90067C2F819
:10A1480000C0C3E9006780F87818D4F88C3843F069
:10A158002003C4F88C382BE7DC0003000000000063
:10A1680004F6080004F60C0190ED002AD1ED001A5F
:10A1780004F50162314604F6240704F6140304F5D5
:10A18800E960013E92ED001AD0E9008993ED000ADA
:10A19800D7ED000A0DF1130314AA04F5F470F6B212
:10A1A80001F0BAFD07EE906A97ED007AF8EEE77ACB
:10A1B800B4EE677AF1EE10FA7FF4EBAE4FF6FF7368
:10A1C800B4F8CE289A4217D06B7D149803F209216F
:10A1D80004EB8101086003F1ED029DF8131023449C
:10A1E80004EBC202C2E9008983F87718D4F88C38E6
:10A1F80043F40013C4F88C384FF6FF73B4F8D02832
:10A208009A4217D0AB7D159803F2092104EB81011E
:10A21800086003F1ED029DF81310234404EBC20219
:10A22800C2E9008983F87718D4F88C3843F480039E
:10A23800C4F88C384FF6FF73B4F8D2289A4217D076
:10A24800EB7D169803F2092104EB8101086003F104
:10A25800ED029DF81310234404EBC202C2E9008901
:10A2680083F87718D4F88C3843F40003C4F88C3892
:10A278004FF6FF73B4F8D4289A423FF48AAE2B7E87
:10A28800179803F2092104EB8101086003F1ED023C
:10A298009DF81310234404EBC202C2E9008983F835
:10A2A8007718D4F88C3843F08073C4F88C3870E68B
:10A2B80004A904F5E9630DF1120209AD0DF11100CD
:10A2C800D3E90089CDE901054B4603920091424646
:10A2D80004F5CC7003F04CFC9DF81030BD4D07EE32
:10A2E800103A9DF81130B8EE477A07EE903AF8EE3A
:10A2F800677AEA7A2B7B02F2092002F1ED01013A32
:10A3080004EB800004EBC101224480ED007AC1E92E
:10A31800008982F87878D4F88C2803F2092003F1B0
:10A32800ED01013B42F4C05204EB800004EBC10193
:10A338002344C0ED007AC1E9008983F87878C4F82D
:10A348008C28C8E504F60C0104F5016204F6140330
:10A3580091ED001AD2ED000A93ED000A204607ABF2
:10A3680006AA05A902F0BAFFC6E504F61C03D3ED58
:10A37800007AF5EE407AF1EE10FA14BF01200020C1
:10A3880004F50263009008A918AAD3ED001A04F195
:10A398004800CDE901219DF812309DF811209DF863
:10A3A80010109DED071ADDED060A9DED050A02F075
:10A3B80037FA00206B7C089F03F2092103F1ED02B4
:10A3C800013B234404EB810104EBC2020F60C2E9A4
:10A3D800008983F87808D4F88C3843F40033C4F83B
:10A3E8008C389AE512A910AA0EABCDE90121009389
:10A3F8000AAA0CAB18A904F12C00DDED090A9DEDA1
:10A40800080A03F0B9F9DDED0B5A9DED0D6ADDED93
:10A418000F6A9DED117ADDED137AF8FE655AB8FEE4
:10A42800466AF8FE666AB8FE477AF8FE677AFCEE76
:10A43800E55ABCEEC66AFCEEE66ABCEEC77AFCEEEC
:10A44800E77A15EE902A16EE10EA16EE90CA17EE85
:10A45800107A17EE900A2B78DDF828A003F209216C
:10A4680004EB8101C1F800A003F1ED0104EBC10187
:10A478002344C1E9008983F877286B78DDF830A098
:10A4880003F2092204EB8202D4F88C18C2F800A067
:10A49800E21803F1ED0AAB7804EBCA0ACAE90089AD
:10A4A80082F877E8DDF838E003F2092204EB82024B
:10A4B800C2F800E0EA7803F1ED0E04EBCE0E234477
:10A4C800CEE9008983F877C8DDF840E002F2092C6C
:10A4D80004EB8C0CCCF800E02B7D02F1ED0C04EBC6
:10A4E800CC0C2244CCE9008982F8777803F209225F
:10A4F800129F04EB8202176041F4801103F1ED0210
:10A5080041F00F0104EBC2022344C2E9008983F839
:10A518007708C4F88C1811E504F5E86142464B4603
:10A52800D1E90089B4F84A70CDE90089029704F5A9
:10A53800016104F61800D0ED000A91ED000A04F557
:10A548009870FDF7A5FE00206B7BF0EE400A03F241
:10A55800092103F1ED02013B234404EB810104EBE3
:10A56800C20281ED000AC2E9008983F87808D4F8AC
:10A578008C3843F40053C4F88C38F2E404F60C0227
:10A5880004F5016392ED001A93ED000A04F5E870F2
:10A5980004F5E863D3E9008902F0CEFF0020AB7B25
:10A5A8008DED050A03F2092103F1ED02013B234475
:10A5B80004EB810104EBC20281ED000AC2E90089C3
:10A5C80083F87808D4F88C3843F48043C4F88C387E
:10A5D800D8E400BFDC00030010B44C1E11461A4634
:10A5E8009DF804300A2C07D8DFE804F00A0F140697
:10A5F800180606061E242A0000205DF8044B704742
:10A608005DF8044B483002F00BBC5DF8044B2C306D
:10A6180003F074B95DF8044B02F0BCBE5DF8044B5E
:10A6280000F5CC7003F04CBB5DF8044B00F5987056
:10A63800FDF7B8BE5DF8044B00F5E87002F0B6BF50
:10A648005DF8044B00F5F47001F022BD10B44C1E07
:10A6580011461A469DF804300A2C07D8DFE804F0A2
:10A668000A0F1406180606061E242A0000205DF8A4
:10A67800044B70475DF8044B483002F065BC5DF848
:10A68800044B2C3003F062B95DF8044B02F0AABE0B
:10A698005DF8044B00F5CC7003F056BB5DF8044B35
:10A6A80000F59870FDF7D4BE5DF8044B00F5E8702E
:10A6B80002F0A4BF5DF8044B00F5F47001F084BD0E
:10A6C80030B400F624042568D0F8744800F5ED602D
:10A6D800C4F3C0540D60D0E90001C2E900011C7048
:10A6E80030BC7047F0B4104C0139645C04F20925A1
:10A6F80000EB85052D681560012504F1ED0200EBDE
:10A70800C202D2E90067C3E90067044494F87728D5
:10A71800049B05FA01F11A70D0F88C38F0BC23EAD2
:10A728000103C0F88C387047DC0003002DE9F04FB6
:10A73800384E83B0A6F124030021844640F21777EF
:10A748004FF6FF7E344CDFF8D8A0009304E00131C7
:10A758000B2906F104065AD047FA01F3DB07F6D5B0
:10A76800009B13F801800CEB4808B8F89298F14563
:10A77800EDD0002301201D46019600FA03F23A426B
:10A7880010D0264E36F911B01BEA020F0AD0009AF3
:10A79800D25C0CEB4202B2F89228724502D0954284
:10A7A80038BF154601330B2BE7D100234FF0010BBF
:10A7B800019E0BFA03F222420DD0306802420AD001
:10A7C80013F80A200CEB4202B2F8A028724502D016
:10A7D800954238BF15460133182BEAD1002DB6D063
:10A7E800B9FBF5F205FB12991FFA89F392B23BB156
:10A7F80005F0010000EB5505AB42A4BF013292B24F
:10A8080001310B29A8F8D62806F10406A4D103B013
:10A81800BDE8F08FFCFF02000F20E000E4FF02001B
:10A828002800030030B44FF6FF720125002400F61B
:10A83800940300F6A201A3F84450A3F8524023F869
:10A84800022B9942F7D14FF6FF71A0F8A228A0F881
:10A85800A428A0F8A628A0F8A828A0F8AA28A0F854
:10A86800AC28A0F8AE28A0F8B02800F50B6300F6D5
:10A87800D60223F8021F9342FBD130BC704700BFB9
:10A8880010B44C1E11461A460A2C07D8DFE804F00B
:10A898000B101506190606061F252B006FF063001E
:10A8A8005DF8044B70475DF8044B483002F078BC03
:10A8B8005DF8044B2C3003F0DDB85DF8044B02F072
:10A8C800B9BD5DF8044B00F5CC7003F0E1BA5DF852
:10A8D800044B00F59870FDF7E3BD5DF8044B00F5F7
:10A8E800E87002F0B3BE5DF8044B00F5F47001F0B7
:10A8F800C9BC00BF2DE970031D461446144B01392D
:10A908005B5C9DF8146000EBC30202F5E562D2E9D6
:10A918000089A94508BFA04503F1FF3312D00126DD
:10A9280003F2022300EB830383ED000AC2E900452A
:10A93800D0F8743806FA01F10B43C0F87438BDE852
:10A9480070037047002EEAD1BDE87003704700BF5E
:10A95800280003004B1EDAB20A2A00D97047184AA9
:10A96800114411F8012C00EB4202B2F89218092B9D
:10A97800F4D801A252F823F0B1A90000B7A9000049
:10A98800BDA9000065A90000C1A9000065A90000D3
:10A9980065A9000065A9000065A90000A9A9000033
:10A9A80000F5E87002F06EBE483002F077BB2C303C
:10A9B80003F02AB802F05ABD00F5CC7003F02ABAA9
:10A9C800D8FF0200F0B50023012640F217751E4C8F
:10A9D8000139645CDFF878C000EB4404DFF874E008
:10A9E800A4F8B02806FA03F42C420DD03CF91170F3
:10A9F800274209D01EF8034000EB4404B4F89278CB
:10AA0800974288BFA4F8922801330B2BEAD1002380
:10AA180001260E4DDFF840C0DFF840E006FA03F4E7
:10AA28002C420DD05CF821703C4209D01EF803403E
:10AA380000EB4404B4F8A078974288BFA4F8A02893
:10AA48000133182BEAD1F0BDDC0003000F20E00031
:10AA5800A8000300D8FF02004000030028000300FC
:10AA680030B400F614042568D0F8744800F5E9609D
:10AA7800C4F3C0040D60D0E90001C2E900011C70F4
:10AA880030BC70474B1E0A2B10D8124A114411F8DB
:10AA9800012C00EB4202B2F89218092B09D8DFE822
:10AAA80003F0090C0F081108080808154FF6FF7184
:10AAB800F3E77047483002F0F1BA2C3002F0A4BF37
:10AAC80002F0D4BC00F5CC7003F0A4B900F5E8702E
:10AAD80002F0D8BDD8FF020030B400F61C04256887
:10AAE800D0F8744800F5EB60C4F340540D60D0E929
:10AAF8000001C2E900011C7030BC7047F0B4174671
:10AB08000A6800F10B050E4684B0511E01AB0844DB
:10AB1800154410F8014FA84203F8014BF9D101ABD5
:10AB280007CB38607960BA6033680C33336004B09F
:10AB3800F0BC7047F0B51D68844605F10C009042E2
:10AB480085B003D901321A6005B0F0BD0F46DCF8B4
:10AB58000000DCF80410DCF808200DF1040E76463D
:10AB68000024AEE8070000E01D683A1916F8010B4A
:10AB780001340C2C5055F7D11A680C321A6005B004
:10AB8800F0BD00BF70B40E46096883B00DF1FF3305
:10AB980008440DF1070510F8014B03F8014FAB42CB
:10ABA800F9D16B4603CB10605160336808333360CA
:10ABB80003B070BC704700BFF0B41C68064604F1CF
:10ABC8000800904284B004D901321A6004B0F0BC85
:10ABD8007047EC46674630680D46716804AE03C797
:10ABE80006E9030000220DF1070100E01C68A8181F
:10ABF80011F8016F0132082A0655F7D11A68083290
:10AC08001A6004B0F0BC704710B40B6883B0C21867
:10AC18005478C25C8DF805408DF80420BDF8040016
:10AC280002330B6003B05DF8044B704730B41C6806
:10AC3800A51C954203D930BC01321A6070470855EB
:10AC48001A68C0F30720114448701A6830BC0232F1
:10AC58001A60704710B40B6883B0C4186478C35C7A
:10AC68008DF805408DF80430BDF8043013800B686A
:10AC780002330B6003B05DF8044B704730B41C68B6
:10AC880082B0A51C954204D901321A6002B030BCCA
:10AC98007047427805788DF805208DF80450BDF886
:10ACA80004200A551868C2F3072201444A701A683A
:10ACB80002321A6002B030BC704700BF30B40B6873
:10ACC80082B0C218C55C54789078D2788DF8045058
:10ACD8008DF805408DF806008DF807209DED010AD6
:10ACE80004330B6002B030BC704700BF30B4146846
:10ACF800251D8D4203D930BC01311160704710EE1B
:10AD0800103A03551168C3F3072401444C701168C5
:10AD1800C3F3074401448C701168C3F30763084404
:10AD2800C370136830BC0433136070470B68C05C91
:10AD380001330B60704700BF30B41C68651C954236
:10AD48009CBF08551A6830BC01321A60704700BFB2
:10AD580070B40D460E6885B00DF1070330440DF14F
:10AD68000F0410F8012B03F8012FA342F9D104AB0B
:10AD780013E903006B4683E803000836DDE90001A8
:10AD88002E6005B070BC704770B485B0089DCDE9E1
:10AD980000012C6804F10801994204D901332B60A1
:10ADA80005B070BC704704AEDDE90001002306E978
:10ADB80003000DF1070100E02C68D01811F8016FAD
:10ADC8000133082B0655F7D12B6808332B6005B0E3
:10ADD80070BC7047F0B48AB06B460E4609680AAD7D
:10ADE8000139084410F8014F03F8014BAB42F9D17F
:10ADF8006F4614460DF1200C3D460FCD6545206089
:10AE08006160A260E36007F1100704F11004F3D158
:10AE180003CF206061603368283333600AB0F0BC28
:10AE2800704700BF30B41C68651C95429CBF08552C
:10AE38001A6830BC01321A60704700BFF0B486B09F
:10AE48000F466B4616460A6806AD013A104410F8DC
:10AE5800014F03F8014BAB42F9D16C460FCC30607F
:10AE68007160B260F36003CC306171613B68183384
:10AE78003B6006B0F0BC70472DE9F0431C681E46E5
:10AE880004F1280393428BB004D9013232600BB02D
:10AE9800BDE8F0836D460F468446A84600F12009B8
:10AEA800C646DCF80000DCF80410DCF80820DCF802
:10AEB8000C300CF1100CCC45AEE80F0008F110086E
:10AEC800EED1DCF80410DCF80000C5F10103A8E8B5
:10AED80003000DF1FF320DF1270100E034689818E6
:10AEE80012F8015F20448A423D54F7D13368283371
:10AEF80033600BB0BDE8F083F0B504460F4610464A
:10AF08000A68BBB0013A01AB3AAE144414F8015FC9
:10AF180003F8015BB342F9D1E42201A924F0C9FB8B
:10AF28003B68E4333B603BB0F0BD00BFF0B51C6844
:10AF38001E46034604F11000904289B003D901323D
:10AF4800326009B0F0BDEE46F4469A6818680F46BC
:10AF58005968DB6804ADACE80F0085E80F00C5F15F
:10AF680001030DF10F020DF11F0100E0346898187C
:10AF780012F8015F20448A423D54F7D133681033F8
:10AF8800336009B0F0BD00BFF0B48AB06B460E461E
:10AF980009680DF126050139084410F8014F03F836
:10AFA800014BAB42F9D16F4614460DF1200C3D46DA
:10AFB8000FCD654520606160A260E36007F110076E
:10AFC80004F11004F3D1BB883868A380206033688B
:10AFD800263333600AB0F0BC704700BF30B41C6839
:10AFE80082B0251D954204D901321A6002B030BCE6
:10AFF800704742880588ADF80620ADF80450019ADC
:10B008000A551868C2F30724084444701868C2F344
:10B018000744084484701868C2F307620144CA7080
:10B028001A6804321A6002B030BC7047F0B40F4698
:10B0380016460A6886B0013A01AB06AD104410F80E
:10B04800014F03F8014BAB42F9D101AC0FCC306092
:10B05800206871603061B260F3603B6814333B6014
:10B0680006B0F0BC704700BF2DE9F0431C681E46CF
:10B0780004F1140393428BB004D9013232600BB04F
:10B08800BDE8F083E8460546C146AA68EB68006853
:10B098000F4669680DF1140EA8E80F002869CEF173
:10B0A800010C0546C8F80000B9E80F00AEE80F002B
:10B0B8000DF11302CEF800500DF1270300E03468BB
:10B0C8000CEB020012F8015F20449A423D54F6D17D
:10B0D8003368143333600BB0BDE8F083F0B484B048
:10B0E8000F466B4616460A6804AD013A104410F83C
:10B0F800014F03F8014BAB42F9D16C460FCC3060DD
:10B108007160B260F3603B6810333B6004B0F0BC20
:10B11800704700BF30B41C68651C95429CBF085539
:10B128001A6830BC01321A60704700BF30B40C682E
:10B1380082B00319055D5C789878DB788DF8045047
:10B148008DF805408DF806008DF80730019B1360D7
:10B158000B6804330B6002B030BC704770B41C68D5
:10B16800064604F10800904283B004D901321A60FF
:10B1780003B070BC704730680D4671686E46002297
:10B1880003C60DF1FF3100E01C68A81811F8016F23
:10B198000132082A0655F7D11A6808321A6003B036
:10B1A80070BC7047F0B40F4616460A6886B0013A7C
:10B1B80001AB06AD104410F8014F03F8014BAB4248
:10B1C800F9D101AC0FCC3060206871603061B26099
:10B1D800F3603B6814333B6006B0F0BC704700BFB7
:10B1E80030B41C68E51C954203D930BC01321A60A2
:10B1F80070470278457880780A551A680A4455706D
:10B208001A68114488701A6830BC03321A60704793
:10B218000B68C05601330B60704700BFF0B41C6860
:10B228001E46034604F11000904284B004D901324E
:10B23800326004B0F0BC70476D469A6818680F46D3
:10B248005968DB68C5F1010C0FC50DF1FF320DF12E
:10B258000F0300E034680CEB020012F8015F204491
:10B268009A423D54F6D133681033336004B0F0BCD1
:10B27800704700BF10B40C6883B00319045D587898
:10B288008DF804408DF805009878BDF8043090706A
:10B2980013800B6803330B6003B05DF8044B7047F1
:10B2A800F0B51E461B68ADF5037D03F502739342A6
:10B2B80004D9013232600DF5037DF0BD6C464FF4C0
:10B2C80002720F4601460F4824F0F3F94FF4027258
:10B2D8000C49204624F0EDF9C4F101030DF1FF32C9
:10B2E8000DF207213568981812F8014F28448A4250
:10B2F8003C54F7D1336803F5027333600DF5037DD1
:10B30800F0BD00BFA8D70020F0B50446ADF5037D19
:10B318000F466B4610460A6882AE013A144414F888
:10B32800015F03F8015BB342F9D169464FF4027239
:10B3380024F0BFF93B6803F502733B600DF5037D0C
:10B34800F0BD00BFF0B51E461B68E5B003F5C87335
:10B35800934203D90132326065B0F0BD6C464FF4B8
:10B36800C8720F4601460E4824F0A3F94FF4C8727C
:10B378000B49204624F09DF9C4F101030DF1FF3279
:10B388000DF28F113568981812F8014F28448A4237
:10B398003C54F7D1336803F5C873336065B0F0BD2A
:10B3A800B0D90020F0B50446E5B00F466B4610460C
:10B3B8000A6864AE013A144414F8015F03F8015BAB
:10B3C800B342F9D169464FF4C87224F072F93B6868
:10B3D80003F5C8733B6065B0F0BD00BFF0B51C68ED
:10B3E8001E4604F1A0039342D1B003D90132326062
:10B3F80051B0F0BDA0220F460DEB0205014668468C
:10B4080024F057F96946A022284624F052F9C5F1DC
:10B4180001030DF19F020DF23F1100E03468981806
:10B4280012F8015F20448A423D54F7D13368A033B3
:10B43800336051B0F0BD00BFF0B50446A9B00F4667
:10B448006B4610460A6828AE013A144414F8015FA6
:10B4580003F8015BB342F9D16946A02224F029F927
:10B468003B68A0333B6029B0F0BD00BF30B41C6816
:10B4780082B0E51C954204D901321A6002B030BC92
:10B48800704702888078ADF804209DF804209DF864
:10B4980005500A551A680A4455701A68114488708C
:10B4A8001A6803321A6002B030BC7047F0B40E4616
:10B4B80009688EB0013901AB0EAD084410F8014F90
:10B4C80003F8014BAB42F9D1154601AF0DF1340C2D
:10B4D8003C460FCC644528606960AA60EB6007F1C0
:10B4E800100705F11005F3D1386828603368343344
:10B4F80033600EB0F0BC70472DE9F0431C681E465F
:10B5080004F1340393428FB004D9013232600FB092
:10B51800BDE8F08301AD0F468446A84600F1300926
:10B52800C646DCF80000DCF80410DCF80820DCF87B
:10B538000C300CF1100CCC45AEE80F0008F11008E7
:10B54800EED1DCF80000C5F10103C8F800000DF1E8
:10B5580003020DF1370100E03468981812F8015F12
:10B5680020448A423D54F7D13368343333600FB0F6
:10B57800BDE8F0832DE9F0431D681E4605F1180368
:10B5880093428DB004D9013232600DB0BDE8F0832A
:10B59800EE460446F146A268E36800680F46616813
:10B5A8000DF11808AEE80F0020696169C8F1010CB7
:10B5B800AEE80300B9E80F00A8E80F0099E8030017
:10B5C8000DF1170488E803000DF12F0300E035683A
:10B5D8000CEB040214F8010F2A449C42B854F6D12B
:10B5E8003368183333600DB0BDE8F083F0B51C68DC
:10B5F8001E4604F1E4039342F3B003D901323260EA
:10B6080073B0F0BDE4220F460DEB02050146684613
:10B6180024F04FF86946E422284624F04AF8C5F198
:10B6280001030DF1E3020DF2C71100E03468981828
:10B6380012F8015F20448A423D54F7D13368E4335D
:10B64800336073B0F0BD00BF2DE9F0431C681E469F
:10B6580004F1260393428BB004D9013232600BB057
:10B66800BDE8F0836D460F468446A84600F12009E0
:10B67800C646DCF80000DCF80410DCF80820DCF82A
:10B688000C300CF1100CCC45AEE80F0008F1100896
:10B69800EED1BCF80420DCF80000C5F10103A8F8DD
:10B6A8000420C8F800000DF1FF320DF1250100E07B
:10B6B8003468981812F8015F20448A423D54F7D143
:10B6C8003368263333600BB0BDE8F0832DE9F043CF
:10B6D8001C681E4604F1140393428BB004D901324E
:10B6E80032600BB0BDE8F083E8460546C146AA685B
:10B6F800EB6800680F4669680DF1140EA8E80F00A2
:10B708002869CEF1010C0546C8F80000B9E80F0019
:10B71800AEE80F000DF11302CEF800500DF127032B
:10B7280000E034680CEB020012F8015F20449A42F2
:10B738003D54F6D13368143333600BB0BDE8F08361
:10B74800DFED427A91ED000A38B520EE270A2DED9B
:10B75800028B0D4604461EF0F9F860EE008A28EECA
:10B76800A80A30EE280AB5EE400AF1EE10FAB1EE5A
:10B77800C08A62D438EE680A30EE000A84ED000A06
:10B78800F7EE007A95ED007AB4EE677AF1EE10FAEA
:10B7980007FE800A84ED000ADFED2C7A95ED010A98
:10B7A80020EE270A1EF0D2F860EE008A28EEA80ADA
:10B7B80030EE280AB5EE400AF1EE10FAB1EEC08A72
:10B7C80041D438EE680A30EE000A84ED010AF7EE3B
:10B7D800007A95ED017AB4EE677AF1EE10FA07FE79
:10B7E800800A84ED010ADFED197A95ED020A20EE50
:10B7F800270A1EF0ABF860EE008A28EEA80A30EEA1
:10B80800280AB5EE400AF1EE10FAB1EEC08A17D454
:10B8180038EE680ABDEC028B30EE000A84ED020AAD
:10B82800F7EE007A95ED027AB4EE677AF1EE10FA47
:10B8380007FE800A84ED020A38BD23F029FF99E744
:10B8480023F026FFE4E723F023FFBAE7DB0FC93F25
:10B858004FF07C51002210B403240160047641604B
:10B868005DF8044B8160C26002614261704700BFAD
:10B8780010B401244FF07C510022047201605DF87D
:10B88800044B4260704700BF2DE9F0432DED048B57
:10B898008BB004460D46DDE91601164603F068FC38
:10B8A800204490F83930012B11D0022B4CD0002BBA
:10B8B80037D00FCD189C0FC40FCD0FC495E80300E7
:10B8C80084E803000BB0BDEC048BBDE8F0832F4681
:10B8D800189C0FCF0FC40FCF0FC497E8030084E85C
:10B8E8000300002EEED0B8EE009AB7EE008AF0EE14
:10B8F800008A189C05EB8606B5EC010A20EE090AB9
:10B908001DF0FEFE30EE080AC8EE807A77EEC87A9F
:10B91800AE42E4EC017AEFD10BB0BDEC048BBDE88C
:10B92800F08329469FED2C7A189B05F12802F1EC4B
:10B93800017AC7FE277A8A42E3EC017AF7D10BB085
:10B94800BDEC048BBDE8F0836C460FCD0FC40FCD62
:10B958009DED000A0DF10408B0EE408A47460FC479
:10B9680095E8030084E803000DF12809F7EC017A53
:10B97800F4EE487AF1EE10FA37FE888A4F45F5D191
:10B988007EB144460DEB860601E0B4EC010A30EEC8
:10B99800480A1DF0B5FEA64204ED010AF5D19DED59
:10B9A800000A4346F0EE407AB3EC017A4B4577EE55
:10B9B800877AF9D1189B03F1280201E0B8EC010A53
:10B9C80080EE277AA3EC017A9342F7D10BB0BDEC55
:10B9D800048BBDE8F08300BF00000000F0B52DED3A
:10B9E800048B90F83C000C46012816461D4685B08D
:10B9F8000BD002284BD060B30FCC28606960AA60D6
:10BA0800EB6005B0BDEC048BF0BD0F460FCF28608E
:10BA18006960AA60EB60002EF3D0B8EE009AB7EE2A
:10BA2800008AF0EE008A04EB8606B4EC010A20EEE8
:10BA3800090A1DF065FE30EE080AC8EE807A77EE36
:10BA4800C87AA642E5EC017AEFD105B0BDEC048BCB
:10BA5800F0BD91ED007ADFED377A87FE877A83EDC6
:10BA6800007A91ED017A87FE877A83ED017A91ED6C
:10BA7800027A87FE877A83ED027A91ED037AC7FE10
:10BA8800877AC3ED037A05B0BDEC048BF0BD6F4631
:10BA98000FC987E80F009DED000A9DED016AB4EE1D
:10BAA800C60AF1EE10FADDED026A54BFB0EE408A24
:10BAB800B0EE468AF4EE486AF1EE10FA9DED037A8C
:10BAC80036FE888AB4EE487AF1EE10FA37FE088A14
:10BAD800AEB107EB860601AC01E0B4EC010A30EE2A
:10BAE800480A1DF00DFEB44204ED010AF5D19DEDA2
:10BAF800000A9DED016ADDED026A9DED037A70EEA4
:10BB0800067A77EEA67A77EE877AC6EE275A80EE1F
:10BB1800275A86EEA76AC7EE276A85ED005AC5ED53
:10BB2800015A85ED026AC5ED036A05B0BDEC048BC8
:10BB3800F0BD00BF000000000023022230B40B2536
:10BB480040F20114002180F83C20A0F8443580F828
:10BB580046350570448700F1400300F1680243F858
:10BB6800041B9342FBD1002200F1900143F8042BFF
:10BB78008B42FBD14FF07E51C0F89020C0F8942042
:10BB8800C0F89820C0F89C2000F1A00300F52A72A4
:10BB980043F8041B9342FBD14FF07E5100F58762B6
:10BBA80043F8041B9342FBD14FF07E5100F59B6292
:10BBB80043F8041B9342FBD140F60A2204230021D8
:10BBC800A0F8D82480F8DA3400F2DC4200F5A26349
:10BBD80042F8041B9342FBD14FF07E5100F24452CD
:10BBE80043F8041B9342FBD10022031D00F12C01F2
:10BBF80043F8042B8B42FBD130BC4FF48073C262F4
:10BC080002634263038770472DE9F04786B004ABAF
:10BC180005AE04460078CDE900360DF10F030D4658
:10BC280002F090F99DF90F0008BB4FF0010A04F5E6
:10BC3800A26904F2DC4804F59B675FFA8AF3013BCA
:10BC48000B2B61D8DFE803F059524B443D362F23C4
:10BC58001D29160631462846FFF768F884F8450579
:10BC68000AF1010ABAF10E0FE7D19DF90F0006B0EB
:10BC7800BDE8F08731462846FFF758F884F84405B0
:10BC8800EEE7424631462846FFF710FCE8E73A4619
:10BC980031462846FFF7EEFAE2E74A46314628469B
:10BCA800FFF704FCDCE73146284604F58762FFF716
:10BCB800C3FBD5E73146284604F52A72FFF772FB25
:10BCC800CEE73146284604F1A002FFF71DFBC7E77F
:10BCD8003146284604F19002FFF700FAC0E73146E2
:10BCE800284604F16802FFF775F8B9E73146284697
:10BCF80004F14002FFF76EF8B2E73146284604F136
:10BD08003A02FFF7B7FAABE731462846FFF70EF8D5
:10BD180084F84605A4E700BFF8FE600AFCEEE07A66
:10BD28002DE9F04F15461E460022002717EE903ADF
:10BD38002A606A60AA60EA60377090F83920013397
:10BD48000446B9B0DBB222B1012B7AD039B0BDE8D4
:10BD5800F08F90F838200132D2B24F1CFFB2B2FBFC
:10BD6800F7F007FB1022D2B2934211D00021231D15
:10BD780004F12C0243F8041B9342FBD100234FF437
:10BD88008072E36223636363228739B0BDE8F08F72
:10BD98005A1E04EB82028B4284F8383082ED010A85
:10BDA800D4D12BAF3B46002238A943F8042B994243
:10BDB800FBD1231D9C4605930DF1AC0804F1240921
:10BDC800C646DCF80000DCF80410DCF80820DCF8D3
:10BDD8000C300CF1100CCC45AEE80F0008F110083F
:10BDE800EED1DCF80410DCF80000636BD4F8309076
:10BDF800D4F82CE01EAAA8E803003793CDF8D49015
:10BE0800CDF8D8E004F5A26304F244510FE053EDF5
:10BE18000E6A97ED007A37EE667AC7EE276AC2EDAA
:10BE2800006A994207F1040702F104021ED0F3ECFC
:10BE3800017AF5EE407AF1EE10FAE8D13868106030
:10BE4800EFE790F8462580F839700AB180ED0B1AB3
:10BE580094F844250AB1C4ED0C1A94F845251AB192
:10BE680084ED0D2A012278E7012276E794F8D88438
:10BE780094F8D97494F8DA940DF1280A04F1400C76
:10BE880004F1600BD646DCF80000DCF80410DCF89E
:10BE98000820DCF80C300CF1100CDC45AEE80F0083
:10BEA8000AF1100AEED1DCF80000DCF80410AAE868
:10BEB8000300B8F1000F1AD020460DF1280C04EB4E
:10BEC800880E2BA9BCEC017A03461EAAF2EC017A73
:10BED800D3ED286A67EEA67A914237EE277A03F106
:10BEE8002803F3D1043086450CED017AEAD100220B
:10BEF800664B0DF1500ACDE9002320464246CDF8A5
:10BF080008A00AA9FFF7C0FC002F00F08C8004F1FC
:10BF180088030DF1AC0B04F1680C0493DE46DCF8E1
:10BF28000C30DCF80000DCF80410DCF808200CF118
:10BF3800100CAEE80F00049B0BF1100B9C45EDD1E3
:10BF4800A6465B46DCF80000DCF80410444603C350
:10BF58000AEB88010020F0460DF1AC0C8CB19CED89
:10BF6800007A52467346F2EC017AD3EDAA6A67EE7C
:10BF7800A67A914237EE277A03F12803F3D18CEDA4
:10BF8800007A013087420CF1040C0EF1040EE5D161
:10BF98004FF0804300220AA9CDE9002340463A46E3
:10BFA80002912BA9FFF770FC43460DF1180CE646E9
:10BFB80053F8900F444659689A68DB68AEE80F005A
:10BFC800B9F1000F1ED0E64600200AAB03EB870745
:10BFD80008F58761BEEC017A0A460AAB9046F3EC95
:10BFE800017AD8ED006A67EEA67A9F4237EE277A83
:10BFF80002F11002F2D1013081450EED017A01F112
:10C008000401E7D12B464A4661462046FFF7E6FC85
:10C0180003220021059B327004F12C0243F8041B13
:10C028009A42FBD1AAE623460DF1180CE64653F8CE
:10C03800900F59689A68DB68AEE80F00B9F1000FF5
:10C04800E0D0234604F5876E0AEB88014446604633
:10C05800984694B190ED007A534672469346F3ECB5
:10C06800017ADBED006A67EEA67A994237EE277A05
:10C0780002F11002F2D180ED007A0137B94500F1E2
:10C0880004000EF1040EE4D14446BBE70000F03F83
:10C098002DE9F0470D2482B00646174600780DF1C9
:10C0A80003020D468DF8034001F06EFF9DF80380F2
:10C0B8000190B8F1000F2AD0012406F5A26A06F211
:10C0C800DC49E3B2013B0C2B0FD8DFE803F0655DD8
:10C0D800756D554D453D362F271407003A462946BC
:10C0E80096F8460501ABFEF727FEA04504F10103CB
:10C0F8000CD01C46E5E701AB3A46294696F84505BB
:10C10800FEF71AFEA04504F10103F2D10198C0F32D
:10C11800072328706B7002B0BDE8F0873A462946BD
:10C1280096F8440501ABFEF707FEDEE73A462946D6
:10C13800504601ABFFF7E0F9D7E73A4629464846AB
:10C1480001ABFFF7D9F9D0E73A46294601AB06F526
:10C158009B60FFF78BF9C8E73A46294601AB06F51D
:10C168008760FFF73BF9C0E73A46294601AB06F579
:10C178002A70FFF7E7F8B8E73A46294601AB06F117
:10C18800A000FFF78DF8B0E73A46294601AB06F163
:10C198004000FEF771FEA8E73A46294601AB06F1D2
:10C1A8003A00FFF71DF8A0E73A46294601AB06F129
:10C1B8009000FFF733F898E73A46294601AB06F1B5
:10C1C8006800FEF759FE90E72DE9F043062483B096
:10C1D8000646904600780DF103020D468DF803409F
:10C1E80001F0D2FE9DF80370019027B3012406F1F7
:10C1F8000409E3B2013B052B0BD8DFE803F0231059
:10C20800322A3A034146284696ED0D0A01AAFEF75E
:10C218006DFDA74204F101030CD01C46E9E701AB10
:10C228004246294696F83800FEF786FDA74204F1F3
:10C238000103F2D10198C0F3072328706B7003B093
:10C24800BDE8F08342462946484601ABFEF714FE96
:10C25800DFE74146284696ED0B0A01AAFEF746FDA0
:10C26800D7E74246294696F8390001ABFEF764FD48
:10C27800CFE74146284696ED0C0A01AAFEF736FD9F
:10C28800C7E700BF2DE9F04186B004AB05AF05460E
:10C298000078CDE900370DF10F030E4601F052FE8C
:10C2A8009DF90F00B0B9012405F10408E3B2013B80
:10C2B800042B2DD8DFE803F0261F18110300394698
:10C2C8003046FEF7FBFC85ED0C0A0134072CEDD156
:10C2D8009DF90F0006B0BDE8F08139463046FEF7FB
:10C2E800EDFC85ED0B0AF0E739463046FEF71EFDFA
:10C2F80085F83900E9E739463046FEF717FD85F835
:10C308003800E2E7424639463046FEF763FDDCE78F
:10C3180039463046FEF7D2FC85ED0D0AD5E700BF59
:10C3280070B5D0ED017A2DED028BDFED5A6A0C461F
:10C3380067EEA66A15469DF818609DF81C10002A3D
:10C348006DD100EB8302D2ED038AD4ED004A76EE7C
:10C35800A88A4288B0EE087A07EE902A00EB83029A
:10C36800D2ED065AF4EE475AF8EE677A9FED4A5A2C
:10C37800F1EE10FA87EE856A30EE648A4CD192EDC0
:10C38800017ADFED467A37EE400AB7EE007A80FE92
:10C39800270A37EE407AF6EE087A27EE077A9FEDFD
:10C3A800405A67EE277ADFED3F5A67EE857A77EED7
:10C3B800A57AB5EEC08A66EEA77AF1EE10FA77EEA6
:10C3C800A67A44DD012B06BF00EB860696ED0A7AB5
:10C3D8009FED357A91B3D0ED017ADFED346A67EEDF
:10C3E800A67A87EE870A20EE060AB4EE408AF1EEB6
:10C3F80010FA30FE088A38EE248AB4EEE88AF1EEA4
:10C4080010FA58BFF0EE488A0DB1F1EE688AC4ED13
:10C41800008ABDEC028B70BDDFED257AC9E794ED8B
:10C42800008AF1EE484AC4ED004A00EB8302D2EDDF
:10C43800018AB1EE400A76EEE88A8AE7B4EE678AA6
:10C44800DFED197AF1EE10FA37FE877AC3E731B9D2
:10C45800B0EEC87AB4EEE77AF1EE10FA10DCD2ED5D
:10C46800337AB1EE460A80EE270A1DF049F9F7EE55
:10C47800007A37EEC00AD4ED004A28EE008ABAE7FF
:10C48800012BECD1D0ED346AB0EE087AC6EE877A8B
:10C49800E7E700BFC178C63D0000C84200000000C1
:10C4A800CDCC4C3ECDCCCC3D0000E144CBBECB3E08
:10C4B8009A99993E00EB8101D1ED036AF5EE406A45
:10C4C800F1EE10FA91ED017A03D077EE667A87FEE5
:10C4D800800A77EE607A9FED097A70EEE60AC7FE69
:10C4E800877AC0FE870AC7FEE07A77EEA77AF7EE6A
:10C4F800006A87EE807A87FE660A704700000000AF
:10C5080000EB820393ED067AF0EE087AB4EE677AD0
:10C51800F1EE10FA02F1FF322AD1B7EE007A77EE87
:10C52800600AF6EE087A60EEA00ADFED1F6A60EE98
:10C53800A77A9FED1E7A67EEA67A77EE877AD3ED13
:10C54800036A93ED017A00EE270A77EE667AB4EE75
:10C55800E70AF1EE10FA04DCF5EE406AF1EE10FAA3
:10C5680009D190F8D8301044B7EE000A0376704726
:10C57800DFED0F7AE3E769B90244137EFF2B0FD092
:10C588000133DBB2137690F8D8209A4208D9B0EE7E
:10C59800000A704700231044B0EE000A0376704783
:10C5A800B0EE080A704700BFCDCC4C3ECDCCCC3D98
:10C5B8009A99993E00222DE9F04F4FF07E510127BC
:10C5C800DFED477ADFED470A9FED471AFEEE081ABE
:10C5D8009FED462ADFED462A9FED463ADFED463AC3
:10C5E8009FED464ADFED464A9FED465ADFED465A33
:10C5F8009FED466A4FF00A0B4FF0030AF0EE0C6A03
:10C608009FED437A4FF000094FF002084FF6FF7E86
:10C6180040F2022C3F4C404D404EC0ED0E0A80EDDA
:10C628000F1AC0ED101A80ED112AC0ED152A80ED01
:10C63800253AC0ED263A80ED274AC0ED284A80ED1C
:10C64800295A07708264C26402658265C2654266BF
:10C65800C26602678267C0F88020C0F88420C0F8EC
:10C668008C20016681664167C167C0F88810C0F8F0
:10C678009010C0F8A840C0F8B040C0F8AC50C0ED69
:10C68800345A80ED356AC0ED386A80ED397AC0EDEC
:10C69800327AC0ED337AC0F8B450C0F8B850C0F858
:10C6A800BC40C0F8C050C0F8C4404262C261426099
:10C6B8008260C26002614261026280F83470A0F850
:10C6C800DAB0A0F8DCA0A0F8289080F8D880A0F80C
:10C6D80002E0A0F818C0C6620663BDE8F08F00BF8C
:10C6E80000006145894100BFCDCCCCBEE17A94BE43
:10C6F800CDCCCCBD52499DBC5F29CB3D76E06C3F8B
:10C708009BE67D3FBF0E7C3F00C0A8474031774C79
:10C7180017B7D1380000A041000020420000E144D2
:10C728002DE9F04786B004AB05AE04460078CDE9A4
:10C7380000360DF10F030D4601F004FC9DF90F00C2
:10C7480000BB4FF0010A04F1B80904F1A80804F18C
:10C7580094075FFA8AF3013B0A2B5BD8DFE803F002
:10C76800534C453E373029221B15060042463146B8
:10C778002846FEF7B3FC0AF1010ABAF10D0FE8D119
:10C788009DF90F0006B0BDE8F0873A4631462846C5
:10C79800FEF708FDEFE73146284604F18002FEF770
:10C7A80001FDE8E73146284604F16C02FEF7FAFC81
:10C7B800E1E73146284604F15802FEF7F3FCDAE7D0
:10C7C8003146284604F14802FEF788FCD3E7314693
:10C7D800284604F1E002FEF7D5F9CCE731462846B1
:10C7E80004F1DA02FEF7A2FCC5E73146284604F157
:10C7F8003802FEF773FCBEE73146284604F1C8024A
:10C80800FEF7C0F9B7E73146284604F1D002FEF733
:10C81800B9F9B0E74A4631462846FEF75FFCAAE771
:10C828009FEDDE7ADFEDDE7A2DE9F04720EE877A9C
:10C838002DED0C8B70EEA77ADFEDDA6A90ED019A98
:10C8480088B0B0EE408ADDE91D5687EE270AF0EE83
:10C85800608A29EE269AF0EE419A04468946904667
:10C868001F46B0EE61AA9DF870A01CF049FFDFEDED
:10C87800CE6A9FEDCE6A69EEA66A9FEDCD7AC6EEC6
:10C88800867A38EE877A27EE800ADFEDCA6AC0EE2C
:10C89800077A9FEDC97A27EEA60AB4EEC70AF1EE29
:10C8A80010FA00F30A826388B8EE00BAB3F5967FEF
:10C8B8002246A44600F00C82B3F5E16F00F0328204
:10C8C800642B00F01A82D4ED0ECAD4ED12BAD4ED5E
:10C8D8002AAA94ED2ECA52F8580F05AB51689268EF
:10C8E80007C35CF8640F03ABDCF8041003C39FEDC7
:10C8F800AB0ADFEDAB7A2AEE800A7AEEA77A80EEF1
:10C90800270A1CF0FDFEDFEDA87A9FEDA8DA2CEED1
:10C9180027CADFEDA77A8CEE0D7A7AEEA77A27EE92
:10C92800007ADFEDA46A87EE270A20EE260A1CF0BB
:10C93800B5FFD4ED020AF5EE400AF1EE10FA7FD009
:10C948003BEE407A9DED056A67EE077A9DED060A93
:10C9580078EEEAAA27EE007ACAEE8D6A67EE867A42
:10C968009DED036A77EE877A9DED070A26EE867AB3
:10C97800DDED046A77EE807A37EE267AF7EE086AFC
:10C9880067EE877AB6EE000AC7FEE67AC7FE807AB7
:10C9980068EEABBA9FED857A2BEE2CBA8BEE870A40
:10C9A80030EE0B0A38EE400A30EE600A20EE270A15
:10C9B80030EE200A86ED000AB8F1000F40F004813D
:10C9C800BAF1000F00F0A48094ED027AD4ED037A56
:10C9D800D4ED076AB5EE407AF1EE10FAF5EE407A3A
:10C9E80008BF96ED007AF1EE10FA08BFD6ED007A8E
:10C9F80085ED007A94ED046AB5EE406AF1EE10FA1E
:10CA080008BF37EE496AC5ED046A85ED026AC5EDCF
:10CA1800017A94ED057AB5EE407AF1EE10FA08BF86
:10CA280037EEC97A85ED037A236A6B6194F834305E
:10CA3800012B00F0288108B0BDEC0C8BBDE8F08715
:10CA4800F7EE007AA4E7D4ED027AF5EE407AD4ED59
:10CA5800047AF1EE10FAF5EE407A04BF84ED020A8A
:10CA680096ED000AF1EE10FA0CD1D4ED027A77EEC9
:10CA7800C97AF4EEC07AF1EE10FAC4BF84ED040A64
:10CA880096ED000A02230022CDE900372046012353
:10CA980004F10801FFF744FCD4ED047AF5EE407A7E
:10CAA800F1EE10FA40F08181D4ED037AF5EE407A88
:10CAB800D4ED057AF1EE10FAF5EE407A04BF33684A
:10CAC800E360F1EE10FA0CD1D4ED037A96ED000A8A
:10CAD80077EEC97AB4EEE70AF1EE10FA03D584EDE1
:10CAE800050A96ED000A4FF0020A00225346204636
:10CAF800CDE900A704F10C01FFF712FCD4ED057A8B
:10CB0800F5EE407AF1EE10FA40F05B8196ED000AFE
:10CB180094ED026AB4EEC06AF1EE10FAB0EE467A0D
:10CB280000F28C800123B9F1000F00F09480B8F175
:10CB3800000F00F00C81F0EE400A01212046B0EE13
:10CB4800490AFFF7B7FC0122F0EE400A1946B0EE99
:10CB5800490AFFF7D5FC84ED070AD4ED037AD6ED30
:10CB6800000AF4EEE07AF1EE10FA00F209810221EF
:10CB7800B0EE490A2046FFF79DFCF0EE400A414618
:10CB88000222B0EE490A2046FFF7BAFC94ED027A79
:10CB9800D4ED037AD4ED076A72E000BFC3F58C4187
:10CBA800B81E7343C178C63D8195C3400000C84292
:10CBB8003393884333B358430AD7233C0000AA422F
:10CBC800000020C200000000BAF1000F7FF4FCAEA4
:10CBD8005FED067AF4EEE78AF1EE10FA98D85FED89
:10CBE800087AF4EEE78AF1EE10FA91DBF4EEC79AD0
:10CBF800F1EE10FA8CD85FED0D7AF4EEE79AF1EECB
:10CC080010FA85DBB4EE67AAF1EE10FA40F0E58081
:10CC180094ED097AB4EE677AF1EE10FA3FF413AFA7
:10CC2800238D06EE903AF8EE666A37EE667AC7FE0E
:10CC3800877AC4ED097A96ED000A69E7D4ED047A9B
:10CC4800F4EEC07AF1EE10FAACBF01230023B9F17B
:10CC5800000F7FF46CAF5FED256AC4ED076A94F8A6
:10CC6800D830D4ED037A237696ED005AB4EEE75A1D
:10CC7800F1EE10FAF0EE675A7BDB1FED2E0A6376B1
:10CC880084ED080AA6E6F0EE087AF4EE676AF1EE9B
:10CC980010FA0AD14FB10023D4F8C810D4F8CC2028
:10CCA800E162226384F83430C5E65B4BE3622363B8
:10CCB80008B0BDEC0C8BBDE8F0871CF0EFFD638875
:10CCC800B0EE40BAB3F5967F2246A4467FF4F4ADA1
:10CCD80052F8800F05AB51689268D4ED10CA07C3AB
:10CCE8005CF88C0F03ABDCF80410D4ED14BAD4ED67
:10CCF8002CAA94ED30CA03C3F9E552F8940F05AB9A
:10CD080051689268D4ED11CA07C35CF8A00F03AB51
:10CD1800DCF80410D4ED15BAD4ED2DAA94ED31CA7F
:10CD280003C3E4E552F86C0F05AB51689268D4ED83
:10CD38000FCA07C35CF8780F03ABDCF80410D4ED16
:10CD480013BAD4ED2BAA94ED2FCA03C3CFE5DFEDB8
:10CD5800336AC4ED076A94F8D830D4ED037A2376A1
:10CD680096ED005AF4EEC57AF1EE10FAF0EE675A35
:10CD780083D9B0EE467AF0EE657AD4ED076A7CE79F
:10CD8800D4ED057AF4EEE07AF1EE10FA4FF00201F4
:10CD9800B0EE490A2046ACBF4FF001084FF000083A
:10CDA800FFF788FBF0EE400AE9E60123CDE90037FA
:10CDB8001A4696ED000A204604F11001FFF7B0FA72
:10CDC80072E6012201970092534696ED000A20462A
:10CDD80004F11401FFF7A4FA98E6FDEECA7A17EEFB
:10CDE800903A04EB4302B2F8D820D4ED098A08EE51
:10CDF800102AB8EE488A04EB830393ED370A1CF037
:10CE08007FFC38EEC88AC8EE007A78EEE78AC4ED6F
:10CE1800098A96ED000A7BE60000E1440000000064
:10CE28002DE9F0470C2482B00646174600780DF12C
:10CE380003020D468DF8034001F0A6F89DF8038023
:10CE48000190B8F1000F27D0012406F1B80A06F1C5
:10CE5800A809E3B2013B0B2B0DD8DFE803F05C54C3
:10CE68006C644C443C342C2412063A4629465046FD
:10CE780001ABFEF75BF8A04504F101030BD01C469B
:10CE8800E7E701AB3A4629464846FEF74FF8A04582
:10CE980004F10103F3D10198C0F3072328706B70E4
:10CEA80002B0BDE8F0873A46294601AB06F1940086
:10CEB800FEF7DAF8DFE73A46294601AB06F18000CB
:10CEC800FEF7D2F8D7E73A46294601AB06F16C00DF
:10CED800FEF7CAF8CFE73A46294601AB06F15800F3
:10CEE800FEF7C2F8C7E73A46294601AB06F1480003
:10CEF800FEF71CF8BFE73A46294601AB06F1E00009
:10CF0800FDF75AFEB7E73A46294601AB06F1C800D5
:10CF1800FDF752FEAFE73A46294601AB06F1D000CD
:10CF2800FDF74AFEA7E73A46294601AB06F1DA00C3
:10CF3800FEF754F89FE73A46294601AB06F1380058
:10CF4800FDF7F4FF97E700BF2DE9F0470B2482B007
:10CF58000646174600780DF103020D468DF803408A
:10CF680001F012F89DF803800190B8F1000F28D065
:10CF7800012406F12C0A06F11C09E3B2013B0A2B35
:10CF88000ED8DFE803F0534B635B443C2D25341384
:10CF980006003A46294696F8340001ABFDF7CCFE68
:10CFA800A04504F101030BD01C46E6E701AB3A4665
:10CFB80029465046FDF700FEA04504F10103F3D1D0
:10CFC8000198C0F3072328706B7002B0BDE8F087A2
:10CFD8003946284696ED010A01AAFDF787FEDFE7E4
:10CFE8003A462946308D01ABFDF720FED8E73A4690
:10CFF800294696F8D80001ABFDF79EFED0E73946E2
:10D00800284696ED090A01AAFDF770FEC8E73A46D8
:10D018002946484601ABFDF7CFFDC1E73A46294608
:10D0280001AB06F11000FDF7C7FDB9E73A462946FE
:10D0380001AB06F10800FDF7BFFDB1E73A46294606
:10D0480001AB06F11800FDF719FEA9E73A46294693
:10D05800708801ABFDF7EAFDA2E700BF002370B4BA
:10D0680040F20221002602254FF6FF744362C36195
:10D0780043608360C3600361436103620123064A1E
:10D08800068580F8D8504480C2620263018380F824
:10D09800343070BC704700BF0000E1444FF6FF73A6
:10D0A800994232D030B52DED028B43880C468B4225
:10D0B800054683B025D0B1F5967F418026D0B1F5DD
:10D0C800E16F4ED064294CD064219FED300A304B7B
:10D0D800A3FB04235A0901FB124292B25B09312ACD
:10D0E80088BF01332B851CF0D9FB9FED2A7AB0EE5F
:10D0F800C00AC0EE077AC5ED017A5CB9FF2385F84E
:10D10800D83003B0BDEC028B30BD70470322224BF0
:10D118000285436047F23052B2FBF4F304FB13225A
:10D1280092B29BB2AAB907EE903AB8EE670AB5EE8A
:10D13800400AF1EE10FAB1EEC08A19D438EE088A26
:10D14800BBFE488AFCEEC87ACDED017A9DF8043022
:10D15800D5E704F0010101EB5404A242A8BF013352
:10D16800E1E70B4B9FED0D0AA3FB04235B09B9E72D
:10D1780022F08EFA38EE088AFBFE487AFCEEE77A4F
:10D18800CDED017A9DF80430B9E700BF304C463F39
:10D198001F85EB51502C633E16A85F3F9A99193FA3
:10D1A8002DE9F04786B004AB05AE04460078CDE91A
:10D1B80000360DF10F030D4600F0C4FE9DF90F0077
:10D1C800F8B94FF0010A04F12C0904F11C0804F124
:10D1D80018075FFA8AF3013B092B50D8DFE803F000
:10D1E80048413B352F28221B14054A46314628461C
:10D1F800FDF7C8FC0AF1010ABAF10C0FE9D19DF953
:10D208000F0006B0BDE8F08731462846FDF78EFDD1
:10D2180084F8D800EEE731462846FDF74FFD84ED47
:10D22800010AE7E731462846FDF7EEFC2085E1E7ED
:10D2380031462846FDF742FD84ED090ADAE7424601
:10D2480031462846FDF79EFCD4E73A463146284643
:10D25800FDF700FDCEE731462846FDF7D5FC608096
:10D26800C8E73146284604F11002FDF78BFCC1E7F8
:10D278003146284604F10802FDF784FCBAE7314636
:10D288002846FDF753FD84F83400B3E7032310B5AF
:10D29800044600F8043BFEF7DBFA2046FCF7E8FCFE
:10D2A800204610BD70B586B004AB05AE04460078C4
:10D2B800CDE900360DF10F030D4600F043FE9DF950
:10D2C8000F0008B106B070BD2846314604F12002AF
:10D2D800FDF714FC9DF90F0006B070BDF2EE047A5C
:10D2E800F8B5B4EE670A2DED048BD0ED049AF1EE93
:10D2F80010FAB0EE409AF5EE409A98BFB0EE679AF1
:10D30800F1EE10FA04460F4616461D46F0EE608A06
:10D31800B0EE418A30D0B0EE490A94ED019A1CF083
:10D32800BDFAD4ED047A70EE677A67EE897A37EE43
:10D33800A90A87ED000AD4ED057AD4ED020A78EE41
:10D34800E78A68EEA08A78EEA78AC6ED008AD4ED4F
:10D35800067A94ED031A38EE678A28EE018A38EEC9
:10D36800278A85ED008ABDEC048B3B68236133680E
:10D3780063612B68A361F8BDB0EE490A1CF08EFA10
:10D38800C4ED058AF0EE409A84ED068A84ED040A1D
:10D39800C1E700BF2DE9F041012482B0064690465E
:10D3A80000780DF103020F468DF8034000F0ECFD04
:10D3B8009DF80350019035B10024203654B1013452
:10D3C800A542FBD10198C0F3072338707B7002B0E7
:10D3D800BDE8F08142463946304601ABFDF7AAFB6D
:10D3E800EDE700BF2DE9F041012482B006469046E2
:10D3F80000780DF103020F468DF8034000F0C4FDDC
:10D408009DF80350019035B10024103654B1013411
:10D41800A542FBD10198C0F3072338707B7002B096
:10D42800BDE8F08142463946304601ABFDF782FB44
:10D43800EDE700BF70B586B004AB05AE04460078D2
:10D44800CDE900360DF10F030D4600F07BFD9DF987
:10D458000F0008B106B070BD2846314604F110022D
:10D46800FDF74CFB9DF90F0006B070BD07EE901A52
:10D47800DFED1C6AF8EE677A86EEA77AF6EE007A98
:10D48800D0ED086A27EE277AD0ED095AF7EE007A30
:10D4980086EE876A90ED0A5AC5EE876AB4EEE76AA7
:10D4A800C5EE075AF1EE10FAF4EEE76A37FE866A1F
:10D4B800F1EE10FAF4EEE75A77FEA66AF1EE10FAEA
:10D4C80000B585B077FEA57A043001A98DED016A13
:10D4D800CDED026ACDED037AFEF732F905B05DF8BD
:10D4E80004FB00BF0000C84210B5044600F8041B46
:10D4F800FEF7BEF92046FCF7CFFB204610BD00BF63
:10D5080070B586B004AB05AE04460078CDE90036A8
:10D518000DF10F030D4600F015FD9DF90F0008B140
:10D5280006B070BD2846314604F11002FDF72AFB0B
:10D538009DF90F0006B070BDB5EEC01AF1EE10FAF5
:10D5480008B52BD9DFED177AB4EE671AF1EE10FAA9
:10D5580037FE811A90ED027AB5EE407AF1EE10FAB4
:10D5680008BFB0EE407AD0ED016A30EE470AD0ED40
:10D57800047A20EE260A61EE277AD0ED056A30EEAD
:10D58800070A77EEA67A80ED020A37EE811A01F0D3
:10D598000DF9DFED047A80FE670A08BD9FED021AD7
:10D5A800D8E700BF0000C84217B7D1382DE9F041CD
:10D5B800012482B00646904600780DF103020F461A
:10D5C8008DF8034000F0E0FC9DF80350019035B160
:10D5D8000024103654B10134A542FBD10198C0F3A0
:10D5E800072338707B7002B0BDE8F08142463946A7
:10D5F800304601ABFDF7B2FDEDE700BF2DE9F04184
:10D60800012482B00746904600780DF103020E46C9
:10D618008DF8034000F0B8FC9DF8035001902DB13F
:10D62800002454B10134A542FBD10198C0F307236B
:10D638003070737002B0BDE8F0814146304697ED16
:10D64800020A01AAFDF752FBECE700BF70B586B0ED
:10D6580004AB05AE04460078CDE900360DF10F03A2
:10D668000D4600F06FFC9DF90F0008B106B070BDC3
:10D6780028463146FDF722FB9DF90F0084ED020A8A
:10D6880006B070BD07EE901ADFED216AB8EE677A32
:10D69800B6EE006AC6EE877ADFED1E6A67EE867A16
:10D6A80010B5B7EE007A2DED048BC6EEA78A9FED74
:10D6B8001A0AC8FEC78A28EE800A04461CF046F9F2
:10D6C80020EE008A28EE089A39EE089AB5EE409ABC
:10D6D800F1EE10FA16D4F7EE007AF4EE678AF1EE5E
:10D6E80010FA0AD0B1EEC90A30EE488A38EE088A34
:10D6F80084ED018ABDEC048B10BDC4ED017ABDEC4C
:10D70800048B10BDB0EE490A21F0C2FFE3E700BF69
:10D718000000C84299D4503CDB0FC93F002230B406
:10D728000225054C054905704460416181618260AC
:10D73800C260026130BC7047EC518542000048422B
:10D7480070B586B004AB05AE04460078CDE9003666
:10D758000DF10F030D4600F0F5FB9DF90F0008B120
:10D7680006B070BD28463146FDF7A8FA9DF90F00AE
:10D7780084ED010A06B070BDD1ED007AD1ED026AE0
:10D7880037EEC07A77EEE67AC7EE276ADFED527A8F
:10D7980090ED026A66EEA76AB7EE005ADFED4F7A9F
:10D7A80027EE066A76EEA76A9FED4D7AF4EEC50A73
:10D7B800F8B536EE276A2DED028BC7FE266ADFED37
:10D7C800495AF1EE10FA0C46DDE90816B0EE408A27
:10D7D800C7FE067AC5FEE66A0A9D5AD4C0ED056AF8
:10D7E800C0ED067AC2ED006A27695760C3ED007A7A
:10D7F80022695A6090ED017AB4EEE77AF1EE10FAF8
:10D8080042DBB1EE047ADFED386A27EE877A37EE2D
:10D81800267ADFED366A86FE877A81ED007A2369FB
:10D82800B2EE040A4B6090ED037AD0ED040A67EE7D
:10D83800877A77EEA00A02F0FFFE9FED2D7ADFEDE2
:10D848002D7A87FE000AC7FEC07AC6ED007A2369E2
:10D85800DFED296A7360D4ED017A94ED037A37EE2F
:10D86800C88A37EEC77AC8EE077ABDEC028B67EE36
:10D87800A67A9FED1B7AC7FEE67AC7FE277AC5ED22
:10D88800007A63696B60F8BDB2EE047A27EE877A96
:10D89800BFE790ED057AB4EEE67AF1EE10FA60EEA5
:10D8A800A00A07D535EE605A66EEA06A25EE075A3B
:10D8B80075EE266A90ED066AB4EEE76AF1EE10FAA4
:10D8C80090D5B7EE007A37EE607A67EEA07A67EE09
:10D8D800060A70EEA77A85E7000016430000484262
:10D8E800000000000000FA4300007A430000C8432B
:10D8F800CDCCCC3D00007A440000C8422DE9F0416F
:10D90800012482B00746904600780DF103020E46C6
:10D918008DF8034000F038FB9DF8035001902DB1BD
:10D92800002454B10134A542FBD10198C0F3072368
:10D938003070737002B0BDE8F0814146304697ED13
:10D94800010A01AAFDF7D2F9ECE700BF2DE9F04181
:10D95800052482B00646904600780DF103020D4674
:10D968008DF8034000F010FB9DF80370019017B389
:10D978000124E3B2013B042B0BD8DFE803F033109A
:10D988002B2303004146284696ED040A01AAFDF719
:10D99800ADF9A74204F101030CD01C46E9E7414662
:10D9A800284696ED060A01AAFDF7A0F9A74204F158
:10D9B8000103F2D10198C0F3072328706B7002B0FD
:10D9C800BDE8F0814146284696ED030A01AAFDF715
:10D9D8008DF9DEE74146284696ED020A01AAFDF7D1
:10D9E80085F9D6E74146284696ED050A01AAFDF7CE
:10D9F8007DF9CEE70023034A836042618261C360F8
:10DA080003617047000048424FF6FF73994220D0E7
:10DA1800B1F5967F10B504461CD0B1F5E16F15D06D
:10DA28009FED0E0ADFED0E7A642907FE800A1BF0CF
:10DA380035FF9FED0C7AB0EEC00AC7EE007A0A4AAD
:10DA48000A4BC4ED027AE260236110BD9FED040A1F
:10DA5800EDE770479FED060AE9E700BF304C463F07
:10DA68009A99193F000016434F57213C841C4BBF1D
:10DA78000AD7233FF0B587B004AB05AF0546007859
:10DA8800CDE900370DF10F030E4600F05BFA9DF962
:10DA98000F0098B90124E3B2013B39463046032B05
:10DAA8001DD8DFE803F017120D02FDF707F985ED21
:10DAB800030A0134062CEED19DF90F0007B0F0BD22
:10DAC800FDF7FCF885ED020AF3E7FDF7F7F885EDB9
:10DAD800060AEEE7FDF7F2F885ED050AE9E7FDF736
:10DAE800EDF885ED040AE4E7F0B4002200240025EF
:10DAF80064264FF0050C084F0849C0E90245C0E903
:10DB08000845C761866280F800C0C162026142614F
:10DB180082610263F0BC7047C9B28B5323291D563A
:10DB280070B586B004AB05AE04460078CDE9003682
:10DB38000DF10F030D4600F005FA9DF90F0008B12D
:10DB480006B070BD31462846FDF7B8F8314684ED79
:10DB5800060A2846FDF75CFB314684F8280028466B
:10DB6800FDF7ACF89DF90F0084ED0B0A06B070BD07
:10DB78002DE9F84FD0E902AB14461D46D0E9082339
:10DB8800B4EB0A0865EB0B09424573EB090307463A
:10DB98000B9E03DB544575EB0B037DDA00234FF036
:10DBA80000093B6187F82A90C7E9024597F8298060
:10DBB800B8F1000F15D1D7E90201201A65EB010170
:10DBC80001F03EFCD7ED057A06EE900A97ED067A4D
:10DBD80076EEA77AF4EEC77AF1EE10FAC7ED057A79
:10DBE80069DA97F82B30CBB9D7E90201201A65EB2F
:10DBF800010101F025FCD7ED0C7A06EE900A97EDAD
:10DC08000B7A76EEA77AF4EEC77AF1EE10FAA8BF8F
:10DC18000123C7ED0C7AA8BF87F82B30B9F1000FA4
:10DC280019D1D7E90201201A65EB010101F008FCBE
:10DC3800D7ED047A06EE900A97ED077A76EEA77A82
:10DC4800F4EEC77AF1EE10FAA8BF0123C7ED047A03
:10DC5800A8BF87F82A30012C75F10003BCBF012446
:10DC680000250A9BC7E9024583F8008097F82A3007
:10DC78000D9A337097F82B301370337833B9D7ED8A
:10DC8800077AF5EE407AF1EE10FA0BD14FF07E5399
:10DC98000C9A1360BDE8F88F5AEA0B0390F82A90A3
:10DCA80084D181E7D7ED046A86EEA77A0C9B83EDD1
:10DCB800007ABDE8F88F0123984687F8293090E765
:10DCC8002DE9F041032482B00746904600780DEB19
:10DCD80004020D468DF8034000F056F99DF80360E4
:10DCE8000190CEB1012406E0012B24D0A64204F114
:10DCF800010310D01C46E3B2022B14D0032BF3D13E
:10DD08004146284697ED0B0A01AAFCF7EFFFA64209
:10DD180004F10103EED10198C0F3072328706B705A
:10DD280002B0BDE8F0814246294697F9280001ABC8
:10DD3800FDF7F0F9DAE74146284697ED060A01AA09
:10DD4800FCF7D4FFD2E700BF2DE9F041072484B0E7
:10DD58000646904600780DF10B020D468DF80B40F3
:10DD680000F012F99DF80B7003901FB30124E3B281
:10DD7800013B062B0CD8DFE803F02C243D35451178
:10DD880004004146284696ED0C0A03AAFCF7AEFFAC
:10DD9800A74204F101030CD01C46E8E703AB424656
:10DDA800294696F82B00FDF73DF8A74204F1010338
:10DDB800F2D10398C0F3072328706B7004B0BDE854
:10DDC800F0814146284696ED050A03AAFCF78EFF26
:10DDD800DEE703AB00932A46D6E902014346FCF787
:10DDE800D3FFD5E74246294696F8290003ABFDF74D
:10DDF80019F8CDE74146284696ED040A03AAFCF730
:10DE080075FFC5E74246294696F82A0003ABFDF799
:10DE180009F8BDE74FF6FF7399421FD090F9282003
:10DE2800174B01FB02F202EB5202A2FB0323B1F5EE
:10DE3800967FC0E908231ED0B1F5E16F09D0DFED68
:10DE4800117A9FED117A642947FE277AC0ED077A87
:10DE58007047DFED0E7AC0ED077A704710B40021E5
:10DE68000024002200230461C0E902235DF8044B6A
:10DE780080F82A107047DFED047AC0ED077A704702
:10DE880080969800C9B28B53C9B28B5276845F5181
:10DE9800F0B587B004AB05AF05460078CDE900378B
:10DEA8000DF10F030E4600F04DF89DF90F00B8B9BB
:10DEB8000124E3B2013B052B3DD8DFE803F0352E02
:10DEC800271D1303059BF25C0133003A18BF01229A
:10DED800059385F82B200134082CEAD19DF90F0011
:10DEE80007B0F0BD059BF25C0133003A18BF012270
:10DEF800059385F82A20EEE7059BF25C0133003A8A
:10DF080018BF0122059385F82920E4E739463046F1
:10DF1800FCF7D4FE85ED040ADDE739463046FCF708
:10DF2800CDFE85ED050AD6E739463046FCF710FFE9
:10DF3800C5E90201CFE739463046FCF7BFFE85ED5B
:10DF48000C0AC8E770B4002483B0032ADDE906563A
:10DF580034601C702C6004D898221A7003B070BC0E
:10DF68007047042232604A780C788DF805208DF8C5
:10DF78000440BDF804202A608A7882421CBF9C2293
:10DF88001A7003B070BC704730B415780DB19D425B
:10DF980003D230BC002010707047044604208C70F7
:10DFA80030BC70472DE9F04F2DED028B00278DB066
:10DFB800DDF860A004468AF800701D788846164689
:10DFC800039385B1DDF864C03A460020002700219C
:10DFD80063460CEB05155A739F601A739A73E3E84E
:10DFE80004019D42F7D1002E00F06A814FF0000C29
:10DFF800434661464FF00109DFF800E328E015F0D9
:10E00800010539D017EA010541EA070140F0F3801C
:10E01800B74FD3ED027A3A4412F8012C0CF1010CF7
:10E0280004EB820202F60C1B9BED007AF4EEC77A31
:10E03800F1EE10FA02F62C1203F1100320D492ED3F
:10E04800007AF4EEC77AF1EE10FA19DCB4451CD068
:10E058005A7B501EC0B217284EFA00F509FA00F78D
:10E06800CDD9FF2300258AF80030039B1D700DB021
:10E07800BDEC028BBDE8F08FFF238AF80030F4E78F
:10E08800FE2300258AF80030EFE708AB0DF1280BD6
:10E098001A4631468DF81E0008EE103A40465B4697
:10E0A8008DF81D50FBF7BCF9DDE90A2300214FF676
:10E0B800FF708B4208BF82420AD09DED080A2046B5
:10E0C800FBF7C8F9002840F0AE80002E44D0884FF6
:10E0D8009DF81DC045466346AE46AC464FF0000865
:10E0E8004FF004091D46DEE900019EF80D3008F1E5
:10E0F80001083B4413F8013C0EF1100EE53304EB24
:10E10800C303D3E90023994208BF904202D10DB955
:10E118008AF80090B045E6DB2F46994208BF904246
:10E12800654618BF0123BC4608BF0023B046002738
:10E1380066468DF81F3001E09DF81D6095ED020AD6
:10E14800D5E90023697B204601370096FCF7D2FB0E
:10E15800474505F11005EFDB94F8EB3A002B70D139
:10E1680094F8BC1A94F8EA2A2046FBF781FE039B30
:10E178001D78002D5BD000234FF6FF791D461A4607
:10E188005C4F5B4603E0561C1A2E32462CD047FAE9
:10E1980002F1C907F7D55849561C515C04EB4101F7
:10E1A800B1F8B0184945EFD04FF00108D4F88C18F1
:10E1B80008FA02F00842E7D002EB0806F2B211466C
:10E1C80005920DF11E020092204618EE102A0493C3
:10E1D800FCF788FA039B05EB08011A78049BAA420E
:10E1E8000ED803238AF8003000232046C4F88C3860
:10E1F800FAF79AFF39E7FA2300258AF8003034E75E
:10E208001998CDB2089A691E00EB01118A60059829
:10E218009DF81E20DDE90ABC4873C1E900BC81F8FD
:10E228000C808A73B0E701238DF81D304DE7022377
:10E238008AF8003000232046C4F88C38FAF774FFB7
:10E2480013E75A4618EE101A20460DF11D03FCF785
:10E2580037FA0DF11F035A46204609A9FCF700FCBE
:10E268009DF81D3013B19DF81F3033B994F8EA2A90
:10E27800511EC9B284F8BC1A76E7DDED087AF8FEBB
:10E28800677AFCEEE77ACDED047A94F8B42A9DF823
:10E29800103001259A421CBF05228AF8002094F804
:10E2A800EA2A591CC9B2B1FBF2F002FB10118DF831
:10E2B8001E3084F8ED3A84F8B41A84F8EC5AD7E79B
:10E2C80008AB0DF1280B1A463146404608EE103AC5
:10E2D8005B468DF81D60FBF7A3F8DDE90A230021F2
:10E2E8004FF6FF708B4208BF82423FF435AFE4E639
:10E2F80028000300EF79F203DC0003000F20E000A0
:10E308002DE9F04F1D464FF0DF0C0023102485B097
:10E31800DDF84080DDF844A0172D88F800C003948C
:10E32800CAF800302AD91746002934D106460C46C7
:10E3380040F217798B4688F8001001E00B2C20D0AA
:10E3480049FA04F3DB0704F10104F7D5DDE90E23EC
:10E358003046CDF800B0E1B2FCF73EF90028EDD028
:10E368000F9B294601930E9B03AA00930346384648
:10E37800FAF7B6FE88F800000028DFD005B0BDE83F
:10E38800F08F98F90030002BF8D1DDE90E123046F5
:10E39800FAF7AAFF78B998F90040002CEED1039B50
:10E3A80038465146CAF80030FAF758FF88F8004056
:10E3B80005B0BDE8F08F0F9B294601930E9B03AA79
:10E3C800009303463846FAF78BFE044688F80000A7
:10E3D800002CD3D1E3E700BF2DE9F04F1D464FF0E5
:10E3E800DF0C0023102485B0DDF84080DDF844A060
:10E3F800182D88F800C00394CAF8003029D91746A8
:10E4080051BB06460C4640F217798B4688F8001037
:10E4180001E00B2C20D049FA04F3DB0704F10104D6
:10E42800F7D5DDE90E233046CDF800B0E1B2FCF7B0
:10E438000DF90028EDD00F9B294601930E9B03AAE6
:10E44800009303463846FAF74BFE88F80000002888
:10E45800DFD005B0BDE8F08F98F90040002CF8D166
:10E46800039B38465146CAF80030FAF7F7FE88F899
:10E47800004005B0BDE8F08F002302200422087098
:10E488004A708B70CB70704700F084B908B5FBF701
:10E498004FF8002008BD00BF38B555EC104B0022DE
:10E4A80010EE100A174B25F0004100F023FED0B102
:10E4B800002220462946144B00F030FE002250B1BD
:10E4C80020462946104B00F0EDF9BDE8384041ECF4
:10E4D800100B1AF051BF204629460C4B00F028FEBD
:10E4E80020B10024002545EC104B38BD20462946B4
:10E4F800054B002200F0D4F9BDE8384041EC100B80
:10E508001AF0DEBE000030430000E03F0000E0BF2C
:10E518002DE9F04F07460E460020002189B0DDF8AE
:10E5280048801C460DF1160907F6F8030DF1180A84
:10E53800C3E9000115461146304642464B46CDF820
:10E5480000A0FBF737FA9DF9160008BB083D0DF14E
:10E558001C0B069BAB4228D20DF117033046CDE9C0
:10E568000093224643465146CDF808B0FAF796FF85
:10E578009DF9160060B99DF81710FE290BD02246A8
:10E588003846079BFBF73AFC8DF816000028E0D0C8
:10E5980009B0BDE8F08F21463846079AFBF78AFA9A
:10E5A8008DF816000028D4D0F2E79DF9160009B0BE
:10E5B800BDE8F08F2DE9F04F0E4689B0129F0DF19E
:10E5C80016080DF118091146154682461C463046B4
:10E5D8003A464346CDF80090FBF7ECF99DF9160052
:10E5E80008BB083D0DF11C0B069BAB4227D20DF171
:10E5F80017033046CDE9008322463B464946CDF80D
:10E6080008B0FAF74BFF9DF9160060B99DF817108E
:10E61800FE290BD022465046079BFCF731F98DF8AE
:10E6280016000028E0D009B0BDE8F08F2046079911
:10E63800FBF712FB8DF816000028D5D0F3E79DF9FB
:10E64800160009B0BDE8F08F08B501460248FFF78B
:10E6580013FF002008BD00BFB8CC002008B5024851
:10E66800FFF712FF002008BDB8CC00200146014882
:10E67800FFF70CBFB8CC002030B50D4685B00DF1C2
:10E688000F040146019204482A460094FAF774FAE6
:10E698009DF90F0005B030BDB8CC002030B50D464F
:10E6A80085B00DF10F040146019204482A460094F2
:10E6B800FFF778FC9DF90F0005B030BDB8CC0020FD
:10E6C80030B50D46144683B0014600932A462346CA
:10E6D8000248FFF71DFF03B030BD00BFB8CC0020D3
:10E6E80030B50D46144683B0014600932A462346AA
:10E6F8000248FFF75FFF03B030BD00BFB8CC002071
:10E70800F0B50F46164687B00C9D014605AC0DF1D5
:10E718001300CDE9020400933A46334605480195B3
:10E728000D9CFFF7EDFD059B9DF91300236007B0D5
:10E73800F0BD00BFB8CC0020F0B50F46164687B034
:10E748000C9D014605AC0DF11300CDE902040093C0
:10E758003A463346054801950D9CFFF73DFE059B5B
:10E768009DF91300236007B0F0BD00BFB8CC0020AE
:10E7780030B50D4685B00DF10F0101922B460246CA
:10E7880000910348F9F7A8FE9DF90F0005B030BDC8
:10E79800B8CC002010B50446FBF7BEFA2046FBF7BC
:10E7A80057F82046FAF7DCFE204610BDB5EEC01A31
:10E7B800F1EE10FA08B52DED028BF0EE408AB0EEBE
:10E7C800608A38D4DFED1D7AB4EEE71AF1EE10FA5C
:10E7D8002EDC81EE270A01F02FFEDFED190ADFEDAE
:10E7E800197A68EEA76A78EEA08A86EEA87A37EEDC
:10E7F800000A60EE206A37EEC00A86EE807A68EE7C
:10E80800276A67EE277A38EE208A37EE207A87EE75
:10E81800870AC6EE887A30EE670A1AF071FFBDECF7
:10E82800028BDFED067A20EE270A80FE670A08BD14
:10E83800B7EE000ACFE79FED040ACCE70000C84214
:10E84800B81E7343C3F58C4100000000002917DD92
:10E858004FF6FF7330B401380B4D441810F8011F00
:10E868004B40D9B235F81110844281EA1323F5D10F
:10E8780030BCDB43D9B2C3F3072311705370704720
:10E888000023137053707047F8000300994206BFC5
:10E89800904201200020704781F0004102E000BF53
:10E8A80083F0004330B54FEA41044FEA430594EA48
:10E8B800050F08BF90EA020F1FBF54EA000C55EA83
:10E8C800020C7FEA645C7FEA655C00F0E2804FEA54
:10E8D8005454D4EB5555B8BF6D420CDD2C4480EA36
:10E8E800020281EA030382EA000083EA010180EA66
:10E8F800020281EA0303362D88BF30BD11F0004FB4
:10E908004FEA01314FF4801C4CEA113102D04042E9
:10E9180061EB410113F0004F4FEA03334CEA133324
:10E9280002D0524263EB430394EA050F00F0A7803C
:10E93800A4F10104D5F1200E0DDB02FA0EFC22FA37
:10E9480005F2801841F1000103FA0EF2801843FA2B
:10E9580005F359410EE0A5F120050EF1200E012A1C
:10E9680003FA0EFC28BF4CF0020C43FA05F3C0185A
:10E9780051EBE37101F0004507D54FF0000EDCF1D3
:10E98800000C7EEB00006EEB0101B1F5801F1BD37C
:10E99800B1F5001F0CD349085FEA30004FEA3C0C80
:10E9A80004F101044FEA445212F5800F80F09A8076
:10E9B800BCF1004F08BF5FEA500C50F1000041EB7A
:10E9C800045141EA050130BD5FEA4C0C404141EB7E
:10E9D8000101013C28BFB1F5801FE9D291F0000F79
:10E9E80004BF01460020B1FA81F308BF2033A3F128
:10E9F8000B03B3F120020CDA0C3208DD02F1140C1F
:10EA0800C2F10C0201FA0CF021FA02F10CE002F159
:10EA18001402D8BFC2F1200C01FA02F120FA0CFC52
:10EA2800DCBF41EA0C019040E41AA2BF01EB04519B
:10EA3800294330BD6FEA04041F3C1CDA0C340EDC99
:10EA480004F11404C4F1200220FA04F001FA02F3DC
:10EA580040EA030021FA04F345EA030130BDC4F19A
:10EA68000C04C4F1200220FA02F001FA04F340EA8F
:10EA78000300294630BD21FA04F0294630BD94F040
:10EA8800000F83F4801306BF81F480110134013D27
:10EA98004EE77FEA645C18BF7FEA655C29D094EA98
:10EAA800050F08BF90EA020F05D054EA000C04BF16
:10EAB8001946104630BD91EA030F1EBF0021002001
:10EAC80030BD5FEA545C05D14000494128BF41F0A0
:10EAD800004130BD14F580043CBF01F5801130BD04
:10EAE80001F0004545F0FE4141F470014FF000008F
:10EAF80030BD7FEA645C1ABF194610467FEA655C40
:10EB08001CBF0B46024650EA013406BF52EA0335E1
:10EB180091EA030F41F4002130BD00BF90F0000FCF
:10EB280004BF0021704730B54FF4806404F132040B
:10EB38004FF000054FF0000150E700BF90F0000FC4
:10EB480004BF0021704730B54FF4806404F13204EB
:10EB580010F0004548BF40424FF000013EE700BFBB
:10EB680042004FEAE2014FEA31014FEA02701FBF4B
:10EB780012F07F4393F07F4F81F06051704732F07D
:10EB88007F4208BF704793F07F4F04BF41F40021D4
:10EB9800704730B54FF4607401F0004521F0004132
:10EBA8001CE700BF50EA010208BF704730B54FF0BC
:10EBB80000050AE050EA010208BF704730B511F0BD
:10EBC800004502D5404261EB41014FF4806404F1F5
:10EBD80032045FEA915C3FF4D8AE4FF003025FEA7B
:10EBE800DC0C18BF03325FEADC0C18BF033202EBFF
:10EBF800DC02C2F1200300FA03FC20FA02F001FA59
:10EC080003FE40EA0E0021FA02F11444BDE600BFFB
:10EC180070B54FF0FF0C4CF4E06C1CEA11541DBFAA
:10EC28001CEA135594EA0C0F95EA0C0F00F0DEF875
:10EC38002C4481EA030621EA4C5123EA4C5350EA5A
:10EC4800013518BF52EA033541F4801143F48013AB
:10EC580038D0A0FB02CE4FF00005E1FB02E506F03C
:10EC68000042E0FB03E54FF00006E1FB03569CF091
:10EC7800000F18BF4EF0010EA4F1FF04B6F5007F97
:10EC880064F5407404D25FEA4E0E6D4146EB060609
:10EC980042EAC62141EA55514FEAC52040EA5E5092
:10ECA8004FEACE2EB4F1FD0C88BFBCF5E06F1ED83C
:10ECB800BEF1004F08BF5FEA500E50F1000041EB73
:10ECC800045170BD06F0004646EA010140EA020020
:10ECD80081EA0301B4EB5C04C2BFD4EB0C0541EA42
:10ECE800045170BD41F480114FF0000E013C00F357
:10ECF800AB8014F1360FDEBF002001F0004170BD7B
:10ED0800C4F10004203C35DA0C341BDC04F1140493
:10ED1800C4F1200500FA05F320FA04F001FA05F21F
:10ED280040EA020001F0004221F0004110EBD370EC
:10ED380021FA04F642EB06015EEA430E08BF20EA18
:10ED4800D37070BDC4F10C04C4F1200500FA04F3BB
:10ED580020FA05F001FA04F240EA020001F000414D
:10ED680010EBD37041F100015EEA430E08BF20EAC0
:10ED7800D37070BDC4F1200500FA05F24EEA020E08
:10ED880020FA04F301FA05F243EA020321FA04F037
:10ED980001F0004121FA04F220EA020000EBD370EE
:10EDA8005EEA430E08BF20EAD37070BD94F0000FEE
:10EDB8000FD101F00046400041EB010111F4801F22
:10EDC80008BF013CF7D041EA060195F0000F18BFD3
:10EDD800704703F00046520043EB030313F4801F0F
:10EDE80008BF013DF7D043EA0603704794EA0C0FC9
:10EDF8000CEA135518BF95EA0C0F0CD050EA4106DF
:10EE080018BF52EA4306D1D181EA030101F000415B
:10EE18004FF0000070BD50EA410606BF1046194683
:10EE280052EA430619D094EA0C0F02D150EA01368F
:10EE380013D195EA0C0F05D152EA03361CBF1046D0
:10EE480019460AD181EA030101F0004141F0FE416F
:10EE580041F470014FF0000070BD41F0FE4141F4F3
:10EE6800780170BD70B54FF0FF0C4CF4E06C1CEAF3
:10EE780011541DBF1CEA135594EA0C0F95EA0C0FA8
:10EE880000F0A7F8A4EB050481EA030E52EA033563
:10EE98004FEA013100F088804FEA03334FF0805584
:10EEA80045EA131343EA12634FEA022245EA1115B1
:10EEB80045EA10654FEA00260EF000419D4208BF62
:10EEC800964244F1FD0404F5407402D25B084FEA0F
:10EED8003202B61A65EB03055B084FEA32024FF4BB
:10EEE80080104FF4002CB6EB020E75EB030E22BF18
:10EEF800B61A754640EA0C005B084FEA3202B6EBD8
:10EF0800020E75EB030E22BFB61A754640EA5C0086
:10EF18005B084FEA3202B6EB020E75EB030E22BF16
:10EF2800B61A754640EA9C005B084FEA3202B6EB17
:10EF3800020E75EB030E22BFB61A754640EADC00D6
:10EF480055EA060E18D04FEA051545EA16754FEA38
:10EF580006164FEAC30343EA52734FEAC2025FEA56
:10EF68001C1CC0D111F4801F0BD141EA00014FF0E5
:10EF780000004FF0004CB6E711F4801F04BF0143B6
:10EF88000020B4F1FD0C88BFBCF5E06F3FF6AFAED2
:10EF9800B5EB030C04BFB6EB020C5FEA500C50F162
:10EFA800000041EB045170BD0EF0004E4EEA1131E5
:10EFB80014EB5C04C2BFD4EB0C0541EA045170BDEC
:10EFC80041F480114FF0000E013C90E645EA060E30
:10EFD8008DE60CEA135594EA0C0F08BF95EA0C0F5E
:10EFE8003FF43BAF94EA0C0F0AD150EA01347FF4A6
:10EFF80034AF95EA0C0F7FF425AF104619462CE77D
:10F0080095EA0C0F06D152EA03353FF4FDAE1046DF
:10F01800194622E750EA410618BF52EA43067FF430
:10F02800C5AE50EA41047FF40DAF52EA43057FF4C0
:10F03800EBAE12E74FF0FF3C06E000BF4FF0010CCB
:10F0480002E000BF4FF0010C4DF804CD4FEA410C2F
:10F058007FEA6C5C4FEA430C18BF7FEA6C5C1BD0FC
:10F0680001B050EA410C0CBF52EA430C91EA030F7D
:10F0780002BF90EA020F0020704710F1000F91EADA
:10F08800030F58BF994208BF90422CBFD8176FEAA8
:10F09800E37040F0010070474FEA410C7FEA6C5C76
:10F0A80002D150EA013C07D14FEA430C7FEA6C5C7D
:10F0B800D6D152EA033CD3D05DF8040B704700BFA9
:10F0C8008446104662468C461946634600E000BFF7
:10F0D80001B5FFF7B7FF002848BF10F1000F01BDC9
:10F0E8004DF808EDFFF7F4FF0CBF012000205DF894
:10F0F80008FB00BF4DF808EDFFF7EAFF34BF012019
:10F1080000205DF808FB00BF4DF808EDFFF7E0FFB1
:10F1180094BF012000205DF808FB00BF4DF808ED02
:10F12800FFF7CEFF94BF012000205DF808FB00BF69
:10F138004DF808EDFFF7C4FF34BF012000205DF84B
:10F1480008FB00BF4FEA410C7FEA6C5C02D150EA31
:10F15800013C0AD14FEA430C7FEA6C5C02D152EAC7
:10F16800033C02D14FF0000070474FF00100704798
:10F178004FEA410212F5001215D211D56FF47873D7
:10F18800B3EB625212D94FEAC12343F0004343EA7A
:10F19800505311F0004F23FA02F018BF4042704755
:10F1A8004FF00000704750EA013005D111F00040DF
:10F1B80008BF6FF0004070474FF00000704700BF75
:10F1C8004A0011D212F5001211D20DD56FF47873DE
:10F1D800B3EB62520ED44FEAC12343F0004343EA33
:10F1E800505323FA02F070474FF00000704750EA7E
:10F1F800013002D14FF0FF3070474FF000007047E8
:10F208004FEA4102B2F1E04324BFB3F5001CDCF140
:10F21800FE5C0DD901F0004C4FEAC0024CEA507078
:10F22800B2F1004F40EB830008BF20F001007047A7
:10F2380011F0804F21D113F13872BCBF01F00040AA
:10F24800704741F480114FEA5252C2F11802C2F1DC
:10F25800200C10FA0CF320FA02F018BF40F001005D
:10F268004FEAC1234FEAD32303FA0CFC40EA0C000F
:10F2780023FA02F34FEA4303CCE77FEA625307D14C
:10F2880050EA01331EBF4FF0FE4040F44000704783
:10F2980001F0004040F0FE4040F40000704700BF1D
:10F2A80080F0004002E000BF81F0004142001FBF33
:10F2B8005FEA410392EA030F7FEA226C7FEA236C3C
:10F2C8006AD04FEA1262D2EB1363C1BFD218414031
:10F2D80048404140B8BF5B42192B88BF704710F0C7
:10F2E800004F40F4000020F07F4018BF404211F06A
:10F2F800004F41F4000121F07F4118BF494292EAD2
:10F30800030F3FD0A2F1010241FA03FC10EB0C00FD
:10F31800C3F1200301FA03F100F0004302D549428A
:10F3280060EB4000B0F5000F13D3B0F1807F06D337
:10F3380040084FEA310102F10102FE2A51D2B1F12F
:10F34800004F40EBC25008BF20F0010040EA030024
:10F358007047490040EB0000013A28BFB0F5000FA4
:10F36800EDD2B0FA80FCACF1080CB2EB0C0200FA5A
:10F378000CF0AABF00EBC25052421843BCBFD040A9
:10F388001843704792F0000F81F4000106BF80F423
:10F3980000000132013BB5E74FEA41037FEA226CE6
:10F3A80018BF7FEA236C21D092EA030F04D092F0B1
:10F3B800000F08BF0846704790EA010F1CBF0020E5
:10F3C800704712F07F4F04D1400028BF40F0004042
:10F3D800704712F100723CBF00F50000704700F062
:10F3E800004343F0FE4040F4000070477FEA226289
:10F3F80016BF08467FEA23630146420206BF5FEA5A
:10F40800412390EA010F40F4800070474FF0000359
:10F4180004E000BF10F0004348BF40425FEA000C20
:10F4280008BF704743F0964301464FF000001CE0C8
:10F4380050EA010208BF70474FF000030AE000BF1E
:10F4480050EA010208BF704711F0004302D540425C
:10F4580061EB41015FEA010C02BF844601460020CE
:10F4680043F0B64308BFA3F18053A3F50003BCFAE9
:10F478008CF2083AA3EBC25310DB01FA02FC634496
:10F4880000FA02FCC2F12002BCF1004F20FA02F29D
:10F4980043EB020008BF20F00100704702F1200290
:10F4A80001FA02FCC2F1200250EA4C0021FA02F2F1
:10F4B80043EB020008BF20EADC7070477BB972B9E1
:10F4C8000029BEBF00204FF0004106E008BF002819
:10F4D8001CBF6FF000414FF0FF3000F075B8ADF180
:10F4E800080C6DE904CE002909DB002B1ADB00F0BB
:10F4F80084F8DDF804E0DDE9022304B070474042F7
:10F5080061EB4101002B1BDB00F077F8DDF804E02C
:10F51800DDE9022304B0404261EB4101524263EB52
:10F5280043037047524263EB430300F066F8DDF88B
:10F5380004E0DDE9022304B0404261EB4101704779
:10F54800524263EB430300F058F8DDF804E0DDE9CC
:10F55800022304B0524263EB4303704753B94AB9DC
:10F56800002908BF00281CBF4FF0FF314FF0FF30C3
:10F5780000F02AB8ADF1080C6DE904CE00F03DF8B2
:10F58800DDF804E0DDE9022304B07047D0B50022BD
:10F598000B4B06460F46FFF73BFBFFF711FE0446F1
:10F5A800FFF7BCFA0022074BFFF732FB02460B4677
:10F5B80030463946FFF774F9FFF702FE2146D0BD01
:10F5C8000000F03D0000F041704700BF38B5002250
:10F5D800002304460D46FFF78DFD28B9204629462D
:10F5E800BDE83840FFF7D2BF204605F10041FFF7DC
:10F5F800CDFF404261EB410138BD2DE9F047864619
:10F608008C460846089E154674461946002B40F05D
:10F61800C1808542B2FA82F245D94AB1C2F12003CB
:10F6280000FA02FC954094402EFA03F343EA0C0CCE
:10F638004FEA154EA8B2230CBCFBFEF80EFB18CC03
:10F6480008FB00F943EA0C43994528D9EB1808F15F
:10F65800FF3704D2994502D9A8F102072B44A3EB3E
:10F668000903A4B2B3FBFEFC0EFB1C330CFB00F039
:10F6780044EA0344A04214D92C190CF1FF3304D2F4
:10F68800A04202D9ACF102032C44241A43EA0740F1
:10F698001EB1D440002334607360BDE8F08747464C
:10F6A800DDE76346F1E792BB431B01214FEA154EA4
:10F6B800AFB2200CB3FBFEFC0EFB1C330CFB07F8AF
:10F6C80040EA0343984561D9EB180CF1FF3004D2A6
:10F6D800984502D9ACF102002B44A3EB0803A4B26D
:10F6E800B3FBFEFC0EFB1C330CFB07F744EA034498
:10F6F800A7424DD92C190CF1FF3304D2A74202D9E5
:10F70800ACF102032C44E41B43EA0040C0E7C2F119
:10F7180020039540944020FA03F12EFA03F34FEAB0
:10F72800154E9040AFB20343B1FBFEFC0EFB1C101C
:10F73800190C0CFB07F841EA0041884522D96918E1
:10F748000CF1FF3004D2884502D9ACF102002944FB
:10F75800A1EB08019BB2B1FBFEFC0EFB1C110CFBDC
:10F7680007F743EA01439F420ED9EB180CF1FF312A
:10F7780004D29F4202D9ACF102012B44DB1B41EABF
:10F78800004193E76046E3E76146F7E76046A4E790
:10F798006346B8E7834206D916B9002108467CE7D4
:10F7A800C6E900E0F9E7B3FA83F78FB9834201D3DA
:10F7B800724508D8BEEB020460EB030301209C46A7
:10F7C8001EB9002169E73846FAE7C6E9004CF8E7B0
:10F7D800C7F1200CBB400EFA07F522FA0CF42EFAFA
:10F7E8000CF1BA401C4320FA0CF3B8404FEA144914
:10F7F80001431FFA84FEB3FBF9F809FB18300B0C20
:10F8080008FB0EFA43EA00439A4540D9E31808F189
:10F81800FF3004D29A4502D9A8F102002344A3EB91
:10F828000A0389B2B3FBF9F809FB183308FB0EFE8B
:10F8380041EA03418E452CD9611808F1FF3304D2FF
:10F848008E4502D9A8F10203214443EA0040A1EB06
:10F858000E01A0FB02984145CE46434602D306D18D
:10F868004D4504D20138B9EB020E68EB0403002EB3
:10F87800A7D0B5EB0E0261EB030101FA0CFC22FAEA
:10F8880007F3F9404CEA0303C6E9003199E740461B
:10F89800C5E74346D9E710F8012B11F8013B012AC7
:10F8A80028BF9A42F7D0D01A7047034611F8012BA7
:10F8B80003F8012B002AF9D17047034613F8012BEE
:10F8C800002AFBD1181A0138704700000000000018
:10F8D80001282DE9F041884608D020F00BF81622BF
:10F8E8003B4B1A504FF0FF30BDE8F0818A68394B26
:10F8F8009A42F2D81FF0EAFA05460F461FF0E6FAD8
:10F90800354CD8F80030D8F80420A3FB043604FBA3
:10F918000266D8F808209B1846EBE276EA0B42EA22
:10F928004742A2FB0421FF0B9B1AC0F30E0204FB03
:10F938000711A2FB04244FEAD23242EA444266EBA2
:10F948000101981A61F100011FA3D3E90023FFF711
:10F95800B5FD06460D461446EFF31187202383F3C1
:10F968001288BFF36F8F1D4816F050FC68B98823C2
:10F978001B4A1C491C481AF0A3FF18491B481AF0D7
:10F988009FFF882116481AF092FF144816F062FC6F
:10F99800174B1248C3E900659C6016F045FC68B92E
:10F9A80040F231130E4A13490F481AF089FF0B49E8
:10F9B80011481AF085FF40F23111E3E787F3118807
:10F9C800BFF36F8F00208FE700CA9A3B000000004A
:10F9D8000C000000FFC99A3B00CA9A3B7CFC00203F
:10F9E800741C0300A11C030022150300B61C0300AD
:10F9F800E0E10020CC1C0300E31C03000000000031
:10FA0800032973B50546144671D8002A40D0072A41
:10FA18005CD15A681C6813463948D117C4FB0031B9
:10FA2800012B71F1000225DB00F56E1000F65D7008
:10FA3800181841F1000130A3D3E90023FFF73EFD78
:10FA480080B202281ED004281ED008281ED01028F4
:10FA580033D103232B492A6951F823102846116111
:10FA68005268232114693022A4461B0102B0BDE864
:10FA7800704060472448181861F100011EA3D3E9BB
:10FA88000023DBE70023E5E70123E3E70223E1E7BF
:10FA98001A881E4B33F8021B8A420BD12E6920218B
:10FAA800736828469B680DF107029847002807DA13
:10FAB80002B070BD01340B2CECD16FF01500F7E7E4
:10FAC8009DF80720130704D4082C05D16FF0850092
:10FAD800EEE70A2C08BF0924736802F00F0242EA15
:10FAE800041220212846DB68D2B29847E0E702B02A
:10FAF800BDE8704008F042BF3AA39500000000003E
:10FB080040420F0054C70020632EB5FF481303007E
:10FB18002DE9F0412DED028B1F46002386B0CDE97B
:10FB2800043304230D46904606460193002800F04E
:10FB3800D780002900F0D480062104A81DF0E5F83C
:10FB4800044658B103460121694A6A481DF02CFA57
:10FB5800204606B0BDEC028BBDE8F081014604AA40
:10FB680030461DF0CFF8044648B10346624A0121E9
:10FB780060481DF019FA04A81DF0DAF8E8E76A46AB
:10FB8800012104A81DF088F9044610B103465B4A18
:10FB9800EDE7009BB3B1042B1DD0052B0CBF092347
:10FBA800FF232B70032101AB02AA04A81DF0A2F9C0
:10FBB800064690B10346524A01214E481DF0F4F919
:10FBC8003446D8E7DFED4F7A0023C5ED017A2B7074
:10FBD800C5ED027ACFE70723E3E7019B002BF1D0BD
:10FBE80018336B4403F8100CB8F1000F0BD14649D9
:10FBF8004FF4BC73454A46481AF062FE4FF4BC7194
:10FC080042481AF054FE02A94046FFF74EFE02226F
:10FC1800314602A817F078FD2B78C0B2092B06D11F
:10FC28000F2825D96FF0150423463A4A9FE70F2875
:10FC3800F8D8072B24D19FED388A384B33F81000B9
:10FC4800E0B1FEF77BFF28A3D3E90023FEF7E0FF2E
:10FC5800FFF7D6FA042168600DEB010302AA04A895
:10FC680001911DF047F9064668B103462C4AA3E7FF
:10FC78002C4B9FED2D8A33F81000E1E72B48E9E77C
:10FC88006FF07F04D0E7019B18336B4403F8100C26
:10FC98004FB9274940F299131C4A1D481AF010FE23
:10FCA80040F29911ACE702A93846FFF7FEFD02229F
:10FCB800314602A817F028FDC3B20F2B07D901213E
:10FCC8001C4A0C481DF070F96FF0150453E7013316
:10FCD800DBB207EE903AF8EEE77A67EE887A77E7D4
:10FCE8006FF0150434E700BF7B14AE47E17A244077
:10FCF8008A4B030000FE0200B34B0300DC4B0300F9
:10FD0800FE4B030000000000604C03002A4C030077
:10FD180022150300784C03000AD7A33F7E13030083
:10FD28009C4C03005E1303000AD723400AD7A34064
:10FD3800C74C0300DE4C03002DE9F04FE9B08346C1
:10FD48004022002106A81FF0C1FC1FF0BFF804469E
:10FD58000E461FF0BBF8E40BBF4A44EA4644A4FB36
:10FD68000247C0F30E05A5FB0253DDE90601F60BB9
:10FD780002FB0677ED0B45EA43452D1947F10007CD
:10FD8800854277EB010327D2B94208BFA8421ED0AB
:10FD9800AFA3D3E90023401B61EB0701FFF7DEFBAC
:10FDA800CD03D903AD4B41EA5241D20345EA504550
:10FDB800C403D01841F10001A5A3D3E90023FFF73C
:10FDC800CDFB201845EB010116F010F8BDE7002423
:10FDD800254620462146F4E74022002106A81FF0C8
:10FDE80075FC2846394606AAFEF7C2FC864630B19D
:10FDF80003469B4A01219B481DF08EFBA5E748ACB2
:10FE08000DF1180CBCE80F000FC4BCE80F000FC4BC
:10FE1800BCE80F000FC49CE80F00DBF8106084E812
:10FE28000F0028AC714614222046CDF858E08DF812
:10FE38005CE01FF04BFC0121BDF82C312170638080
:10FE4800BDF82E31A3804CABA36051ABE3609DF8A5
:10FE5800583123749DF85E318B421DD0022B0DD092
:10FE6800002B40D106F590519DF85E0118311DF028
:10FE780000FB034600283AD07B4ABBE706F59052C0
:10FE88001846183216A90EF077FC4FF47A73B0FBB7
:10FE9800F3F0C0F18C00608206F5905808F118085C
:10FEA800414616A81DF0BEFA034608B16F4AA1E7FD
:10FEB8009DF85C3141468DF858309DF85B3116A8A5
:10FEC8008DF859309DF85A318DF85A300EF0B8FB3C
:10FED800034608B1664A8DE7424621469DF85E0111
:10FEE8000EF094FEBEE7634A5E481DF015FB9DF8D0
:10FEF800553053B39DF856603EB34FF0000880224A
:10FF0800414620468DF816808DF817801FF0DEFBDD
:10FF18008022414648A81FF0D9FB4822414616A82E
:10FF28001FF0D4FBDBF81030304603F5905318333C
:10FF38000DF1160216A90EF061FC30B916AE02904A
:10FF48009DF81630029A9A422DD34B4816F018FBAA
:10FF58004FF47A72A0FB020302FB0131C00B50EA96
:10FF6800414040F06981DBF81040DD2204F5E87378
:10FF780001934FF4805304F1F0050093294604F2ED
:10FF88001523FEF7D9FB002800F02D813B497C237F
:10FF98003B4A3C481AF094FC3B481AF091FC7C21FF
:10FFA80037481AF084FC0823089A9DF856C012F0C6
:10FFB80004018DF817300DD00E2363734FF07E5374
:10FFC800A360032302216377C4E90057B368C4E937
:10FFD8000457A36190070DD54FF0020E04EB0113EF
:10FFE80083F80DE0D6F810E00801C3F808E0013105
:08FFF80025505F6002F00800D3
:020000021000EC
:1000000002F40003D20749D54FF0010804EB0112B6
:1000100082F80D80D6F80C804FEA011EC2F80880E5
:10002000013144F80E505760002838D1002B46D1DA
:100030002046C9B20DF1170348AAFEF733FB8246EA
:10004000002858D003460121124A08481DF068FADA
:100050004CE000BFAFF3008000CA9A3B00000000F4
:1000600000CA9A3BFFC99A3B25600300A8FD020025
:100070007160030041600300596003008C6003005D
:1000800078CA002008610300D16003002215030034
:1000900017610300A06003000000000070B14FF082
:1000A000040E04EB011282F80DE0D6F814E008010A
:1000B000C2F808E0013125505760B7E7A3B1182016
:1000C00004EB0113BCF1010F587317BF70785FED9B
:1000D0000E7A07EE900AF8EE677A0A01C3ED027A0B
:1000E0000131A5505F60A3E70029A1D1029B18361A
:1000F0000133029328E79DF81730DBF81090039343
:100100004FF0FF324FF0FF334F4814F09FF90DF5D9
:100110009078039B9A450BD34B4814F055F9D9F8C6
:100120002030002BE2D05846D9F824109847DDE75C
:1001300098F80D305A1E0E2A53D8DFE802F0085204
:100140001922525248525252522B37434D00D8ED89
:10015000027AFCEEE77A17EE903AA9F80C3098F89C
:100160000E3089F818300AF1010A08F11008D0E7BA
:10017000D8F80830C9F8103098F80E3089F81930DE
:10018000F1E7D8F80830C9F8143098F80E3089F83B
:100190001A30E8E7D8ED027AF5EE407AF1EE10FA7F
:1001A00014BF0123002389F81C30DCE7D8ED027A64
:1001B000F5EE407AF1EE10FA14BF0123002389F81E
:1001C0001B30D0E7D8F80830C9F80030CBE7D8F8B2
:1001D0000830C9F80830C6E7D8F80830C9F8043044
:1001E000C1E70221194A1A481DF09AF9BBE7D4F871
:1001F000D021DD2A0AD917497D23174A17481AF05A
:1002000063FB17481AF060FB7D21CDE629461548AF
:1002100003F0ECFF50B1144981230F4A0F481AF044
:1002200053FB12481AF050FB8121BDE60022002347
:100230000F48CDE900234FF0E162002316F0ACFB3C
:100240004FF4C0300021C3E5F8CB0020B6600300B6
:10025000A8FD020030610300D160030022150300F5
:100260005E6103007E610300722B0300896103005D
:1002700078CA0020000000002DE9FF47804616469E
:100280000F46002900F0A280B1FA81F4341B002E41
:1002900004F10A04C0F2A280304618F0F9FE0444CA
:1002A000304618F0FBFEA4EB0609054669463046C9
:1002B00018F01CFFA9EB05036A4640467D3339461A
:1002C0001EF0F9FFA64282460D4600F38380B9F185
:1002D0003F0F00F381804FF0FF33A9F12000C9F1F7
:1002E000200103FA00F003FA09F223FA01F103FAFC
:1002F00009F3024328EA03030A4327EA02021343ED
:100300000CBF01200020002D00F08A80B5FA85F393
:10031000E31A40F2FE7203F23E43934200F38980F7
:10032000002B23EAE376D4BF01223246121BA2F24D
:100330003341A2F23447A2F25344C1F1200C2AFA0D
:1003400001F325FA04F4C7F1200E05FA0CFC25FA96
:1003500001F105FA0EFE43EA0C03A2F2544CA2F29C
:10036000544223432AFA07F425FA0CFC44EA0E040B
:1003700044EA0C04C7F1200C14F0010F54D0A8B1CA
:100380004FF0FF3000FA02F200FA07F4144320FAAB
:100390000CF2B840144303F001022AEA000A25EAED
:1003A00004054AEA020A5AEA050A3DD0013341F13E
:1003B0000002C2F3130253EA020138D0184642EA9F
:1003C000065141EC100B04B0BDE8F087B0FA80F4A0
:1003D00020345BE7012096E7002094E7C6F100098E
:1003E000484618F05BFE241A484618F057FEA61B34
:1003F0000546694648462E4418F0EAFE6A464046DD
:1004000006F17C0339461EF056FF82460D464046F3
:10041000394618F053FE81458CBF0020012072E759
:10042000BAFA8AF3203373E7C1F31302C6E7013641
:10043000C4E79FED010BC6E7000000000000F07F5D
:1004400010EE103A33F0004210B52DED028B06D1BC
:100450000120BDEC028BBDE8104019F04BBB002B16
:1004600005DABDEC028BBDE8104019F051BBB3F1C9
:10047000FF4F06DB30EE008AB0EE480ABDEC028B7F
:1004800010BDB3F5000F6049BBBFDFED607A6FF0C0
:100490001802002260EE277AB8BF17EE903AF7EE06
:1004A000007ADC15C3F316037F3C1944144401F4AD
:1004B000000282F07E5204EBD15403F10F011A4383
:1004C00007EE102A524A0A4037EE678AB2BBB5EEF1
:1004D000408AF1EE10FA0FD1002C00F08C8007EE6C
:1004E000904A9FED4C0A9FED4C7AF8EEE77A27EEA2
:1004F000808A07EE878ABFE741A1D1E90001FEF7B4
:1005000083FEB6EE007A07EE900A07EEC87A68EE30
:10051000087A27EE277A14B938EE478AACE707EE57
:10052000904ADFED3C6AF8EEE77A07EEE67A37EEBE
:10053000488A9FED397A17EE878A9DE7F0EE007AB8
:100540009FED365ADFED364A364A78EE277A1A445E
:10055000C3F5571388EE276A07EE904A03F5227316
:100560001343F8EEE76ADFED307A002B66EE065AA9
:1005700025EEA57A07EE275ADFED2C7A45EE077AAD
:100580009FED2B5A07EE875ADFED2A7A47EE274A6E
:10059000DFED297A44EE877A67EE877A45EE257A91
:1005A0001ADDB6EE007A28EE077A27EE087A77EEA3
:1005B000877A67EE867A14B937EE677AACE79FEDF3
:1005C000156A46EE867A37EE677A37EE488ADFEDAF
:1005D000127A16EEA78A4FE778EE677A67EE867A88
:1005E00014B938EE678A47E79FED0A7A46EEC77A74
:1005F00037EEC88AEBE79FED118A3DE7AFF3008045
:10060000555555555555D53F20FB4A000000004C27
:10061000F0FF7F00D1F717378071313F25333A3E25
:10062000298E633E305CCFFF9788173E2549923E66
:10063000ABAA2A3F4FD01C3ECDCCCC3E00000000E0
:10064000F8B510EE904A10EE103A34F000472DED58
:10065000048BB0EE609A0DD183F480035B0013F538
:10066000000F40F20A8230EE098AB0EE480ABDEC73
:10067000048BF8BD23F00040B0F1FF4F02D8B7F172
:10068000FF4F08D9B3F17E5FEDD184F4800464009C
:1006900014F5000FE5E7002B01462DDAB7F1974F6F
:1006A0000CD3B7F1FF4F2AD00225B4F17C5F3ED1C5
:1006B000002BC0F28C80B1EEC08AD6E7B7F17E5F26
:1006C0002ED3FA15C2F1960247FA02F505FA02F2A4
:1006D000BA423AD1B7F17E5F47D1002C80F2D38184
:1006E000B5EE400AF1EE10FA4DD1D80FBDEC048BF7
:1006F000BDE8F84019F0FEB9B7F1FF4F3AD1B0F1BB
:100700007E5F00F0BA8105D9002CDFED957A29FED5
:10071000278AAAE7002C80F2B381B1EE498AA4E7C8
:10072000B4F1804F34D0B4F17C5F5CD0002523F06D
:100730004042B0EEC08AB2F17E5F3FD1002CBCBF18
:10074000B7EE007A87EE088A29E0B7F17E5FC4D061
:100750000025B4F1804FEAD1B0F1BF4F1AD2B0F109
:10076000D05F29D920EE008A7FE705F00105C5F1A9
:100770000205EEE7B7F17E5FAFD0B4F1804F4FF0E6
:100780000005E9D091E7B7EE007A87EE008A6CE7C2
:100790000025E1E7B0F1FF4FB0EEC08A34D1002B65
:1007A000BFF663AFA0F17E50284316D1BDEC048B99
:1007B000BDE8F84019F0ACB9B0EEC08A20BB002CFF
:1007C0001EDA002B92DA6B1E584258418EE7B0F1C8
:1007D000FF4FB0EEC08A40F05981012D7FF445AF44
:1007E000B1EE488A41E7B0F1FF4FB0EEC08A3FF466
:1007F0003CAFB0F17E5FD9D000283FF436AFD5E7EB
:10080000012D00FE088A30E7DE0F013E55EA0602A0
:10081000CCD0B7F19A4F40F24581524B984208D85C
:10082000002C0BDA0020BDEC048BBDE8F84019F079
:1008300053B94D4B984208D9002CF3DC0020BDEC95
:10084000048BBDE8F84019F039B9B7EE007ADFED56
:10085000477ADFED479A38EE478A3FA1D1E9000198
:1008600068EE278AFEF7D0FCB5EE007A07EE900A14
:10087000DFED406A68EE299A48EE477AB6EE007AD4
:1008800007EEC87A68EE087A27EE277AF0EE687AE3
:1008900047EE667A39EEA77A17EE103A23F47F63B3
:1008A00023F00F0307EE103A77EE699A77EEE97AB4
:1008B000013D24F47F64B7EE007ABFEE008A354331
:1008C00024F00F0467EE890A07EE903A08FE078AC3
:1008D00007EE104A39EE477A47EE270A07EE104A2C
:1008E00067EE877A30EEA77A17EE101A002921F00A
:1008F00000431ADDB3F1864F09D9B5EEC08AF1EE97
:1009000010FA4CBF012000208DE70120E9E037D12B
:10091000DFED196A37EE677A70EEA66AF4EEC76A01
:10092000F1EE10FAE9DC86232EE0144A934207D94F
:10093000B5EEC08AF1EE10FA4CBF012000207EE730
:100940001ED137EE677AB4EEE07AF1EE10FAEADB08
:10095000EEE700BFAFF30080E13D55555555D53F5B
:1009600000000000F3FF7F3F0700803F70A5EC36DA
:1009700000AAB83F3BAAB83F3CAA38330000164350
:10098000B3F17C5F74D9DB157E3B4FF40000A44AC1
:10099000002940FA03F00844C0F3C753A3F17F03D2
:1009A00042FA03F2C3F1170302EA0002C0F3160091
:1009B00040F4000007EE102A40FA03F077EEC77A01
:1009C000B8BF404237EEA07ADFED966ADFED965A67
:1009D000B7EE000A9FED956A17EE103A23F47F6395
:1009E00023F00F0307EE103A77EE677A67EE266A78
:1009F00070EEE70ADFED8E7A67EE277A9FED8D7A4B
:100A000040EE877A36EEA77A77EE666A77EEE67A78
:100A100067EE076A47EE277A16EEA56ADFED865A7B
:100A200046EE265A9FED856A15EEA66ADFED845ADA
:100A300046EE265AB0EE476A05EEE66AF0EE006A28
:100A400067EE065A36EE666AC5EE866A76EEE77A95
:100A500077EEC77A30EE670A10EE103A03EBC05318
:100A6000B3F5000F06DA18F0E3FF20EE088AFCE584
:100A70000020A7E700EE103AF7E7B7EE008AF4E5AA
:100A80009FED708AF1E5B0EE408AEEE5B0F17E5F51
:100A90003FF488AE00283FF4B3AE002D3FF486AE9D
:100AA0000225002613F0FF4F674805BF9FED677AC8
:100AB0006FF01703002368EE077A08BF17EE901A4D
:100AC000CA157F3A1A44C1F31603834243F07E519C
:100AD00006DD5F4883427FF718AF0132A1F50001C0
:100AE00000205C4B06EE101AF7EE006A491003EB8B
:100AF000800341F00051D3ED005A01F58021564B9F
:100B000075EE867A36EE657A01EB4051C6EEA74A5D
:100B100007EE901A27EE245A15EE107A1F4006EEC3
:100B2000907A06EEE77A77EEE57ADFED4C5A36EE0C
:100B3000676A65EE057A06EE667A9FED496A47EECA
:100B4000865A9FED486A27EE247A66EEA64A05EE9D
:100B5000A76ADFED455A46EE275A9FED446A05EE37
:100B6000A76ADFED435A46EE275A36EE856A67EEEE
:100B7000A77A26EE076A05EEA76AF0EE085A74EE29
:100B8000A57A77EE867A17EE901A194007EE901A3A
:100B900077EEE55A27EE277A66EEA76A75EEE45AF5
:100BA00036EE656A06EE057A9FED326A76EE877A52
:100BB00017EE901A194007EE901A2F4977EEE66A61
:100BC00001EB800127EE866A37EE667ADFED2B6A4D
:100BD00067EEA67ADFED2A6A47EE267A91ED007A73
:100BE00077EE877A07EE102A264AB8EEC77A02EB2C
:100BF000800276EE276AD2ED005A76EEA56A76EE8E
:100C0000876A16EE902A134006EE903A36EEC77ABF
:100C100037EE657A37EE467A77EEC77A48E600BF58
:100C2000000080FF0072313F4CBB31330EEADD35EE
:100C30008CBEBF351872313F55B38A38610B363BD5
:100C4000ABAA2A3E0000000071C41C000000804BCB
:100C5000D6B35D00700F030000F0FFFF55326C3E0D
:100C600042F1533E05A38B3EABAAAA3EB76DDB3ED5
:100C70009A99193F0038763F600F0300A0C39D3654
:100C80004F38763F680F030008B518F0ABFE9FEDB4
:100C9000020B08BDAFF30080000000000000F87FE9
:100CA000D3B503780446042B2CD8DFE803F00314F3
:100CB0001C2D3A00037A012B0BD0052B22D11B49A6
:100CC0001B4819F0DCFD1B4802B0BDE8D04013F012
:100CD0007BBB1949F4E7D0E90212184802B0BDE81D
:100CE000D04019F0CCBDC068FDF73EFF0646206934
:100CF0000F46FDF739FF3246CDE900013B4610486B
:100D000019F0BDFD02B0D0BD017A0E4A0E4B0F485E
:100D1000012914BF1146194602B0BDE8D04019F0B0
:100D2000AEBDD0E904120A48D8E700BFC8130300DB
:100D3000EC130300C8CB0020B71303000D1403000D
:100D400041140300E6130300DC13030073140300D3
:100D50008114030010B403460A46044881680C69F4
:100D6000194623465DF8044B184700BF20FB0200DC
:100D7000034610B50A4619790123006803FA01F108
:100D8000436804691B6819420ED10E494FF4CB63C6
:100D90000D4A0E4819F098FD0D4819F095FD4FF4D5
:100DA000CB61094819F087FD2368194218BF82F00A
:100DB000010222B18368DB68BDE8104018478368F0
:100DC0001B69F9E7E4140300B314030022150300C0
:100DD0003F15030003462DE9F04119790068DB88CF
:100DE00003F03002302A0669D0E901470ED12149CB
:100DF00040F2D333204A214819F066FD204819F00B
:100E000063FD40F2D3311C4819F055FD03F0060292
:100E1000042A09D11B4940F2DA33174A174819F05E
:100E200053FD40F2DA31EEE701252468DA0705FACE
:100E300001F554BF43F4B01383F4D013254223F4D7
:100E400080120CD1104940F2ED330B4A0B4819F0D7
:100E50003BFD0E4819F038FD40F2ED31D3E7346820
:100E6000DB074CBF2C43AC4334603B68BDE8F0412A
:100E7000184700BF51150300B314030022150300E7
:100E80008A150300C7150300E41403003F1503008F
:100E9000014813F099BA00BF10CC002000B51348E8
:100EA00089B019F0ECFC124B6846009312230193B1
:100EB000104B02930C2303930F4B1A685B68049248
:100EC00005930E4B1A685B68069207930CF0B4FE0C
:100ED000034620B101210A4A0A481AF06FFA0A486B
:100EE00019F0CDFC09B05DF804FB00BFFA15030052
:100EF000241603003716030070C6002078C60020B1
:100F00004416030098FD02006E16030000B589B078
:100F100000211C2268461EF0DDFB0C4B6846019345
:100F20000B4B02930B4B03930B4B05930B4B07930C
:100F30000CF034FE014628B1094819F0A0FC09B0B4
:100F40005DF804FBFFF7AAFFF9E700BF5D100100A1
:100F5000E50F01008D0F010027A40200650F0100BD
:100F600094160300002208B5054B1A700321054AA8
:100F700005481AF01AFABDE80840FFF7C7BF00BFDE
:100F80007E050120C616030098FD0200B0B584B0AE
:100F900000AF07F1100404E903008CB0C7E9002397
:100FA0001C46D7E9023110466A465362094B0A4D86
:100FB00093620A4BC2E90554C2E9070142F8103FA7
:100FC00000234FF46351064802F072FC1037BD460F
:100FD000B0BD00BF01030305D116030006000002E7
:100FE00098FD0200002208B5054B1A700321054A3E
:100FF00005481AF0DAF9BDE80840FFF787BF00BFDF
:101000007E050120F716030098FD020008B505488B
:10101000FFF7E0FE0448FFF7DDFEBDE808400348A7
:10102000FFF7D8BE94C600208CC6002084C60020DE
:1010300008B500210648FFF79BFE00210548FFF791
:1010400097FEBDE8084000210348FFF791BE00BFAE
:1010500094C600208CC6002084C6002008B5054A2E
:10106000032105481AF0A1F9FFF7E2FF0122034B23
:101070001A7008BD0817030098FD02007E050120C4
:1010800008B505281BD8DFE800F003170D09101379
:1010900001210B48BDE80840FFF76ABE012108485E
:1010A000FFF766FE01210748F4E701210648F7E74C
:1010B00001210348FFF75CFE01210348EAE708BD70
:1010C00094C6002084C600208CC600202DE98048EC
:1010D000DFF8209185B0DFF8F8A000AF4FF0FF32C5
:1010E0004FF0FF33484612F009FF0020FFF7C8FF1A
:1010F000DAF808303B21DB6835489847354BDFF894
:10110000F88019460D20344EFFF724FEDFF8ECB0CE
:1011100041460E20FFF71EFE304D31461020FFF7EE
:1011200019FE2F4C59463D20FFF714FE29461B207F
:10113000FFF710FE21461D20FFF70CFED8E900083E
:10114000D6E900162268234BFA606268C7F804D01B
:1011500092B0BA60D3E900EC6A46D5E90035DBF815
:1011600000B0C2E90D35FB681E4CD363BB68C2E911
:10117000054E13640D23C2E907C0C2E90981C2E923
:101180000B6B42F8103F002346F6C001164802F0F0
:101190008FFB164AD7F804D0138801339BB2062B75
:1011A00081BF002313800122114B94BF13801A705A
:1011B000484612F073FF00214FF4004014F01AFE6D
:1011C000FFF736FF00214FF4003014F013FE85E7DF
:1011D00020FB0200F4FA0020E4FA0020D4FA0020F8
:1011E000CCFA00201617030098FD02005C050120D0
:1011F0007F050120B8FA0020ECFA0020DCFA00207C
:1012000008B50A4819F03BFB00214FF4203014F0D8
:10121000F1FD07481DF03BFD30B9BDE80840012154
:10122000044A05481AF0C1B8FFF750FF6C170300D5
:1012300020FB02005937030098FD020080B594B0EE
:1012400000AF4FF0FF324FF0FF33BB4813F0FEF812
:101250000321BA4ABA481AF0A8F84FF09672002350
:10126000B84813F0F3F81BF0CFFE20B90321B64ABB
:10127000B3481AF09AF8B54D28460BF0D7FF03464D
:1012800088B9D5E900016C4688B06A46C2E9060112
:101290000421AF4E566142F8101F4FF40351A84885
:1012A00002F006FBA546FFF731FEAA4EDFF82C83BD
:1012B0003378002B00F02A8198F80030012B40F0A1
:1012C00025814FF0FF324FF0FF33A34812F016FE96
:1012D0000220FFF7D5FE0EF059FB81460EF04AFBC7
:1012E0009E490246824648461CF0C1F997480BF0D9
:1012F0009DFF002840F01081D5E900014FF47A727B
:101300000023FEF7DFF8C5E900010EF03FFB0446BD
:10131000014650461CF0A9F9914A924907F11C0078
:1013200016F0A8F807F11C000EF00CFB8E490246DF
:1013300020461CF09CF92A688A4907F11C0016F027
:1013400099F807F11C000EF0FDFA88490246204684
:101350001CF08DF9864B8749D3E9002307F11C0067
:1013600016F088F807F11C000EF0ECFA82490246EC
:1013700020461CF07CF9814B8149D3E9002307F119
:101380001C0016F077F807F11C000EF0DBFA7D491F
:10139000024620461CF06BF97B4B7949D3E90023C8
:1013A00007F11C0016F066F807F11C000EF0CAFAEF
:1013B0007649024620461CF05AF9754B75491A6861
:1013C00007F11C0016F056F807F11C000EF0BAFAEF
:1013D0007149024620461CF04AF9704A7049D2E928
:1013E000002307F11C0016F045F807F11C000EF071
:1013F000A9FA6C49024620461CF039F96A4A684944
:10140000D2E9002307F11C0016F034F807F11C00A4
:101410000EF098FA6549024620461CF028F9644A05
:101420005F49D2E9002307F11C0016F023F807F109
:101430001C000EF087FA5F49024620461CF017F99F
:101440005D4A5749D2E9002307F11C0016F012F853
:1014500007F11C000EF076FA5849024620461CF0AF
:1014600006F9574A4E49D2E9002307F11C0016F04D
:1014700001F807F11C000EF065FA524902462046B9
:101480001CF0F5F848461CF0EDF84F4C8246E94652
:101490002060FEF716FA8AB06A464C4BC2F81CA0D0
:1014A000C2E9053040F201331384494B42F8103F42
:1014B0004FF413510023224802F0FAF9454B2068FB
:1014C0007B600923BB600123CD463B733861FEF787
:1014D000F8F978611DF0FEFC4FF47A734343DB0B9F
:1014E0003B83BB7E381D23F00303BB760CF0BAFCB4
:1014F000034620B10221384A114819F05FFFFFF777
:1015000097FD00233370144812F0C8FD00214FF4FA
:10151000004014F06FFCCBE61DF0DCFC4FF47A7257
:10152000A0FB020302FB0131C00B40EA41404FF433
:101530007A720023C90BE4E6C8CB002085170300AC
:1015400098FD020010CC00209F17030040DB002014
:10155000CF1703007F050120B8FA0020DC17030035
:1015600091D00300E0170300E417030001570300C4
:1015700088C50020EB170300F217030090C5002078
:10158000FB1703000218030080C500200B1803009E
:10159000DCFA0020125A030015180300E4FA0020B8
:1015A0001918030020180300F4FA0020291803007A
:1015B000ECFA00203D180300CCFA00204618030086
:1015C000D4FA00204A18030080C600204E180300F9
:1015D000040000015B180300651803007E0501206C
:1015E00008B50120FFF74CFD0B4819F048F90B48EE
:1015F0001BF00CFD08F07CFB014620B10848BDE85B
:10160000084019F03CB907481BF0B6FC014608B188
:101610000548F4E7FFF712FE85180300910E01005C
:101620009E180300A10C0100CD180300D0B588B0AE
:10163000FFF7ECFC00260027002401234FF4805222
:10164000CDE90334CDE90667CDE901440B4B0C49E4
:1016500000940C4813F07CFB02234FF48052CDE938
:101660000243CDE90667CDE90044074B07490494DE
:10167000074813F06DFB204608B0D0BDE11501000E
:10168000D025012010DC002001120100D01501201E
:1016900048DB002010B5094C0A44914200D110BD2E
:1016A00011F8013B58400309E35C0001C0B243401C
:1016B0001809205C1B01DBB25840EEE7FE1803005E
:1016C000F8B50F4600293BD006680122304618F0D5
:1016D000E3FE01460446304618F0A6FEC3070DD4CB
:1016E000AF23184A1849194819F0EEF83946184836
:1016F00019F0EAF8AF21134819F0DDF82146304619
:1017000018F0A8FE251829460022304618F08CFE55
:101710002D1AAC420BD0B7230A4A0E490B4819F0D8
:10172000D3F839460C4819F0CFF8B721E3E7214642
:10173000304618F095FE2146BDE8F84018F0D1BFBC
:10174000F8BD00BF0E190300311903002215030074
:10175000421903007A190300A01903002DE9F84388
:101760000F4606681446B2684B1EB2F5004F34BFF0
:10177000042108213B4010D0C7F1000909EA0709FC
:10178000494503F1FF3028BF494618420CD11F4696
:10179000DCB900252846BDE8F8838F4213D82146DE
:1017A000BDE8F84318F0DFBF2E494FF4A2732E4A6C
:1017B0002E4819F089F82E4819F086F84FF4A271D6
:1017C000294819F078F89946E2E7B2EBD40FE0D94E
:1017D000E319591A104618F069FE0146304618F010
:1017E000BFFE80460028D4D0B36809EBC005B3F52E
:1017F000004F34BF042308231D4435447B1E1D4481
:10180000B5FBF7F57D43A5EB09052946304618F0F1
:1018100043FE2C44073424F00704A41B80450746EC
:101820004FEAE40408D202464146304618F0D2FEA0
:101830004146304618F013FF3946304618F00AFE8C
:101840003844844208D239463046224618F0C2FE57
:101850002146304618F003FF01223946304618F081
:10186000FFFD97E7DC1903000E19030022150300A2
:10187000F71903002DE9F74F91461F460E460468FD
:10188000009031B93A46494603B0BDE8F04FFFF742
:1018900065BF3FB9FFF714FF4FF00008404603B0A3
:1018A000BDE8F08F02F1FF3A1AEA020F0ED04D495F
:1018B00040F289134C4A4D4819F006F84C4819F08B
:1018C00003F840F28911484818F0F5FFD4F808B041
:1018D000BBEBD70FE0D9204618F0DEFD01460546E8
:1018E000204618F0B7FDBBF5004F2CBF082204229C
:1018F00002EBC5022244B31A8046F91858460193F8
:1019000018F0D4FD8346B9F1000F02D016EA0A0F91
:1019100044D1C3450ED00FD2AB445A462946204687
:1019200018F058FE29460122204618F099FD594624
:1019300018F0D7FEB046B1E705EB080A0122514680
:10194000204618F071FDC30728D45146204618F0F0
:1019500081FD4044584521D35146204618F0E9FD09
:101960005146204618F076FDABEB080840450AD9F1
:1019700005EB0B07514620463A4618F02BFE394638
:10198000204618F06CFE52462946204618F049FEC3
:1019900001222946204618F063FDCBE73A46494626
:1019A0000098FFF7DBFE804600283FF475AF29461C
:1019B000204618F04FFDA368019AB3F5004F34BFDD
:1019C00004230823C2EBC002D21ABA42314628BF10
:1019D0003A4640461DF071FE31460098FFF770FE12
:1019E0005CE700BFDC1903000E1903002215030099
:1019F000F7190300B2F5802F2DE9F04110D2042A27
:101A000028D843494FF4F973424A434818F05CFF21
:101A1000424818F059FF4FF4F9713E4818F04BFF57
:101A20000823D21ACC1D114424F0070421F0070129
:101A3000091B17294FEAD1060ED8394940F2FB138A
:101A4000344A354818F040FF344818F03DFF40F262
:101A5000FB11E2E70423E4E7002704603146304647
:101A6000A660E76018F02BFD0121421D804630463C
:101A700018F01CFD9200D51DED082844B0423AD85C
:101A8000B8F1FF3F3946A2F1100204F11000B8BFCF
:101A90003A461DF01FFE2A463946204618F0F8FC4B
:101AA0003B463A463946204618F0C9FCA6EB0508E5
:101AB00020463946012218F0D3FC4246294618F048
:101AC000E7FC2B463A462946204618F0B8FC31463A
:101AD000204618F0DDFC43463A463146204618F0D1
:101AE000AEFC31462046012218F0BAFC2946BDE87A
:101AF000F04118F0B4BD0B494FF40373054A064892
:101B000018F0E2FE054818F0DFFE4FF4037184E799
:101B1000141A03000E19030022150300351A0300DE
:101B20004E1A0300771A03002DE9F04F91B000938D
:101B300002F004030293C2F3C20301338407054693
:101B40000E46DDF868800392059340F0F881041D8D
:101B500030B1072909D86FF01B0011B0BDE8F08F34
:101B600001F00706341DC6F108064FF000094FF0DA
:101B7000040B009B4FF0FF32591E4F464B46DA468E
:101B8000CDF8109001920DB10098206005980028C2
:101B900000F3D7809948009A824203D39848824242
:101BA000C0F0CF80039AA4EB050E92074FEA9E0087
:101BB00040F1E2804FF0000CCCE07A285CD84B2852
:101BC0000CD8472858D829282AD8252851D053D8A6
:101BD000202877D023384342434173E04C382E28E5
:101BE0004AD8DFE800F06F4949494949494949491C
:101BF00049494B494949494949494959494B4B592F
:101C000059596F4B6C496F49184B184949807D4BA6
:101C100049494B497D00002000234FF0040B39E077
:101C200001222A38C0B202FA00F010EA0E0F49D1A0
:101C300010F0625C30D110EA020343D06046013CF0
:101C40005C44B4FBFBF40BFB04F4002D60D0AAEB66
:101C5000050CA444B4453FF67EAF00286AD1BAF122
:101C6000040F45D158F8040B20604FF0040A0434E7
:101C700028E0019B013B0193002323E011F8013C84
:101C80006C2B32D1002011F8023C6C2B0346C4D1DE
:101C90004FF0080BDA46D2E708F1070828F00708EA
:101CA000073424F00704F8E802AB35B10698204465
:101CB000B0423FF650AFC4E900AB002308344FF008
:101CC000080BDA4611F8010F002800F0C080002B45
:101CD0007FF473AF2528F5D1019B013301930123D4
:101CE0004FF0040BEDE7184696E700200346A6E701
:101CF000BAF1080F40F09D8008F1070828F00708A6
:101D0000B8EC027B84ED007B4FF0080A0834D9E779
:101D100080B9BAF1040F02D108F10408A5E7BAF1BD
:101D2000080F40F0868008F1070828F0070808F13E
:101D30000808E9E705980138059058F8040B009069
:101D400021E7039A90074CD54FF0010CA4EB050E48
:101D50004FEA9E00BEF5007F1FD32A4940F27B2345
:101D6000294A2A4818F0B0FD294818F0ADFD40F284
:101D70007B21254818F09FFD0F2F10D8002D4BD048
:101D800007F140020DEB020C019A0CF8200C0CF844
:101D9000102C04980130049022E00F2F0CD919491F
:101DA0004FF42073184A194818F08EFD194818F09E
:101DB0008BFD4FF42071DCE7D5B107F140020DEB4C
:101DC000020E019AC0B20EF8200C0EF8102CBCF1D5
:101DD000000FDED060F07F000EF8200C09F1010941
:101DE0000137C5F108024FF6DA7E0434069269E73E
:101DF000BCF1000F10D00136F2E700BF10F902006D
:101E0000C07E0300E62C0300A21A03002215030083
:101E1000D01A0300F11A0300029A0236002ADFD119
:101E20000098CDE90631FDF74CFDDDE906310644A9
:101E3000D6E740F2C523434A4349444818F044FDDD
:101E40005146434818F040FD40F2C52191E7631B1D
:101E5000B3F5806F0CD33C4940F2D123394A3B485B
:101E600018F032FD3B4818F02FFD40F2D12180E7F9
:101E70001DB9A6F10804E0186FE6029A9B082860D5
:101E80002B709DF81030C2B1EB7085F80290B9F15B
:101E9000000F05D0002208A8C5F1010C97420ED111
:101EA0004FF0000AC5F101030DF1200801930DF177
:101EB000300B574512D1601B4FE66B70E5E710F809
:101EC000013B190608D504EB0C0EB64503F07F0361
:101ED0003FF641AE04F8013B0132DFE7B9F1000FF4
:101EE00003D098F90020002A17DB029BD3B11AF81F
:101EF0000B2004F8012B0022019B98182044B042CB
:101F00003FF629AE98F80000009904F8010B20462E
:101F100003921DF0D2FB039A14440AF1010A08F15E
:101F20000108C6E798F8002055F822300093029B7C
:101F3000009845F82230FDF7C4FC421CDCE76FF046
:101F40000D000AE6A21A0300E62C03002215030086
:101F50000B1B0300201B03002DE9F04F97B000AFCF
:101F600089460446D7F880B0FA623B6258B9A9495D
:101F70004FF46573A84AA94818F0A6FC4FF46571A0
:101F8000A54818F098FCCBF3C00390F802A0BB6101
:101F900041B9457800780AEB800020444D4517D8B8
:101FA000A0EB0409E378FB61BAF1000F02D01BF04B
:101FB000010F16D1FB6953BBFB6A1BB14946204692
:101FC0003A6A98474D4628465C37BD46BDE8F08FD3
:101FD000461C3046FDF775FC0130304409F101091B
:101FE000DCE7626823787A62FA6A9900796104EB27
:101FF0008301002A40F002810E464FF000084D4652
:1020000001EB0A094E454CD101EB0A0610E01BF02A
:10201000020FD1D023789A007A61626804EB8301C1
:102020007A62FA6A002A77D14D46904601EB0A0699
:102030001BF0050F0CBF02230123FB62FB6906EBBB
:10204000430A0BF00203BB625645BCD016F8021BD4
:1020500016F8013C54F82390714B994502D3714B0B
:10206000994536D3BB69002B40D0786A18F0DEFB67
:1020700000283BD0E9468AB06A466B4B53617B6AC5
:10208000C2E906314FF400731384684B42F8103FE5
:1020900000234FF41251664801F00AFC023DCD4680
:1020A000D2E716F8013BF96254F82300FDF709FC6A
:1020B000D7F88430F96A01304BB1D7F888309845A9
:1020C0003EBFD7F8843023F8180008F10108054412
:1020D00098E7BB6923B1786A18F0A8FB0028C9D13A
:1020E0001BF0010F05D1FB6AED1AADE7BB6A002BAF
:1020F000AAD04846FDF7E5FBD7F8843053B1D7F8AE
:10210000883098453FBFD7F88420431C22F8183008
:1021100008F10108054497E7BAF1000F74D01BF0ED
:10212000040674D0D046002607F1480052463B61B1
:10213000B9621DF0C2FAB96A3B6901EB0A02BA62E0
:10214000FA69F9695200FA60BA6A02EB41023A612F
:102150000BF00202BA60BA6A39698A426AD16278BF
:102160001BF0020F18BF00217A6208BF4FEA580126
:10217000B2181BF0010FD2B240F0E5801BF0040F43
:1021800014BF40460020BB616270A070E170204621
:102190003A6A7969FB6A9847051EFFF614AFBB6976
:1021A000414623707B6A3A6A6370FB6984F802A037
:1021B000E37007F14800FB6A9847B0F10008C0F2ED
:1021C000F0807B69A9EB0A01C91AFB683A6AC91A4F
:1021D000D7E90A0398470028C0F2E5804FF0000BCA
:1021E000A84408EB000507F1380AB345C0F0AD80FC
:1021F00000213A6A0846FB6A9847E4E656464FF0E3
:10220000000807F1380091E75646D04695E7B046FA
:1022100093E700BF371B0300A21A03002215030037
:1022200010F90200C07E0300521B030004000001ED
:10223000B0FD0200BA6A12F8021B12F8015CBA6221
:1022400054F82500594A904202D3594A904218D373
:10225000BA693AB1786A7B6018F0E8FA7B680028BE
:102260007FF479AFBA68002A4CD00F2E40D951497B
:102270004FF48963504A514818F026FB4FF48961A6
:102280007EE6BA693AB1786A7B6018F0CFFA7B686B
:1022900000287FF460AF1BF0010F0BD00F2E27D961
:1022A000444940F23E43444A444818F00DFB40F292
:1022B0003E4165E61BF0040F3FF44DAFB8F10F0F40
:1022C00009D93F4940F241433B4A3C4818F0FCFAE7
:1022D00040F2414154E608F1280207F1300008F1CC
:1022E000010102EB000808F8105C5FFA81F832E7A0
:1022F00006F1280207F13000711C161806F8205C60
:10230000CEB228E7B8F10F0F09D92D4940F24B435F
:10231000294A2A4818F0D8FA40F24B4130E608F131
:10232000280207F1300C08F10100944407F158022B
:1023300008F1020852FA80F00CF8101C5FFA88F8D5
:1023400000F8105C07E700201DE71BF80A3054F87E
:10235000239087F83730D7F88430FBB133F81B80EF
:1023600001213A6AFB6A07F13700984700281ADB17
:102370000544B8F1000F06D14846FDF7A2FA00F176
:1023800001081FFA88F8414648463A6AFB6A9847AE
:10239000002808DB05440BF1010B26E7D7F8848001
:1023A000DEE745460FE605460DE600BF10F90200E0
:1023B000C07E0300F51B0300A21A030022150300D0
:1023C000141C0300014B1860704700BF9CC600201E
:1023D00080B505460E461746984613F05FFD034646
:1023E0001DF08CFA0446DFF81890424649F8003098
:1023F00039463046A84754F8090002F003FF00BFF1
:1024000008000000032800B508D91DF077FA09225A
:10241000074B1A504FF0FF305DF804FB2822054BA4
:1024200002FB0033D3E8AF3F002BEED00020F3E7F0
:102430000C00000004FB002038B504461546FFF7E9
:10244000E1FF00280DDB28236343074AD0184068CA
:10245000086015B10C3313442B6028235C431059DA
:1024600038BD0020FCE700BFFCFA002070B5002555
:102470004FF0FF334FF0FF32174811F03FFD174B7D
:10248000D3E8AF2F82B10135042D03F12803F7D132
:102490001DF034FA17224FF0FF35114B1A500E4839
:1024A00011F0FCFD284670BD28246C43D3E8EF0FE3
:1024B0000130C3E8E10F0029F8D10A4E3319325137
:1024C0005A6004F10C0030441CF041FC04F120007F
:1024D00030441CF09DFCE2E7F4CA002004FB00201D
:1024E0000C000000FCFA002010B40446104628221C
:1024F0005443094B1A191951506048B1C2683AB196
:102500000C34234440F205125DF8044B18F0C4B9B2
:102510005DF8044B704700BFFCFA002028234343BA
:1025200030B50D4908330B44D3E8AF2F92B1541E98
:10253000D3E8EF5F954204D1C3E8EC4FBCF1000F44
:10254000F6D1F1D1012A05D12823584300230A18D6
:102550000B50536030BD00BFFCFA002038B50D466B
:102560000446202200211DF0B5F80022EB68E3614B
:10257000AB68A3612B6823626B68A26263622A69FD
:1025800023B1591E194208BF42F001022261012203
:10259000002104F12C001CF0F8FB48B10549064865
:1025A0002E23064A18F090F92E21044818F083F9DA
:1025B00038BD00BF6B1C030022150300451C03003F
:1025C0002DE9F04F002789B0CDE90123436A044685
:1025D0008B428846BA460597079755D34FF0200B94
:1025E00000F11406EFF3118300938BF31288BFF30D
:1025F0006F8F3046DDF8009013F00CFE58B9882339
:102600004A4A4B494B4818F05FF931464A4818F09E
:102610005BF9882160E0304613F020FE079A2AB16A
:102620003946204618F031FA0023079306A92046C0
:1026300018F057F90699054641452ED32268236ABA
:10264000204613F8221003EB820A21F0030103F85D
:1026500022102168424618F068F9E3682060984229
:1026600016D00025304613F0E3FD40B389F31188FE
:10267000BFF36F8F059929B1A2690AB1204690472F
:1026800000230593002DADD1504609B0BDE8F08F71
:10269000236943F008032361E3E718B1204618F0EB
:1026A0005EF9DFE7DDE90132134337D003911CF017
:1026B000B3FB039990BB304613F0BAFD78B940F2F2
:1026C00031131A4A1D491B4818F0FEF831461C48C0
:1026D00018F0FAF840F23111144818F0ECF8009BA9
:1026E00083F31188BFF36F8F04F12C00DDE9012320
:1026F00011F0ACFE0546EFF311898BF31288BFF39E
:102700006F8F304613F086FD00283FF478AFB5FA9E
:1027100085F5304613F0A2FD6D09A3E7204607AB0F
:1027200005AA276818F03AF905469BE7741C0300D0
:10273000A11C030022150300B61C0300CC1C0300DF
:10274000E31C03002DE9F0410446C36908460E4628
:10275000984704F114050746EFF31188202383F30B
:102760001288BFF36F8F284613F054FD68B9882391
:102770001A4A1B491B4818F0A7F829461A4818F0AE
:10278000A3F88821154818F096F8284613F066FD3E
:1027900033783A4643F0010333706168204618F0FD
:1027A000C4F86060204618F08BF9284613F040FD0D
:1027B00068B940F23113094A0C490A4818F084F804
:1027C00029460B4818F080F840F23111DAE788F317
:1027D0001188BFF36F8FBDE8F08100BF741C030048
:1027E000A11C030022150300B61C0300CC1C03002F
:1027F000E31C03002DE9F843044600F11407EFF34E
:102800001188202383F31288BFF36F8F384613F0AB
:1028100001FD054668B98823344A3549354818F022
:1028200053F83946344818F04FF888212F4818F0EB
:1028300042F8384613F012FD2369A26813F0080F1E
:1028400002D163689A4200D9636A9B1A002B3FD079
:10285000216A11F8223001EB820913F003003AD00B
:10286000022803D151F82260B60805D1D8071FD439
:102870004846E36998470646A1683246204618F064
:1028800054F83146A060204618F05DF8384613F041
:10289000CFFC10BB40F23113144A1849154818F008
:1028A00013F83946164818F00FF840F23111BDE719
:1028B00043F0020301F82230E3694846A5689847CF
:1028C00029460246204618F030F80025A060DDE7D2
:1028D0001D46A946DAE70546FBE788F31188BFF3F2
:1028E0006F8F002D8BD14846BDE8F883741C030020
:1028F000A11C030022150300B61C0300CC1C03001E
:10290000E31C03002DE9F0410446C36908460D4667
:10291000984704F114060746EFF31188202383F348
:102920001288BFF36F8F304613F074FC68B98823A8
:10293000274A2849284817F0C7FF3146274817F08B
:10294000C3FF8821224817F0B6FF304613F086FCFB
:102950002B786FF300032B7023699B0705D5E26882
:10296000236A03EB82039D4222D12B786FF341034C
:102970002B70D4E90231994204D13A46204617F02F
:10298000D4FFA0603946204617F0DDFF304613F033
:102990004FFC90B940F231130D4A11490E4817F01F
:1029A00093FF31460F4817F08FFF40F23111C9E70E
:1029B0002B6867F39F032B60E8E788F31188BFF368
:1029C0006F8F04F12C00BDE8F04111F0FDBC00BF99
:1029D000741C0300A11C030022150300B61C030095
:1029E000CC1C0300E31C03002DE9F84340F26C7398
:1029F00044690569E1170135E41841F10001022D30
:102A00008CBF00230123E41AC76861F1000100298B
:102A1000064607F1FF374EDA6FF4C7704FF4C872FD
:102A20000023201861F10001FCF74CFD244B4FF00E
:102A30003C0E03FB0044D6E900834FEAE37C994651
:102A40006346022D02468CBF6FF002000920B66873
:102A50000544C6FB0E93A9FB0EC60EFB036640F2AF
:102A60006D1E9920A3080EFB04333B4464274543A5
:102A70000520B4FBF7F40235B5FBF0F51B1B114C38
:102A80001CEB080CA2FB042004FB01012B4446EBC9
:102A9000E87698180C4A41F1000380180B4A63F15C
:102AA0000003A0FB020102FB031110EB0C0041EB41
:102AB0000601BDE8F8834FF4C87200232046B3E74F
:102AC00070FEFFFFB13A02009405F5FF805101004E
:102AD0002DE9F84F0446A38B08461907154612D472
:102AE000022803F0070165D1204618F053F888B199
:102AF0000138042800F23781DFE810F05C0035016E
:102B00008200D400040101280CBF43F0100143F0FF
:102B10002001A1831434204613F08AFB002840F0E2
:102B20009D819A4940F23113994A9A4817F0CCFE98
:102B30002146B1E003F00702501F01281ED80020F3
:102B4000062A2768C4E9000014D13A4603E0E08B66
:102B50000130E0831268002AF9D123F0070343F023
:102B600002022046A28318F015F890B342F020022A
:102B7000A2832EE023F007039AB2F2E7042A33D1AE
:102B800023F007039AB22046A28318F003F810B18D
:102B900042F02002A283A38B03F00709894540F08D
:102BA000EC80A18BCA0640F1508121F01003A38371
:102BB00001F00701D4F81880A38BB8F1000FB9DA3F
:102BC0000022276823F00703C4E9002243F0010331
:102BD000A383A38B03F00709894540F0CF80002F22
:102BE000DFD00026B24644E06B4940F21B136B4A2B
:102BF000684817F069FE40F21B11684817F05BFE49
:102C000049B167494FF4AB73644A624817F05CFE00
:102C10004FF4AB71F1E723684BB9624940F25713A7
:102C20005E4A5C4817F050FE40F25711E5E7236911
:102C30001E684EB95C494FF4AD73584A554817F0B9
:102C400043FE4FF4AD71D8E70F4688464FF00609B2
:102C5000A38B23F0070343F006039BB2A383A26870
:102C6000002A40F08D80002F40F08D80002E98D0FB
:102C7000BA4643F0080304F1140B5846A38313F03B
:102C8000D7FA002840F09A80404940F23113404A78
:102C9000404817F019FE5946444817F015FE40F217
:102CA0003111ADE0022909D0414940F25D133B4AA0
:102CB000384817F009FE40F25D119EE7E78B4FB1EF
:102CC0003C494FF4AF73354A324817F0FDFD4FF4DD
:102CD000AF7192E723695E684EB9334940F26113E0
:102CE0002E4A2C4817F0F0FD40F2611185E7A38BC6
:102CF000B84623F0070343F004039BB24FF00409E6
:102D0000A383ACE7012909D02B494FF4B273234ABE
:102D1000204817F0D9FD4FF4B2716EE723684BB924
:102D2000204940F265131D4A1A4817F0CDFD40F2C4
:102D3000651162E723699E684EB91B494FF4B4736D
:102D4000164A144817F0C0FD4FF4B47155E7002738
:102D5000A38BB84623F0070343F005039BB24FF063
:102D60000509A3837BE70C4940F26B130B4A094822
:102D700017F0AAFD40F26B113FE7002700266EE72F
:102D80004FF0010A75E7924673E700BFCC1C0300C1
:102D9000741C030022150300E62C0300F81C03003A
:102DA0001D1D0300291D03004C1D0300E31C03002F
:102DB000631D0300791D0300881D030085F311883E
:102DC000BFF36F8FBAF1000F1CD177BB16B120464D
:102DD0002549B047EFF31185202383F31288BFF311
:102DE0006F8F584613F016FA38BB88231F4A2049C4
:102DF000204817F069FD59461F4817F065FD8821E6
:102E00001A48FBE6A1680029DFD00D680029DCD054
:102E100043464A462046D1F804A0D0471DB12B684E
:102E200029461D46F2E72B46FAE7394643464A460D
:102E300020463F6817F0DAFEC7E7584613F00EFA4F
:102E4000A38B23F00803A383ABE68B067FF562AE6A
:102E500021F02003A38301F0070145E685F31188E3
:102E6000BFF36F8FBDE8F88F7D2E0100741C030047
:102E7000A11C030022150300B61C0300F8B504468C
:102E80000D4600F11406EFF31187202383F3128817
:102E9000BFF36F8F304613F0BDF968B988230C4A31
:102EA0000C490D4817F010FD31460C4817F00CFD89
:102EB0008821074817F0FFFC304613F0CFF9A561D1
:102EC0003A462046BDE8F8400121FFF701BE00BFA9
:102ED000741C0300A11C030022150300B61C030090
:102EE0002DE9F04704460F4617F070FE051E68DB1B
:102EF00004F11409EFF3118A202383F31288BFF33E
:102F00006F8F484613F086F9804660B98823384AA7
:102F10003849394817F0D8FC4946384817F0D4FCEE
:102F20008821334842E0484613F098F94FF6FF7283
:102F3000E38BA68B934206F0070645D0022E15D1EF
:102F400035460133E383484613F072F9002841D136
:102F500040F23113264A2A49274817F0B5FC494662
:102F6000284817F0B1FC40F23111DAE7062E13D8E9
:102F7000DFE806F0092D1212090409006FF085053B
:102F80004FF00008DFE700233B60636883B9C4E9C2
:102F9000007786B13546F3E71B4917484FF4E473D1
:102FA0001A4A17F091FC4FF4E471184817F083FCAB
:102FB0001F606760EDE7524602212046FFF788FD5B
:102FC00035462846BDE8F0876FF00A05D8E76FF070
:102FD0000405D5E78AF31188BFF36F8FB8F1000FAE
:102FE000EFD0002332463946204617F0FFFDE8E7D0
:102FF000741C0300A11C030022150300B61C03006F
:10300000CC1C0300E31C0300881D0300F81C030014
:1030100008B54268034602F00302022A81600AD022
:10302000032A4FF0000103D0012A0AD1596006E0BB
:103030001868596008BD186800225A6058B9002005
:10304000F8E7064906484523064A17F03DFC4521A6
:10305000044817F030FC14F059F8F0E7E62C0300B0
:10306000221503009E1D03002DE9F04F85B090F856
:1030700036800446B8F1080F38BF4FF0080889467B
:1030800008F1070303F4FC7302AFADEB030D02ABD1
:1030900090F83C101646184642467B601CF01AFB1E
:1030A0004A462046796817F092FEB0F1000A7BDBB1
:1030B00094F836B01FFA8AF1584617F0D5FD494604
:1030C0000546584617F0D0FD01218146584617F0B5
:1030D000CBFDA84581441FFA89F909D23A493B48FA
:1030E0004E233B4A17F0F0FB4E21394817F0E3FB23
:1030F00004F10C084FF0FF324FF0FF33404610F060
:10310000FDFE824600285CD1D4E9091248682A44B1
:103110004A44824234D9D346A27920463A6018F014
:103120000EF80146BBF1000F08BF8346206A8142BA
:1031300041D03A680AF1010052453ADCBBF1000F78
:1031400039D0082194F8360017F08EFDDBF804A082
:103150004844284482452ED3A28E59460132204647
:1031600092B217F073FE8246D8B9082194F836005F
:10317000C4F824B017F078FDA38EA0620133A386B3
:1031800000952046D4E909127B6817F0EAFD8246D3
:10319000A0B9636A3360A36A1D44B5604D4473608F
:1031A000A562404610F07AFF50460C37BD46BDE898
:1031B000F08F8246B1E76FF01B0AF2E76FF0040A66
:1031C000EFE76FF0150AEFE7F21D03002215030089
:1031D000C41D030030B5002289B00F490F481BF011
:1031E000C0FE002200230024CDE906230E230C4D4F
:1031F000CDE903344FF400622846CDE90144094B80
:103200000949009411F0A4FD084928461BF00AFE64
:10321000204609B030BD00BF75330100A8E1002091
:10322000D8DC00204D360100D0350120091E0300F6
:103230002DE9F047044607464FF00109DFF85080BA
:1032400014B93846BDE8F08794FAA4F5B5FA85F5C7
:1032500009FA05F32E0108EB05156FEA030A24EAC3
:1032600003042B7B002BEBD058F806301B694BB9BD
:103270004644736804222846196807EA0A0700F0E2
:10328000F1FADDE7284698470028D9D1F0E700BFDA
:1032900080FE02002DE9F047DFF8D4902D4C8046E7
:1032A000A9EB04038F2B0F460BD92B4940F23F1398
:1032B0002A4A2B4817F008FB40F23F11274817F025
:1032C000FAFA284817F0EFFF064660B300252846B3
:1032D000BDE8F087237B6BB12368DB680BB1204628
:1032E000984723681B69B3B96368042220461968AC
:1032F00000F0B8FA013610344C4518D91A494FF489
:10330000A673164A164817F0DFFA184817F0DCFAC9
:103310004FF4A671D2E7204698470028E4D00AFA75
:1033200006F31D43E6E705464FF0010AE4E7D1D373
:10333000B8F1000FCBD0002DC8D02846FFF778FF9A
:103340000546002FF7D000214FF4A47012F052FD73
:10335000F1E700BF80FE02003E1E0300111E0300C5
:1033600022150300B0FB00206E1E03008F1E030019
:1033700090FE0200014811F027B800BFB0CB00203A
:10338000014B53F820007047EC05030008B50346D5
:1033900008462BB1044A136000F098FD002008BDD8
:1033A0006FF01500FBE700BFA0C6002010B5044C6D
:1033B000237813B9034811F007F80123237010BDD7
:1033C00048060120B0CB002010B50446064817F08F
:1033D0006AFF3CB1054BD3E8EF1F0139C3E8E21F98
:1033E000002AF8D110BD00BFA8FB0020ACFB0020D4
:1033F00000200146034BD3E8EF0FC3E8E21F002A89
:10340000F9D17047A8FB002070B5FFF7F1FF054622
:103410000F4C104EB44219D90F4940F2FF130F4A16
:103420000F4817F051FA0F4817F04EFA40F2FF110B
:103430000A4817F040FA63685B792BB123685B6830
:1034400013B12946204698471034E3E7F3D370BD03
:1034500080FE020090FE02006E1E0300111E03009B
:10346000221503008F1E030010B5044C04492046AA
:10347000FFF774F8034B1C6010BD00BF2CCA00207E
:10348000D8050300A0FB002008B50023074A4FF42D
:1034900000411370064A07481360074A1360FFF79C
:1034A00075FFBDE80840FFF7DFBF00BF49060120F8
:1034B000A8FB0020A3B20200ACFB002001460022C2
:1034C00000230148FFF77CB82CCA00200148FFF711
:1034D00091B900BF2CCA0020024B01461868FFF7C3
:1034E00011BA00BFA0FB0020014817F0F6BA00BFD8
:1034F0002CCA002070B52E4B1878002857D0FFF743
:10350000E5FF054640B32B4BD3E8EF1F0139C3E875
:10351000E21F002AF8D1284C284EB44218D9284975
:1035200040F2F313274A284817F0CEF9274817F03E
:10353000CBF940F2F311234817F0BDF963685B79CA
:1035400023B12368294620461B6898471034E4E7D6
:10355000F4D32846FFF7C0FF1D4B1E4C1B68002B01
:1035600019DD1BF0B7FC4FF47A72A0FB020302FBDB
:103570000131C30B43EA4143D4E900209B1A40F2D6
:10358000E9324FEAD13161EB0001934271F1000160
:1035900001D3FFF739FFD4E9003213F57A7342F112
:1035A0000002C4E90032BDE87040FFF79DBF70BD66
:1035B00048060120ACFB002080FE020090FE0200C5
:1035C0006E1E0300111E0300221503008F1E030050
:1035D000A8FB0020A0E1002070B5154D297829BB7B
:1035E0000120FFF757FE134C134EB44217D913496D
:1035F0004FF4DC73124A134817F066F9124817F0BB
:1036000063F94FF4DC710E4817F055F963685B7984
:103610001BB1236820469B6898471034E5E7F5D333
:10362000FFF768FF0028FBD101232B7070BD00BF9E
:103630004906012080FE020090FE02006E1E03007B
:10364000111E0300221503008F1E03002DE9F04711
:10365000304B314FFB1A1B090BD1304940F28D33EF
:103660002F4A304817F030F940F28D312C4817F0CE
:1036700022F900210846FFF70DFE044650B340F240
:1036800067684FF000091CF039F9274B274A1B588F
:10369000136033B1264B1B68092B02DD254810F05F
:1036A00093FE0025DFF88CA044B12046FFF7C0FD53
:1036B000044618B94FF0FF384FF0FF39FFF71AFFF3
:1036C000064628B95DB942464B46504610F0BEFE4C
:1036D0003546E9E74FF0FF384FF0FF39D3E70D4D9E
:1036E00008E0F0D22B689B691BB1002228461146E6
:1036F00098471035BD42F4D90F4940F28133084A4A
:10370000084817F0E1F80D4817F0DEF840F2813173
:10371000ACE700BF80FE020090FE0200AE1E030078
:10372000111E03002215030008000000A4FB002066
:10373000ACFB0020B0CB00206E1E03008F1E0300E8
:1037400013B52C4817F0AFFD2B4B1B78002B35D051
:10375000EFF31184202383F31288BFF36F8F274880
:1037600012F058FD68B98823254A2649264817F0E3
:10377000ABF82249254817F0A7F88821204817F010
:103780009AF81E4812F06AFDFFF7B4FE1B4812F0CB
:103790004FFD68B940F23113194A1D491A4817F014
:1037A00093F816491B4817F08FF840F23111E5E7FE
:1037B00084F31188BFF36F8F02B010BD164B1B68E6
:1037C000002BF9D050B9002200231448CDE9002382
:1037D0004FF40042002313F0DFF8EDE70928EBD1A6
:1037E0000E481BF0CAFB0E4802B0BDE8104010F0B6
:1037F000EBBD00BFACFB0020490601209CFB002074
:10380000741C0300A11C030022150300B61C030056
:10381000CC1C0300E31C0300A4FB0020A8E1002053
:10382000B0CB002010B5064B04461B6898472146D4
:10383000A0600448FEF786FFBDE81040FFF780BF98
:10384000A0C600202CCA0020044A054B9B1AB1EBED
:10385000D30F34BF52F831000020704780FD0200C2
:1038600080FE02000E4B10B5C31A1B110133DBB2F0
:1038700048B90C490C48DF230C4A17F025F8DF2122
:103880000A4817F018F84468237143689A710122B6
:103890004368196043685A71BDE81040FFF786BD60
:1038A00080FE02004E1F030022150300161F0300B6
:1038B0002DE9F04F8FB0C1F34A2804AF0D46914671
:1038C000B8607B600C0DB8F1000F68D000264FF097
:1038D000040B4FF00A0A07F11403C7F80C80C7E97C
:1038E00007667E620193CDF808B0CDF800A007F11D
:1038F0001C0332464846F968FEF72EFBB0F5006F10
:1039000003461CD36C468AB0D9F8041004AB2C488B
:103910001A46C3E9050140F2FF71D9614FF4007105
:103920001984284B42F8103F4FF412513346264871
:10393000FFF7BEFFA5462C37BD46BDE8F08FC0F3AC
:103940000A0804F11700184420F0070080083B60C3
:10395000FFF7B4FD68F35325044640B33B6800F11C
:103960001001C7E9083607F11403F961CDE900A396
:10397000CDF808B04846154AF96807F11C03FEF770
:10398000EBFA002813DA124912484FF4A273124AD4
:1039900016F09AFF4FF4A2710F4816F08CFF04F155
:1039A000170020F007008008FFF788FD044668F341
:1039B00053252A4620467B68B96817F0A6FCBAE76B
:1039C0006E1F030004000001E8FD0200DFB20200E8
:1039D000DA1F030022150300AD1F03002DE9F04F8D
:1039E00087B00446DDE9105ADDE912690F469346B7
:1039F0009846BEB11021334652460020CDF80090C3
:103A0000CDF81490FEF790F8011E0CDA214940F22F
:103A10006313214A214816F057FF40F263111E48F4
:103A200016F049FF314605F1170008441C4B04F01D
:103A300007040BF0070BE40020F0070003EA412322
:103A400044EA8B1480081C430391FFF737FD44EAD6
:103A500005540546A0B19EB1334652460399CDF8B0
:103A600000901030FEF760F8002809DA094940F2AA
:103A70007D13094A094816F027FF40F27D11CEE771
:103A8000434622463946284607B0BDE8F04F17F0B6
:103A90003CBC00BFD91F0300AD1F0300221503006B
:103AA00000FE0F00406820B1034BC01A40F3CF0066
:103AB00070474FF0FF30704780FD02000EB403B531
:103AC00003AB53F8042B01460448019301F0F6FFC1
:103AD00002B05DF804EB03B0704700BFFD3A01008F
:103AE000CA0605D48B064CBF02490349FFF7E6BF5F
:103AF000704700BFD72E03000355030038B54B684D
:103B000005461A68CB680C469A4202D1084617F05F
:103B100079FC6368D3E8EF2F511CC3E8E01F00284D
:103B2000F8D1A3689D5463681A68E3689A4209D97A
:103B3000054906487A23064A16F0C6FE7A2104484B
:103B400016F0B9FE002038BD122003002215030034
:103B5000E31F03002DE9F04F8BB09B46169B9DF8A9
:103B600054A00693179B04460593189B0D46904658
:103B7000199E0493BAF1000F00F0AE80BAF1040F61
:103B80000BD9A44940F26223A34AA44816F09CFE34
:103B900040F26221A04816F08EFE06F00103089361
:103BA00006F00803079306F48073099317F095FB5A
:103BB00006F00209024600283CD020469849FFF74B
:103BC0007DFF0746B9F1000F08D016F0440F33D13E
:103BD0002A4620469349FFF771FF0744089B53B1DB
:103BE000914B204653F82A20904B9149002A08BF58
:103BF0001A46FFF763FF099B002B49D0079B002B58
:103C000063D1B8F1000F65D0424620468949FFF7DD
:103C100055FF0546069B3D44002B6CD1049B002BB1
:103C200040F08180F30700F1EE8031462046FFF737
:103C300057FFE2E00746C5E77F4B18680028CCD065
:103C40007E4B4FF47A791B684FF46161B5FBF3F555
:103C5000B5FBF0F300FB135509FB05F5B3FBF1F2DF
:103C6000B5FBF0FE4FF03C0C01FB123100FB1E5582
:103C7000B1FBFCF309FB05F5B5FBF0F50CFB1311EB
:103C800020460091CDE901E56D49FFF717FFA4E754
:103C9000079BEBB16B4B204653F82A206A49FFF78C
:103CA0000DFF0546B8F1000F05D042462046614998
:103CB000FFF704FF0544BBF1000FABD05A46204686
:103CC0006249FFF7FBFE0544A4E74FF0000BE1E774
:103CD000079DE7E745469DE7BBF1010F069B06D12F
:103CE000DBB9049B002B00F0888000251BE0002B33
:103CF000F7D0574812E057482246069B564916F01F
:103D000064FD00280CDA55494FF42F73424A4348AA
:103D100016F0DAFD4FF42F713CE74E485546EBE7BD
:103D2000049B002B65D0DFF84481DFF84491049FA9
:103D30003146102F204628BF10274FF0000BFFF709
:103D4000CFFE5D4542DC059B494620461A78FFF7C9
:103D5000B5FE4FF0010B1BF0070F03D14146204683
:103D6000FFF7ACFE5F4538D9059B4946204613F85E
:103D70000B20FFF7A3FE0BF1010BBBF1100FEAD1F3
:103D80004FF0000B20463649FFF798FE5A46059B38
:103D900020469A5CA2F120015F2928BF2E223149DA
:103DA000FFF78CFE0BF1010BBBF1100F1AD01BF0CB
:103DB000070F03D141462046FFF780FE5F455A4674
:103DC000E5D841462046FFF779FEEBE7414620461D
:103DD000FFF774FE0BF1010BB3E720462249FFF712
:103DE0006DFEC8E7059B3B440593049BDB1B0493D6
:103DF0009DD1BAF1000F7FF415AF20460BB0BDE89E
:103E0000F04F17F0FFBA2046084A0949FFF756FE5F
:103E10000BE700BF47200300E31F03002215030048
:103E20005320030057200300FC0503004220030039
:103E3000865803007C200300B8FB0020B4FB002060
:103E4000602003001006030080200300862003008A
:103E50001FB40200FD3A0100BD5A01008B2003008F
:103E60009E200300994903009A2003009C20030030
:103E70009420030042F20F7373B58B4228BF0B46A8
:103E800005680446052168460D4A13F0C7FA064640
:103E9000636828460B225B680A4917F0A5FA636835
:103EA0003246694628465B6817F09EFA63681B2213
:103EB00028465B68044917F097FA02B070BD00BF4E
:103EC000125A0300BC200300A0200300002101239C
:103ED000064A904206D8064A01B901231360054BF1
:103EE00018607047012140085B00F2E740420F0074
:103EF000B4FB0020B8FB0020F8B50D460446064F81
:103F00004618B44201D12846F8BD14F8011BBB681D
:103F100001485B689847F4E76CFA020010B5436803
:103F20001C6809481AF0B3FE48B9084908489923A3
:103F3000084A16F0C9FC9921064816F0BCFC236813
:103F40005B685C6010BD00BF6CFA020022210300B8
:103F500022150300E4200300014B0360002070479A
:103F60005806030070B5114B0D461C68DCB1104BB0
:103F7000196800238B4202DB6FF0010070BD2246FE
:103F800012F8106B864202D014460133F2E7E06863
:103F900010B96FF01200F1E71AF079FE0028F8D09E
:103FA00000202C60EAE76FF00C00E7E7F4C6002081
:103FB0006C06030070B588B005460C46C0B2694671
:103FC0001646FFF7CFFF00281BDB0098C8B14368F7
:103FD0002268029383680195CDE903360023CDE979
:103FE00006230593C56817F07FFA6DB12846084986
:103FF00001AA18F037FB079808B9059B236008B0A1
:1040000070BD6FF01500FAE76FF01200F7E700BF20
:1040100079B5020070B50D461646044638B331B383
:10402000202200211BF056FB28881122022101F0DA
:104030008FFF0028E06005DA1BF060FC0D4B18587C
:10404000404270BD3246294601F0FCFF0028E0687E
:1040500002DA01F0CFFFEFE70121A36844F8330053
:1040600004EBC3020B4491800020A360E9E76FF0EA
:104070000D00E6E70C000000F0B504469BB00F46CB
:1040800015460021302202A81BF024FB002C00F072
:10409000A180002D00F09E809DF8083023F03F03A2
:1040A00043F01B038DF808301AF014FF4B4A00262A
:1040B000A0FB020302FB013110F5804041F1000139
:1040C000C00B40EA41400023444AC90BFBF7FAF910
:1040D00041F2C6034FEA106C5A4303024CEA012C2A
:1040E00003F47F0343EA0C03C4E9040143EA0063D9
:1040F000000A00F47F400343A26112BAE0680C9307
:104100000D9230223346CDE9006602A901F0C6FFC8
:10411000002810DB314630220EA81BF0DBFAA16824
:104120003A46204617F0B5FBB04206DA1BF0E6FB34
:104130002B4B185840421BB0F0BD42D0E0683022F3
:104140003346CDE900660EA902F00AF80028EDDB3F
:10415000302839D1D4E90412149B1BBA964208BF07
:104160008B4202D06FF01500E5E7159BA2691BBAE0
:104170009342F7D19DF8383003F00703042BF1D1B7
:104180009DF839301BB3189B199A1BBA12BA53EA1F
:104190000201E7D0AA60002293420DDA11498B4256
:1041A00002D8C5E90032DDE70F4A9B1862EB020234
:1041B0000020C5E90032BEE70B495B1842F100025E
:1041C000F6E76FF07300B6E76FF07900B3E76FF0D2
:1041D0000F00B0E76FF00D00ADE700BF40420F00E9
:1041E0000C0000007F7EAA838081557C2DE9F04180
:1041F0000F4B05461C680E461746ACB14FF0FF3218
:104200004FF0FF330B480FF079FE63683246D3F866
:10421000088029463B462046C047044605480FF023
:104220003DFF2046BDE8F0816FF00104F9E700BFD3
:10423000E8FB002058CB002000230360044B5A68A1
:1042400012B9C3E90000704710605860704700BFA2
:10425000ECFB0020014B1860704700BFE8FB00201A
:104260001FB5CDE9010103924FF0FF334FF0FF324C
:1042700009480FF043FE094B1C682CB906480FF0A3
:104280000DFF204604B010BD636820461B6801A9DD
:1042900098472468F1E700BF58CB0020ECFB0020D2
:1042A0000022024BC3E90022704700BFECFB002054
:1042B0000022024BC3E90022FFF7F2BFF4FB00200B
:1042C0002DE9F74307460C4609B100230B60002691
:1042D000254DDFF8AC904D4524D924499423244A38
:1042E000244816F0F1FA244816F0EEFA94212048FA
:1042F00016F0E1FAD5F800803846414601AA17F0D9
:1043000062F950B116B954B92E4606E00022404673
:10431000316817F058F90028F5D11435DBE7019B17
:104320002360F1E7E6D3154B1D68C5B155F8148C31
:104330003846414601AA143D17F045F950B116B967
:1043400054B92E4606E000224046316817F03BF98A
:104350000028F5D16D69E8E7019B2360F1E730465D
:1043600003B0BDE8F08300BF90FE0200952103007A
:1043700063210300221503008F1E0300F4FB0020BD
:1043800090FE02002DE9F04784B002AFD7F82890E4
:1043900004460D46164698467860B9F1000F07D0DE
:1043A000D9F8001031BBD9F804A0BAF1000F28D118
:1043B0002046391DFFF784FF08B3D0F80890434624
:1043C000324629467868C847C8B16D468AB002AA05
:1043D000124BD061C2E905344FF400731384104BC3
:1043E00042F8103F00234FF411510E48FFF760FAD6
:1043F000AD4604E03A1D17F0E6F80028D3D10020BE
:1044000007E0D9F8083032460093294643467868D9
:10441000D0470837BD46BDE8F08700BFBD21030087
:104420000400000148FE020038B50C4D4FF0FF3388
:104430004FF0FF320A480FF061FD2B783BB9FFF7D0
:1044400037FF00F0B1FA044610B901232B700024A5
:1044500003480FF023FE204638BD00BF4B06012065
:1044600058CB00202DE9F04FDFF8B0A08FB00293B9
:104470009AF80C300646894615460193002A46D024
:10448000904620230593019BDAF8004096FBF3F752
:104490005F431998394605AB06AAA0470446002891
:1044A00038D1059BF71BDA1B424528BF42460093D3
:1044B00006AB1F44189B93462BB3384619781BF064
:1044C000EEF810B30123A0EB070B5A4639464846D5
:1044D00003931BF0F2F8009BA8EB0B081F2B039B28
:1044E00005D923B9D9445E44B8F1000FC9D1029A65
:1044F000A5EB08051560189A0AB183F0010420465F
:104500000FB0BDE8F08F189BDFE72346DDE76FF0C3
:104510001504F4E76FF00404F1E700BFFCFB002092
:104520002DE9F04F8BB08246884615460193FBF784
:10453000C8F9DFF8C090524699F80C700199B0FBA9
:10454000F7F407FB1404A0EB040B5B461498D9F8AE
:104550000460B047019B5B4401932CB122460AEBF7
:104560000B0102A81BF0A9F83D2204F128036B44BB
:1045700003F8202C04F1010ABAF11F0F01D900241D
:1045800010E005BBBAFBF7F407FB14A44CB10AF129
:1045900008033C1B224629460DEB03001BF09AF84A
:1045A000A2440124534601991498D9F8046002AA40
:1045B000B047C8B9D4B9019B012453440193AA461A
:1045C000002DEFD08246CAF12004AC4228BF2C4611
:1045D0000AF10803414622460DEB03001BF06DF87B
:1045E000A0442D1BA244C7E76FF004000BB0BDE848
:1045F000F08F00BFFCFB002010B5034B04469B6806
:1046000008469847001B10BDFCFB00202DE9F04731
:1046100080468A4691461D466FF0150086B00E9E74
:10462000134F16B906B0BDE8F087102E334628BFE9
:1046300010232946019348463C6801AB02AAA047D3
:104640000028EFD1019B397BB3FBF1F201FB123261
:104650000AB10B449B1A514640467C6802AAA04707
:104660000028DFD1019B1D449A44F61AD9E700BF08
:10467000FCFB002010B5034CC4E90001A2602373C9
:1046800010BD00BFFCFB002030B5044685B01046CD
:104690001D46CDE90212FFF7AFFF044A014600951F
:1046A000204602ABFFF76EFE05B030BD2FB602000C
:1046B0002DE9F04F0446B3B00D46164600211022F6
:1046C00002A81F461BF006F8236CDFF8B8A0DFF83D
:1046D000B890DFF8B8B0069304F10808404602A984
:1046E00016F072FD18B1002033B0BDE8F08F02ABB8
:1046F0006A464A210CA816F0A9FF034628B10121F9
:104700005A46484616F05AFEE6E7009A02F1C801FA
:10471000694401F8980CAFB1BDF8143001329A42E7
:10472000DADA0DF11C0C0DF1080EBEE80F00ACE852
:104730000F00DEF80030CCF80030404607A916F034
:1047400043FD30B1009A3346013202A90CA8A847B4
:10475000C2E74A2107AB01AA1FA816F077FF28B1CC
:1047600001215246484616F020FEE6E7019B1FA9AC
:10477000C8336B4403F84C0C0CA8FBF790F80028E6
:10478000DBD1A9E70822030048FE0200EB21030069
:104790000A4601230149FFF78BBF00BF894601008C
:1047A0002DE9F04F05460F4691469846BFB003B13C
:1047B0007AB10024284623465B4905AACDE905794C
:1047C000CDE90784FFF774FF089B012B00F0A78059
:1047D00017B96FF01504A2E04146384616F017FFEE
:1047E00083466B7B9C42F4DA05F108060DF1240A3E
:1047F000524630461FFA8BF1FEF736FC10F11C0FC3
:10480000034676D16B7B013BA3421ADD304616F09E
:1048100037FA8246A8B9286C16F0A7FE2B6CCDE9B2
:104820000EAA129330460EA916F0CEFC58B13046AF
:1048300016F0E4FC034620B101213C4A3C4816F046
:10484000BDFD0134CDE7AB6A0E9A9A42EFD1492102
:104850000EAB03AA18A816F0F9FE0028E2D1039BBC
:10486000BDF8442001339342DCD00DF14C0C0DF126
:10487000380EBEE80F00ACE80F00DEF80030CCF8D0
:104880000030304613A916F09FFCF8B13046BDF851
:10489000441013AAFEF7E8FB03460028C2D1BDF876
:1048A00044200146009213A80EAAFFF7AFFE00288D
:1048B000B8D1304613A916F005FA03460028B1D046
:1048C00001211C4A1A4816F079FDABE7492113ABC8
:1048D00004AA2BA816F0BAFE0028D2D1DDE90323E2
:1048E0009A42CED12BA918A81AF000FC0028C8D1F2
:1048F00098E700287FF46DAF2A6C49460D92384640
:104900004246CDF800A0FFF70BFE431D044606D03B
:104910005146304616F0D6F9002C08BF0446204612
:104920003FB0BDE8F08F00BF6DB602003D2203002E
:1049300048FE02001C220300012370B504460373E5
:10494000837300F1080616F0F4FE314616F0BEFA45
:104950000546B0B9304616F028FA00280ADCE36AAA
:10496000206CD3E9001216F0EAFD0028EBD06FF0BE
:10497000040504E0044B20466360FFF75DFC284615
:1049800070BD6FF01505FAE75806030090F83E3049
:10499000024A03490348FFF76DBE00BFE7B60200B5
:1049A000EFB6020003B70200092337B5009316F0F3
:1049B000C0FE69461A4AFFF7FDFA044610B110F12D
:1049C0000C0F0FD1174D009B28466B73FFF7B4FFF8
:1049D00058B9154B13486B60FFF73CFC1148FFF7C3
:1049E000D5FF0024204603B030BD16F0A2FE01A979
:1049F000C0B2FFF7B7FA04460028F3D10198214668
:104A0000826816F09CFD0446019816F06DFD002C9E
:104A1000E8D12846FFF790FF04460028D9D0E1E707
:104A20000CFC0020ACC600205806030008B5044862
:104A300015F025FFBDE80840024815F020BF00BF73
:104A4000572203008C2203002DE9F84F80460C46C4
:104A500000AF002965D0D1E90012E9468AB0A36809
:104A60006D464FF0050A2E463748C5E90723C5E9CC
:104A7000050146F810AF002332464FF42151334868
:104A8000FEF716FFD4E90312CD466369AD46304800
:104A9000C5E90723C5E90501C5F810A00023324682
:104AA0004FF421512948FEF703FFCD46E369012168
:104AB000284A264816F082FC264600254FF00A0AAE
:104AC000DFF8A0B0E946D6E908E0D6E90A138EB0CF
:104AD0006A46C2F81CE005F1010EC2E908E0A81C14
:104AE000C2E90A01E91CC2E905B5C2E90C1342F8A2
:104AF00010AF002345F2400114480435FEF7D8FEFC
:104B0000102DCD4606F11006DCD1236E0121124A8C
:104B10000E4816F053FCA3690121104A0B4816F009
:104B20004DFCB8F1010F07D1EFF305830C4A414664
:104B30000648103B16F042FC214640460EF0A0FE0F
:104B4000BD46BDE8F88F00BFBA22030038FE020060
:104B5000E9220300182303006A23030079230300DA
:104B6000A72303002723030030BFFFF7FDBF00BFCB
:104B70002DE9F04105460B4EDFF83080324606EB5A
:104B80000807CC1B204608491AF097FDA019424699
:104B90000021083C1AF09EFD6C6707F10800BDE893
:104BA000F08100BF00000000D0FE020008000000FD
:104BB000074A936893F90E10002907DB9269934224
:104BC0001FBF044A536843F080535360704700BFCF
:104BD0000005012000ED00E070B5344C06460D469E
:104BE0003348344916F0B2FDA36AD9064DD5304892
:104BF000314916F0ABFD1120A36A1A0704D52C48E1
:104C00002E4916F0A3FD1220284CA36A9B0712D54B
:104C10002B49274816F09AFD636BA26A110609D545
:104C20000121284A224816F0C9FB1EB1A36A23F0CD
:104C30008003A36213201D4CA36ADA0704D51C4825
:104C4000214916F083FD1420A36A9B0604D5184859
:104C50001E4916F07BFD1520144B9A6AD60602D425
:104C60009A6A940713D59B6AD90610D5184940F261
:104C70006313184A184815F027FE184815F024FE4B
:104C800040F26311134815F016FE1020B4E7074BED
:104C90009A6A920642BF5A6A22F400525A629A6A8B
:104CA00042F0FF029A6200232B7070BD00ED00E01D
:104CB00038FE0200BA230300D023030003240300BC
:104CC000162403002E24030044240300632403005D
:104CD000C424030092240300221503000E250300C0
:104CE00010B5244C2449254816F030FDA36A9901DB
:104CF0003ED52248224916F029FD1E20A36ADA017A
:104D000004D51E481F4916F021FD1F20194CA36A27
:104D1000DB0204D519481C4916F018FD0220A36ACD
:104D20001C0304D51548194916F010FD2120114C1B
:104D3000A36A590304D51148154916F007FD22202E
:104D4000A36A9A0304D50D48124916F0FFFC2320EC
:104D5000084CA36ADB0304D508480F4916F0F6FC9B
:104D60002420A36A6FEA03436FEA1343A36210BDD2
:104D70001D20C3E700ED00E07225030038FE0200AD
:104D80008A2503009D250300B7250300E1250300C4
:104D9000FF250300242603003E26030070B5294C9E
:104DA00006460D462848294916F0D0FCA36AD904C6
:104DB0003CD52548264916F0C9FC1720A36A1A05D8
:104DC00004D52148234916F0C1FC18201D4CA36AC4
:104DD0009B0512D51C48204916F0B8FCA36BA26AAB
:104DE000100409D501211D4A174816F0E7FA1EB133
:104DF000A36A23F40043A3621920124CA36A590545
:104E000004D51148164916F0A1FC1A20A36ADA0548
:104E10000ED50D48134916F099FC1B20094A936AD8
:104E200043F47F43936200232B7070BD1620C5E7C7
:104E3000A36A9B04F2D504480B4916F087FC1C209A
:104E4000ECE700BF00ED00E038FE02006926030039
:104E50007F2603000324030090260300A9260300F5
:104E6000BE260300D9260300632403002DE9F04782
:104E70009CB07C4B0546D3F804A088461646002318
:104E800000AFCAF3080983F31188BFF36F8F02F0F4
:104E90007F43B3F17F4F0ED073494FF48B63734A56
:104EA000734815F011FD734815F00EFD4FF48B613A
:104EB0006E4815F000FD12F00104EDD1530604D444
:104EC000100708D44FF0010808E06B496B4816F052
:104ED0003DFC710700D545464FF00008002DDBD0A2
:104EE0000023FB71A9F10303092B00F29880DFE88E
:104EF00003F0058E917196969696969460495F4858
:104F000016F024FC0023574EFB71F36A9A0704D570
:104F10005C495A4816F01AFC32E0F36A002B01DAB9
:104F20005949F6E7F36A5B0064D55849534816F0CF
:104F30000DFC7369AA6943F480737361BFF34F8FEB
:104F4000BFF36F8F736932F8022C23F4807373619F
:104F5000BFF34F8FBFF36F8F4DF602739A4208D0A5
:104F6000B36ADBB24BB30120F91DFFF735FE0446EF
:104F700006E02B680121464A404816F01FFA2C68CB
:104F8000FB79B3B96822294607F108001AF095FBAE
:104F90007B6AB8F1000F5FD0C3F3080222B96FEA51
:104FA00053236FEA43237B62204607F10801FFF792
:104FB0004BFD7037BD46BDE8F087B36A13F47F4FF1
:104FC00004D00120F91DFFF7E9FED0E7B36AB3F57D
:104FD000803F02D3FFF784FEC9E72E4940F22A330F
:104FE000224A234815F070FC2B4815F06DFC40F266
:104FF0002A315DE7274940F22E331C4A1C4815F040
:1050000063FC264815F060FC40F22E3150E700208A
:10501000F91DAAE70020F91DD5E7214979E7214AC2
:105020006E461AF4F87F8AB01F4B18BF13466A46C3
:105030001E49C2E90513A9F11003D3614FF40073AF
:1050400013841B4B42F8103F00234FF411510B48BF
:10505000FEF72EFCB54693E723F4FF7323F001031C
:10506000A1E700BF00ED00E01F270300922403002A
:1050700022150300322703007027030038FE0200C8
:1050800093270300AA270300CB270300D927030097
:10509000F8270300E62C0300142803003828030037
:1050A0006828030006270300F12603008C2803006C
:1050B00004000001044B5A6942F010025A615A6917
:1050C00042F480625A61704700ED00E0EFF308801F
:1050D000EFF3098101B57246FFF7C8FE01BD00BFBD
:1050E00008B548B9104911481423114A15F0ECFBD2
:1050F00014210F4815F0DFFBEFF314835A0712D584
:1051000000F1400280EC100A82EC108AF1EE102AC5
:10511000C0F88020012223F0040380F8842083F368
:105120001488BFF36F8F08BDCF280300221503003A
:105130009F280300002080F31488BFF36F8F0020A6
:1051400080F30A8880F30B880AF02CFC00200E49BB
:105150000860BFF34F8F0D4880F3088800F02CF8EB
:10516000202080F311880A484FF40061401880F332
:105170000988EFF314800221084380F31488BFF3F9
:105180006F8F00F045F9000094ED00E0107B0120E6
:10519000D0610120002318460649D1F89020C2F3BF
:1051A0000722934200DB7047C1F89830C1F8A00095
:1051B0000133F6E700ED00E010B572B6002484F389
:1051C0001388FFF7E7FF23464FF0FF300C4A03F147
:1051D00020010133102B42F82100F8D100234FF0B9
:1051E000FF30074A03F160010133102B42F8210020
:1051F000F8D162B6BFF34F8FBFF36F8F10BD00BF02
:1052000000E100E0084B9B6883420BD1EFF305837C
:1052100043B1064B5A6842F080525A605A6A22F4EF
:1052200000425A6210F040BE0005012000ED00E08F
:105230006FF00A01084A9368D967084998674B6874
:1052400043F080534B60002383F31188BFF36F8FCB
:105250009368D86F704700BF0005012000ED00E0A3
:10526000104A936883F8C100EFF31183202383F37E
:105270001288BFF36F8F4FF00061936920F0FF0039
:105280009360094A5160596F084A1160002193F8F0
:10529000C12010439A6F996782F31188BFF36F8F13
:1052A000704700BF0005012000ED00E054FC002025
:1052B0001D498A6882F8C1E04FF030001044EFF3D6
:1052C000098C80E8F01F1EF0100F03D102F180005E
:1052D00080EC108A74467046FFF7C2FFA64612495A
:1052E0008A6886461EF0100F03D00023E1EE103AC4
:1052F00003E002F1800090EC108AEFF3148323F0B6
:10530000040383F31488BFF36F8F02F1300090E839
:10531000F01F8CF3098802F1000004B516F034FA8E
:10532000BDE8044070470000000501201EF0040F96
:105330000CBFEFF30880EFF30980816911F8021CBC
:105340000229FFD001B516F0F6F901BD40B20028E0
:1053500007DB01234109034A00F01F00834042F8A4
:105360002130704700E100E040B200280CDB012250
:105370000649430900F01F008240203341F82320F2
:10538000BFF34F8FBFF36F8F704700BF00E100E0A6
:10539000054B420953F82220012300F01F0003FAB5
:1053A00000F01040704700BF00E100E038B54B1C32
:1053B000072B04460D460FD95823104A10491148AF
:1053C00015F082FA294610480723224615F07CFA88
:1053D00058210A4815F06FFA40B20028ACBF00F11E
:1053E00060400A4A4FEA4313DBB2ABBF00F56140AD
:1053F00000F00F0080F80033135438BDE528030097
:105400001C290300221503003729030014ED00E0D6
:10541000144A08B5144B22F07F029A60BFF34F8FF5
:10542000BFF36F8FD3F8882022F47002C3F888206E
:10543000D3F8882042F4A002C3F888204FF04042FD
:10544000C3F83422BFF34F8FBFF36F8F0023E1EE19
:10545000103A0EF03BFB10F009FF00F081F80EF05F
:1054600075FB00BF0080000000ED00E042F8203C2A
:10547000009B0D4942F81C3C019B21F0010142F8C0
:10548000183C029B42F8081C42F8143C4FF0807311
:1054900042F8043C002383674FF43C43203A026502
:1054A000C0F8C030704700BFD1230100104B9B688B
:1054B00083421AD1EFF30580B8B9EFF311812022AE
:1054C00082F31288BFF36F8F1A7B22F002021A73E5
:1054D000EFF3148323F0040383F31488BFF36F8F77
:1054E00081F31188BFF36F8F70476FF0150070471D
:1054F000000501200E4615460023E1EE103AEFF3B9
:10550000148323F0040383F31488BFF36F8FBFF376
:105510006F8F0C4B426F98600B4B1A60436E83F396
:105520000B882C4686F309884FF00000074B9847FC
:1055300020464FF000014FF000024FF00003044CF2
:10554000204700BF0005012054FC002091B7020055
:10555000D12301001022014B1A61704700ED00E0D9
:10556000002320210348C2180133412B82F8001385
:10557000F9D1704700E100E008B5EFF30583064A72
:10558000103B02EBC30152F8330049688847BDE87D
:105590000840FFF70DBB00BF34FB02001FB5094CEC
:1055A000094A23460121094800F012F90023039318
:1055B000074B0121E41A01A80193029400F02CF991
:1055C00004B010BD0000042080C50020E0060300E8
:1055D000B8CC002010B50C7A0B6804F01F0223F041
:1055E0001F031A43CB68640923F01F03054943EAEC
:1055F000440343F00103C1F89800C1F89C20C1F8AE
:10560000A03010BD00ED00E010B50A4BD3F890308B
:10561000C3F30723013B984208D901210346064AF8
:10562000064815F0CBFE6FF0150010BDFFF7D2FF56
:10563000FBE700BF00ED00E07B29030010FE020045
:105640002DE9F04F8946144606464FF00008514DAB
:1056500085B0C84527DAD6F804A0BAF1000F44D0C7
:10566000BAF11F0F17D91AF01F0F14D1D6F800B0D6
:105670001BF01F0F0FD1584616F0ADF807460AEB86
:105680000B00013816F0A7F8874210D06FF015070D
:10569000414A3B4601E04346404A0121404815F05B
:1056A0008DFE6FF01504204605B0BDE8F08F17F1B0
:1056B000160FEDD0BC42EBDDC5F89870D5F89C1004
:1056C000C5F89870D5F8A03021F01F0143F01F0BEA
:1056D000D6E900321A44994202F1FF3A1DD1D3456E
:1056E00007D13146F8B216F07FF808F101080C3600
:1056F000AFE73146C5F89870D5F89C3022F01F020C
:1057000003F01F031343C5F89C30E0B216F06CF8A9
:1057100010F1160FC5D0441CE7E7C5F89870D5F80E
:10572000A020013B23F01F0302F01F021343D345C7
:105730003146E0B2C5F8A030E8D016F055F810F1C7
:10574000160FAED0C5F89870D5F89C209DF808309B
:105750000BF1FF3B62F304038DF80830D5F8A0305D
:105760009DF808205B0863F347128DF80820D6E9FE
:1057700000321344009323F01F035B44A3EB0A039E
:10578000013023F01F036946C0B20393FFF73CFFCB
:10579000BEE700BF00ED00E0C4290300A12903001B
:1057A00010FE02000522044BC3F89420BFF34F8F74
:1057B000BFF36F8F704700BF00ED00E0BFF35F8F56
:1057C0000022024BC3F89420704700BF00ED00E0B8
:1057D00038B50C4D0C462A78FFF732FF287016308A
:1057E0000FD140F26713084A0849094815F06CF8D0
:1057F0002146084815F068F840F26711024815F094
:105800005AF838BD4C060120E7290300E62C0300B6
:1058100022150300162A03002DE9F74F314E894661
:1058200005464FF00008B3462F4FC84502DB03B0D2
:10583000BDE8F08FD5F804A0BAF1000F4CD029686C
:105840000846019115F0C7FF019904460AEB0100D3
:10585000013815F0C0FF84424FF01402234B15D0DD
:1058600002FB08F36FF015024BF8032040F27713A8
:105870001F4A2049204815F027F849461F4815F0CF
:1058800023F840F277111A4815F015F814F1160FA5
:105890003460EBD01978A142E8DD02FB08B0C7F80C
:1058A0009840C7F89840D7F89C4000F10801007B69
:1058B00064F304000871D7F8A0000C79400860F385
:1058C00047140C71D7F89C1021F01F017160D7F8B4
:1058D000A01021F01F01316108F1010814360C35C8
:1058E000A3E700BF58FC002000ED00E04C060120BB
:1058F000E7290300E62C030022150300422A0300D7
:105900002DE9F041574C584ED4F890303568C3F328
:1059100007239D4286B013D94FF4CF73534A54499D
:10592000544814F0D1FFD4F8902029465248C2F3CD
:10593000072214F0C9FF4FF4CF714C4814F0BBFF9D
:105940000020FFF73BFF4D4BC4F8C03085421AD111
:105950004B4C01A82570FEF7FFFA002506464FF0D4
:105960004108484FAE4215D1002023783D49D1F877
:105970009020C2F3072293426DDB0020FFF712FF55
:1059800006B0BDE8F081716801EB0011FFF722FE5F
:105990000130DBE7019A290102EB0513D3F80CC0B3
:1059A0000CEA0700B0F5001F27D0B0F5800F40D0FB
:1059B000B0F5801F4DD1586852589B68CDE902025E
:1059C0002122013B20F01F010B4423F01F038DF81F
:1059D00010200593207802A9FFF716FE002835DA7B
:1059E00023494FF4E473214A224814F06DFF2648FE
:1059F00014F06AFF4FF4E4719FE758689B685258AF
:105A0000013B20F01F010B4423F01F031CF0010F8A
:105A1000CDE902028DF810800593DBD01B496C2381
:105A2000124A144814F050FF194814F04DFF6C212D
:105A300083E758689B685258013B20F01F010B44D4
:105A4000CDE9020223F01F030222C0E723780133CD
:105A50002370013586E7C1F89830C1F8A000013302
:105A600085E700BF00ED00E0EC060300E729030036
:105A7000E62C030022150300712A0300AAFF44004C
:105A80004C0601200000F0FFFA2A0300A52A0300BB
:105A9000CB2A030008B5024B1B689847002008BDBD
:105AA0006CFC0020034B044A1860937843F0020317
:105AB000937070476CFC0020F8C60020F0B587B0EA
:105AC00007460E4614460021102268461D4619F06E
:105AD00001FE02238DF80230054B2A462146684616
:105AE000CDE90476019311F013FF07B0F0BD00BFBC
:105AF0001BB8020008B50649064821F00701C1F1AC
:105B0000005202F58022FBF775FF002008BD00BFA0
:105B1000178B012070FC002008B54FF0FF324FF0CA
:105B2000FF3307480EF0EAF948B1064906488D23CD
:105B3000064A14F0C9FE8D21044814F0BCFE08BDCD
:105B400008C700206D2B030022150300332B030030
:105B500001480EF0A3BA00BF08C7002038B50546BB
:105B6000FFF7DAFF2A4608210748FBF7F7FD04464E
:105B700028B925B119F0C2FE0C22044B1A50FFF7C8
:105B8000E7FF204638BD00BF70FC00200C0000007D
:105B900038B504460D46FFF7BFFF21462B460822C5
:105BA0000748FBF767FE044628B925B119F0A6FEA1
:105BB0000C22044B1A50FFF7CBFF204638BD00BF24
:105BC00070FC00200C00000010B50446FFF7A4FF95
:105BD00021460348FBF774FDBDE81040FFF7B8BF4E
:105BE00070FC0020012838B50C4609D004283ED1AD
:105BF00000230022C1E9002300238B60002038BD70
:105C0000EFF31185202383F31288BFF36F8F1C48B5
:105C100010F000FB68B988231A4A1B491B4814F08E
:105C200053FE17491A4814F04FFE8821154814F006
:105C300042FE134810F012FB164B0FCB84E80F0006
:105C40000F4810F0F5FA68B940F231130D4A1249C5
:105C50000E4814F039FE0A49104814F035FE40F29F
:105C60003111E3E785F31188BFF36F8FC6E719F0B1
:105C700045FE16220A4B1A504FF0FF30BFE700BF17
:105C80007CFC0020741C0300A11C030022150300EF
:105C9000B61C0300E0E10020CC1C0300E31C030061
:105CA0000C00000001287FB50C4623D0042825D124
:105CB00000230022CDE900230023029319F00AF902
:105CC000174DC30BC0F30E00A0FB0506009A43EA74
:105CD00041439A18019B43EBD131C30B029843EA2D
:105CE000464318440F4BC4E900219842A0600ED8E7
:105CF00000200AE06946FFF775FFDFE719F0FEFDB7
:105D00001622094B1A504FF0FF3004B070BD01321B
:105D100041F10001401BC4E90021A060E8E700BF99
:105D200000CA9A3BFFC99A3B0C0000000122024BBB
:105D30000020C3F8402570470090034020B1034B7A
:105D4000800143F001031847704700BF3003030090
:105D50002DE9F04112F0FC6F1346D0E901470669C6
:105D60000ED042494FF47473414A424814F0ACFDDE
:105D7000414814F0A9FD4FF474713D4814F09BFDA7
:105D800002F03002302A0CD13C4940F2D333384A79
:105D9000384814F099FD3A4814F096FD40F2D3319A
:105DA000EBE7384A384D1A40AA420CD1374940F245
:105DB000D7332F4A2F4814F087FD354814F084FD5F
:105DC00040F2D731D9E703F00602042A09D131495C
:105DD00040F2DA33264A274814F076FD40F2DA31F1
:105DE000CBE713F4402216D09D030CD42A4940F28D
:105DF000DD331F4A1F4814F067FD284814F064FD86
:105E000040F2DD31B9E7B2F5402F18D0244A9A4369
:105E100001D183F44023012524688D40254223F4D9
:105E2000801219D11F4940F2ED33114A114814F084
:105E30004BFD1D4814F048FD40F2ED319DE71B4934
:105E400040F2E1330A4A0B4814F03EFD184814F0C2
:105E50003BFD40F2E13190E73468DB074CBF2C4357
:105E6000AC4334603B68BDE8F04118478B2B03001E
:105E7000B314030022150300E82B0300511503009F
:105E80008A15030002000300020001000C2C03002D
:105E9000532C0300C7150300A22C0300E82C0300B9
:105EA00001001000E41403003F150300232D03003C
:105EB000642D030008B51D4818F0E9FEF0B9012172
:105EC0001B4A1C4815F071FA6FF0120301211A4A9F
:105ED000184815F073FA154818F0D9FED0B9012109
:105EE000164A144815F061FA12486FF012030121A6
:105EF000134A15F063FA6FF0120008BD4FF4C02288
:105F000008210A48FFF724FF03210E4A094815F02B
:105F10004CFAE0E707210C4A0448FFF719FF05484F
:105F200003210A4A15F041FA0020E6E730FA0200A0
:105F3000902D030088FD0200B52D0300FB2D03000A
:105F4000242E0300E22D030001000600552E03005D
:105F50002DE9F04105460E4617461D4CDFF89080AE
:105F600044452BD91B49DB231B4A1C4814F0ACFCCD
:105F70001B4814F0A9FCDB210FE02368AB4200D0E2
:105F8000D3B9A36863B91749E323134A134814F03C
:105F90009BFC154814F098FCE3210F4814F08BFC8F
:105FA0003A4631462846984730B13A463146284667
:105FB000E368BDE8F04118471034D1E7DDD319F0AC
:105FC0009DFC6A22094B1A504FF0FF30BDE8F0816A
:105FD00070FD0200272F0300D92E030022150300B5
:105FE0008F1E03000D2F0300D62E03000C000000AF
:105FF00080FD020037B5694601AA0546FCF71CFA88
:10600000044648B919F07AFC09224FF0FF340C4BD2
:106010001A50204603B030BD4FF0FF3201984FF0C8
:10602000FF3315F032FC009B20469B6898470446DE
:10603000019815F02CFC2846FCF770FAE9E700BF40
:106040000C00000073B50D461646694601AAFCF720
:10605000F3F90446B0B1009B9B69DBB14FF0FF320E
:106060004FF0FF33019815F010FC009B204632469C
:1060700029469B6998470446019815F008FC20467C
:1060800002B070BD092319F039FC034A4FF0FF3408
:106090001350F4E75F23F6E70C0000002DE9FF4101
:1060A0000D46164602A903AA1F46FCF7C5F9044689
:1060B000E8B1029B5B6A13B34FF0FF324FF0FF333E
:1060C000039815F0E2FB0B9B204601930A9B324696
:1060D0000093029B2946D3F824803B46C0470446E0
:1060E000039815F0D4FB204604B0BDE8F0810923E5
:1060F00019F004FC034A4FF0FF341350F3E75F2319
:10610000F6E700BF0C00000073B50D461646694661
:1061100001AAFCF791F90446B0B1009B5B6BDBB1BF
:106120004FF0FF324FF0FF33019815F0AEFB009BAC
:106130002046324629465B6B98470446019815F085
:10614000A6FB204602B070BD092319F0D7FB034A15
:106150004FF0FF341350F4E75F23F6E70C00000024
:106160002DE9FF410D46164602A903AA1F46FCF77A
:1061700063F90446E8B1029B9B6A13B34FF0FF3208
:106180004FF0FF33039815F080FB0B9B20460193E3
:106190000A9B32460093029B2946D3F828803B464F
:1061A000C0470446039815F072FB204604B0BDE8D2
:1061B000F081092319F0A2FB034A4FF0FF3413507A
:1061C000F3E75F23F6E700BF0C0000002DE9F04F76
:1061D0004FF00008C24646469DB0CDE9050108A82B
:1061E00014461D4618F078FEDDE90823DDE9059B1D
:1061F000CDE902230DAB0A93BBF1000F22D1002E93
:1062000072D0B5F1FF3F08BFB4F1FF3F17BF4FF4A5
:106210007A724FF0FF34A4FB024302FB05331CBF2C
:10622000E40B44EA4344069B4FF4827200934146D8
:106230005046059B019415F019FB074638461DB0E2
:10624000BDE8F08FD9F80000002829DB0CAA0BA9C3
:10625000FCF7F2F8074618B34FF0FF324FF0FF3368
:106260000C9815F012FB1CAB01930AAB00934FF492
:1062700081724B4639460B9815F0F8FA10F1780FF9
:10628000034612D10022002308A818F025FEDDE9FC
:106290000834CDE9023400240C9815F0F8FA2546AC
:1062A00009F108090BF1FF3BA6E713F1120F0C9857
:1062B0000CD1BAF1000F03D015F0E9FA0126EFE78F
:1062C000DDF82CA0B84615F0E2FAF7E7079315F0D1
:1062D000DEFA079B002BE3DA19F010FB5B42384A29
:1062E0004FF0FF371350A9E7DDE9022308A818F0A3
:1062F00017FEDDE9084522462B46DFF8CC800A99D7
:106300000DAC091B891008FB01F1204610F0CCFDF3
:1063100000F10B020B2A0346DED82A4F174117F073
:106320000107D9D1B9460A94DDE9054585B9B9F126
:10633000000F83D0002F81D1DDE9022308A818F0D7
:10634000EFFDDDE908452B4625432246D7D175E709
:106350002068E68000282CDB0CAA0BA9FCF76CF85F
:10636000824618B92023E380013722E04FF0FF3244
:106370004FF0FF330C9815F088FA0AAB514640F203
:10638000031200930B98234615F070FA82460C987E
:1063900015F07DFA1AF10B0F0ED0BAF1000F04D0F0
:1063A00019F0ACFACAF1000399E7B4F90630002BF2
:1063B000DAD10834013DB9E74FF00109F9E700BF30
:1063C0000C0000007EF7FFFFCDCCCCCC2DE9FF41C7
:1063D0000D46164602A903AA1F46FCF72DF80446EF
:1063E000D8B1029B1B6B03B34FF0FF324FF0FF336A
:1063F000039815F04AFA0A9B20460093029B324606
:10640000D3F8308029463B46C0470446039815F030
:106410003EFA204604B0BDE8F081092319F06EFA77
:10642000034A4FF0FF341350F3E75F23F6E700BF52
:106430000C00000008B548B90B4913230B4A0C485F
:1064400014F042FA1321094814F035FA094B1A687E
:106450003AB109491423054A054814F035FA1421C4
:10646000F1E7186008BD00BF5F730300542F0300FD
:106470002215030080FC00208F2F030010B50D4C67
:1064800024684CB90C491D230C4A0D4814F01CFA21
:106490001D210A4814F00FFA24683CB909491E234B
:1064A000064A074814F010FA1E21F2E7A446BDE898
:1064B0001040604780FC0020AA2F0300542F0300E7
:1064C00022150300B62F030010B50D4B1B684BB906
:1064D0000C4925230C4A0D4814F0F6F925210A48E9
:1064E00014F0E9F95B683BB909492623064A0748D5
:1064F00014F0EAF92621F2E7BDE81040184700BF82
:1065000080FC0020AA2F0300542F03002215030053
:10651000CF2F030010B570B913494FF46B73134AB2
:10652000134814F0D1F9134814F0CEF94FF46B71FD
:106530000E4814F0C0F9036863B90F4940F2AD3357
:106540000A4A0B4814F0C0F90A4814F0BDF940F2A9
:10655000AD31EDE71B689B6823B15B6813B1BDE803
:1065600010401847002010BD18300300E92F030029
:1065700022150300D62E03001E30030008B570B9A3
:10658000114940F2F533114A114814F09DF91148B0
:1065900014F09AF940F2F5310C4814F08CF90368C4
:1065A00063B90D4940F2F633084A094814F08CF9F2
:1065B000084814F089F940F2F631EDE7D86900385F
:1065C00018BF012008BD00BF18300300E92F0300E9
:1065D00022150300D62E03001E30030008B570B943
:1065E0000F4940F232430F4A0F4814F06DF90F483B
:1065F00014F06AF940F232410A4814F05CF900687C
:1066000060B90B4940F23343064A074814F05CF97D
:10661000064814F059F940F23341EDE7103008BD57
:1066200018300300E92F030022150300D62E0300C3
:106630001E30030008B570B90F494FF46B730F4A51
:106640000F4814F041F90F4814F03EF94FF46B7104
:106650000A4814F030F9036863B90B4940F2AD33CE
:10666000064A074814F030F9064814F02DF940F2B4
:10667000AD31EDE7186808BD18300300E92F0300BD
:1066800022150300D62E03001E30030008B570B992
:10669000124940F24233124A124814F015F91248D6
:1066A00014F012F940F242310D4814F004F9036875
:1066B00063B90E4940F24333094A0A4814F004F919
:1066C000094814F001F940F24331EDE70C33D3E807
:1066D000AF0F084100F0010008BD00BF18300300F3
:1066E000E92F030022150300D62E03001E300300FD
:1066F00008B570B914494FF44073144A144814F0A3
:10670000E3F8144814F0E0F84FF440710F4814F027
:10671000D2F8036863B9104940F201330B4A0C48C0
:1067200014F0D2F80B4814F0CFF840F20131EDE745
:1067300001220C3302FA01F1D3E8EF0F0843C3E85A
:10674000E20F002AF8D108BD18300300E92F03003A
:1067500022150300D62E03001E30030008B570B9C1
:1067600015494FF44873154A154814F0ADF815480B
:1067700014F0AAF84FF44871104814F09CF803681C
:1067800063B9114940F221330C4A0D4814F09CF8CA
:106790000C4814F099F840F22131EDE7012202FA99
:1067A00001F1C9430C33D3E8EF0F0840C3E8E20F0F
:1067B000002AF8D108BD00BF18300300E92F0300FC
:1067C00022150300D62E03001E30030010B570B949
:1067D0000B494FF434730B4A0B4814F075F80B480F
:1067E00014F072F84FF43471064814F064F84FF066
:1067F000FF32BDE810404FF0FF33103015F073B892
:1068000018300300E92F030022150300D62E0300E1
:1068100008B570B9094940F2D723094A094814F06C
:1068200053F8094814F050F840F2D721044814F006
:1068300042F81030BDE8084015F063B81830030086
:10684000E92F030022150300D62E030038B5036894
:106850000021044693F82050FFF718FF88B9022062
:10686000236823BB2D494FF456732D4A2D4814F04D
:106870002BF82D4814F028F84FF45671284814F0DE
:106880001AF82046FFF7D6FE18F001FA68B1092180
:106890002046FFF7FBFE0028E1D00A212046FFF743
:1068A000F5FEC0F10600C0B2DAE70320D8E783F8AE
:1068B0002000236893F8203098422ED1062825D155
:1068C000062D2AD02046FFF759FE90B92046FFF743
:1068D00085FE03686BB9154941F2BE33144A11486D
:1068E00013F0F2FF104813F0EFFF41F2BE311048F1
:1068F000C5E708212046FFF7FBFE2046FFF73EFED6
:1069000058B92046BDE8384014F0EFBF062D04D139
:1069100008212046FFF722FFEFE738BD1E300300B5
:10692000E92F030022150300D62E03005630030082
:106930002C30030038B50546FFF748FF00212846F4
:10694000FFF7A4FE88BB284614F0C8FF044600B336
:106950008468F4B12846FFF76DFE70B9164941F21C
:106960006743164A164813F0AFFF164813F0ACFF02
:1069700041F26741114813F09EFF18F088F9B8B151
:10698000284614F0ABFF0121836828469847041E6F
:1069900006DB28460021FFF7ABFE2846FFF756FF2F
:1069A0002846FFF735FF204638BD6FF07704F7E73C
:1069B0006FF00504F4E700BF283003002C3003001B
:1069C00022150300D62E03002DE9F8430C46054698
:1069D00078B371B30846F8F774FF082806462BD839
:1069E000184FDFF8748000F10109474518D916499E
:1069F00041F2E853154A164813F066FF154813F0A4
:106A000063FF41F2E851114813F055FFAF4205D042
:106A10004A462146381D18F069FB80B13C37E4E74F
:106A2000F4D32146721C281D18F047FE0020BDE853
:106A3000F8836FF01500FAE76FF05A00F7E76FF090
:106A40007700F4E744CC0020A13003002C30030091
:106A5000221503008F1E030080CC00202DE9FF4784
:106A6000404C4FF0FF324FF0FF333F4814F03BFFF4
:106A70000026A0463D4D3E4FDFF81891AC4254D958
:106A80003C4941F265633C4A3C4813F01DFF3C48D9
:106A900013F01AFF41F26561374813F00CFF002232
:106AA0002046C4E901222273FFF7C4FDD0F808A0F4
:106AB000BAF1000F14D0DAF800308BB104F11000F5
:106AC00018F045F904F1240018F041F9DAF8003023
:106AD0002046984794F8383023F0030384F8383080
:106AE0002379FBB92046CDE901338DF80C3014F041
:106AF0000AFF40B1234A01A81368591C11600821FC
:106B0000214A10F08BFC9DF804303BB93B6808210A
:106B10005A1C3A6001A84A4610F080FC204601A9A0
:106B2000FFF752FF01363C34A8E7B8D39EB13C23AF
:106B3000A5EB0805B5FBF3F5AE420CD0134941F2C5
:106B400085630D4A0D4813F0BFFE114813F0BCFEDB
:106B500041F28561A0E7044804B0BDE8F04714F0B5
:106B6000D0BE00BF44CC002030CB002080CC002021
:106B700084FC0020873003002C3003002215030022
:106B80008F1E030088FC0020C1300300CE300300BC
:106B9000D62E0300C830030038B50F4C0F4DAC4261
:106BA00018D90F4941F29D630E4A0F4813F08CFE2D
:106BB0000E4813F089FE41F29D610A4813F07BFEF6
:106BC00003212046FFF762FD10B92046FFF7B2FE11
:106BD0003C34E4E7F4D338BD44CC002080CC002022
:106BE000873003002C300300221503008F1E0300A2
:106BF0002DE9F04F00248BB0022883460E46CDE9E4
:106C00000844059260D10B6806913BB94A6852B9B5
:106C10004FF6FF734C89E11A4C424C4108A80146DB
:106C20000022134608E01C46F8E70D7801330135D1
:106C30000D70DDB2082D03D036F81350002DF4D0BE
:106C40000132082A01F10101EBD14FF0FF374FF07B
:106C5000010A002310F8012B524588BF5FB203F1EF
:106C60000103DBB288BF9246082BF3D199463A2341
:106C7000BAF1010F02934FF0000308BF4FF0FF3746
:106C800004930022059800252B46B9F1040F5DD12D
:106C90000499C95C49BB0346302103F8021B0299E1
:106CA000417018460135EDB24D452B46EDDB059B95
:106CB00098420BD0BBF1010F4FF0000340F09B80D6
:106CC00000F8013C059802E0012803D000200BB039
:106CD000BDE8F08F2E234FF004094FF0FF378246B6
:106CE0002646049102930694CBE7019100214FF0D0
:106CF0000908DFF808C103900791DDF804E0BEFB46
:106D0000FCF10CFB11E307990193414501DCE645D9
:106D100009D3BEFBFCFE039B0EF1300E03F801EB22
:106D2000CDF81C8003930A2108F1FF38B8F1FF3F2A
:106D3000BCFBF1FCE1D14FF00001039B19701B1A61
:106D400050FA83F0029B00F8013BABE774B1052DCC
:106D50000CD906F10C0304933A2300F8013B2E23CF
:106D60004FF004094FF0010B02938CE79F420DD1C5
:106D700002B915B93A2300F8013B3A2300F8013B68
:106D80000AF1FF332B440022DDB28BE712B13A2324
:106D900000F8013B069B33F8152052BA12F47F4FDE
:106DA000C2F307235FFA82F816D00F2BD9B20AD9A3
:106DB0000023612214F0B7FD01236122414614F043
:106DC000B2FD01226EE7092B04D83031C9B200F8B8
:106DD000011BF1E75731F9E7B8F10F0FEDD8B8F122
:106DE000090F94BF08F1300808F157085FFA88F8D6
:106DF00000F8018BE5E7037064E700BF00CA9A3B27
:106E00002DE9F0470F6890F860503C4B3C4A06462D
:106E100090F85E000537042814BF104618460F602E
:106E20000C4614F063FEC5F34005034638B9D4E9B7
:106E30000020904296F85E1004D16FF00B031846C4
:106E4000BDE8F087501C20601170D4E900829045A5
:106E5000F3D008F10102226088F800302146B6F82C
:106E60005C0014F031FE03460028E8D106F12C0046
:106E700014F03CFE03460028E1D1306C6D00E8B10F
:106E8000214696F860A090F8089014F02FFE0AF0C2
:106E9000010A03460028D2D1736C21465BB3184621
:106EA00014F024FE03460028C9D145F004054FEA3A
:106EB000C90345EA4A1503F018031D43B06B38B106
:106EC000214614F013FE03460028B8D145F0800592
:106ED000F06B38B1214614F009FE03460028AED10C
:106EE00045F0400588F8005022463946BDE8F04795
:106EF000102014F016BE14F0E7FDD3E714070300CA
:106F00001C070300D0E900239B1A012B81BF054B0E
:106F10001B881380036883BF0233436000206FF037
:106F20000B007047E330030038B5456B04462888F2
:106F300006220121FFF70CF80028A06205DA18F0FC
:106F4000DDFC0A4B1858404238BD2B88616B012B81
:106F50000CBF08221822FFF775F8002803DAA06A90
:106F6000FFF748F8EBE70020EEE700BF0C00000059
:106F70002DE9F341002406460F461546A046AC42D3
:106F800001D300200EE0B06A0023CDE900882A1B5F
:106F90003919FFF783F8031E07DA18F0AFFC044B2A
:106FA0001858404202B0BDE8F0811C44E7E700BF3A
:106FB0000C0000002DE9F041002507462B460C4649
:106FC000C9688B4211D10026B046AE4217D2B86ACA
:106FD00000222146FFF798F8031E0DDA18F08EFC08
:106FE000144B18584042BDE8F081A26802EBC3027E
:106FF000526801331544E4E71E44B54217D8002017
:10700000F1E71B1AC1F804800132E1689142DCD932
:10701000A16801EBC20148689842F2D9C01A4860E1
:10702000A06850F83210194440F83210CDE7002221
:10703000EBE700BF0C00000013B5806A002483F06A
:107040000103CDE900449B01FFF78AF8002804DA28
:1070500018F054FC024B1858404202B010BD00BF5B
:107060000C00000008B5806AFEF7C4FF002805DAAE
:1070700018F044FC024B1858404208BD0020FCE7C1
:107080000C000000142290F824305343014AD358D6
:10709000184700BF2407030030B4142590F824409B
:1070A000024B05FB043330BC5B6818472407030020
:1070B00010B4142490F82420034B04FB02335DF831
:1070C000044B9B68184700BF2407030070B41426C4
:1070D00090F82450034C06FB0544E468A44670BCB9
:1070E000604700BF2407030010B50CF0D7FF04462B
:1070F00068B13D23064A0749074813F0E5FB2146DE
:10710000064813F0E1FB3D21014813F0D4FB10BD0C
:10711000F1300300722B030022150300223103001B
:1071200010B54FF0FF324FF0FF330CF0E7FE04468E
:1071300068B13323064A0749074813F0C5FB2146C7
:10714000064813F0C1FB3321014813F0B4FB10BD16
:10715000F1300300722B03002215030044310300B9
:1071600013280ED8084A12F8103053B102EB40022F
:10717000527832B10868434393FBF2F300200B606E
:1071800070476FF015007047643103000122054B12
:10719000C3F8002590F8861009B1DA6070471A60CC
:1071A0005A60704700E00040F8B50B798D7903F024
:1071B0001F02072A1DD80C780B2C15D8DFE804F025
:1071C00007070707140614140E1014120424487835
:1071D000032811D0042821D02A4A06E00524F6E726
:1071E0000624F4E70724F2E7274A0121274814F090
:1071F000DCF86FF01500F8BD012644F20A07488854
:10720000B84239D00CD844F20307B84216D044F241
:107210000507B8422ED078B31D4AE6E70026ECE712
:1072200044F21407B84229D044F22807B84227D0C4
:1072300044F20F07B842EFD1032000E00020C3F36F
:1072400040131B0543EA042343EA063343EA0043A1
:1072500000204F790F49114481F8A070110101F10C
:10726000804101F56041C1F81835C1F81455C1F8E5
:107270001005C0E70120E2E70220E0E70420DEE796
:107280000520DCE7AB3103008C31030090FD0200E8
:10729000CF31030098C50020F7B50D464FF0FF33FE
:1072A0004FF0FF3260480DF0D1F86E68731EFE2B70
:1072B00005D95E4A01215E4814F077F812E00023F8
:1072C0001A465C485C4F26FA03F111F0010134D0F4
:1072D00017F803C0BCF1000F0CD1584A01215448E3
:1072E00014F06CF86FF015044F480DF06DF820465F
:1072F00003B0F0BD6C7C00EB031E003C18BF012402
:10730000DEF81815013221F0807141EA0461CEF8EF
:10731000181503F15101090140F801C0D2B201333F
:10732000082BD0D12B7CA3F10801062916D8DFE861
:1073300001F0171519150915130003F15104240163
:107340000151ECE702233B49012AC1F8F0356B7C7F
:107350000AD95BB13A4AADE70323F4E7394ABDE7FE
:107360000023F0E70123EEE7082B10D8C1F8F4352D
:107370002B6851006BB9EB688B420ED2324A0091F8
:107380002B48012114F024F86FF00B04ACE72F4ACE
:10739000A4E79B8903FB0111EDE72F46A968254B64
:1073A0002B4CC3F82C1604F17406C3F830260FCF0B
:1073B0000FC63B6827463360002626672B687BB3E1
:1073C0000FCB04F1880585E80F006567A4F8986085
:1073D00030B3D7E8EF3FC7E8E26F002AF9D11D4983
:1073E0004FF400400F463146D4F888500023E5FBA7
:1073F0000071194A3846F8F7B5F80022CDE90001C6
:10740000002304F108000FF0C7FA4FF0FF324FF0ED
:10741000FF3312480DF01AF800B12067246F63E7BC
:107420000B48FFF7B3FEF0E7D8C50020FA310300A0
:1074300090FD020000E0004038C600201832030032
:107440005732030032320300AC32030089320300AA
:1074500098C500203F420F0040420F00F0C50020B9
:1074600010B500240D4B0E20C3F80441D3F80421BD
:10747000C3F81041D3F810211222C3F80423FDF7FA
:1074800065FF224601210E20FDF790FF0448836C22
:1074900013B940300CF098FF002010BD00E0004010
:1074A00098C5002038B52D4BD3F80421002A48D0C8
:1074B0000022C3F80421D3F804110121284C99605B
:1074C000C3F80025636F2546B3B3D4F88C30B4F805
:1074D000982033B104F174019847012814D0022890
:1074E00024D0B4F89830B4F894209A421ED90133CD
:1074F000A4F89830194BD3F82C26D3F8341689B257
:1075000002EB4102C3F82C26D4F8883023B9BDE839
:1075100038401348FFF73ABED5E8EF3F5A1EC5E89A
:10752000E12F0029F8D1012BF1DC38BDD4F88830E7
:1075300013B10C4817F021FDBDE838400A480CF0A3
:1075400043BFD3F810110029EFD0C3F81021D3F8AE
:10755000102101229A601A605A60E6E700E00040BC
:1075600098C50020A0C50020F0C5002037B54023F5
:107570000C460A490093411A491105462346084A18
:10758000084814F079FE011E05DA2846234603B0A8
:10759000BDE83040184703B030BD00BFA0FC00205C
:1075A000E1C202001CFA0200C9B2012908B509D9DA
:1075B000084909487A23094A13F086F97A210748CD
:1075C00013F079F90C22036901FB0233986C00F087
:1075D000070008BD2633030022150300E93203002B
:1075E00070B5C9B2012903690BD91849184840F28E
:1075F0005D13184A13F068F940F25D11154813F055
:107600005AF9EFF31185202484F31288BFF36F8FAA
:107610000C2606FB0134A46C14F0C00408D0A2426E
:1076200006D085F31188BFF36F8F4FF0FF3070BD28
:10763000012271430B449A6485F31188BFF36F8F65
:1076400043680B445B6898470020F0E7263303004B
:1076500022150300E932030070B50D4606490446C1
:10766000411A491140220548FFF7BAFF2B4601464F
:107670002046BDE870401847A0FC00201CFA02001C
:1076800070B50022012104460520FDF78FFE0F484A
:1076900008F07AFA0E4B984215D108F085FA26695F
:1076A0000C49304613F0B8FA00280BDB0125B5640D
:1076B0002469084904F1200013F0AEFA002801DB28
:1076C0000020656570BD6FF00400FBE79577010051
:1076D0000000AD0B440703007FB500220123CDE974
:1076E000022304ABCDE90433094A6B46CDF800D040
:1076F000CDF804D014F0EDFD002805DB4FF48042F6
:10770000002368460CF0A2FE07B05DF804FB00BF42
:10771000F9C2020010B5EFF31184202383F312881D
:10772000BFF36F8F074A136823F00201DB07116074
:1077300002D4012008F0DAFA84F31188BFF36F8FC6
:1077400010BD00BFF8FC00200C22104B014602FBCC
:107750000033002030B4D3E910521864EFF31180E5
:10776000202484F31288BFF36F8F9C6C04F0C00454
:1077700044F002049C6480F31188BFF36F8F1DB145
:107780002B4630BC0248184730BC7047A0FC002094
:107790001CFA0200012808B506D0042808D098B9C0
:1077A0000F4B9B6C5B0719D1BDE80840FFF7CCBFBE
:1077B0000C4940F26E230C4A0C4813F085F840F255
:1077C0006E21094813F077F8064940F27223064A01
:1077D000064813F079F840F27221F2E708BD00BFC5
:1077E000A0FC0020E62C0300E93203002215030070
:1077F00010B4EFF31182202383F31288BFF36F8F4D
:107800001848016841F002040460C80708D482F3F4
:107810001188BFF36F8F01205DF8044B08F0ECB9BD
:107820001149D1F80C04D1F80C14C907EFD5EFF3C6
:10783000118083F31288BFF36F8F0C498B6C03F0B8
:10784000C00343F002038B6480F31188BFF36F8F92
:1078500082F31188BFF36F8F00205DF8044BFFF7B0
:1078600073BF00BFF8FC002000500040A0FC0020C7
:107870002DE9F041012206464149D1E8EF3FC1E838
:10788000E02F0028F9D1A3B93E493F484B60CB60B7
:107890008A60FBF725FB00280BDA3C494FF40C7398
:1078A0003B4A3C4813F010F84FF40C71384813F081
:1078B00002F85EB3731E012B57D8012E06D1364B4A
:1078C000D3F81C3403F00303022B1FD017F0A4FAE3
:1078D0000546E8B9314B1B78D3B1022207462E4B3F
:1078E000C3F808232C4CDFF8BC80D4F81824D4F853
:1078F0001834D20315D503F00303022B01D0012E57
:107900000FD16DB387F31188BFF36F8FBDE8F0819E
:10791000EFF31187202383F31288BFF36F8F0125C4
:10792000E0E7C5B1384613F047FFD4F81835DBB2AD
:10793000012BDAD1D4F80421002AD6D00022C4F8D1
:107940000421D4F804210222C4F818252022C8F802
:107950008021A360C9E7002121200EF04BFAE4E763
:1079600002220D4BC3F80423D0E70D4940F2422315
:10797000074A084812F0A8FF40F2422196E700BFEC
:107980009CFC00208CFC0020C0FC00208B2003000D
:10799000E93203002215030000500040C915012000
:1079A000E62C030000E100E008B5074817F06FF986
:1079B00038B10648FEF776F80448FAF703FD0020D0
:1079C00008BD6FF01200FBE76CFA0200D1790100EC
:1079D0000A2838B50446074D04D1AB680D21284666
:1079E0005B689847AB6803485B68E1B298472046FC
:1079F00038BD00BF6CFA020000487047D40703008E
:107A00002DE9F74F43680F1E05461646D3F818A018
:107A100077DBBB18534574D847EA0209C9F30B0951
:107A2000B9F1000F6DD1006914F086FC4946284673
:107A300014F0CAFC4FF0FF3B0446002E5AD101213E
:107A4000284614F0C1FC002C08BF0446286914F035
:107A500071FC204603B0BDE8F08F2346802206214A
:107A60002846CDE9004414F06DFCB2450FD1234601
:107A70008022C7212846CDE9004414F063FC264645
:107A800040F267620023284614F03BFDD5E721460B
:107A9000A0461D4B5A7882B10BFA02F037EA00007B
:107AA0000BD101209040B04207D8B8F1000F1CD094
:107AB00098F80100904238BF98460131042903F13B
:107AC0000203E7D1B8F1000F11D03B46812298F8AC
:107AD00000102846CDE9009914F034FC012398F8F1
:107AE000012093401F44F61ACAE79846E5E76FF075
:107AF0001504C5E7002CB0D00121284614F064FC21
:107B0000A4E76FF01504A4E74C3403002DE9F0431B
:107B100085B0044602AF00694FF0FF32012117F033
:107B200034F96668306817F0B2F8B0B1F06880B91F
:107B3000206914F001FC204614F094FC031E13DAB3
:107B40000121874A874813F039FC206914F0F2FBC1
:107B500003E017F09CF80028EAD16FF012052846E0
:107B60000C37BD46BDE8F083204614F04AFC0028DF
:107B70000BDDC50709D57C4A7A48022113F015FCB4
:107B800000220023204614F0BCFC206914F0D2FB34
:107B9000206914F0D1FB4FF00309002307F104081A
:107BA0001A469F212046CDF80490CDF8008014F0AD
:107BB000C9FB0546206914F0BDFB35B12B466B4A65
:107BC0000121684813F0FAFBC7E740464A4606F130
:107BD000240117F08BFA804618B36C468CB097F8E6
:107BE000048097F805E097F806C096F8240096F808
:107BF000251096F8263002AAD36208235C4EC2E90B
:107C000007ECC2E90568C2E9090142F8103F44F2F5
:107C100040012B465348FBF74BFE6FF01505A54678
:107C20009DE796F8283083B3206914F085FB204641
:107C300014F0E7FB051E23DD96F82830802225EAA4
:107C40000305FD70434606212046CDE9008814F067
:107C500079FB054628B1206914F06CFB454A2B4698
:107C6000AEE70121FB1C80220093019103462046D0
:107C700014F068FB002205460023204614F041FC66
:107C8000206914F057FB002DE8D196F827506B1EA1
:107C9000DBB2FD2B2AD8A80732D0206914F04CFBA8
:107CA000A9070FD400238022B7212046CDE9003355
:107CB00014F048FB054688B1206914F03BFB2E4ABE
:107CC0002B467DE70023802206212046CDE90033A4
:107CD00014F038FB05460028E4D0EDE72269137F55
:107CE00043F001031377206914F024FB206914F09A
:107CF00023FB636893F83030DA0704D4206917E077
:107D00006FF08505DBE700238022B9212046CDE90D
:107D1000003314F017FB054618B1206914F00AFB74
:107D20001DE76368256993F83030DB070AD42846DD
:107D300014F000FB206914F0FFFA204614F092FBC7
:107D40000546EAE717F0C6F84FF47A72A0FB020383
:107D500002FB0131C00B40EA4140A861CEE700BF01
:107D60007733030060FE02008F330300AC3303005F
:107D7000C53303000334030018340300024B0B60C7
:107D800001231360704700BF1CFD002000487047AE
:107D9000F007030007B50346054A00910548012195
:107DA00013F016FB6FF0150003B05DF804FB00BF85
:107DB00054340300C8FD020010B5012206481146E4
:107DC00016F0E3FF15F028FD044C206015F021FDAE
:107DD0006060002010BD00BF24FD00201CFD0020BD
:107DE000F7B50E46144615F014FD214605463046FB
:107DF00014F009FC374660B3B6FBF5F305FB1363DB
:107E000023B9B4FBF5F305FB13434BB13346134AD7
:107E100000941348012113F0DBFA6FF0150002E023
:107E2000A54202D9002003B0F0BD4FF0FF324FF061
:107E3000FF330C480CF00AFB15F0EBFC0546384606
:107E400008F0E6FD641B2F44F9D106480CF0BCFA9B
:107E5000E8E7054A33460094DBE700BF71340300CE
:107E6000C8FD020024FD002054340300F7B50E467F
:107E70001946304617461C4614F0C5FB50B9334628
:107E8000174A00941748012113F0A2FA6FF0150069
:107E900003B0F0BD46EA040515F0030503D0124A0D
:107EA00033460094EEE7A4B14FF0FF324FF0FF33BA
:107EB0000E480CF0CBFA24F00304A54205EB0600B3
:107EC00009D10B4AD2F80034DB07FBD507480CF088
:107ED0007BFA0020DCE7795908F0CCFD0435ECE7AB
:107EE00054340300C8FD02009034030024FD002038
:107EF0000090034010B5036961B920493A23204A34
:107F0000204812F0E1FC204812F0DEFC3A211C4827
:107F100012F0D1FC486850B91C493B23184A194853
:107F200012F0D2FC1A4812F0CFFC3B21EFE7586860
:107F3000F8B1884219D19C680868A142586000D104
:107F40009860002008602AB15A680A609A685960EF
:107F500002B99960002010E0814206D108682060D3
:107F600098688142EDD19C60EBE7044600680028E8
:107F7000F2D1002AE8D16FF0150010BD0B350300D7
:107F8000CF3403002215030014350300233503000A
:107F90003535030038B545682B69B3B1103528462F
:107FA00008F062FB044680B90146284608F004FB4D
:107FB000084B98420BD122462846074908F0C0FAE0
:107FC000224605213120FDF7F1F9002038BD6FF080
:107FD0000400FBE70000AD0B0181010008B5026859
:107FE000530904D14FF0FF33D340DB070BD40749CB
:107FF000074840F26933074A12F066FC40F26931E3
:10800000044812F058FC044808BD00BF7F35030047
:10801000221503004C35030000258440F0B540686C
:1080200001F01F04057B87B044EA45140569002D63
:108030005BD0B2F5001F00F1100506D1214628469D
:1080400015F0E0FB002007B0F0BD0027B2F5800F6F
:1080500001AE0197776033D1B3F1007F14BF0523E0
:1080600004238DF804300023CDE90463039383686F
:10807000CB40D90716D4B2F1A07F13D16846009443
:10808000FFF7ACFF04F1800350F82330DB0709D47D
:108090006A462146284608F061FA174B98421AD0E2
:1080A000CDF808D02146284603AA08F0C9F8134B9A
:1080B00098421DD101222146284608F0FBFAC1E76B
:1080C000B3F1C06F05D0B3F1007F14BF01230223C9
:1080D000C7E70323C5E76946284608F0DFFA074BE0
:1080E0009842DDD06FF00B00ADE76FF08500AAE796
:1080F0006FF01500A7E700BF0400AD0B0000AD0B4B
:10810000430970B507D1124B596821B101250C689C
:10811000104E854001B970BD8A682A4010D04B6866
:1081200063B90D495D230D4A0D4812F0CDFB0D4892
:1081300012F0CAFB5D21094812F0BDFB304698479A
:108140001CB1236821461C46E4E72346FAE700BF3A
:108150003CFD002030FA020067680300CF340300C2
:1081600022150300353503002DE9F043466840F23F
:108170000635337BD00601F01F0747EA431748BF97
:10818000032302EA050558BFC2F3401387B0B5F5D3
:10819000837F14468DF8033042D00FD8062D18D0B7
:1081A00007D8B5B1022D3DD06FF0150007B0BDE87E
:1081B000F083B5F5807FF7D101250AE040F2022275
:1081C000954231D0B5F5407F30D0B5F5007FEBD189
:1081D000022522032CD5012372688B4093603369FA
:1081E0006BBB03A80397FFF7F9FE84F4803300EB21
:1081F0008700C3F30043C4F34044D0F8002244EAAC
:1082000043049DF8033022F4E16244EA830422F03F
:10821000070244EA05231343C0F800320020C5E7F3
:108220000725D6E70425D4E70525D2E70325D0E7BF
:10823000630341BF012372688B40D360CFE71036E0
:10824000394630460DF1020208F088F914F4403F37
:10825000804617D13946304615F0D2FA244B98455E
:10826000DCD130469DF8021008F00CFA4045D5D01C
:1082700020492148AB23214A12F026FBAB211F489D
:1082800012F019FB4FF0000901AB3946304603AA42
:10829000CDE90439CDE90199CDF80C9007F0D0FF74
:1082A000134B984280D114F4003315D09DF803305D
:1082B00084F48034C4F300448DF80E3039464B46C4
:1082C000304603AA8DF80C508DF80D4008F0A8F840
:1082D000074B9842C2D067E7CDE9043339460DF128
:1082E0000303304603AA039307F0AAFFF0E700BF99
:1082F0000000AD0BCE35030022150300A2350300AC
:1083000008B5CA0743680AD4C1F34201012909D05C
:1083100002290ED00121094A094813F046F86FF0EE
:10832000150005E04FF0CC721B680020C3F824252F
:1083300008BD4FF0C8621B68F7E700BFF2350300C5
:10834000D8FD0200F8B5446800AFE3690546066948
:108350009847206A14F0DBF900281FDB33462046DB
:10836000124A04F1080108F057FF114B984217D048
:108370006C4688B02B686A460E49C2E905134FF473
:10838000007393830C4B42F8103F0C4800234FF4CA
:10839000E251FBF78DFA6FF00400A546BD46F8BD2B
:1083A000204608F07DFF0020F8E700BFFD830100B4
:1083B0000000AD0B0436030003000001D8FD0200ED
:1083C00070B5446823682046D3F80855D3F80C6587
:1083D00008F08CFF3146284609F0A8FA0546206AC5
:1083E00014F095F9204608F05BFF034B9D4214BF43
:1083F0006FF00F00002070BD0000AD0B0378012B63
:1084000008D0022B08D04BB9054B0B6301F11800C3
:108410000BF0DABF034BF8E7034BF6E7034BF4E747
:108420000000AD0B0100AE0B0200AE0B0100AD0B66
:108430002DE9F04F8DB002AF7A6014221D46D0F8BE
:1084400004B0D0F81080BBF8183006460C46B818B7
:108450000021D8F834A0BB6017F03CF97D754FF0CF
:10846000FF324FF0FF3340460BF0F0FF08F11803E6
:10847000FB604FF0000900220023F8680BF0E6FFD4
:108480004D467B68994501D300243FE0207A0207DE
:1084900000F1AB807B6809F101099945D4F800E04F
:1084A0000AD2830708D4237D80EA030202F0010286
:1084B00003F004031A4307D025B90EF06043B3F16B
:1084C000005F36D0002300E001236268B96805EB45
:1084D000020C8C451ED96C468CB0316802ABDA6157
:1084E000BA684348C3E9082140F203521A851A4684
:1084F000C3E905053F4B42F8103F00234FF45151AB
:108500003D48FBF7D5F9A5466FF01B0440460BF03C
:108510005BFF23E0C10706D471460AEB05003B6010
:1085200017F0CBF83B6862682A4495B2002B47D11C
:10853000CDB9002523683B626368227ABB6102F0F3
:1085400001013975BBF82410994210D22B4A0091D1
:108550002948012112F03CFF6FF01B0420462C3704
:10856000BD46BDE8F08F2B46C7F820A0E5E782F0B6
:108570000202C2F340025846520107F1140108F00A
:10858000E9FE1F4B984205D00B3398420CD16FF097
:108590000F04BBE74FF480420023F8680BF056FF4E
:1085A00028B13046FFF70CFF6FF00404AEE7D8F8AF
:1085B0003030134A9342F7D1237ADB0702D40025E7
:1085C0000C345EE73B6A9A45F9D1234608E0A91AC4
:1085D000D8688DB21AFA81F13B6017F06EF83B68EB
:1085E0005A680C3B9542F2D2E9E76FF085048DE7BB
:1085F0002436030006000001D8FD0200EF36030018
:108600000000AD0B08B50268530904D14FF0FF33E9
:10861000D340DB070BD40749074840F26933074AC8
:1086200012F052F940F26931044812F044F904485A
:1086300008BD00BF7F350300221503004C35030041
:10864000002584402DE9F04F1546824640F2FF197F
:10865000DFF84CB185B000EB8108D04503D1002094
:1086600005B0BDE8F08FDAF800305A04C3F3C32137
:10867000C3F3080400F18C80484A5B0C4C4508BFEA
:108680004FF0FF34575C192B00F28580DFE803F0D0
:108690000D141A1D20261D838383833460838383F6
:1086A00083838383838363777A7DC5F80C45631C5A
:1086B0005BD10AF1040AD0E7C5F81445661CF8D06E
:1086C00000265AE0C5F80845F1E7C5F81045F5E77A
:1086D000601CC5F80845ECD0002604E0611CC5F814
:1086E0000C45E6D0012603A80394FFF78BFF012178
:1086F00001FA04F3C36008E0C5F80845002FDDD196
:10870000631CD6D0002606273146DAF800300394E1
:1087100003F40040002818BF002103A818BF012659
:1087200001930091FFF76EFF019B00EB8400D0F8EE
:108730000042C3F3412C00993B0243EA8C030B43F4
:1087400004EA0B04234343EA4603C0F80032B0E7CF
:10875000C5F80C45D2E7C5F86045621CDAF8003070
:10876000A7D0C3F30043002BBCD0012603A8039479
:10877000FFF748FF06FA04F383603146C5E7C5F802
:108780006445EAE7C5F86845E7E7C5F86C45E4E7FE
:108790006FF0150064E76FF0850061E74D37030067
:1087A000F0F8FCFF0D2903690ED10A201B88A3F500
:1087B000ED531B1193FBF0F100FB113311600449E1
:1087C00000204B43536070476FF08500704700BF37
:1087D000A086010013B543680446186816F057FADE
:1087E00040B901210D4A0E4812F0DFFD6FF015006F
:1087F00002B010BDC02160680DF1070213F0AAFF9E
:108800000028F3D19DF807301A09012AF0D0012180
:10881000044A034812F0D2FDE8E700BF55370300D1
:1088200050FE02006D3703007FB540F2C44243683A
:108830000446066918689B88ADF800200222CDF82E
:1088400004D002928DF80C20826801A9956801225B
:10885000A847F0B96A46C121606813F07BFFC221C6
:10886000054601AA606813F075FF45190BD19DF804
:1088700000209DF8043002F07F0203EB02233380D6
:10888000284604B070BD0121034A044812F08DFD52
:10889000F6E76FF00405F3E77E37030050FE0200B1
:1088A00070B5032904691CD80F4B58560F4B5E5600
:1088B0000F49B04202F1080201DD002070BD031D26
:1088C00004EB4303B3F9013025691B116B4393FBA0
:1088D000F1F501FB153342F8085C42F8043C013025
:1088E000E7E76FF08500E9E7323903002E3903002E
:1088F00040420F0038B5056927216B6805F1080271
:108900001C680723A047041E06DA0221054A064810
:1089100012F04BFD204638BD2B7A13F00F0F18BF15
:108920000024F7E7AC370300E0FD02003B2908B55F
:1089300003D1BDE80840FFF7DDBF0329F9D00C29BA
:108940000CD00A49B4230A4A0A4811F0BDFF0A486C
:1089500011F0BAFFB421064811F0ADFF0221074A19
:10896000074812F022FD6FF0850008BDE62C0300D9
:10897000EC3703002215030021380300CB37030036
:10898000E0FD020008B50221034A044812F00DFD83
:108990006FF0850008BD00BF43380300E0FD020012
:1089A0002DE9F04184B0D0F8048000AFD8F8003051
:1089B000054606699847041E17DB73680F21284691
:1089C0009B68FA1D9847041E05DA384A0121384889
:1089D00012F0EBFC09E0FB79332B0BD00121354A77
:1089E000334812F0EBFC6FF0150420461037BD46FB
:1089F000BDE8F08198F80C20D3070BD544F616118A
:108A000042F28B4C49F22D2E2B4BC3E900C12B496E
:108A1000C3E902E194070AD573681E211C6980230B
:108A200028461A46A047041E01DA254ACEE74FF031
:108A300000080723C7F8098087F80D803B72736828
:108A400020215C682846062307F10802A047041E7F
:108A500001DA1C4ABAE7184B42461B6823213361EE
:108A600073682846DB689847041E01DA164AADE7AA
:108A70006C468AB06A4633691449C2E90883516179
:108A8000022004210623C2E9060142F8103F4FF4F8
:108A9000435143460648FAF70BFF7368A546472241
:108AA00020212846DB68984704469EE76D3803007E
:108AB000E0FD02008538030054C7002094B6010091
:108AC0009C380300C2380300E23803000A3903006F
:108AD00010B543680469586816F0D9F838B90648E3
:108AE0000121064A12F061FC6FF0120010BD044B28
:108AF00000206360FAE700BFE0FD02005537030085
:108B0000E0080300F7B51546446803694AB92B49E4
:108B10002B4836232B4A11F0D7FE3621294811F075
:108B2000CAFE1F2947D1A27A9B8A12F0200101D0E8
:108B30001BB202E0227C0F2AFAD962792AB3E279C9
:108B4000277C042A09BF2268E2899268128909B148
:108B5000013FFFB25A43A07901A90192FEF700FB41
:108B60000646A0B9019941FA07F06769C7B94FF401
:108B70007A7390FBF3F203FB00F1134B2A6091FB35
:108B8000F3F203FB1211696007E06FF08506012123
:108B900033460E4A0E4812F011FC304603B0F0BDC9
:108BA0004FEAE07CA0FB0701334607FB0C11A269EA
:108BB000F6F788FCDBE76FF08506EEE7A7390300E0
:108BC000221503006B39030040420F00BA3903003D
:108BD00078FE02000B4610B51F2B4268016901D0D8
:108BE0003B2B0DD1106883685B689847044628B119
:108BF00001210346044A054812F0E0FB204610BD5F
:108C00006FF08504FAE700BFC839030078FE020060
:108C1000F8B544680669206816F039F840B94A4A40
:108C200001214A4812F0C1FB6FF012052846F8BD39
:108C3000E069002859D016F02AF808B9444AEFE74D
:108C4000E06994F82010638C03F03002302AD0F8E9
:108C500010C0D0E9015E0ED13E4940F2D3333E4A06
:108C60003E4811F031FE3E4811F02EFE40F2D33165
:108C7000394811F020FE03F00602042A09D13949CF
:108C800040F2DA33344A354811F01EFE40F2DA3150
:108C9000EEE701272D68DA0707FA01F754BF43F41E
:108CA000D01383F4B0132F4223F480120CD12E4939
:108CB00040F2ED33284A294811F006FE2B4811F006
:108CC00003FE40F2ED31D3E7DCF80050DB074CBF88
:108CD0003D43BD43CCF80050DEF80030984720B14A
:108CE0000121234A194812F060FB637973B12146D0
:108CF00051F8060B83681B689847054648B1012167
:108D00002B461C4A114812F059FB8FE76FF085057E
:108D1000F5E763796BB10123227993407360237C7B
:108D20003374637C737406F11403B3600223F3603D
:108D30007CE76FF0850301210F4A044812F03EFBE7
:108D40006FF0850572E700BFD539030078FE020099
:108D5000E639030051150300B31403002215030084
:108D60008A150300C7150300E41403003F15030030
:108D7000FE390300223A03002C3A03002DE9F743A1
:108D80004FF00008476805693C680646C4F800854E
:108D90002860D7F80C904146484601AA13F0C7FC5A
:108DA000002837DB019BD9F8002019791868FFF7F4
:108DB00049FC00282EDB6B7A3169012B03D0032B91
:108DC00026D14FF01008AB7A032B21D195F80BC0B8
:108DD000BCF1000F02D0BCF1010F19D12A7A12B1F7
:108DE000022A15D10E226B687068B3F5164F006821
:108DF0007BD02DD8B3F5165F7AD016D8B3F5966F21
:108E000078D00AD8B3F5967F77D0B3F5167F77D0B0
:108E10006FF0850003B0BDE8F083B3F5166F72D034
:108E2000B3F5965FF4D15C4B3EE0B3F5E14F6DD006
:108E300007D8B3F5615F6BD0B3F5964FE8D1574BC8
:108E400032E047F6122E7345E2D14FF400032BE0D7
:108E5000B3F5613F5ED013D8B3F5963F5DD009D826
:108E60004DF6C02E73455AD0B3F5614FD0D14FF4B3
:108E70006B0319E0B3F5E13FCAD14FF0EB7313E098
:108E8000B3F5612F4ED009D8DFF830E173454CD0EF
:108E9000B3F5E12FBCD14FF0E86305E0DFF820E146
:108EA0007345B5D14FF08053C0F82435736848EA54
:108EB0000C081B6842EA0802C3F86C250B1DD5E9B3
:108EC000010183E803007B6899073DD505F118008F
:108ED00006F05AFF324B98422AD032480121324ADA
:108EE00012F063FA6FF0040094E74FF41D03DBE720
:108EF0002E4BD9E74FF49E23D6E74FF4A033D3E7A8
:108F00004FF41C33D0E74FF41D23CDE7284BCBE7BC
:108F1000284BC9E74FF06C73C6E7274BC4E74FF403
:108F20006503C1E74FF07063BEE74FF08063BBE7B6
:108F3000287E04F10C0204F5907114F09EFB0120D0
:108F40002B7E984006F078FD0823C4F800353B7A64
:108F500053B9C4F81031D4F810316B69C4F8343502
:108F60000123C4F8383523607B6800209A075CBF72
:108F70004FF48073C4F804337B68DB0644BF4FF4BE
:108F80008003C4F804332B69C4F844350123C4F8C2
:108F90004805A360E3603DE700B0130000A04E0069
:108FA0000000AD0B70FE02004C3A03000050270099
:108FB00000C0750000F03A0000903A0190D0030024
:108FC00040420F002DE9F04104460D46076915F0B7
:108FD00023FF4FF02008B0B92C4B1B789BB16426BF
:108FE000606813F09DFCF0B9012014F044FB013ED1
:108FF000F6D1002121200CF0FDFEF0E786F3118868
:10900000BFF36F8FF5E7EFF31186314688F31288CF
:10901000BFF36F8F606813F083FC80B986F311880B
:10902000BFF36F8FEFE7EFF31186314688F31288B5
:10903000BFF36F8F606813F073FC0028DED03B69CC
:109040001D70626838691368C3F844050120C3F8CD
:1090500048050020C3F82001D3F82051C3F8580177
:109060005268D3F85801D20608D508206268126801
:10907000C2F800054FF48002C3F8042301229A606D
:1090800081F31188BFF36F8FBDE8F081C91501200E
:1090900008B50268530904D14FF0FF33D340DB0712
:1090A0000BD40749074840F26933074A11F00CFC1A
:1090B00040F26931044811F0FEFB044808BD00BFCE
:1090C0007F350300221503004C3503000025844042
:1090D000012310B503FA01F1436804691B681942C2
:1090E0000ED10E494FF4CB630D4A0E4811F0ECFB44
:1090F0000D4811F0E9FB4FF4CB61094811F0DBFB9F
:109100002368194218BF82F0010222B18368DB682C
:10911000BDE81040184783681B69F9E7E4140300B1
:10912000B3140300221503003F1503002DE9F0439B
:1091300083B0456800AFD5F8348006690021404609
:109140003A1D13F0F4FA041E1ADB7B68D8F80020ED
:1091500019791868FFF776FA041E11DBA96B481C11
:109160001BD005F13C0000F06FFB10F1130F04461B
:109170000BD10121494A4A4813F037FC6FF0120421
:1091800020460C37BD46BDE8F083411D05D10121C5
:10919000444A434813F029FCF2E74FF00108EB6A18
:1091A0009847B568D6E9023203EBC2039D4204D367
:1091B000304613F055FC0024E2E7286815F067FDFF
:1091C0000346B0B92A686C468AB0106829796A46A5
:1091D000D1614FF40071344D11843449C2E9055016
:1091E00042F8101F4FF411512D48FAF761FBA546C4
:1091F000C4E728682979EB8803F03002302AD0F8D8
:1092000010E0D0E901490ED1294940F2D333294A6F
:10921000294811F059FB294811F056FB40F2D3318F
:10922000244811F048FB03F00602042A09D124491E
:1092300040F2DA331F4A204811F046FB40F2DA319F
:10924000EEE72468DA0708FA01FC54BF43F4B013D0
:1092500083F4D0131CEA040F23F480120CD11949B3
:1092600040F2ED33134A144811F02EFB164811F06A
:109270002BFB40F2ED31D3E7DEF80040DB074CBFBB
:1092800044EA0C0424EA0C04CEF80040D9F800307B
:109290009847041EFFF674AF083583E78F3A030042
:1092A00068FE0200BA3A0300D73A03000400000146
:1092B00051150300B3140300221503008A1503009F
:1092C000C7150300E41403003F1503002DE9FF4117
:1092D00005690646D0F80480A86D2B6E002835D1AC
:1092E000002B53D0B8F830406A6D9C4228BF1C4612
:1092F000EF6DEB6D53B1296E41B107F06041B1F1F3
:10930000005F03D0082C28BF08246F6F00926A6D9D
:10931000AC661AB1AA6D002A18BF2246CDE9012712
:109320001BB12B6E002B18BF234600226946404616
:10933000039307F0ABFD184B984229D06FF004015E
:10934000304604B0BDE8F04113F0ACBB696DEF6D81
:109350000A46B8F83040ABB1834228BF03469C426E
:1093600028BF1C460029C4D001F06043B3F1005F60
:10937000BFD0082C28BF0824286F224616F09DF97C
:109380002A6FB6E7844228BF0446EBE71946D7E7C1
:1093900004B0BDE8F08100BF0000AD0B10B502784D
:1093A0000346002A5FD10C69A26E32B9606E6FF07D
:1093B0007301BDE8104013F075BBE06D40B1216E44
:1093C00031B1DB6823B1834202D0616F16F075F9C9
:1093D000A36DA26E33B19A4213D90121224A2348C8
:1093E00013F003FB236EA26E33B19A4222D90121FE
:1093F0001D4A1E4813F0F9FA606EBDE81040FFF7F1
:1094000065BF9B1AA3657BB9636C04F158020833EE
:109410006364A36C04F14801013BA36404F14400BC
:1094200013F0EAFA6065DDE7636D002BDAD01344D0
:109430006365D7E79B1A23667BB9E36C04F160028E
:109440000833E364236D04F15001013B236504F10B
:109450004C0013F0D1FAE065CEE7E36D002BCBD0E2
:109460001344E365C8E710BDFB3A030068FE020041
:109470002DE9F04F8FB000AFFB6043688846BB60BA
:109480008B88054699049146046933D44FF0FF3226
:109490004FF0FF3304F110000AF0D8FFC4F8048045
:1094A000D5F804B0D5F810A0DBF808303B609AF886
:1094B0006D3023B1DAF80030984500F0CA80B8F872
:1094C00004E01EF400631CD00121B04AB04813F040
:1094D0008CFA6FF0850623689B8813F4005304D13F
:1094E000636004F110000AF06FFF30463C37BD4660
:1094F000BDE8F08FA369002BC8D163689845C5D13A
:10950000CEE71EF0010F15D029686D4688B06A4677
:10951000A048C2E905014FF4007191839E4942F8C9
:10952000101F4FF4E2519A48FAF7C2F9AD466FF0B6
:109530001506D0E71EF0080F05D0984A012194487F
:1095400013F053FAF3E7CEF34513082B01D0944AF6
:10955000F4E7D8F800307B607A68924B9A4201D8E1
:10956000914AEBE707F118060BF10C0CBCE80F0071
:109570000FC69CE80F0086E80F00D7E900239A4247
:1095800028BF1A46894B9A4211D2894B9A4249D830
:10959000884B9A4248D8884B9A4247D8874B9A4280
:1095A00046D88748874B8849824288BF0B461EF0C1
:1095B000020FFB620EF004033CD0002B14BF032308
:1095C000022387F83030CEF3001387F83130DBF810
:1095D00000301EF0020FD3F8086507F114007E6119
:1095E0002CD1FFF755FD0123B340C3609AF86D30CD
:1095F0002BB1584607F0F8FB00238AF86D302B4654
:10960000724A584607F1180107F0AEFB704A03464C
:10961000904219D001216F4A5D4811F0CFFE6FF0E2
:10962000040658E76C4BC2E76C4BC0E76C4BBEE7D7
:109630006C4BBCE7003B18BF0123C2E7FFF728FDD6
:109640000123B3408360D1E70123CAF800808AF880
:109650006D30012384F86C30BB68996B4A1C0AD0CA
:1096600003F13C0000F020F9743004D102215E4A7D
:10967000474813F0BAF9B9F1000F68D1C4F8449023
:109680000023A36404F1580204F1480104F14400EA
:1096900013F0B2F9FB686065002B60D1E36400232E
:1096A000236504F1600204F1500104F14C0013F051
:1096B000A3F9002601213246E0652664204613F016
:1096C000AEF92846FFF702FE32463346A06C8342CD
:1096D0004DD100231946266DB1424FD1934238BF78
:1096E0001346A0464FF4FA5202FB03F658F8283B03
:1096F0004FF4004C1B6840F2E730B6FBF3F6002154
:10970000C8364FF47A720023E6FB0C01F5F72AFF06
:1097100002460B4640460AF099FE0246002867D0F2
:109720000121324A1A4813F060F90026B868A6668B
:1097300007F05AFB6FF07301284684F86D6013F050
:10974000B1F940460AF0FCFE6FF07306C3E6D9F8A3
:1097500000306364002B93D0D9F8043091E7FB68A4
:109760001B68E364002B9AD0FB685B6898E7616C28
:1097700001EBC301496801330A44A8E7E06C00EB40
:10978000C100406801310344A6E700BF193B030054
:1097900068FE0200333B030003000001553B030059
:1097A000743B030047E80100A33B030000127A006A
:1097B000FF083D007F841E003F420F001FA10700ED
:1097C0008FD0030048E8010090D003009D93010072
:1097D0000000AD0BD43B030000093D0080841E0057
:1097E00040420F0020A10700FB3B0300253C030083
:1097F000266C16F1740F98D0002E3FF46CAE014623
:10980000286913F00CF966E608B50268530904D11B
:109810004FF0FF33D340DB070BD40749074840F232
:109820006933074A11F050F840F26931044811F0E9
:1098300042F8044808BD00BF7F350300221503002D
:109840004C350300002584400123F0B587B08DF826
:109850000230022300248DF804306B4403930F463A
:1098600001AB0DF10301049305460291059406F046
:1098700015FF0C4B064698420FD13946284603AADD
:1098800006F0DEFCB0420BD028469DF8031006F02F
:10989000F9FE6FF0040007B0F0BD6FF01200FAE7B8
:1098A0002046F8E70000AD0B2DE9F3410C460546D4
:1098B00013F0AAFF002221460746284606F0FAFECA
:1098C00001A80194FFF7A0FF00EB8402D2F8001278
:1098D000154BA6000B4043F00C03C2F8003213F006
:1098E000F2F880462B68DB59ABB1002721462846A9
:1098F00013F088FF01A80194FFF786FF3044D0F8E9
:109900000022094B134043F00403C0F800323846EC
:1099100002B0BDE8F08113F0D6F8A0EB08000628ED
:10992000E0D96FF07307E1E7F0F8FCFF70B40E497F
:1099300022F07F46D1E90034D01AC31844F1000464
:10994000C1E90034A6F50013B3F5400F09D2074B67
:109950001B681A0A1B069C19054B42F10005C3E956
:10996000004570BC0CF064BE00E200207CFD0020CD
:1099700008E200200D4B1868010A0006BFF35F8F54
:109980000B4BD3F80435181841F10001B3F5801FD3
:109990000AD2084BD3E90023904271EB030303D2B0
:1099A00010F1807041F10001704700BF7CFD002084
:1099B0000050014008E200202DE9F7432E4BD3F878
:1099C000042390070BD5D3F8042142B10022C3F839
:1099D00004212A4AD3F80431136801331360264A5C
:1099E000D2F80433D90326D5254BD3E8EF1F21F055
:1099F0000100C3E8E40F002CF7D1CB0702D4D2F862
:109A00004031C3B100251C4CC4F84051D4F840315A
:109A1000FFF7B0FFEFF31182202383F31288BFF327
:109A20006F8F184BD3E90267B042B94106D282F377
:109A30001188BFF36F8F03B0BDE8F0834FF0FF389C
:109A4000D3E900104FF0FF391D60C3E902894FF4DC
:109A50008033C4F84833C4F84051D4F8403182F31D
:109A60001188BFF36F8F0029E5D0009032463B4646
:109A700028468847DFE700BF005001407CFD0020FA
:109A800074FD0020F0E100202DE9F84F04460D465A
:109A9000434FD7E8EF8F28F00103C7E8E23F002AE1
:109AA000F7D14FF480393F4EC6F80893BFF35F8F6C
:109AB000BFF36F8FFFF75EFFA04271EB050308F065
:109AC000010840D2384B201A65EB0101984271F130
:109AD000000148D2354BD3E902239D4208BF94428E
:109AE0003AD04FF0000C24F07F40834603216FF002
:109AF000020EC6F84893C6F840C1D6F84031DFF8E8
:109B0000BCA02BF07F43C6F84035C6F84493D6F886
:109B10000425AEEB02035B4423F07F4353451BD97E
:109B2000D6F840315BB1D6F80425131A23F07F43F1
:109B3000B3F5000F10D9C6F840C1D6F8403101EB9B
:109B4000020B0131DDE71A4BD3E8EF1F41F00101B1
:109B5000C3E8E21F002AF7D1144B164AC3E90245B5
:109B60001A6000225A60B8F1000F16D0D7E8EF3F14
:109B700043F00103C7E8E23F002AF7D14FF48032F7
:109B8000084BC3F804230A4BD3E8AF3FDB0742BFBF
:109B90004FF40012084BC3F80021BDE8F88F00BF56
:109BA00078FD00200050014001008000F0E100201D
:109BB00074FD00202D99010000E100E0FDFF7F0011
:109BC00070B54FF0FF3000254FF0FF31164C174BAA
:109BD0000226C4F80833C4F84833154BC4F80855B6
:109BE000C3E902014FF480334FF40012C4F8043388
:109BF000104B0121C4F804631520C3F880212A46C4
:109C0000FBF7D4FB1520FBF7A1FB01230A4AA36055
:109C10000021236009481360FFF736FF3046FDF747
:109C200027FE284670BD00BF0050014003000F0012
:109C3000F0E1002000E100E078FD0020FFFF7F0060
:109C4000431C10B50F4C05D08442A8BF0446012C1C
:109C5000B8BF0124FFF78EFE0B4AD2E90031C01ACB
:109C6000B0F5000F074A0AD22044904228BF1046A0
:109C7000BDE81040C01841F10001FFF705BF1046D4
:109C8000F6E700BFFFFF7F0000E2002008B5FFF706
:109C900071FE024B1B68C01A08BD00BF00E2002025
:109CA00070B505460C4C0D4EB44212D90C497A23BE
:109CB0000C4A0D4810F008FE0C4810F005FE7A2101
:109CC000084810F0F8FDD4E90031284698470834D8
:109CD000EAE7F8D370BD00BFA87E0300A87E0300AA
:109CE000943C0300623C0300221503008F1E030016
:109CF00070B5002201212A20FBF758FB124809F019
:109D000089FC044628B101210346104A104811F08D
:109D100055FB104D104EB54212D910499A23104AE6
:109D2000104810F0D1FD104810F0CEFD9A210C48DB
:109D300010F0C1FDD5E90031204698470835EAE723
:109D4000F8D3204670BD00BF0C0A0300B83C0300E6
:109D500030FE0200A87E0300B87E0300E43C03004E
:109D6000623C0300221503008F1E0300F0B50F4B69
:109D700001461A680E4B0B25002618461F46B842AE
:109D800001D3013D04D11846013A19605A60F0BD73
:109D900004688C42FBD03CB14468141BA642BCBF93
:109DA000034626460830EAE70346ECE73CFE00207F
:109DB00048FE00200020054BC3E90000044BD3E817
:109DC000EF2FC3E8E10F0029F9D1704740FE0020D2
:109DD0003CFE00202DE9F04F89B005460E4614F0F8
:109DE00050FF20B96FF06D0009B0BDE8F08F15F09D
:109DF00071F833680446002B0F4604D10BF0B6FE11
:109E00006FF00A00F0E7BCBF4FF0FF333360012270
:109E1000002101A814F0B9FFE8460795EFF3118B74
:109E2000202383F31288BFF36F8F15F067FDDFF8EF
:109E30002CA1DFF82C915AF80000FFF797FFD9F812
:109E4000003042689A426ED10023434D00936B6804
:109E5000002B6FD1C5E900888BF31188BFF36F8F9A
:109E600033685A1C6BD04FF4004E40F2E7300021AB
:109E700023EAE37C4FF47A720023CCFB0E01F5F762
:109E800071FB02460B4601A80AF0E0FAEFF3118BD2
:109E9000202383F31288BFF36F8F00222B685BB1FE
:109EA000434556D10099002A4DD16A6829609A42EB
:109EB00000D169600023009315F020FD5AF80000DE
:109EC000FFF754FFD9F8003043608BF31188BFF3DC
:109ED0006F8F14F0D6FE002884D035686B1C27D015
:109EE00014F0F8FF4FF47A7EA0FB0E320EFB012136
:109EF000A4FB0E420EFB0722DB0BE40B43EA4143BB
:109F000044EA42441B1B4FEAD1314FEAE57C61EB46
:109F1000D231ED1A6CEB010CBCF1000FB8BF00257B
:109F200035602DB96CE743608BF31188BFF36F8FF9
:109F3000002059E7C3F80080C5F804808CE74FF093
:109F4000FF3213469FE711606968994208BF6A6053
:109F5000B0E71A461B68A2E740FE00200800000098
:109F60003CFE002010B5041E0DDCEB23084A094915
:109F7000094810F0A9FC2146084810F0A5FCEB2187
:109F8000034810F098FC15F0B9FC054B1C5010BDAF
:109F9000093D03003A3D030022150300473D03003D
:109FA0000C00000070B50368124C2BB1A34203D320
:109FB00004F1A805AB4217D30F4D2B78062B0CD913
:109FC0000E49FF230E4A0F4810F07EFC0E4810F099
:109FD0007BFCFF210A4810F06EFC5E1C03EB430380
:109FE00004EBC3042E7004600068BDE8704014F0F8
:109FF000CCBE00BF94FD0020720601206E3D030020
:10A00000093D030022150300773D030008B528B180
:10A010000C4A904202D3A83290420ED30A494FF420
:10A0200087730A4A0A4810F04FFC0A4810F04CFCAB
:10A030004FF48771054810F03EFCBDE808400AF077
:10A04000C3B900BF94FD00209D3D0300093D0300FE
:10A0500022150300233F030070B5054628B1194BB4
:10A06000984202D3A83398420ED317494FF48C7309
:10A07000164A174810F028FC164810F025FC4FF43B
:10A080008C71124810F017FC4B1C17D021EAE174B8
:10A090004FF4004640F2E73000214FF47A7200237B
:10A0A000C4FB0601F5F75EFA02460B4628460AF0A5
:10A0B000CDF9002818BF6FF00A0070BD4FF0FF32D5
:10A0C0001346F3E794FD00209D3D0300093D030086
:10A0D00022150300233F030008B50268104B2AB184
:10A0E0009A4203D303F114018A4214D30D4A117822
:10A0F00071B10D494FF499730C4A0D4810F0E4FB0F
:10A100000C4810F0E1FB4FF49971084810F0D3FBB4
:10A110000121036011700068BDE8084014F017BE0B
:10A1200080FD0020710601203D3F0300093D030032
:10A1300022150300463F030008B528B10C4A90429F
:10A1400002D3143290420ED30A4940F241130A4A14
:10A150000A4810F0B9FB0A4810F0B6FB40F2411172
:10A16000054810F0A8FBBDE8084009F097BF00BF04
:10A1700080FD0020693F0300093D03002215030014
:10A180000D41030070B5054628B1194B984202D322
:10A19000143398420ED3174940F24B13164A17480E
:10A1A00010F092FB164810F08FFB40F24B11124852
:10A1B00010F081FB4B1C17D021EAE1744FF40046EC
:10A1C00040F2E73000214FF47A720023C4FB06010D
:10A1D000F5F7C8F902460B46284609F08FFE00281D
:10A1E00018BF6FF00A0070BD4FF0FF321346F3E75F
:10A1F00080FD0020693F0300093D03002215030094
:10A200000D41030038B505460A4BD3E8EF1F013175
:10A21000C3E8E21F002AF8D1074B1C6804B938BD17
:10A22000E369AB4201D005B113B9201D0AF0CCF8A7
:10A230002468F3E73CFE002040FE00200146002297
:10A240000023014814F05BBD98FE00200146014840
:10A2500009F0B4BD98FE0020014600220023014809
:10A2600014F04DBDB0FE00200146014809F0A6BD26
:10A27000B0FE002008B54FF480620649064814F08D
:10A2800035FDBDE808404FF402520449044814F07B
:10A290002DBD00BF7306012098FE0020E884002039
:10A2A000B0FE002010B5044B1C6804B910BD201D81
:10A2B0000AF08AF82468F8E740FE0020014807F019
:10A2C00035BF00BFC9A2010070B505460C4C0D4E4C
:10A2D000B44212D90C4913230C4A0D4810F0F4FA79
:10A2E0000C4810F0F1FA1321084810F0E4FAD4E910
:10A2F0000031284698470834EAE7F8D370BD00BF1C
:10A30000907E0300A87E03005C4103002D41030002
:10A31000221503008F1E0300292800F099800ADC13
:10A3200001284FD0062800F09580002800F08E808C
:10A330004FF0FF307047B0F58D7F04D0B0F5007F4F
:10A34000F6D11E2948E04B1E142BF1D801A050F87D
:10A3500023F000BFABA30100ABA30100ABA301003E
:10A36000ABA30100ABA30100ABA3010031A301002B
:10A3700031A3010031A3010031A3010031A3010089
:10A38000ABA30100ABA30100B1A30100B5A3010081
:10A3900031A3010031A30100A9A30100B9A3010069
:10A3A000BDA30100C1A301000E2100201160704770
:10A3B0000F21FAE71021F8E71121F6E71221F4E75F
:10A3C0001321F2E736293FDC202907DC1429ECD0E1
:10A3D00038DC0229E9D00429E7D0A9E7A1F121035B
:10A3E000152BA5D801A050F823F000BFABA30100A6
:10A3F000ABA3010031A3010031A3010031A301008F
:10A4000031A3010031A30100ABA3010031A301007E
:10A4100031A3010031A3010031A3010031A30100E8
:10A4200031A3010031A3010031A3010031A30100D8
:10A43000ABA30100ABA30100ABA30100ABA30100E0
:10A44000ABA301001529C7E73D29C5E71F29C3E7CD
:10A450002029C1E73729BFE74FF0FF32064B002024
:10A460001A609A611A639A641A669A67C3F8902010
:10A47000C3F8A820704700BFCCFE00202DE9F041B2
:10A480001446002286B001290D461E46CDE904225D
:10A49000DDF83080076803D1192C12D15F2307E063
:10A4A0002146284603AAFFF737FF002824DA6D2348
:10A4B00015F024FA144A13504FF0FF3006B0BDE8EF
:10A4C000F0812146284603AAFFF726FF0028EEDB8D
:10A4D000143C012C07D836B14FF008083268B36835
:10A4E0000492059304AE334629463846039ACDF8C4
:10A4F000008008F04FFCE1E7B5F58D7FF3D10C2C1F
:10A5000008BF4FF00408EEE70C0000002DE9F04111
:10A510001C46002386B00F461546CDE904330823B8
:10A520000668294638460DEB0302DDF830800393B8
:10A53000FFF7F2FE00280ADA15F0E0F96D224FF07D
:10A54000FF361A4B1A50304606B0BDE8F081012F95
:10A550001DD1A5F11403012B19D803AA04AB304671
:10A5600000923946029A08F043FD06460028EAD1D7
:10A57000012FE8D1042D0DD120680028E3D0FFF78A
:10A58000F1FC15F0BBF9094B1B582360DBE7424691
:10A590002346E4E7143D012DD5D8049BC4E90030DF
:10A5A000059BA3601023C8F80030CCE70C00000026
:10A5B0000B490346087880B90A49097839B1A2F5F0
:10A5C000807102290AD9A2F58872012A06D9013BB5
:10A5D000022B8CBF0020012070470020704700BF75
:10A5E000F40A0120F30A012070B400231825016841
:10A5F000084C05FB03F2A658B14206D1B0F906108B
:10A600000832A01870BC0CF081BD0133082BF0D1CA
:10A6100070BC7047CCFE00202DE9F04389B00546A0
:10A62000D0E900900E4617469846109C08B112F0EB
:10A6300066FAA4B9CDE9004443463A463146484655
:10A6400013F09AFE0446686828B14FF0FF324FF0CD
:10A65000FF3312F052FA204609B0BDE8F083238898
:10A66000012B0BD1ADF8083063686288039308238F
:10A67000ADF80A2001936B440093DDE7022B18D15B
:10A680006288ADF80830ADF80A20231D0DF10C0CDE
:10A6900004F1140E624618685968083303C2734502
:10A6A0009446F7D1237D8DF81C301623019302AB1D
:10A6B000E2E715F023F96A22024B4FF0FF341A50FB
:10A6C000C1E700BF0C0000002DE9F34707469046A4
:10A6D0000C4679B300231A46C868834235D1802AD4
:10A6E00072D800254FF0FF324FF0FF33394812F097
:10A6F00004FAA946384EE368AB422DD80026354609
:10A70000DFF8D4A0B14511DD85B9636838460193FF
:10A710002368A9EB060200930AEB06014346FFF704
:10A720007BFF051EEEDD2E44B145EEDC294812F01C
:10A73000E6F906E015F0E2F816224FF0FF35274B58
:10A740001A50284602B0BDE8F087A16801EBC301AA
:10A75000496801330A44C0E7A36806EB090003EB2C
:10A76000C50253F83510526814F0A7FFA3684FEAEA
:10A77000C50A53445B6801359944BCE7A3684FEAB6
:10A78000C60A03EBC6035B683BB14FF00009A36840
:10A7900003EB0A025268914504D30136E368B342E1
:10A7A000ECD8CEE753F80A10636849440193236854
:10A7B00038460093A2EB09024346FFF72DFF011E26
:10A7C00005DB89440D44E2E700263546E6E70D4601
:10A7D000B7E700BF44CB0020730A01200C00000043
:10A7E0004FF0FF324FF0FF3370B505460B4812F0C3
:10A7F00084F9002318200A4A00FB03F156588C18EC
:10A80000013605D15550054812F079F9204670BD42
:10A810000133082BF0D10024F5E700BFE0CA002087
:10A82000CCFE002038B5094D04464FF0FF322846D3
:10A830004FF0FF3312F061F900234FF0FF32C4E90B
:10A8400000232846BDE8384012F059B9E0CA00207C
:10A8500010B50446114B124A186003681148DA61BA
:10A86000FBF7E8FD236873B90F4940F201330F4A43
:10A870000F4810F029F80F4810F026F840F2013187
:10A880000A4810F018F80C33D3E8EF1F41F0080124
:10A89000C3E8E21F002AF7D110BD00BFC8FE0020A8
:10A8A000CDA90100380A03001E300300E92F030080
:10A8B00022150300D62E0300F0B5A1F581730468BC
:10A8C00087B0032B58D8DFE803F002417A54012700
:10A8D000D2E9016113683B4AB3F904300492ADF840
:10A8E00014308DF816703368994205D115F006F8CA
:10A8F0000C22354B1A5014E000F10805284614F0DC
:10A90000CFFB2B460022394630680CF08BFA082327
:10A91000204600933C22394604AB08F03BFA04463B
:10A9200010B14FF0FF340EE0336814333360CDE9DB
:10A930000200284602AA03A914F0B7FB039B002BD0
:10A9400018BF6FF07704204607B0F0BDD2E900428F
:10A950001368143313600023CDE9033303AA04A959
:10A96000083014F0A2FB049B0BB1039BE38000248E
:10A97000E9E713684360FAE7032913D0042919D1E2
:10A98000126832F4804304D014F0B8FF16210E4B45
:10A99000195004212046C2F3803207B0BDE8F040D0
:10A9A00013F054BF2046002213F050FF840304F438
:10A9B0008044C8E714F0A2FF1622034B9AE76FF019
:10A9C0005E04C0E7E9A501000C0000002DE9F0419C
:10A9D0000D1E0746904612DA0AF0D6FF1C4E0123E0
:10A9E00033704246384625F04041FBF7B1FA002368
:10A9F000337004460BF036F82046BDE8F0816B005A
:10AA000003D50AF0C1FF134EE9E7F7F72FFD041E47
:10AA100009DB29464246384613F097FA051E05DA47
:10AA20002046F7F77BFD4FF0FF34E5E7FFF7D8FE50
:10AA3000014640B914F062FF0C22074B1A50284619
:10AA400008F076F9ECE72046044AF7F74DFDD3E726
:10AA5000F40A0120F30A01200C000000400A030060
:10AA60002DE9F04F14460E4600218BB005462022FA
:10AA700002A81F46019114F02DFE5CB16368029399
:10AA8000E3680493A368039323690593236A03B1DE
:10AA9000089302AC4FF0FF324FF0FF333B4812F007
:10AAA0002CF831462246284601AB07F055FE0646F3
:10AAB00048B9804681464FF0180A019D38604DB96B
:10AAC000019813F024FA314812F019F830460BB00F
:10AAD000BDE8F08F542014F0F4FA044600284FD05B
:10AAE000C0F80090C0F820902B684360AB68C3604A
:10AAF0006B688360EB680361D5F804B0BBF1010FAC
:10AB000015D1082014F0DDFAE061002835D00823C3
:10AB1000A3616B695A88A0F800B042805B6843600B
:10AB2000B8F1000F2FD13C60A046ED69C7E7BBF13B
:10AB3000020F09D014F0BEFA6FF00506386811F064
:10AB4000CFFF00233B60BBE7182014F0BAFAE061A6
:10AB500098B1C4F818A06A695388111D4380034650
:10AB600002F1140C23F804BB51F804EB614543F8DF
:10AB700004EBF9D1137D0375D2E7204614F09AFA5D
:10AB80006FF00906DAE7C8F80040CDE708CB0020EF
:10AB90002DE9F04389B007460C461546F7F766FCE9
:10ABA0000646002E38681EDB04B315B32B6801AAD5
:10ABB000082B18BF16230DF108090193494613F01D
:10ABC0003EFBB0F100080BDBFFF70AFE074698B921
:10ABD00014F094FE0C22274B1A50404608F0A8F8B7
:10ABE0003046F7F79BFC4FF0FF3618E02246A146AF
:10ABF000E4E72A46A946E1E764B15DB1B9F800206F
:10AC0000012A10D108232B60BDF80A30228063800E
:10AC1000039B636039463046174AF7F765FC3046B8
:10AC200009B0BDE8F083022A17D118232B60BDF8C4
:10AC30000A3003AD638023460DF11C0C23F8042B6E
:10AC40002A4603CA624518605960154603F1080395
:10AC5000F6D19DF81C302375DCE714F04FFE8622F8
:10AC6000044B1A50404608F063F83846FFF7DAFD07
:10AC7000B6E700BF0C000000400A0300F0B50A88E8
:10AC80000B46012A066887B00DD1ADF800200822D6
:10AC900049885B68ADF8021001936946304613F0AD
:10ACA00054FA07B0F0BD022A15D14988ADF800204A
:10ACB000ADF802101A1D01AD03F114072C461068FF
:10ACC0005168083203C4BA422546F7D11B7D1622CB
:10ACD0008DF81430E1E714F011FE6A22024B1A508D
:10ACE0004FF0FF30DDE700BF0C00000007B5D0E9F2
:10ACF0000032012100920348034A10F069FB03B0BF
:10AD00005DF804FB30FE02009141030008B50648DF
:10AD100007F006FA034620B10121044A044810F066
:10AD20004DFB002008BD00BF3DAE0100BA4103004D
:10AD3000A0FD02002DE9F84304460026314DDFF85E
:10AD4000F89000AF4D4521D92F4939232F4A30487B
:10AD50000FF0BAFD2F480FF0B7FD39212B480FF047
:10AD6000AAFD95F8088018F0010F0BD1296819B1D8
:10AD7000204614F023FA28B118F0020F04D0204620
:10AD80006B6898470C35DDE70126FBE7E9D3002E19
:10AD900034D02046F4F795FD0022411D00231E48C3
:10ADA00013F0ADFF0546F0B96E4688B06A461B4BFE
:10ADB000C2E905344FF400739383194B42F8103FF6
:10ADC0004FF4E45103461748F8F772FD4F23B54698
:10ADD0000E4A15490E480FF077FD214613480FF033
:10ADE00073FD4F21BAE721460430F4F762FD1048A5
:10ADF000294613F0BFFF0F4809F05EFEBD46BDE8CF
:10AE0000F88300BFACC9002013420300E7410300F0
:10AE1000221503008F1E0300C8CA0020334203001E
:10AE200003000001A0FD02005F420300684203002E
:10AE300028CC002020C800200CCA002008B548B942
:10AE4000064907483623074A0FF03EFD36210548DC
:10AE50000FF031FDBDE80840FFF76CBF96420300DC
:10AE600022150300E74103002DE9F8431A4E1B4F5A
:10AE7000DFF8808000220023304609F039FA0546C9
:10AE8000F8B9BDE8F883237ADA070AD49B0708D417
:10AE9000216819B1484614F091F910B14846636829
:10AEA00098470C34BC4210D90D4960230D4A0E4816
:10AEB0000FF00AFD0D480FF007FD602109480FF063
:10AEC000FAFC0B4C05F10409ECE7DCD329464046BB
:10AED00008F074FFCEE700BF28CC00200CCA002089
:10AEE00013420300E7410300221503008F1E0300F5
:10AEF000ACC90020C8CA0020A0F12C03DBB2112B82
:10AF00009DBF0348D84000F001000020704700BFFB
:10AF100001400200F8B505460024094E56F8047BAE
:10AF20003846F4F7CEFC39460246284614F018F9A4
:10AF300020B10134042CF1D10020F8BD0120FCE740
:10AF4000840A03002DE9F0430468A3B02378804607
:10AF50000F4616460094002B00F0DD806F4B1B78E7
:10AF6000062B1BD10021621C009210781346A0F121
:10AF70006105192D02F101020ED9A0F14105192D2B
:10AF80000AD95F2808D001B10093224639463046DD
:10AF90001B1B11F009FF50E00121E6E7013B082BE4
:10AFA0004BD8DFE803F06C5162AA0E4A1F47050038
:10AFB00022460021134612F8010B0028E3D001219C
:10AFC000F8E72046002102780346A2F13005092D5A
:10AFD00000F1010004D922F02002413A052AD2D81A
:10AFE0000121F0E7684611F05AFE0022009803782C
:10AFF000054623F020014139192900F1010013D938
:10B00000303B092B10D902B100952B1B2246394643
:10B01000304611F0C9FE2B783D2B07D16B783F2BC2
:10B020000BD10235009508E00122E0E73F2B04D167
:10B030000135F7E7304611F08DFE0020009BC8F87F
:10B04000003023B0BDE8F08325462A78104611F081
:10B050001DFE2B46013508B9002AF6D12246394695
:10B0600030461B1B11F0A0FEDCE725462A782B4654
:10B07000222A05F10105F1D0002AF7D1EEE720469A
:10B080000A2201A90CF044FB0124019B02900093C9
:10B09000009B1878292825D020B303F10109FFF778
:10B0A0002BFFCDF8009008B9254619E00A2201A926
:10B0B00048460CF02DFB22AB651C03EB840444F8DE
:10B0C000800C4846F4F7FDFBDDF804900446484642
:10B0D000F4F7F7FB844206D0202DCDF8009002D083
:10B0E0002C46D5E72546AB003946304602AA11F07A
:10B0F0007EFE009B013300939FE70A22204602A9AF
:10B100000CF076FA0B460299024600913046394619
:10B1100011F035FE91E74FF0FF3092E7F60A01207B
:10B120002DE9F04107460468DFF8A48100293DD1EC
:10B13000207811F09FFD5F4E054660B3062305227F
:10B1400020465D49337014F00BF8F8B10522204613
:10B150005A4914F005F8C8B10B222046584913F09B
:10B16000FFFF98B10A222046564913F0F9FF68B153
:10B170000B222046544913F0F3FF38B10722204632
:10B18000524913F0EDFFB0FA80F56D0988F80050D0
:10B1900000203C6048E098F8003053B9204611F098
:10B1A0008CFD002842D007233370F1E798F8003077
:10B1B0001BB102223F4B1A70EAE700293DDD22460F
:10B1C000157816462846013211F060FD0028F7D1A7
:10B1D0003046F4F776FB03282AD92B46A5F1610205
:10B1E000192A98BFA5F12003412B21D17378A3F12F
:10B1F0006102192A98BF203B542B19D1B378A3F1CF
:10B200006102192A14D92B2B09D0252B10D1F378E0
:10B21000A3F16102192A98BF203B582B08D00922BC
:10B220006FF00100234B1A70BDE8F0810223BBE7E9
:10B23000207811F01FFD002839D12278A2F12B03CC
:10B24000DBB20E2B18D847F6E57121FA03F3DB07C2
:10B2500019D4104611F01AFD10B316490B78042BBF
:10B260001BD12246144612F8010B11F00FFD0028E5
:10B27000F8D105230B708BE7222A07D103220D4B4F
:10B2800001341A7084E704220A4B94E7282AE0D19B
:10B290000122084B14441A707AE7082B3FF478AF68
:10B2A0001046FFF729FE10B10822024B83E74FF04A
:10B2B000FF30B9E7F60A0120B6420300BC420300A2
:10B2C000C2420300CE420300D9420300E54203001C
:10B2D000F50A01202DE9F347894616461F468046A8
:10B2E000002800F09780002A00F094805368002B1B
:10B2F00000F090800024104600F0FCF842463368CD
:10B30000CDF804809F4228BF1F46444B1C70444B1D
:10B310001C701146087811F0B9FC2546013204462C
:10B320000028F6D105B101910025019A1378002B70
:10B3300050D0AF424ED9202B02D0093B042B01D86C
:10B3400001320192294601A8FFF7EAFE431C41D0D1
:10B35000023008BF00253246294601A808BFCDF8B3
:10B360000480FFF7EFFD013034D0019A1078FFF729
:10B37000C3FDB0B1507811F089FC78B10135BD4200
:10B3800041D0294601A8FFF7CBFE013022D032463A
:10B39000294601A8FFF7D6FD01301BD0019B0133E0
:10B3A0000193019A107811F071FC38B301321178D1
:10B3B00092460846013211F069FC0028F7D139B1F4
:10B3C000084611F057FC18B95046FFF7A3FDA8B185
:10B3D000CDF804A0019DC4B92B78CBB12846FFF766
:10B3E00099FD002814BF00206FF00A00B9F1000F8A
:10B3F00001D0C9F8005002B0BDE8F0870135BD4268
:10B4000008BF012491E70446E4E76FF00600EDE78A
:10B410002046EBE76FF01500EDE700BFF60A0120CC
:10B42000F50A012008B560B90A492B230A4A0B48DE
:10B430000FF04AFA0A480FF047FA2B2106480FF09E
:10B440003AFA03688B428ABF4068002000EB011083
:10B4500008BD00BF3E430300104303002215030054
:10B460005243030008B560B90C4939230C4A0D4812
:10B470000FF02AFA0C480FF027FA392108480FF08C
:10B480001AFA0378012B04D0023B012B03D8406841
:10B4900008BD0820FCE70020FAE700BF7343030063
:10B4A00010430300221503008843030010B504462F
:10B4B00060B90C491D230C4A0C480FF005FA0C48E2
:10B4C0000FF002FA1D2108480FF0F5F90378023B4E
:10B4D000012B02D8806813F0EDFD00220023C4E99F
:10B4E000022310BD73430300104303002215030021
:10B4F0008843030070B5044628B143681BB1002699
:10B5000023689E4200D370BD656805EB061528468A
:10B51000FFF7CCFF65B90A4914230A4A0A480FF01D
:10B52000D3F90A480FF0D0F9142106480FF0C3F9F7
:10B5300010220021284614F0CDF80136E0E700BFC4
:10B5400073430300104303002215030088430300E4
:10B5500010B5044692B048220021684614F0BAF8AB
:10B560000D4B21681A6891421A4603D161685B68E5
:10B5700099420ED094E80300012382E803008DF87D
:10B58000003002AB94E8030083E80300684600F053
:10B590007FFE12B010BD00BF90FF00202DE9F74FD5
:10B5A000052304226E460025CDE90023154FDFF860
:10B5B0006880DFF8689056F804BB134BBBF1040FAA
:10B5C00014BF3C464446204614BFCA469A46F4F788
:10B5D00078F9042810D121465046F4F760F958B1A3
:10B5E00022465946094806F0A7FD034620B101212D
:10B5F000074A084811F0BEFC15B103B0BDE8F08F52
:10B600000125D8E7AE0B01209F0B0120A4430300C6
:10B61000B543030000FE0200B30B01209A0B01208A
:10B6200008B50B4806F088FD034638B10121094AE8
:10B63000094811F09FFC6FF00D0008BD074806F0A7
:10B640007BFD0028F9D003460221054AF0E700BF40
:10B65000DF430300EA43030000FE02005C4B0300EB
:10B66000204403000023064A13601371054A136047
:10B670001371054A13601371044A13601371704704
:10B68000A90B01209F0B0120A40B01209A0B012084
:10B6900010B5044692B048220021684614F01AF80A
:10B6A0005CB9134913484FF4DA73134A0FF00CF9DD
:10B6B0004FF4DA7110480FF0FEF8204602A901F0AD
:10B6C00045F8034630B101210C4A0D4811F052FCF7
:10B6D00012B010BD029B039AA3F59C53083B134381
:10B6E000F6D1062368468DF8003000F0D1FDEFE773
:10B6F0008444030022150300564403009C440300C5
:10B7000000FE020010B5044692B0482200216846AF
:10B7100013F0E0FF5CB91A491A4840F239231A4A7B
:10B720000FF0D2F840F2392117480FF0C4F8204644
:10B7300002A901F059FC034630B10121134A144813
:10B7400011F018FC12B010BD9DF808305A1E032AE3
:10B7500001D9072BF6D1DDE90421A2F59C53083B62
:10B760000B4308D00A4308D00A2368468DF80030FE
:10B7700000F08EFDE6E70823F7E70923F5E700BFB1
:10B78000844403002215030056440300D044030000
:10B7900000FE02001FB50024074B4FF480620293A5
:10B7A00002AB009305490E230548039409F08AF97A
:10B7B000204604B010BD00BF0C450300D03E012060
:10B7C00040E2002010B5044692B0482200216846AD
:10B7D00013F080FF5CB9104910484FF4BF73104A52
:10B7E0000FF072F84FF4BF710D480FF064F80122AA
:10B7F000204602A900F042FE034630B10121094A69
:10B80000094811F0B7FB12B010BD032368468DF84C
:10B81000003000F03DFDF6E78444030022150300EC
:10B82000564403001A45030000FE0200072810B525
:10B83000144605D009280CD0BDE81040FFF712BF10
:10B840000748F4F736F821460648BDE81040F4F7FB
:10B8500030B80548F4F72DF821460448F5E700BF55
:10B86000A90B01209F0B0120A40B01209A0B0120A2
:10B8700010B596B004464822002104A813F02AFF10
:10B88000002300938DF8043002938DF80C305CB9DE
:10B89000174918484FF4CD73174A0FF015F84FF4B5
:10B8A000CD7115480FF007F802AB6A46204606A98D
:10B8B000F4F732F9034630B10121104A104811F073
:10B8C00059FB16B010BD69469DF8180002AAFFF793
:10B8D000ADFF9DF818301BB10A490B4813F086FAEA
:10B8E000022304A88DF8103000F0D2FCE9E700BF75
:10B8F000844403002215030056440300414503001D
:10B9000000FE020040C8002040E2002008B550B907
:10B91000054B1B783BB1FFF7A5FEBDE80840034986
:10B92000034813F063BA08BDB80B012030C80020EB
:10B9300040E2002010B5044692B04822002168463B
:10B9400013F0C8FE5CB91049104840F26323104A56
:10B950000EF0BAFF40F263210D480EF0ACFF204616
:10B9600002A901F09FFB034630B10121094A0A48B0
:10B9700011F000FB12B010BD0B2368468DF80030AB
:10B9800000F086FCF6E700BF8444030022150300A4
:10B99000564403005D45030000FE020008B5012186
:10B9A000034A044811F0E4FA6FF0150008BD00BF27
:10B9B0008D45030000FE02002DE9F0410446A4B0CD
:10B9C00002AF4822002107F1400013F083FE4CB97A
:10B9D00051495248FF23524A0EF076FFFF2150484A
:10B9E0000EF069FF00253022294607F11000BD71D5
:10B9F00013F070FE4FF0FF3307F10808C7E9023378
:10BA0000FB1D009301212046CDF8048007F11003AF
:10BA1000BA1D00F07FFDB8B16E468AB002AA414B54
:10BA2000D461C2E9053040F2013313843E4B42F841
:10BA3000103F4FF411512B463C48F7F739FFB546FC
:10BA40008837BD46BDE8F081BB7903F0FB03012BCD
:10BA500004D1BB69013356D10423BB7100F0E4FB70
:10BA60000028EDD1324ABB791178994208D087F885
:10BA7000400007F14000137087F8483000F008FCE0
:10BA80002C4BB9699A68914203D1DB68FA699A42F2
:10BA90001DD00423274D07F1100487F840300FCC48
:10BAA0000FC50FCC0FC594E80F0085E80F0007F114
:10BAB000480607F110050FCD0FC60FCD0FC694E84D
:10BAC0000F0086E80F0007F1400000F0E1FB1A4A82
:10BAD000FB791178994209D01370052207F14000D3
:10BAE00087F8402087F8483000F0D2FBBB7903F09C
:10BAF000FB03012BA4D1BB68013308D10F491048C7
:10BB000013F074F99CE70F4808F05EFCA6E7404686
:10BB1000FFF71EFD94E700BF8444030022150300D5
:10BB200056440300A34503000400000100FE020088
:10BB3000970B012010E20020B90B012050C8002013
:10BB400040E2002098CB002030B50546A5B0482241
:10BB50000021684613F0BEFD5DB9404940484FF4EE
:10BB6000FF73404A0EF0B0FE4FF4FF713D480EF0F7
:10BB7000A2FE00F059FB0146A0B93B4C2378032BF1
:10BB80003AD948220DEB020013F0A4FD607870B1A1
:10BB9000302113F09AFA044650B9344A012134484E
:10BBA00011F0E6F9334808F00FFC25B030BD04462B
:10BBB00029462D4814AA239400F098FFC11D03467E
:10BBC00007D001280BD901212B4A294811F0D2F9BD
:10BBD0000BE00A230221294A254811F0CBF907235B
:10BBE00012A88DF8483000F053FB204613F062FA9B
:10BBF000219813F05FFAD5E7284600F0FBFD0446D4
:10BC000030B1102113F061FA044608B91C4AC5E7A7
:10BC1000284602A90F9400F00DFEC21D034607D06E
:10BC2000012810D90121144A114811F0A3F910E09C
:10BC30000221144A0E4811F09BF90A230221124AEC
:10BC40000B4811F097F9072368468DF8003000F093
:10BC50001FFB002CA6D02046CBE700BF8444030086
:10BC60002215030056440300980B0120CF45030022
:10BC700000FE0200E0CB00205D460300FB45030010
:10BC800087460300B44603002346030020B903217E
:10BC9000024A034811F06CB900F0CEBADB4603004B
:10BCA00000FE020038B50C46054640B931B30846DF
:10BCB000F3F707FE082816D06FF0150012E0F3F72F
:10BCC00000FE0828F8D18CB12046F3F7FAFD0828C9
:10BCD000F2D129460B48F3F7ECFD21460A48F3F769
:10BCE000E8FD002038BD074B1D70F6E729460548E2
:10BCF000F3F7DFFD0022044B1A70F2E7014B1970D5
:10BD0000F8E700BF8EC9002097C9002010B538B3EE
:10BD10001448F3F7D6FD04461348F3F7D2FD082C78
:10BD200015D108280ED1104A0E49104806F004FA21
:10BD300038B1034601210E480E4A11F01BF96FF08D
:10BD40000D0010BD07490C4806F0F6F9F0E7082889
:10BD500002D105490948F7E7094806F0EDF9E7E798
:10BD60000848FAE78EC9002097C900204D47030014
:10BD700000FE020094470300644703007647030077
:10BD800089470300674B03000023F0B58DB00D46D3
:10BD90000646CDE90333CDE90633CDE909338DF805
:10BDA00014308DF820308DF82C3000285ED000291A
:10BDB0005CD0304CA02120462F4A237006F020FA98
:10BDC000034648B101212D4A2D4811F0D3F86FF0F8
:10BDD0000D0420460DB0F0BD20462C2113F096F93D
:10BDE000044648B96FF04C04F3E734B90121254A01
:10BDF000234811F0BDF8F5E70C27601C2C2113F047
:10BE000085F9013F0446F0D10028EFD0811C0822BB
:10BE100003A813F0B7F9601C2C2113F077F904463E
:10BE20000028E3D0811C082206A813F0ABF92C21CE
:10BE3000601C13F06BF90028D8D0811C082209A8D7
:10BE400013F0A0F901AB09AA06A903A800F088FA2B
:10BE5000044630B1034601210B4A094811F08AF823
:10BE6000B7E7019B3360029B2B60B2E76FF01504CC
:10BE7000AFE700BFF70A0120C3470300D047030024
:10BE800000FE0200ED470300074803004FF0FF33B8
:10BE900007B5684601A9CDE90033FFF775FF48B142
:10BEA0004D300AD00121064A064803B05DF804EB84
:10BEB00011F05EB86846FFF74BFB03B05DF804FB7A
:10BEC0003448030000FE0200002208B51146034674
:10BED000034806F031F9002818BF6FF00D0008BDC7
:10BEE000524803002DE9F74F05230422CDE9002332
:10BEF000224B187090B9224806F01EF9034648B14B
:10BF0000204A2148012111F035F86FF00D0003B0EF
:10BF1000BDE8F08FFFF7A6FB0020F8E76D46002490
:10BF20001A4E1B4FDFF87C8055F8049B194BB9F172
:10BF3000040F14BFB246BA46504614BFC3469B46D0
:10BF4000F3F7BFFC042813D151465846F3F7A7FC7A
:10BF500040B152464946104806F0EEF8034618B183
:10BF60000E4ACEE7FFF71AFB002CD5D10124DBE700
:10BF700049460B4806F0E0F8F0E700BFB80B012097
:10BF8000674803007348030000FE0200A0C90020B8
:10BF9000A5C90020A90B01209E480300C148030049
:10BFA000B2480300A40B0120014B1878FFF79ABF99
:10BFB000B80B0120002313B504460193D0B101ABA7
:10BFC0000E490F480DF1020206F0E0F9031E08DCED
:10BFD0000C4801210C4A10F0CDFF6FF00D0002B0AB
:10BFE00010BD019B002001330CBF04239DF80230DB
:10BFF0002370F4E76FF01500F1E700BFEB48030092
:10C000000849030000FE02001249030038B5431E30
:10C01000062B05460C4608D90346124A1248012150
:10C0200010F0A8FF6FF0150038BD042902D90B46A7
:10C030000E4AF3E70E4B5A5C0E4B53F820100E4895
:10C0400006F07AF840B10346012107480B4A10F088
:10C0500091FF6FF00D00E7E7094B1D70094B1C7055
:10C06000E2E700BF3F49030000FE02006149030010
:10C07000574B0300940A0300864903009C490300C0
:10C080008DC900208CC9002013B50446B0B10D49FC
:10C090000D480DF1060206F079F90128034608D093
:10C0A0000A4801210A4A10F065FF6FF00D0002B046
:10C0B00010BDBDF8063000202370F8E76FF01500C2
:10C0C000F5E700BFC1490300CC49030000FE0200B0
:10C0D000D5490300042838B5044619D804281CD8CB
:10C0E000DFE800F0240A241B24000123154AAB409A
:10C0F00013421BD1012D10D1FFF792FA0346A8B1CC
:10C100000121114A114810F035FF6FF00D0038BDC4
:10C11000A0F11405EDB2182DE7D90C4823460121F2
:10C120000B4A10F027FF6FF01500F0E72146094891
:10C1300006F002F80028EAD00121074A034810F06F
:10C1400017FFE2E7010C3001104A030000FE020075
:10C150003A4A0300564A0300614A0300F7B507460E
:10C160000124294ED6E8EF3FC6E8E24F002AF9D174
:10C17000002B46D10DF10700FFF71CFF054660B10B
:10C180002146224A224810F0F3FE6FF00D049DF87C
:10C190000600FFF79FFF254629E09DF8073003F0D2
:10C1A000FB03012B23D00DF10600FFF76DFF0028E4
:10C1B000EBD1184808F0C4F92046FFF78BFF04467E
:10C1C0000028E4D19FB14FF096720023114808F087
:10C1D0003DF910F10B0F044607D103210E4A0C481C
:10C1E00010F0C6FE6FF07304D1E70028CFD1002312
:10C1F000D6E8EF2FC6E8E13F0029F9D1284603B081
:10C20000F0BD6FF07605F9E78CFF00209A4A030035
:10C2100000FE020098CB0020C44A0300014807F04A
:10C220003DBF00BF1CCB0020024B1868B0FA80F065
:10C230004009704798FF002070B50646124D4FF038
:10C24000FF324FF0FF33114807F058FE2C6844B915
:10C25000082012F036FF48B9FFF7E0FF6FF06800E2
:10C260000DE063689E4207D02468F0E704604660F2
:10C270006B682BB9C5E90000FFF7D0FF002070BD47
:10C2800018606860F8E700BF98FF00201CCB002012
:10C2900038B50F4C05462368C3B14FF0FF334FF05C
:10C2A000FF320C4807F02AFE23680BB11C681BB94B
:10C2B000BDE83840FFF7B2BF28465B6898471CB11D
:10C2C000226823461446F2E72246FAE738BD00BF4B
:10C2D00098FF00201CCB002070B50E461446054682
:10C2E00000B132B901210A4A0A4810F05FFE00206D
:10C2F00070BD1046F3F7E5FAB042F8D83246214651
:10C30000284612F0F3FEB0FA80F04009F0E700BFD3
:10C31000714B030000FE0200F7B50023054613F041
:10C32000EDFA0E4F1646C3510A46044601A92846A7
:10C330000BF0E8F8019AAA420DD012785AB900F130
:10C340000042013A033202D9E259222A03D0306076
:10C35000002003B0F0BD6FF03C00FAE70C000000D5
:10C360002DE9F3411D46002307460E46144601936E
:10C37000F3F7A7FA08281CD13046F3F7A2FA0828E9
:10C3800017D124B12046F3F79CFA082811D132883E
:10C39000B378ADF804200021022201A88DF8063000
:10C3A0000BF0B6F9072809D92C4A01212C4810F0C6
:10C3B000FDFD6FF0150002B0BDE8F081294B0222AF
:10C3C00053F820800021F01C0BF0A2F9B8F1000F07
:10C3D00012D14FF0FF332B609CB12288A378ADF8C7
:10C3E00004200021022201A88DF806300BF090F9FC
:10C3F000072815D91C4AD8E700FB08F0286001304F
:10C40000EAD03A88BB78ADF804200021022201A8C6
:10C410008DF806300BF07CF907280FD9134AC4E7D2
:10C42000134B53F820600EB9124ABEE702220021D6
:10C43000E01C0BF06DF970432860E2E70E4B02221E
:10C4400053F820400021F81C0BF062F91CB1444362
:10C4500000206C60AFE74FF0FF34F9E7FB4C0300BE
:10C4600000FE0200DC0A0300304D03007C4D030097
:10C47000FC0A03005C4D0300FC0A03000023F0B536
:10C4800085B007460D4602A804211646CDE90233C1
:10C4900010F03FFC044640B103460121184A1948F8
:10C4A00010F086FD204605B0F0BD014602AA3846D0
:10C4B00010F02CFC044648B10346134A01211148F0
:10C4C00010F076FD02A810F037FCEBE7314601AA28
:10C4D00002A810F0E5FC044610B103460B4AEDE754
:10C4E000019B1BB1012B03D12B70EBE70346FBE74C
:10C4F0000121074A034810F05BFD6FF01504E1E7E6
:10C500008A4B030000FE02009F4D0300CA4D03004A
:10C51000F34D03002DE9F0471D46002390B003932F
:10C52000ADF810308DF812301646DDE91898072264
:10C53000092382460F4605A80B21CDE9002310F000
:10C54000E8FB044648B103460121784A784810F0D8
:10C550002FFD204610B0BDE8F087014605AA5046E1
:10C5600010F0D4FB044648B10346724A01217048DA
:10C5700010F01EFD05A810F0DFFBEAE701466B4650
:10C5800003AA05A810F0BAFC044610B103466A4A93
:10C59000ECE76A4A009903A8FFF79EFE00284BD0FB
:10C5A0000DAAC7F1020105A810F07AFC041E6AD199
:10C5B0000D9C052C44DC002C5ADB002E3ED1002DB6
:10C5C00068D125460024B9F1000F43D125F00405B8
:10C5D000012DCFD1B8F1000FCCD000230825CDE933
:10C5E0000733CDE90A338DF824308DF830304FF021
:10C5F000FF330295C8E90033002F40F08D802946B3
:10C600000DEB050307AA05A810F078FC09210446E4
:10C610000AAA02AB05A810F071FC50EA04020BD183
:10C6200043460AA907A8FFF79BFE034620B1012154
:10C63000434A3F4810F0BCFC00249BE73470BEE73F
:10C640005A2C15D106B13470002D5AD1B9F1000F12
:10C65000F2D05A250AAAC7F1050105A810F020FC5E
:10C66000002857D19DF82830002489F80030ADE724
:10C6700023460121334A2E4810F09AFC6FF015042E
:10C680002346314A72E7FBDB06B13470002D98D0A7
:10C690005A2C36D005A810F054FC032836D9C7F11F
:10C6A000030101AB0DAA05A810F028FC0146D0B982
:10C6B000019B102240336B4403F80C0C0DA80BF0C7
:10C6C00027F80923E8600193C7F1040101AB0DAA23
:10C6D00005A810F013FC014640B14FF0FF33AB60EA
:10C6E000254604466FE74FF0FF30EAE7019B102232
:10C6F00040336B4403F80C0C0DA80BF009F8A8604C
:10C700005FE74FF0FF33C5E902339FE74FF0FF309B
:10C71000E860F4E70023A7E7072102AB07AA05A812
:10C7200010F0ECFB2946044672E700BF8A4B030079
:10C7300000FE02000F4E03003C4E03001F4B03009F
:10C7400007480300654E030012490300002373B538
:10C7500006460D46CDE9003300293BD0002839D0EC
:10C760000421684610F0D5FA044640B10346012181
:10C770001A4A1B4810F01CFC204602B070BD01464E
:10C780006A46304610F0C2FA044648B10346154ADC
:10C790000121134810F00CFC684610F0CDFAEBE7CD
:10C7A0002A460221684610F094FB044610B1034665
:10C7B0000D4AEDE70D49D5E9003299424FF00803E3
:10C7C0009341E9D202210A4A054810F0EFFB6FF0CD
:10C7D0001504E1E76FF01504CEE700BF8A4B0300B4
:10C7E00000FE02008D4E0300BA4E030000E0995097
:10C7F000E74E030008B530B901210C4A0C4810F08F
:10C80000D5FB002008BD0023013810F8012F2C2A89
:10C8100001D10133F9E7002AF7D10A2BF1D9A3F1AD
:10C8200009000523B0FBF3F0ECE700BF144F030051
:10C8300000FE02002DE9F0430B230D4600210746C0
:10C840008DB0CDE909110493CDF82B10421E12F8DA
:10C85000013F2C2B01D10131F9E7002BF7D185F8ED
:10C8600030304FF0FF330331AB6007A810F051FABE
:10C87000044648B103460121974A984810F098FBB6
:10C8800020460DB0BDE8F083014607AA384610F0F7
:10C890003DFA044658B1C31D15D00346904A012104
:10C8A0008E4810F085FB07A810F046FAE8E7064628
:10C8B000002104AB09AA07A810F020FB044620B110
:10C8C0000346884AEBE70126F2E7874A049909A85C
:10C8D000FFF702FD002800F0A580012101AA07A8AA
:10C8E00010F0DEFA04460028DDD1019B002B40F059
:10C8F000F080022102AA07A810F05CFB0446002881
:10C90000D1D1029B4FF00708B3F1805FA4BF4FF075
:10C91000FF330293029B0321AB6005AA03AB07A878
:10C92000CDF80C8010F0EAFA04460028BBD1039B36
:10C930000A2130336B4403F81C0C2A1D0DF117003B
:10C94000FFF7EAFC04460028ADD18DF817002A460F
:10C950000A2105A8FFF7E0FC04460028A3D1042122
:10C9600002AA07A810F026FB044600289BD1029BD0
:10C970000521EB6002AA07A810F092FA04460028ED
:10C9800091D1029B0621AB8205F1100207A810F09D
:10C9900087FA0446002886D1414605F1280207A8F7
:10C9A00010F048FA044600287FF47DAF082102AA5F
:10C9B00007A810F075FA044600287FF474AF029BB4
:10C9C00009216B8502AA07A810F06AFA044600281C
:10C9D0007FF469AF029B0A21AB8505F1200207A80D
:10C9E00010F077FA044600287FF45DAF3846FFF771
:10C9F00001FF85F83000C0B200EB800000F10B04AD
:10CA000007A810F09EFA84420ED2214605F11802C2
:10CA100007A810F05EFA044600287FF444AF95F8AA
:10CA2000303033B900243EE700220023C5E9062355
:10CA3000F5E76B6B002BF5D00F274FF0000895F84A
:10CA40003030984504D3002EECD06FF006042AE76E
:10CA50006A6B391F02EB081207A810F021FA4FEA9F
:10CA60000819044600287FF41EAF6A6BF91E4A4479
:10CA7000083207A810F0DEF9044600287FF413AF4F
:10CA800002AAB91E07A810F00BFA044600287FF48A
:10CA90000AAF6B6B029A4B445A81791E02AA07A80F
:10CAA00010F0FEF9044600287FF4FDAE6B6B029A8D
:10CAB0004B449A816A6B39464A44043207A810F005
:10CAC000EFF90537044600287FF4EDAE08F10108C0
:10CAD000B5E70124E7E600BF8A4B030000FE020031
:10CAE0003E4F03003C4E0300FD4A030000232DE9A6
:10CAF000F04F16460B220D469946A1B002AFC7E98A
:10CB00000F33BA62F860C7F843304A1E12F8013F8B
:10CB10002C2B02D109F10109F8E7002BF6D14FF0D7
:10CB2000FF32302409F1030886F8383086F83030B7
:10CB3000B260F9684978994215D8414607F1340046
:10CB400010F0E7F80446C0B10346AF4A0121AF48F0
:10CB500010F02EFA07F1340010F0EEF820467C3782
:10CB6000BD46BDE8F08F04FB03F0F16B01330144D7
:10CB70008A60F16B01448A82DBE7014607F13402E7
:10CB8000284610F0C3F8044648B3C31D02D003463C
:10CB90009F4ADBE7EA468AB002AA9E4BC2E9070534
:10CBA000C2E9053840F2024393849B4B42F8103FA0
:10CBB00000234FF432519548F6F77AFE0123D5460B
:10CBC0007B61002107F1280307F13C0207F13400E3
:10CBD00010F094F9044620B10346904AB6E7786114
:10CBE000EFE78F4AB96A07F13C00FFF775FB386140
:10CBF00030B901218B4A854810F0D8F90024A9E703
:10CC0000012107F11C0207F1340010F049F9044634
:10CC100000289FD1FC69012C9CD0022C04D1214614
:10CC2000814A7A4810F0C2F94FF0000A0125D04637
:10CC3000A9F10A037B607B68AB4203D9FB685B7890
:10CC400043450CD87B69002BD8D06FF00603012137
:10CC5000764A6E4810F0ACF96FF006047AE705F1F9
:10CC60000109494607F1200207F1340010F0A2F94A
:10CC7000044690B16D468AB002AA6D4BC2E90780A6
:10CC8000C2E90539052342F8103F00234FF4215132
:10CC90005E48F6F70DFEAD465CE73B6AB3F1805F98
:10CCA00007DB0221634A594810F082F94FF0FF3345
:10CCB0003B623B6A07F12C023B650723A91C7B62A0
:10CCC00007F1340007F1240310F018F9044610B1FD
:10CCD0000346594A3AE77B6A07F118026033134466
:10CCE00003F84C0C0A2107F14C0207F12F00FFF763
:10CCF00013FB044610B12346504A27E787F82F005C
:10CD00000A2107F1480207F12C00FFF705FB044652
:10CD10000028F0D107F12002E91C07F1340010F0DF
:10CD200049F9044638B1012100904346444A374846
:10CD30000EF04EFB0EE73B6A07F12002291D07F1BA
:10CD400034007B6510F0ACF8044610B103463D4A50
:10CD5000FCE63B6A07F16002691D07F13400A7F8A1
:10CD60005C3010F0B6F8044610B10346364AEDE6E2
:10CD700007F15802A91D07F1340010F091F804469C
:10CD800010B10346314AE1E607F17002E91D07F1EF
:10CD9000340010F04FF8044610B103462C4AD5E693
:10CDA00007F1720205F1080107F1340010F042F8B2
:10CDB000044610B10346274AC8E607F1740205F19C
:10CDC000090107F1340010F035F8044610B10346AC
:10CDD000214ABBE607F1680205F10A0107F13400B8
:10CDE00010F077F8044610B103461C4AAEE607F18E
:10CDF0001A0205F10B0107F1340010F01BF804468C
:10CE000080B30346164AA1E6704F030000FE0200FD
:10CE10003E4F0300A74F0300050000013C4E0300F6
:10CE2000FD4A0300E44F030003500300BB5303001B
:10CE30003A5003006C500300AF500300CF50030082
:10CE4000E85003001E510300485103007C510300C9
:10CE50009E510300C6510300E65103000652030031
:10CE60002B5203000C35294607F11A0207F1340052
:10CE7000B7F91A900FF0DEFF044610B10346514A8D
:10CE800064E6B9F1000F00F08580B44607F1480E62
:10CE9000BEE80F00ACE80F00BEE80F00ACE80F00E2
:10CEA0009EE80F0097F81A908CE80F00B9F1000F78
:10CEB0001DD0B9F10A0F15D90A240A230221424ACA
:10CEC000424810F075F83B697B611021204612F052
:10CED000FCF848B902213E4A3C4810F067F808F1D6
:10CEE0000108A8E64C46F0E7706386F830404FF042
:10CEF0000009BC60BB684B45F1D0726B691C02EB4A
:10CF0000091207F134000FF0CBFF4FEA091B04466A
:10CF100010B103462F4A19E6726BA91C5A44083215
:10CF200007F134000FF086FF044610B103462A4A89
:10CF30000CE607F12002E91C07F134000FF0B0FF06
:10CF4000044610B10346254A00E6736B3A6A5B4417
:10CF50005A81291D07F1200207F134000FF0A0FFCC
:10CF6000044610B103461E4AF0E5736B3A6A5B440F
:10CF70009A81726B05355A442946043207F1340010
:10CF80000FF08EFF044610B10346164ADEE509F1A4
:10CF90000109AFE73023F46B07F1480C03FB0A44A7
:10CFA000BCE80F000FC4BCE80F000FC49CE80F00E2
:10CFB00084E80F0096F838300AF1010A013386F848
:10CFC00038308CE74E5203007852030000FE020016
:10CFD000D0520300045303002853030052530300AC
:10CFE00074530300965303007FB5002306460D4695
:10CFF000CDE90233002947D0002845D0042102A8FA
:10D000000FF087FE044640B103460121204A214823
:10D010000FF0CEFF204604B070BD014602AA304694
:10D020000FF074FE044630B103461B4A0121194833
:10D030000FF0BEFF18E001210DF1060202A80FF06B
:10D0400016FF044610B10346144AEFE7BDF8063058
:10D0500002A82B700FF075FF022809D84FF0FF329D
:10D060004FF0FF33C5E9022302A80FF065FED1E7B8
:10D07000022105F1080202A80FF02BFF0446002848
:10D08000F2D00346064AD1E76FF01504C2E700BFAD
:10D090008A4B030000FE0200E7530300195403000B
:10D0A00042540300F8B50E460446F0B1E9B1082138
:10D0B0000F4AFFF711F938B90E4801210E4A0FF057
:10D0C00075FF6FF00400F8BD00250C4F08342146B1
:10D0D00057F8040BF2F7E3FB08B93570F3E70135B5
:10D0E0000A2DF4D16FF03C00EDE76FF01500EAE790
:10D0F0007754030000FE020080540300B40A0300CA
:10D1000070B50D4C0D4EC5B2B44212D90C499523E1
:10D110000C4A0D480DF0D8FB0C480DF0D5FB9521BD
:10D1200008480DF0C8FBD4E9003128469847083478
:10D13000EAE7F8D370BD00BF907E0300907E030045
:10D14000795503003F550300221503008F1E03008D
:10D1500010B515491548FEF7A5FD034630B1144A30
:10D160000121BDE8104013480EF028B9FEF7CEFDAE
:10D17000044610B1104A0346F2E7FEF7A5FE01216E
:10D180000E4804F0D9FF2046FEF7ACFE034608B176
:10D190000B4AE5E701460B4804F0CEFF034608B111
:10D1A000094ADDE710BD00BF97550300A0550300F5
:10D1B000A955030000FE0200CA550300EA5503000A
:10D1C000FD5503001E56030029560300034610B503
:10D1D00030B10A4A0121BDE8104009480EF0EEB80E
:10D1E000084B1978084B1878FEF710FF034608B172
:10D1F000064AEFE7BDE81040FFF7AABF4956030013
:10D2000000FE02008CC900208DC900207E5603005C
:10D2100008B50121034A04480FF0EFFE6FF0150036
:10D2200008BD00BFB4560300C0FD020010B504469F
:10D2300018B9BDE81040FFF7EBBF00F0A5F820B12A
:10D240002046BDE8104000F079B80221034A0448A6
:10D250000FF0D3FE6FF03C0010BD00BFD9560300A5
:10D26000C0FD0200FF281CBF034B1870034B1B6856
:10D270000BB1014818477047BA0B0120A0FF0020EE
:10D2800010B5037883B9037A03F0FB03012B0BD1AC
:10D290000FF0BAFE40B9BDE810404FF40042002341
:10D2A0000249034807F07CBC10BD00BF40C6002007
:10D2B00030E3002010B518B1064811F0A7FD40B9C1
:10D2C000BDE810404FF0E15200230249024807F048
:10D2D00067BC10BD40C6002030E3002008B512F046
:10D2E0000DFB054B1B580221044A05480EF066F859
:10D2F0006FF03C0008BD00BF0C00000006570300A3
:10D30000C0FD02001FB500230393084B4FF4A06239
:10D31000029302AB0649009306480E2307F0D2FBA6
:10D320000548FEF7B3FC05B05DF804FB2557030084
:10D33000D042012030E3002081D2010030B585B019
:10D34000044669460120F8F7ADFC18B1FFF7C6FFA7
:10D3500005B030BD4FF47A71009B019DA3FB0132F3
:10D3600001FB05220299044D91FBF5F15B1842EB9C
:10D37000E172C4E90032EBE740420F00014B186054
:10D38000704700BFA0FF0020034AD2E900321343D8
:10D3900014BF01200020704728E3002010B5104C76
:10D3A000D4E90032134302D16FF03C0010BD11F0FC
:10D3B00091FD4FF47A72A0FB020302FB0131C30B13
:10D3C00043EA4143D4E900209B1A064A4FEAD1318F
:10D3D00061EB0001934271F10001E5DA0020E5E71D
:10D3E00028E3002080EE36002DE9F0418EB0804623
:10D3F0000F4615460021102268461E4612F06AF9B3
:10D400002422002105A812F065F911F063FD4FF404
:10D410007A72A0FB024302FB0131DFF878C0194B9E
:10D42000E40B002044EA4144C90BCCE900411E60F2
:10D43000FFF740FF4FF47A72002340463946F2F777
:10D4400041F8114BCDE900015A436946012002928F
:10D45000F2F742FA034650B10C4801210C4A0DF094
:10D46000ADFF0320FFF7FEFE0EB0BDE8F081684679
:10D4700005A909F02FFF1DB1314605A800F0C6F936
:10D480002846EFE760C8002040420F00C0FD0200C0
:10D490003657030028E30020014B1B68FFF7A4BFA9
:10D4A00060C800202DE9F043A1B006460BA8FEF7A6
:10D4B00081FD054640B102210346334A33480DF051
:10D4C0007DFF6FF03C045BE09DF82C3003F0FB0324
:10D4D000012BF6D12E4FDFF8D090DFF8C480542214
:10D4E00000210BA857F8044B12F0F4F84FF48063B6
:10D4F00049460C93204601AB0BAA0EF0B3F9034644
:10D5000068B10221234A21480DF058FF2DB10221B4
:10D51000214A1E480DF049FFD3E70125DFE7019BB3
:10D5200002A8D3E90621F6F775FD034658B11B4A58
:10D53000022116480DF042FF01980EF095F902A85D
:10D540000EF03CF8E2E741F28831154A02A8F6F7FE
:10D5500093FD044610B1134A0346E9E701980EF023
:10D5600083F902A80EF02AF84FF47A71D8F8003047
:10D57000D8F80400A3FB013201FB0022C6E9003207
:10D58000204621B0BDE8F08354570300C0FD0200DF
:10D590001C0B030092570300D4570300A957030044
:10D5A00018E40020BE5703008E57030010B506484C
:10D5B00004F0C2FD034630B1BDE810400121034A2A
:10D5C00003480DF0FBBE10BD1458030020580300A3
:10D5D000C0FD0200012801D0152803D102490348EB
:10D5E00011F004BC704700BF64C8002030E3002085
:10D5F000F0B58DB0044600AFF0B10122584B1A705F
:10D60000FFF7CCFEC0B12C21204611F07FFD05466E
:10D61000A8B96E4688B06A46524BC2E905344FF449
:10D6200000739383504B42F8103F4FF4E25103468E
:10D630004E48F6F73DF9B5463437BD46F0BDF2F732
:10D6400040F9102813D86D4688B06A46484BC2E9A5
:10D6500005344FF400739383434B42F8103F00238B
:10D660004FF4E2514148F6F723F9AD46E4E76B7811
:10D67000222B04D06D4688B06A463E4BE7E707236D
:10D680000E213A1DA81C0DF04DFA062810D86D4643
:10D690008AB06A46384BD461C2E9053040F20133A2
:10D6A0001384364B42F8103F00234FF41151D9E751
:10D6B00039797A7901F00F0303EB8303090901EB50
:10D6C000430102F00F0303EB8303120902EB430251
:10D6D000BB79C9B203F00F0000EB80001B0903EB1C
:10D6E0004003DBB2BB61FB79D2B203F00F0000EB69
:10D6F00080001B0903EB4003DBB27B613B7A013AFC
:10D7000003F00F0000EB80001B0903EB4003DBB2CA
:10D710003B617B7A643103F00F0000EB80001B0952
:10D7200003EB4003B87ADBB2FB6000F0070303EBC6
:10D730008303040904EB4304030707F10C004FF4CF
:10D740007A7548BF6442FA613962F5F74DF9A0FB7A
:10D7500005062346002205FB0161FFF745FE6BE746
:10D76000BB0B01205C58030003000001C0FD020058
:10D7700089580300AC580300E3580300040000017B
:10D78000632370B590B006931B4B04461B780D467F
:10D79000C3B106AB07AECDE9036308AB029309AB97
:10D7A00001930AAB00930CAA0BAB1449144804F084
:10D7B000EDFD821F012A034608D90221114A1248B1
:10D7C0000DF0FCFD6FF03C0010B070BD0C9B3046BE
:10D7D00064330C930B9B4FF47A76013B0B93F5F774
:10D7E00003F9A0FB060206FB0122069BC4E9000226
:10D7F00000202B60E8E700BFBB0B01201559030098
:10D80000315903003A590300C0FD02007FB5114BA6
:10D810001B78E3B9D0E90425642495FBF4F6039161
:10D82000036804FB16510293436801320193836835
:10D830000093C368084804F07FFC034638B1012117
:10D84000064A074804B0BDE870400DF0B7BD04B00B
:10D8500070BD00BFBB0B0120CA590300F75903007C
:10D86000C0FD020006289ABF024B53F82000024870
:10D87000704700BF240B03001C5A0300F8B5294D64
:10D8800004462B7800AF83420AD0062B42D8DFE84B
:10D8900003F0040936383C3F0400012806D12C70FF
:10D8A000BD46F8BD0D23E340DB07F8D42878FFF729
:10D8B000D9FF01462046FFF7D5FF6E468AB06A467B
:10D8C000194BD061C2E90531184B1362184B42F86D
:10D8D000103F00234FF421511648F5F7E9FF832349
:10D8E000B546154A154916480CF0EEFF297815483B
:10D8F00022460CF0E9FF83210F480CF0DCFF1223D5
:10D90000D1E700F0FB03012BC8E700F0FD03FAE7C5
:10D910004223C8E7012103460B4A06480DF04EFD9D
:10D92000C4E700BFBC0B0120485A030000020103FA
:10D930000400000218FE02006C5A0300E62C0300EB
:10D9400022150300A55A03002F5A03001FB5394DB5
:10D95000394C0023CDE902334FF0FF334FF0FF3253
:10D96000364806F073FD0123ADF80C30A36A02932C
:10D970002B78032B01D0052BEBD120460EF017FCA2
:10D980000246012102A80DF084FF031E0BDA11F0FC
:10D99000B5FF2B4A125852420121009229482A4AC7
:10D9A0000DF016FDD5E70ED120460EF0DBFB034649
:10D9B0000028DDD010F10B0FDAD00121234A2148D5
:10D9C0000DF0FCFCC5E7BDF80E30D80713D4BDF947
:10D9D0000E30990621D52B78062B16D0012B14D0AA
:10D9E00001211B4A17480DF0E0FC1A4A0121154895
:10D9F0000DF0DBFC09E020460EF0F0FB034640B1E1
:10DA00000121154A0F480DF0D9FC20460EF096FB77
:10DA10009FE72B78012BDAD89BE7DA0606D50F4A69
:10DA2000012108480DF0C1FC0D4ADFE71B079FD517
:10DA30000C4AF5E7BC0B0120C4FF002080CB00207E
:10DA40000C00000018FE0200CB5A0300F45A030039
:10DA5000345B03004B5B0300195B03006E5B030048
:10DA6000845B0300A75B030030B5454D0C462B6873
:10DA700087B04BB92378092B09D8DFE803F00A1DDA
:10DA8000286E08080877087998470028F2D107B06F
:10DA900030BD637973B90520FFF7F0FE6B68002B8A
:10DAA000F5D021796079003918BF012107B0BDE8B0
:10DAB000304018470120EFE70120FFF7DFFEAB6899
:10DAC000002BE4D0E06907B0BDE830401847636838
:10DAD00062690293A3682B4903930023B2F5006F98
:10DAE0000593049113D90121274A28480DF05DFCC4
:10DAF0006FF079030121264A24480DF05FFCEB69A1
:10DB0000002BC4D0002007B0BDE8304018472148A2
:10DB10000EF088FB03460028ECD1237B012B0DD1AE
:10DB2000238B1C4801A9ADF804300EF0B7FA034668
:10DB300020B10221184A15480DF040FC6369EC68D9
:10DB40000593002CA3D0DDE90201A44606AB13E93E
:10DB50000C0007B0BDE8304060472B69002B96D021
:10DB6000E169A08807B0BDE8304018476B69F5E768
:10DB7000AB69002B8BD007B0BDE83040184700BF21
:10DB8000A4FF0020BD0B0120BD5B030018FE0200B6
:10DB9000F05B0300C4FF00200F5C0300B0B5044637
:10DBA00000AF58B91A491B4840F23E231A4A0CF0FC
:10DBB0008BFE40F23E2118480CF07DFE174B187882
:10DBC000012819D9FFF74EFE6C468AB06A46144BFD
:10DBD000C2E90530134BD361134B1362134B42F868
:10DBE000103F134800234FF42151F5F761FE6FF009
:10DBF0005E00A546BD46B0BD0E4D0FCC0FC594E8E6
:10DC00000F0085E80F000120FFF738FE0020F1E744
:10DC1000325C0300221503006C5A0300BC0B012088
:10DC2000455C0300755C0300000201030400000270
:10DC300018FE0200A4FF0020F0B5ADB0064602AF0A
:10DC400058B97449744840F25323744A0CF03CFEAE
:10DC500040F2532171480CF02EFE714B1D78012DBE
:10DC60001CD02846FFF7FEFD6C468AB002AA6D4B19
:10DC7000C2E905306C4BD3616C4B13626C4B42F8BC
:10DC8000103F00234FF421516A48F5F711FEA546D5
:10DC90006FF05E042046AC37BD46F0BD0369BB6043
:10DCA0004369FB6083693B61C36963487B610EF034
:10DCB00058F934685422002107F1500011F00AFD90
:10DCC00020460021FD653B1D07F150020DF0CAFD05
:10DCD000044650B1594A0346294656480DF06EFB9A
:10DCE00064420120FFF7CAFDD4E77D6855B3AB68F5
:10DCF000022B5AD107F1180C6446EA69131D14323D
:10DD0000E646186859680833AEE803009342F446C3
:10DD1000F6D1DFF84CC107F12802234603CB93422A
:10DD2000CCF80000CCF804101C460CF1080CF4D11F
:10DD300045F60733424928894B800880282304315F
:10DD4000F8F756FF78680DF08FFD3B4D3C4B3D4A90
:10DD50006B633D4BAB64B368EB62F3682B630423E6
:10DD600085F85E30394BEB644FF48073C5E91523B9
:10DD70002B65002385F8243073690BB107F1080384
:10DD8000AB63F3690BB107F110030220EB63FFF7FC
:10DD900075FD29480EF0FCF80446B0B10121034698
:10DDA0002B4A24480DF00AFB9BE7012B0BD1EB69B2
:10DDB00023495B684B6045F6073328894B80088010
:10DDC0002823FA18BBE72D6890E70420FFF756FDDB
:10DDD0000320FFF753FD3C220023C7E91644C7E99F
:10DDE0001423A86A102315220093012107F1500380
:10DDF000F8F7ECFA013008D111F080FD154B1B58F3
:10DE00000221154A0B480DF0D9FA144806F0DCFA45
:10DE100040E700BF875C0300221503006C5A030033
:10DE2000BC0B0120455C0300A25C0300000201035F
:10DE30000400000218FE0200C4FF0020BA5C0300C8
:10DE400060050120BD13012069DA0100BD14012025
:10DE5000D95C03000C000000F15C030080CB0020C3
:10DE60006405012098B5124B0146187800AF0528CB
:10DE700019D0FFF7F7FC6C468AB06A460D4BC2E931
:10DE800005300D4BD3610D4B13620D4B42F8103F23
:10DE90000C4800234FF42151F5F70AFD6FF05E00A6
:10DEA000A546BD4698BD08480EF0B4F8F9E700BF96
:10DEB000BC0B0120455C0300125D0300000201035E
:10DEC0000400000218FE0200C4FF002010B507493C
:10DED00007480FF0D5F8044628B101210346054A4A
:10DEE00005480DF06BFA204610BD00BF49E1010066
:10DEF0002C000120F35D030038FE02002DE9F04103
:10DF0000DFF840820D46D8F8704000AF072C00F0D3
:10DF100008065BD0132C00F0A080052C40F0B980DF
:10DF2000D8F854806C496D480FF0A6F818F4805F5B
:10DF300041D06B4969480FF09FF8172418F4006F1F
:10DF400004D0684965480FF097F8182418F4007F4A
:10DF50000ED0654961480FF08FF8644B18F4004FFC
:10DF60009B6B04D00121624A5C480DF027FA19240A
:10DF700018F4806F04D05F4958480FF07DF81A24D8
:10DF800018F4807F19D05C4954480FF075F81B24B1
:10DF9000EB69002E40F09B80C3F3080222B96FEAC0
:10DFA00053236FEA4323EB6129462046F6F74CFDE5
:10DFB000BD46BDE8F0811624C0E718F4005FE7D045
:10DFC0004E4946480FF058F81C24E1E7D8F85C4069
:10DFD00042484B490FF050F8600606D5D8F8683033
:10DFE0000121484A3D480DF0E9F9E10705D54649C8
:10DFF0003A480FF041F82624CAE7A20705D543495D
:10E0000036480FF039F82724C2E7630705D54049A1
:10E0100032480FF031F82824BAE7200705D53D49EA
:10E020002E480FF029F82924B2E7E10605D53A4930
:10E030002A480FF021F82A24AAE7A20605D5374975
:10E0400026480FF019F82B24A2E723063DD53449C2
:10E0500022480FF011F82C249AE7D8F86C80314947
:10E060001E480FF009F818F0020F03D02E491B4884
:10E070000FF002F818F0010F03D02C4917480EF0EA
:10E08000FBFF18F0040F83D0294914480EF0F4FF69
:10E090007EE7284A284BE8468AB00F2CC8BF1346B3
:10E0A0006A462649103CC2E905134FF400731384F5
:10E0B000234BD46142F8103F00234FF4115107481D
:10E0C000F5F7F6FB0024C54662E7252460E723F454
:10E0D000FF7323F0010366E76926030038FE0200A0
:10E0E0007F260300032403009026030000ED00E0D8
:10E0F000A9260300BE260300D926030063240300DB
:10E100002D5E0300465E0300565E03006C5E030056
:10E110008A5E0300A55E0300C25E0300D75E0300B3
:10E12000F15E0300045F03001E5F03004E5F030007
:10E130007C5F030006270300F12603008C28030000
:10E14000040000012C00012000B5184B9BB01A7888
:10E1500072B917494FF49273164A17480CF0B4FB82
:10E1600016480CF0B1FB4FF4927112480CF0A3FB6F
:10E170005A6AD86C00929A6A20F005000192DA6A15
:10E18000694602921A6B03925A6B04929A6B05923B
:10E19000DA6B06921A6C1B6D07929B0748BF40F022
:10E1A0000400FFF7ABFE1BB05DF804FB2C00012060
:10E1B000E35F0300B05F030022150300F35F030079
:10E1C000CB8B06EE900A07EE903A9FED187AF8EEA8
:10E1D000677AF8EEE66A27EE877A9FED156A16EE03
:10E1E000867A9FED146A67EE867A9FED136AB1F91D
:10E1F000203056EE867A06EE903A91F92230B3EE50
:10E20000006A00EE103AB8EEC00A27EE077A20EE58
:10E21000060AF8EEE66A20EE070A07EEA60ADFED28
:10E22000077A81ED0E0A80EE270A70470000003958
:10E23000000000370000803A000080380000A04550
:10E24000D1ED0E6AF6EE007A9FED537A91F92830FF
:10E2500016EEA77A06EE903AB1F92630F8EEE66AA5
:10E2600007EE903A66EE876AF8EEE77A66EE876A1E
:10E270009FED4A6A67EE877A46EE867ADFED486A56
:10E280008B8C67EEA67A06EE103A9FED465AF7EEB3
:10E29000006AB8EE466A47EE856A26EE266AFDEE0B
:10E2A000C67A17EE903A04EE900A002B70D091F9DE
:10E2B0002E30DFED3D5A06EE903AB1F92C30F8EEF3
:10E2C000E66A07EE903AF8EEE77A67EE877A66EE4E
:10E2D000A56A27EE074A77EEA77A9FED347A46EED5
:10E2E000847AF8EEE46AB1F92A3037EE667A06EEFF
:10E2F000903ADFED2F4AF8EEE66A66EEA46AF5EE94
:10E30000004A47EEA46ADFED2B4AF0EE477A9FED14
:10E310002A7A46EEE47A67EE877AB1F9323087EEF0
:10E32000860A07EE103AB1F93030B8EEC77A07EE38
:10E33000903AF8EEE77A27EE007A67EE857A27EED4
:10E34000007A67EE807A9FED1D6ADFED1D6A91F815
:10E35000343060EE266A47EE067A07EE103A26EE73
:10E36000A66AB8EEC77A66EE266A27EE257A91F994
:10E370002F3047EE267A07EE103ADFED126AB8EE3C
:10E38000C77A47EE267A9FED107A07EE870A704724
:10E390009FED0E0A704700BF00007A4700008038EA
:10E3A00000000036000000380000003700008049FF
:10E3B00000008047000080390050C3450000003055
:10E3C0000000803B000000430000803D0000000092
:10E3D00091ED0E6ADFED306A91F9153086EE267AFE
:10E3E00006EE903ADFED2D5AF8EEE66AB7EE000A37
:10E3F00066EEA56A91F9163006EE870A06EE903AA7
:10E40000FAEEC66A66EE876A4B8A06EE870A06EE61
:10E41000903A07EE900AFBEEC76A91F9143020EEAD
:10E42000260A06EE103A0B8AF8EE676A07EE903A73
:10E43000B3EE005AF8EE677ABAEEEF6A67EE857AC5
:10E4400046EE077A76EEE77A91F9183020EE270A41
:10E4500006EE903ACB7DFAEEE56A07EE903AF8EEDA
:10E46000677A67EEA57A46EE877A67EE807A07EEDE
:10E47000800ADFED0B7AB4EEE70AF1EE10FA07DC62
:10E48000B5EEC00AF1EE10FA01D59FED060A70470D
:10E49000B0EE670A704700BF0000A045000080385A
:10E4A0000000C84200000000B1F91A30B0F5C87F82
:10E4B00007EE903A28BF4FF4C870FAEEE87ADFED25
:10E4C0002B6A9FED2B7A07EEA67AF7EE006A07EE2D
:10E4D000900AF0EE665AF8EE677A91F9193047EE35
:10E4E000275A07EE103ADFED237ABAEECE7A91F989
:10E4F0001C3037EE277A07EE903A91F90E30FAEE9B
:10E50000CB7A06EE103AB8EEC66A67EE867A91F8D4
:10E510003C3045EE877A07EE103AB1EE006AB8EE6D
:10E52000477A37EE067A91F93D30C6EE075A07EE84
:10E53000103A67EEA57AB8EEC77A9FED0F6AF0EE53
:10E54000665A47EE065AB3EE097A86EEA56A17EECA
:10E55000867ADFED0A7A67EE277AFCEEE77A82B0F8
:10E56000CDED017A9DF8040002B070476F12033AB6
:10E5700075021A3B000044426F12033B9A995940BE
:10E5800006EE900AF0B52B4CA1B06D46264607EE7C
:10E59000902A9FED297AF8EE666A0F460FCE0FC5D6
:10E5A0000FCE76EEC76AF8EEE77AB1EE046A9FED19
:10E5B000237A0FC50FCE0FC596E80F00403485E8CB
:10E5C0000F000FCC10AD0FC50FCC0FC50FCC0FC572
:10E5D00094E80F0085E80F0020AB03EB870353EDB1
:10E5E000205A07EE867A9FED166AB7EE000AC5EE4E
:10E5F000867A77EE807A27EE277AC6EE877A53ED11
:10E60000106A37EE807AC6EE867A012377EE807A3A
:10E61000DFED0C6ABB4067EEA67A06EE903AF8EEA4
:10E62000E66A67EEA67A67EE277A80EE270A21B0BF
:10E63000F0BD00BFD0FE0200000000440080A744EF
:10E640000000C842BD370634F0B54C4B064618688A
:10E650001B7987B08DF80C30002302900DF1070074
:10E660000D4604938DF814300EF044FF044628B193
:10E670000EB94FF0FF34204607B0F0BD29460EF02A
:10E68000FCFE07460446002EF3D00028F3D12B46AB
:10E690000522712004A90EF0D6FD85F84D700446C0
:10E6A0000028E8D12A460721F01C0EF01EFD044682
:10E6B0000028E0D10521701C0EF017FD044600284B
:10E6C000D9D1B01C0EF011FD04460028D3D130463C
:10E6D0000EF00BFD04460028CDD10821301D0EF0B0
:10E6E00004FD04460028C6D1F3789DF814209B0051
:10E6F00003F01C0322F01C021A439DF813307178BA
:10E7000003F01F0343EA4113B17823F01C0389008F
:10E7100001F01C010B438DF8133031789DF8113056
:10E7200001F0070123F007030B4331798DF8113015
:10E7300008290ABF00210020012002F01F0343EA3C
:10E7400041138DF814309DF81030052203F07F033B
:10E7500043EAC0138DF8103004A92B4602A80EF02E
:10E7600028FD04469DF80700002884D0002C82D1A3
:10E7700029460EF082FE04467DE700BF1F600300BD
:10E7800037B51F4B0546D3F88000B3F884300C46EC
:10E790000090ADF8043011B9002003B030BD052160
:10E7A000601C0EF0A2FC0028F6D1A01C0EF09DFC0F
:10E7B0000028F1D120460EF098FC0028ECD16378B7
:10E7C000022D03F108036B4413F8082CA37803F11E
:10E7D00008036B4413F8083C1344227802F1080242
:10E7E0006A4412F8080C184440F2AB7303FB00F0C3
:10E7F0000BBF00F5865000F5A55040180D30CCE752
:10E80000D0FE02002DE9F04FB5B01E4622AB0092BB
:10E8100007460C4618464822002110F05BFF28AB43
:10E820000A900B9330462EAB0C930EF050FC05462D
:10E8300028B14FF0FF35284635B0BDE8F08F002CE9
:10E84000F7D0012F40F0D580014615900D2216A873
:10E8500010F040FF4FF00508334611221D2015A986
:10E860000EF0F1FC9DF855209DF854C0A2709DF863
:10E8700056200CF0800301929DF857200CF00F0CED
:10E8800002929DF85820237003929DF8592084F835
:10E8900001C004929DF85A209DF862B005929DF83F
:10E8A0005C209DF8649006929DF85D209DF85BA029
:10E8B00007929DF8612008929DF863200992B26842
:10E8C000012A0CBF09F030020BF030021343237011
:10E8D0001B067FD5002840F0978133460122E11CBA
:10E8E0000CF15A000EF0AFFC002840F08D816078EA
:10E8F000334650300122211DC0B20EF0A4FC002886
:10E9000040F082816078334664300122611DC0B2DC
:10E910000EF099FC002840F07781059B4FEA1A1011
:10E9200040EA0310049B314640EA0330FFF748FCFD
:10E93000039B84ED020A1809029B40EA0310019B25
:10E9400040EA0330FFF77CFCDDE9062384ED030A8F
:10E9500043EA0220FFF73CFD84ED040AB368012B73
:10E960002AD1099A4FEA991343EA82034FF480228D
:10E9700009F00F0922FA09F207EE102ADFEDA47A56
:10E98000B8EEC77A03EB430303F5206327EE277A3B
:10E9900007EE903AF8EEE77AC7EE276AC4ED056A0B
:10E9A00094F90030002B01DB00270225009B002B8F
:10E9B0003FF43FAF1F703EE7089B4FEA9B1096F96C
:10E9C0003E200BF00F0140EA8300FFF7D9FD84EDF4
:10E9D000050AE5E7002840F0178142F21070B36C99
:10E9E000716808F1FF38984718F0FF087FF434AFDA
:10E9F000D6E7023F012F00F2048101462F22159035
:10EA000016A810F067FE1A2229460EA80D9510F0E0
:10EA100061FE334633221D2015A90EF014FC002898
:10EA2000C2D133461E2250200DA90EF00CFC002846
:10EA3000BAD10DF12809CA468046DFED753A15AD09
:10EA40005AF8047B6B78AA78BB70EB78A8791B0125
:10EA500043EA02332A79000143EA121301936B79E6
:10EA60002A7A40EA0330EB79297840EA13106B7A6E
:10EA700095F80EB043EA022302936B7B2A7C039342
:10EA8000EB7B01F0800C0493B36801F00F01012BC4
:10EA90000CBF02F0300E0BF0300E059301F1D003E5
:10EAA0004CEA0E0C79700DEB030187F800C011F8E9
:10EAB0009CCC87F804C011F892CC11F8881C87F818
:10EAC00003C079713146FFF77BFB019887ED020A9D
:10EAD000FFF7B6FB029887ED030AFFF779FC059B69
:10EAE00087ED040A012B5AD10499930943EA810363
:10EAF0004FF4802102F00F0221FA02F207EE902A71
:10EB000003EB430303F52063F8EEE77A07EE103AD0
:10EB100067EEA37AB8EEC77A87EE870A08F1010894
:10EB2000B8F1030F87ED050A05F1110588D100271B
:10EB30004A463B4652F8041B013391F90010DBB200
:10EB40000029BCBF0137FFB2032BF3D14A46002393
:10EB5000164603F1010C04321146E646306851F8BE
:10EB6000045B90F900B090F802A0BBF1000FAB7805
:10EB700095F9008022DAB8F1000F22DAA3EB0A033C
:10EB80009BB203F102081FFA88F8B8F1010F02D90D
:10EB90001BB2022B15DD356041F8040C11E0039B1C
:10EBA0004FEA9B1096F93E200BF00F0140EA8300DC
:10EBB000FFF7E6FCB2E74FF0020ECFE7B8F1000F27
:10EBC000E9DBBEF1010FF6D0BCF1020F4FF00103FB
:10EBD000BED14FF0000C4FF0180E0EFB0C4559F84B
:10EBE000046B0CF1010C0FCE0FC596E80300BCF1CD
:10EBF000030F85E80300F0D1B7FA87F56D096D00C2
:10EC0000D4E607460125D1E605460027CEE600BF3B
:10EC10000024744947F270132DE9F04F91B0074674
:10EC200090460E46ADF80C3029B94FF0FF3420461F
:10EC300011B0BDE8F08F114600200EF01EFC044616
:10EC40000028F4D16E23874A8DF80B30D2F8860065
:10EC5000D2F88A1004AB03C3B2F88E20022F1A80B8
:10EC600007AB03C31A800AAB03C31A800DAB03C3FF
:10EC70000DF110091A800DF11C0A00F09980032F84
:10EC800061D0012F01D00124D1E75A234146708879
:10EC90008DF81030FFF708FC64238DF82830B38816
:10ECA0008DF81C00B3F57C6F4BD23F2B04F10102B1
:10ECB00044D803EB8413DBB200258DF8343043468F
:10ECC0003A46514648460EF074FA04460028AED142
:10ECD00043463A460DA90AA80EF06BFA04460028EE
:10ECE000A5D14346022270200DA90EF0ACFA0446CD
:10ECF00000289CD13378012B40F0B180D8F808204F
:10ED0000012A08BF02239DF834200DA922F0080231
:10ED100042EAC4049DF8352003A822F00F021543EF
:10ED200025F0300545EA0315022243468DF83440AC
:10ED30008DF835500EF03DFA044678E714469B08EE
:10ED4000B3E7FF23B8E7F268002A3FF46EAFB56877
:10ED5000002D3FF46AAF377C5FFA84FB5F4501D832
:10ED60003D46ACE70BF15A03414635F8140009F86B
:10ED70000430FFF799FB0BF1640B0AAB03F804B006
:10ED800032F814300AF80400B3F57C6F0ED200217B
:10ED90003F2B01F1010006D803EB8113DBB20DA973
:10EDA0000B550134D8E701469B08F1E7FF23F6E74E
:10EDB000F368002B3FF439AFB2680092002A3FF4A9
:10EDC00034AF758A0022002D08BF0324377C5FFA18
:10EDD00082FB5F4518D840F282739D4230D84FF4D1
:10EDE0007A735D4340F2DD13B5FBF3F50023ADB25A
:10EDF0003F2D03F1010220D805EB8315EDB28DF80C
:10EE00000A50FCB1032412E70193009B0BF15A0155
:10EE100033F8120009F802104146FFF745FB0BF1E9
:10EE2000640B0AAB03F802B0019B0AF8020033F846
:10EE300012100DA881540132C9E71346AD08D7E777
:10EE4000FF25DCE7434601220DF10A010DF10B001D
:10EE50000EF0AFF9044600287FF4E9AE80E70346E0
:10EE6000012450E7D0FE020010B588B00DF1070470
:10EE700002940124CDE90512039407220024084BD3
:10EE80008DF807008DF8104018688DF81C209B88BD
:10EE9000826802A994680222A04740B208B010BD5F
:10EEA000A0000120FDEEC07AB8EEE77A30EE470A06
:10EEB0009FED0C7A20EE070A9FED0B7AB4EEC70A9D
:10EEC000F1EE10FA0CD49FED097AB4EEC70AF1EE18
:10EED00010FADEBFBDEEC00AC0ED007A80ED010A77
:10EEE000704700BF00247449000000CF0000004FAD
:10EEF0002DE9F043454F436889B00569064693E81C
:10EF0000030087E80300F5F78FFA044648B103468B
:10EF10003F4A01213F480EF003FB204609B0BDE8FF
:10EF2000F0832A463C493D48F5F79AF9044610B16A
:10EF300003463B4AEDE738680FF0A9FE38B90121D6
:10EF4000384A34480CF031FA6FF01204E5E7364ADB
:10EF500005F58053C3F85822344A0127C3F85C22D0
:10EF6000334A05F59050C3F860221922C3F81C42B9
:10EF700083F8247283F8262218300EF0BCF9044678
:10EF800010B103462B4AC4E7EFF76CFB044610B1FF
:10EF90000346294ABDE74FF48053D5F8D01105F256
:10EFA000152205F1F000EFF79FFB034638B110F191
:10EFB000250F04D03946214A16480EF0B1FA08212F
:10EFC00005F5057305F5EA721D48EFF759FB4FF09B
:10EFD00000084FF0000900230E22CDE90133CDE9EE
:10EFE0000323CDE906894FF48052164B164900964B
:10EFF00005F1280005F0ACFE4FF0E1620023CDE9F9
:10F000000089124807F0C8FC87E700BFA000012074
:10F01000AA610300A8FD020029D502007E61030059
:10F02000CA610300EB61030069EE010065F10100B4
:10F0300025D50200006203001A6203003262030059
:10F040005C0B030041FD0000D051012078CA002074
:10F0500070B50D46144606694FF0FF324FF0FF338E
:10F06000234805F0F3F9102D0AD196ED010A204648
:10F07000FFF718FF00241E4805F0A6F9204670BDD2
:10F08000422D08D83C2D0ED81B2D24D014D80D2D80
:10F0900017D00E2D18D00121164A17480CF085F90B
:10F0A0006FF08504E7E73E3D0023042D0FD8DFE82D
:10F0B00005F01517191B1D001D2DECD196ED050A45
:10F0C000D5E796ED000AD2E796ED020ACFE7B289BE
:10F0D000C4E90023CEE796ED040AC8E7327EF7E7DD
:10F0E000727EF5E7B27EF3E7F27EF1E7327FEFE77B
:10F0F000F8CB00204F620300A8FD020008B50221F2
:10F10000034A04480CF051F96FF03C0008BD00BF01
:10F110006A620300A8FD020010B50B880469012B88
:10F1200007D90D4801210D4A0CF03FF96FF0850019
:10F130000EE04B883B2B08D01D2B0AD80C2BF0D9A6
:10F14000074820FA03F3DB07EBD50020C4E90821C8
:10F1500010BD3D2BF9D0E4E7A8FD02004F6203008B
:10F1600000600128134690B5083385B023F00703EB
:10F1700000AFADEB030D6B4603F8010B1846541CB2
:10F1800010F09BFA0222084BC7F804D01868BC6044
:10F190009B883A738268391D94680122A04714370E
:10F1A00040B2BD4690BD00BFA00001202DE9F04156
:10F1B0001F46164B044693F800800D461646A2B033
:10F1C000B8F1000F15D16846F5F78AFF3A46314687
:10F1D0002846289BA047044668460CF0BBFAB8F1C5
:10F1E000000F02D00A4804F059FF204622B0BDE8C3
:10F1F000F0814FF0FF324FF0FF33054804F07EFE00
:10F200000028E0D06FF08304EFE700BFC9150120AC
:10F210006CCB0020002300B589B0CDE9063303ABE9
:10F220000493042303900593A9B10B6806934B68DC
:10F2300007930223111E18BF01210848CDE90021C0
:10F2400040F2F53104AA00F02BF80028B8BF0120E5
:10F2500009B05DF804FB0123ECE700BF05010040A5
:10F2600070B5382694B006AB05460C4632460021F0
:10F27000184610F02FFACDE90454CDE9020654B136
:10F28000012304AA009200210448019302AA00F07D
:10F2900007F814B070BD2046FBE700BF0001004036
:10F2A00010B4B1F5004F029C0FD2042B0DD8042CE2
:10F2B0000BD8240444EA0364134644EA01020146DD
:10F2C0005DF8044B0348FFF771BF6FF080005DF8F5
:10F2D000044B7047217C00002DE9F74F4D4B04464D
:10F2E0001A889B780F46ADF804208DF8063019B9BE
:10F2F000002003B0BDE8F08F38B34FF0000B01469B
:10F300004548884611F8013B6BBBA8EB0408D8447C
:10F31000384608F103010EF046F905460028E7D00B
:10F32000222308F1010A08F10209461C0370BBF10F
:10F33000000F2ED142462146304610F0BEF922235E
:10F3400005F80A3005F809B00BE0032138460EF045
:10F350002AF90028CCD0D7E9012301A9D21A0FF04D
:10F3600011FF0120C5E7222B0BD8072B0ED9A3F1E3
:10F370000802D2B220FA02F2D20705D50BF1010B36
:10F38000BFE75C2BBDD1F9E71F2BBAD80BF1050BFA
:10F39000B7E74FF05C0804F1FF3B1BF8013F2BB9C6
:10F3A000222205F80A2005F80930DAE71F2B06D9D2
:10F3B000222B04D05C2B02D033700136EDE73046AF
:10F3C00000F8018B9BF800300D2B0ED8072B10D9BD
:10F3D000A3F10802052A0CD8DFE802F0031A160B85
:10F3E0001418622373700646E7E7222BFAD05C2BD1
:10F3F000F8D039687C68411A084A611A08F00EF89A
:10F400000536DAE76623EDE76E23EBE77223E9E7DB
:10F410007423E7E7B062030037000004AA62030028
:10F4200070B5054640B1F0F74CFA074B461C304624
:10F430001B689847044610B90024204670BD324628
:10F44000294610F03AF9F8E77CC80020F8B50D46D7
:10F450001446074600B3F9B1F2B190421CD093B103
:10F46000D66846F40076E3689B0504D4206A10B1A0
:10F470000A4B5B6898472562E66021463846BDE83E
:10F48000F8400EF0CEB80846FFF7CAFF054618B19F
:10F49000E66826F40076E6E70020F8BD7CC8002088
:10F4A0002DE9F04F0C4606468FB0C8B1C1B1057BBF
:10F4B000102D00F0D9800ADC6B1E072B10D8072B0B
:10F4C0000ED8DFE803F023390D0F0D0D0D3B402D55
:10F4D00000F01B81802D00F0B480202D00F0CA8048
:10F4E000002525E0A14B18681B79079005212046CF
:10F4F0008DF820300EF057F80546C8B1D4E9012345
:10F5000007A9D21A0FF03EFE012511E0984B062103
:10F5100018689B8807902046ADF820300EF043F81D
:10F520000028DDD0D4E9012307A9D21A0FF02AFE62
:10F5300028460FB0BDE8F08F8E4BD4E70021D0E90C
:10F540000689162208A8079110F0C4F800220023AB
:10F550004046CDE90423494642464B46EFF7F6FDC7
:10F5600090B929F0004B4FF0FF3240465946824B8C
:10F57000C246EFF7EBFDE8B94FF0FF32404659467F
:10F580007D4BEFF7C5FDA8B9784907A8F0F791F9C9
:10F5900004252046691C0EF006F80028A0D003467A
:10F5A00007AA29188B4247D100234355A3682B444F
:10F5B000A360A9E71A21714ACDE9008907A807F0DD
:10F5C0002DFF6F49054604AA07A807F07BFF012815
:10F5D00026D19DED047B8DED027BDDE9026323F0F6
:10F5E000004732463B4650465946EFF787FD08B183
:10F5F000B246BB46DDE9020142464B46EFF754F9FD
:10F60000002206465F4B21F0004750465946EFF76F
:10F6100003FB02460B4630463946EFF779FD38B911
:10F620001A21CDE90089584A07A807F0F7FE0546D8
:10F63000192D3FF755AFACE712F8016B03F8016BDA
:10F64000B0E7006900283FF44BAFF0F73AF9451CEA
:10F65000294620460DF0A7FF00283FF441AF2A4677
:10F66000316910F02AF84FE700690FB0BDE8F04F9C
:10F67000FFF732BE8668012120460DF094FF002876
:10F680003FF42EAF5B232C274FF000080370A368D4
:10F690000133A360E3680133E3606EB902212046C1
:10F6A0000DF081FF00283FF41BAF5D23467003700F
:10F6B000E368013BE36027E721463046FFF7F0FEB1
:10F6C00000283FF40DAF20460DF061FF3368BBB159
:10F6D00063692046002B0CBF4FF001094FF002096F
:10F6E00009F101010DF05FFF00283FF4F9AE07704A
:10F6F00063693BB9431C83F80080A3684B44A36053
:10F700003668CAE7831C4570F5E74B698568002BAE
:10F710000CBF012702272046791C0DF044FF00286A
:10F720003FF4DEAE7B230370E3680133E36063697B
:10F730000BB10A234370A36809263B443A27A36010
:10F7400063691DBB002B00F08180E1680131204618
:10F750000DF029FF00283FF4C3AE6369002B7FD171
:10F7600003467D221A7000225A70A1E7B36203009B
:10F77000CA620300D0620300FFFFEF7FB86203009C
:10F78000BF6203000000B03CC362030073B12046B7
:10F79000E1680DF008FF00283FF4A2AE0346E268DE
:10F7A000191A8A424FD8A3681344A3602146286AD5
:10F7B000FFF792FD00283FF493AE20460DF0E7FEE0
:10F7C00063692046002B0CBF4FF001084FF0020880
:10F7D00041460DF0E8FE00283FF482AE07706369F1
:10F7E00003B14670A368214643442846A360FFF74F
:10F7F00057FE00283FF474AE20460DF0C8FE636942
:10F800002A68B3F1000818BF4FF00108002A18BF9A
:10F8100008F10108204608F101010DF0C4FE00289E
:10F820003FF45EAE2B6813B12C2300F8013B6369F3
:10F8300013B10A2300F8013B00230370A36843447B
:10F84000A3602D687CE703F8016BA8E702217EE73F
:10F8500003F8015BE268191A013A8A42F8D880E796
:10F8600003460925F6E700BF70B5234D8AB00E4662
:10F8700024220021044601A80FF02CFF2B684FF42E
:10F88000807098474FF48072034606960AAE019046
:10F89000029295E8070006E907007BB1204601A91E
:10F8A000FFF7FEFD50B101A80DF071FEAE6803999F
:10F8B00056B101980131B0470446C8B9019808B162
:10F8C0006B689847002413E02B68481C984704464F
:10F8D0000028F3D0039A029B01329A4228BF1A46AD
:10F8E00001990FF0EAFE039BE6546B680198984774
:10F8F00020460AB070BD00BF7CC8002070B5044629
:10F900000F4D04B970BDE3682668D90504D4A0681A
:10F9100070B920696B6888B9E3689B0503D4206AD5
:10F9200008B16B68984720466B6898473446E8E70B
:10F93000FFF7E4FFE368DA05EBD5EDE79847EBE77F
:10F940007CC8002038B50A4B054618680DF07EFECD
:10F95000044648B11023C3602846FFF761FD2061CB
:10F9600018B92046FFF7CAFF0024204638BD00BF63
:10F970007CC8002008B5044B18680DF067FE08B17C
:10F980002023C36008BD00BF7CC8002008B5044B1D
:10F9900018680DF05BFE08B14023C36008BD00BFCE
:10F9A0007CC80020054AD2F8883043F47003C2F8BE
:10F9B0008830BFF34F8FBFF36F8F704700ED00E0CB
:10F9C00030B50468ACB1B4FA84F30122C3F11F036B
:10F9D000DBB29A4024EA0202D0E8EF5FA54204D1EC
:10F9E000C0E8EC2FBCF1000FF6D1EAD102480B7051
:10F9F00030BD0248FCE700BF0000AD0B0200AD0BBC
:10FA000010B50368CB40DB0710D401238B4002689C
:10FA100043EA0201D0E8EF4F944204D1C0E8EC1F62
:10FA2000BCF1000FF6D1F2D1014810BD0148FCE74E
:10FA30000000AD0B0400AD0B014BC3F8040570478B
:10FA40000070014008B549B9074908484423084AED
:10FA50000AF03AFF442106480AF02DFF40F000402A
:10FA6000C1F8800008BD00BF7263030022150300C7
:10FA70003563030008B549B9074908484A23084ACD
:10FA80000AF022FF4A2106480AF015FF40F0004024
:10FA9000C1F8800008BD00BF766303002215030093
:10FAA00035630300F7B5334B044658B1012827D01E
:10FAB00031493248DC23324A0AF006FFDC21304863
:10FAC0000AF0F9FE0222C3F8082301220646DA6092
:10FAD000C3F80401D3F80431012342F21075254F15
:10FAE0008DF8073074B3012C1BD0234923484FF401
:10FAF0007473244A0AF0E8FE4FF474712148DFE77A
:10FB00000022C3F808035860C3F80021D3F800317D
:10FB10000DF10706E0E70BB301200DF0ACFD013D50
:10FB20001CD0D7F80C3403F48033002EF3D0D7F870
:10FB30000C2402F001020FE083B101200DF09BFDC7
:10FB4000013D0BD0D7F8183403F48033002EF3D0E6
:10FB5000D7F8182402F0030232700BB903B0F0BDDD
:10FB60009DF807000128F9D10DF085FD013DB9D1BF
:10FB7000F4E700BF00500040E62C0300221503000C
:10FB80007A630300B7630300044B1A7922B9012298
:10FB900018601A710248704702487047A800012097
:10FBA0000000AD0B0C00AD0B08B50E4B1A795AB91D
:10FBB0000D490E484FF498730D4A0AF085FE4FF434
:10FBC00098710B480AF077FE1B6833B10520F5F7F2
:10FBD000DFFB10B90520F5F7B9FB0122054BC3F88F
:10FBE000182508BDA8000120EB63030022150300BF
:10FBF0007A6303000050004038B5364C23795BB976
:10FC000035494FF4BD73354A35480AF05DFE4FF46F
:10FC1000BD7132480AF04FFE58B101284FD031492A
:10FC20004FF4DF732D4A2E480AF04EFE4FF4DF7179
:10FC3000EFE72D4BD3F81814D3F81824C90323D5B4
:10FC400002F00303022B05D0012B02D00020FFF7A6
:10FC500029FF0123244A0220C2F8183508224FF454
:10FC60008273002103F1804303F5A04319601D68EE
:10FC7000012502F1804202F5A0421560226812B30C
:10FC8000194BC3F804030FE0D3F81424D207E0D5CE
:10FC9000D3F81C2402F00302013A012AD6D82268C4
:10FCA0001AB10222C3F8042338BDD3F80421002A74
:10FCB000FBD00022C3F80421D3F80431F4E700227A
:10FCC0004FF48073CDE71A68002AFCD019601B68D6
:10FCD000EAE700BFA8000120EB6303007A6303009A
:10FCE00022150300E62C03000050004008B5094B24
:10FCF0001B795BB9084909484FF4EC73084A0AF0CC
:10FD0000E3FD4FF4EC7106480AF0D5FDBDE808406C
:10FD1000FFF7C8BEA8000120EB6303002215030013
:10FD20007A63030010B5164BD3F8002152B10020BE
:10FD3000C3F80001D3F800210122C3F80823114BB6
:10FD40001B6898470E4BD3F8042182B10022C3F8F8
:10FD50000421D3F80421D3F81824D3F8182402215D
:10FD600002F00302012A03D1C3F818159A6010BDEE
:10FD7000C3F80813034B0120BDE810401B68184767
:10FD800000500040A800012001460148FFF718BEBE
:10FD900088C8002070B5322402791E4B624352FAA3
:10FDA00081F2083233F81240E10526D5C4F343212D
:10FDB00024F4F85423F8124064240026027904FB4A
:10FDC00002340E3434F8025F15F4807F03D0C5F39B
:10FDD0004325A94211D00136202EF3D164240025F9
:10FDE000624302EBC1029D50027904FB023058309D
:10FDF000FFF706FE084B984200D170BD074908483E
:10FE00004FF4DC73074A0AF05FFD4FF4DC710548DC
:10FE10000AF051FD8CC800200000AD0BCE35030068
:10FE2000221503004864030008B502680146104625
:10FE30000DF02EFC58B90E4940F269330D4A0E48B8
:10FE40000AF042FD40F269310A480AF034FD02F03E
:10FE50001F0352090B6009D0084940F27233054A6A
:10FE600005480AF031FD40F27231EDE7044808BD63
:10FE70007F3503004C35030022150300E62C0300F8
:10FE800000258440072808B50BD90849084840F2E6
:10FE9000AA33084A0AF018FD40F2AA3105480AF0D0
:10FEA0000AFD800000F5807008BD00BF3E640300BD
:10FEB000221503000964030032235843034B50FA10
:10FEC00081F1083133F81100400B70478CC80020D5
:10FED00032235843044B50FA81F1083133F81100B2
:10FEE000C0F34000704700BF8CC800203223584345
:10FEF000054B50FA81F1083133F8110010F01C0065
:10FF000018BF0120704700BF8CC80020322358431F
:10FF1000044B50FA81F1083133F81100C0F340105E
:10FF2000704700BF8CC8002010B5044608460A463A
:10FF30000DF0AEFB58B91D4940F2E5131C4A1D48AF
:10FF40000AF0C2FC40F2E51119480AF0B4FC247929
:10FF50002046FFF7BDFF48B117494FF4F373144A29
:10FF600014480AF0B1FC4FF4F371EDE71146204656
:10FF7000FFF7BCFF48B9114940F2E7130C4A0D489E
:10FF80000AF0A2FC40F2E711DEE711462046FFF737
:10FF9000BDFF38B120461146FFF78EFFBDE8104087
:10FFA000FFF770BF4FF4BE7010BD00BF8664030042
:10FFB0004864030022150300A7640300C56403001E
:10FFC000024611F0010004D003490B6A13600B6272
:10FFD00003B90020704700BF002584402DE9F84395
:10FFE000002407460E4625464FF00108A146B542BB
:10FFF0000DD1124BD3F87C2132B10022C3F87C2101
:020000022000DC
:10000000D3F87C3144F000442046BDE8F883E8B2E0
:10001000FFF738FFA0F58072920808FA02F2174243
:1000200009D000F1804303F54433196819B1C3F8CE
:1000300000901B6814430135D9E700BF001003404E
:100040002DE9F74F0546554B296DD3F80403C0B28F
:1000500040F00040FFF7C2FF061E18DA0023684692
:10006000E96D00934FF00108FFF7AAFF95F85C30A7
:10007000DB0759D4296D4FF00040FFF7AFFF68460A
:10008000E96DFFF79DFF0028F0D126F0004601241E
:10009000002E69D103B0BDE8F08F94FAA4F4B4FA4D
:1000A00084F4E10804F1080335F8139004F0070222
:1000B0001DF8013008FA02F223EA020301A80DF844
:1000C00001300194FFF7B0FE019B4FEA990B80339A
:1000D00050F82370C9F3820A1BF0040FD146C7F30E
:1000E000014725D05246214628460DF0DBFA01A8EB
:1000F0000194FFF799FE019BFFB2803350F8233043
:10010000C3F301439F4207D1002120460DF034FB89
:10011000394620460DF030FB01A80194FFF784FE1C
:10012000019B08FA03F30362009C002CB5D1A1E700
:10013000022F0DD1032120460DF01EFB0AF005030E
:10014000012BE9D14A46214628460DF0ABFAE3E7F8
:10015000022120460DF010FBBAF1030FF2D0032F5D
:10016000DAD1BAF1020FECE796FAA6F3B3FA83F309
:1001700004FA03F29B0003F1804303F54433D3F800
:10018000101526EA0206D3F810252846C2F30142CC
:10019000C1F304210DF086FA7AE700BF0010034096
:1001A00032222DE9F3410379214F534353FA81F36E
:1001B000083337F813300546DB070C46CEB234D58A
:1001C0000DF0F7FA95F8048021464046FFF79EFEB1
:1001D00060B121464046FFF76FFE2A6800B202EB8D
:1001E00080030022C3F81025C3F8102521462846B5
:1001F000FFF7D0FD32222B7901A802FB0366002312
:10020000083627F816300194FFF70EFE019B00EB2D
:100210008300D0F80022074B134043F00203C0F8DC
:100220000032054802B0BDE8F0810448FAE700BF9B
:100230008CC80020F0F8FCFF0000AD0B0400AD0BF3
:100240002DE9FF41166804460D46174646B30DF0EA
:10025000A2FAA0BB3346CDE900008DF80E008DF860
:100260000F000DF10F0228460DF10E010DF037FAC7
:1002700032202379674A434353FA85F3083332F82F
:10028000131021F0020122F813102379434353FA8B
:1002900085F3083332F8131041F0010122F81310EE
:1002A0007B68002B47D02679294630461A78D3F848
:1002B0000480FFF70DFE20B1B8F1000F23D056489F
:1002C0003CE04FF0320E0EFB06F6DFF848C156FA5E
:1002D00085F608363CF81630E8B223F4604323F084
:1002E00020032CF81630B8F1000F0CD0032AE6D802
:1002F0007B6821685B681E7801EB86010ABBC1F848
:100300001025C1F81025322623794249734353FA48
:1003100085F3083331F8130020F01C0021F8130096
:100320002379734353FA85F3083331F8130040EA15
:10033000820221F81320BB6863BB384804B0BDE8D3
:10034000F081D1F8108528F00308C1F810852168E4
:1003500001EB8603D3F8101521F4473121F44071E5
:10036000C3F810152902D3F8108501F4F85141EAB9
:10037000024141EA0801C3F8101523790EFB03007E
:1003800008303CF8103043EA463343F020032CF8A1
:100390001030B8E72946D3E900872046FFF7FAFC7A
:1003A000B8F1000FC9D0642320791A4E4343F218E4
:1003B000F358984504D153689F4201D100210CE0C5
:1003C000642303FB00600DF10F015830FFF7F8FACA
:1003D000124B9842B2D19DF80F10642223795343F7
:1003E00003EBC10346F8038023795343322203EB26
:1003F000C10333445F602379534353FA85F30833D1
:1004000036F8132042EA412242F4807226F8132083
:1004100093E700BF8CC800200400AD0B0000AD0BBB
:100420002DE9FF4105460C461E465AB3077938466A
:10043000FFF74EFD20B921463846FFF767FD40BB68
:1004400021463846FFF752FD10B15378012B20D0DA
:1004500001238DF80F3000230DF10F01CDE90023AA
:100460002046931C01320DF03AF932222B793149A2
:10047000534353FA84F3083331F8132042F0030254
:1004800021F81320002E53D021462879FFF720FDB4
:1004900018B9294804B0BDE8F08196F800C03227A9
:1004A00061468B0000212A68224802EB8C02C2F8C8
:1004B0001015C2F810152A79E1B27A4352FA84F283
:1004C000083230F812E02EF4604E2EF0200E20F8A4
:1004D00012E096F801E0BEF1000F29D02A68B67844
:1004E0001A44D2F810354FEA0E4E23F4981323F431
:1004F000F853C2F81035230203F4F8530EF4403ECB
:100500003605D2F8108543EA0E0306F4801633430D
:1005100043EA0803C2F810352B7907FB03110831B1
:1005200030F8113043EA4C3343F0200320F8113007
:100530000248AFE78CC800200400AD0B0000AD0BF3
:1005400030B564250479044B05FB0434A1600179BE
:1005500005FB0133DA6030BD8CC8002038B50C468D
:100560005AB90F490F4840F20D330F4A0AF0ACF95F
:1005700040F20D310C480AF09EF905792846FFF744
:10058000C5FC58B132235D43084B55FA84F4083456
:1005900033F8143006485B0B137038BD0548FCE790
:1005A000E664030022150300486403008CC80020A1
:1005B0000000AD0B0400AD0B2DE9F843234B02689E
:1005C00006469A420BD02249224840F21E33224A64
:1005D0000AF07AF940F21E311F480AF06CF90779E7
:1005E00064201E4D00FB075898F860405CBB4046F5
:1005F000A1464022214610300FF06CF83668D8F83A
:100600005080A04512D1002346F30730C6F87C3154
:10061000D6F87C31F4F79AFE642303FB07550123D7
:100620000F4885F86030AB65BDE8F883E0B2FFF7AE
:1006300029FCA0F580739B081F2B04BF46F800908F
:1006400033580134DDE70748EEE700BF00100340F0
:10065000F064030022150300486403008CC80020E6
:100660000000AD0B0C00AD0B64210279044B01FBC3
:10067000023393F86000003818BF0120704700BFB4
:100680008CC8002064235422007913FB0023024805
:100690001844FFF7B5B900BF8CC80020642354226A
:1006A000007913FB002302481844FFF789B900BF03
:1006B0008CC800202DE9F341064600790D46174607
:1006C000FFF714FC58B9364940F2FA33354A364838
:1006D0000AF0FAF840F2FA3132480AF0ECF83368DE
:1006E0002946D3F80423002AA4BF4FF00042C3F8E0
:1006F000042334792046FFF709FC18B32946204625
:10070000FFF7E6FB8046E8B929462046FFF7D4FB11
:100710000446FFF7B7FB356822B245F800802B5836
:10072000336803EB8203D3F8102542F00102C3F8CB
:10073000102527B101233268A340C2F8043302B068
:10074000BDE8F0814FB9194940F20E43154A1648E9
:100750000AF0BAF840F20E41BEE732235C43144B74
:1007600054FA85F4083433F81430C3F38203042BAD
:1007700011D0052B11D001A80195FFF755FB019A67
:100780000369D34003F00103991C284602B0BDE879
:10079000F0410CF0F1BF0321F7E70221F5E700BFBC
:1007A000C5640300486403002215030027650300A5
:1007B0008CC800200148FFF743BC00BFF0C80020F0
:1007C00070B516460D4649B90B490C4837230C4AFB
:1007D0000AF07AF837210A480AF06DF8094C2379B3
:1007E00043B92A20F4F7B2FD01230748237125609D
:1007F000A66070BD0548FCE76B6803002215030086
:1008000032650300B00001200000AD0B0C00AD0B01
:1008100038B548B918494A23184A19480AF054F813
:100820004A2116480AF047F8164B1B79012B07D0CE
:1008300015494B23114A12480AF046F84B21F0E7BC
:100840000023124A50F8234003F5A2710133082B0C
:1008500042F82140F6D100230C4A00F11C0103F5B7
:10086000B27451F8045F0133082B42F82450F6D1DA
:10087000036CC2F8043338BD6D65030032650300B4
:1008800022150300B00001207665030000A002409D
:1008900070B51C4E3379012B09D01B491B485F23CF
:1008A0001B4A0AF011F85F2119480AF004F80024E5
:1008B000184D2A20C5F81045C5F81445C5F8184547
:1008C000C5F81C45C5F82045C5F82445C5F8284598
:1008D000C5F82C45C5F89045C5F89445C5F8984528
:1008E000C5F89C45C5F8A045C5F8A445C5F8A84578
:1008F000C5F8AC45F4F738FD4FF0FF33C5F80833C1
:10090000347170BDB000012076650300221503002C
:100910003265030000A0024008B5094B1B79012B8A
:1009200009D0084908487A23084A09F0CDFF7A21FE
:10093000064809F0C0FF064A8340C2F8043308BDE8
:10094000B000012076650300221503003265030024
:1009500000A0024008B5094B1B79012B09D00849BA
:1009600008488223084A09F0AFFF8221064809F0AF
:10097000A2FF064A8340C2F8083308BDB000012038
:1009800076650300221503003265030000A00240D3
:10099000F8B501260027124B124DD3F80C4304B9C9
:1009A000F8BD94FAA4F0B0FA80F006FA00F3072834
:1009B00024EA03040BDD0C490C4840F2F3130C4A03
:1009C00009F082FF40F2F311094809F074FF094B66
:1009D00082009F502B68002BE1D0A9689847DEE782
:1009E00000A00240B00001203E6403002215030075
:1009F0009F65030000A10240044AD2F80834DB07D7
:100A0000FBD50160BFF35F8F704700BF00900340CC
:100A1000B0F5801F08B50BD31049114840F20713F9
:100A2000104A09F051FF40F207110E4809F043FF48
:100A3000C0F30B037BB902220B4BC3F884254FF0A4
:100A4000FF320260D3F80024D207FBD5002207480A
:100A5000C3F8842508BD0648FCE700BF2D660300E7
:100A600022150300D1650300009003400000AD0B88
:100A70000A00AD0BB0F5801F38B50BD3104940F21A
:100A80009513104A104809F01FFF40F295110D48C8
:100A900009F011FF10F0030409D00C494FF4CB7397
:100AA000084A094809F010FF4FF4CB71EFE7012322
:100AB000074DC5F88435FFF79FFFC5F8844538BD5D
:100AC00047660300D1650300221503006166030039
:100AD0000090034008B50268530904D14FF0FF337A
:100AE000D340DB070BD40749074840F26933074A74
:100AF00009F0EAFE40F26931044809F0DCFE0448DE
:100B000008BD00BF7F350300221503004C350300EC
:100B1000002584400C4B984213D00AD80B4B9842C6
:100B20000FD00B4B98420CD00A4BC31A5842584175
:100B30007047094B984204D0084B984201D0084BAB
:100B4000F3E70120704700BF40420F0090D0030040
:100B500020A1070048E8010000093D0000127A00CA
:100B600080841E0073B51446421C06460D4615D0FF
:100B7000012902D1A3B10CF0BBFE01A80196FFF739
:100B8000A9FF00EB8600D0F80022074B45EA840459
:100B900013401C4344EA4504C0F8004202B070BD53
:100BA0000CF0B2FEE9E700BFF0F8FCFF2DE9F843D6
:100BB000574A4B69054693420C4690F8049024D05E
:100BC00017D8544A934200F08B80534A934200F066
:100BD0008A80524A934200F08980514951484FF42B
:100BE000B673514A09F070FE4FF4B6714E4809F0E1
:100BF00062FE4E4A93427CD04D4A93427CD04D4A8D
:100C00009342EAD14FF0005601E04FF08056242283
:100C1000DFF82481E07E02FB0983997F60F3000105
:100C200099772B79217C02FB03839A7F61F3410240
:100C30009A77E77EEFB9237E3A46012B94BF0023D3
:100C4000012301212068FFF78DFF3B463A46012131
:100C50006068FFF787FF3B463946A27EA068FFF732
:100C600081FF237C3A460121E06883F00103FFF70E
:100C700079FF242303FB0983E2681A62217C9A7FAF
:100C800061F341029A77277FA07C217E637E2A68E8
:100C900047B9D4E900C7A468C2F808C5C2F80C7502
:100CA000C2F81045003B18BF01230229C2F8C00555
:100CB000C2F8246523D0032924D0012901D143F0AF
:100CC0000203C2F8543524222B79534358F80330D9
:100CD000DBB12868BDE8F84340F30730F4F736BBD2
:100CE0004FF0806693E74FF0006690E74FF0007694
:100CF0008DE74FF080468AE74FF0004687E743F0E4
:100D00000403DEE743F00603DBE7BDE8F88300BF3A
:100D100040420F0090D0030020A1070048E80100E6
:100D2000E62C0300221503008A66030000093D003B
:100D300000127A0080841E00BC000120431C13B501
:100D400004460DD0019001A8FFF7C4FE00EB84001B
:100D5000D0F80022034B134043F00203C0F80032E6
:100D600002B010BDF0F8FCFF2DE9F84305461F4620
:100D700059B9164916484FF40A73164A09F0A4FDEA
:100D80004FF40A71134809F096FD24232E79DFF8F9
:100D900054905E4309EB060494F81C80B8F1000FF0
:100DA00010D14869FFF7B6FE70B1284649F8062011
:100DB0006760FFF7FBFE0123074884F81D80237757
:100DC000BDE8F8830548FBE70548F9E76D650300D2
:100DD000221503008A6603000000AD0B0C00AD0B6A
:100DE0000400AD0BBC0001202DE9F0412427067959
:100DF000214C7743E3191B7F05465BB91F49204807
:100E000040F289231F4A09F05FFD40F289211D4805
:100E100009F051FD006840F30730F4F7A5FAE359F3
:100E200053B12B68184A06EBC601C3F8082328689B
:100E300004EB81010CF046FD2B68242505FB0645DB
:100E4000D3F80805D3F80C75D3F81085AB7FDB0712
:100E50000AD4FFF773FF4046FFF770FF3846FFF7ED
:100E60006DFF286AFFF76AFF242303FB0644002373
:100E70002377BDE8F08100BFBC000120C6660300F7
:100E8000221503008A660300520108002DE9FF477E
:100E9000242307797A4E824603FB07631B7F0D46A6
:100EA00090465BB977494FF45773774A774809F012
:100EB0000BFD4FF45771744809F0FDFC0B685BB9EA
:100EC0004B684BB1724940F25D336F4A6F4809F08D
:100ED000FBFC40F25D31EEE7D5E9022352B95BB18C
:100EE0006C4940F25E33684A684809F0EDFC40F214
:100EF0005E31E0E75B0B02D16B685B0B09D06649A2
:100F000040F25F33604A614809F0DEFC40F25F3135
:100F1000D1E718F008090FD0242303FB07631B6AED
:100F2000013309D05D4940F26233574A574809F00E
:100F3000CBFC40F26231BEE724237B43F218517FA1
:100F4000002940F09A80F35823B118F0140F04BF21
:100F500001235377242495E80F0004FB076404F170
:100F60000C0C8CE80F00206A421C04D0A37F9B0766
:100F70001AD50CF0BDFC2B68DAF8004023B103F061
:100F80006043B3F1005F06D1AB6883B103F0604307
:100F9000B3F1005F0BD02423002203FB076340481A
:100FA0005A7704B0BDE8F0870CF0AEFCE3E718F028
:100FB000010318BF0123C4F8503518F0020318BF0D
:100FC0000123EC46C4F8403595E80F008CE80F008B
:100FD000039BC4F84405C4F84815C4F83425C4F884
:100FE00038350023C4F81831D4F818310723C4F871
:100FF000003524237B43F218B9F1000F1DD10121E4
:10100000F058216158B9D4F81831002BFBD0624652
:10101000402120460CF018FC24237B43F218F3589F
:1010200013BB106A451C13D107EBC707204606EB1C
:1010300087010CF047FC1B48B3E7F358A3B9106ACB
:10104000411CF8D0937F9A070BD50CF05DFCF2E7BA
:10105000937F9B0702D50CF057FCE5E70CF048FCAA
:10106000E2E70CF045FCE6E7402318F0040F14BF5C
:10107000C4F80833C4F80433DDE70B4891E700BF38
:10108000BC000120C66603008A6603002215030027
:10109000F266030039670300806703002F680300CE
:1010A0000A00AD0B0000AD0B0B00AD0B70B5194D78
:1010B00040212A4618480CF0C7FB48B355F80C3CB1
:1010C000A5F10C045BB9154915484FF46D73154A29
:1010D00009F0FAFB4FF46D71124809F0ECFB206A3D
:1010E000421C04D0A37F9B070FD50CF00DFC637F3F
:1010F0001BB10D4908480CF0E5FB002323720B4897
:10110000D4E90031BDE8704018470CF0F1FBEEE780
:1011100070BD00BFC800012000B00040656803003A
:10112000221503008A660300BC000120C4000120D0
:1011300038B5440914D14FF0FF34C440E4070FD54B
:101140000D4C04EB8000D0F800520C4C2C4044EACB
:10115000032444EA820242EA4101C0F8001238BD89
:101160000749084840F26933074A09F0ADFB40F2ED
:101170006931054809F09FFB00258440F0F8FCFF29
:101180007F350300221503004C35030038B5857BFD
:101190000446C5B9D0E90003984209D10B490C486F
:1011A000F8230C4A09F090FBF8210A4809F083FB68
:1011B000062303222946FFF7BBFF06230322294605
:1011C0006068FFF7B5FF012038BD00BFAF680300BE
:1011D000221503007368030010B4CC7B8A6803688F
:1011E0002CB9D1E90041C3F80845C3F80C15C3F880
:1011F0002425282203795343064AD35833B1006883
:101200005DF8044B40F30730F4F7A0B85DF8044BE9
:10121000704700BFE0000120F8B506460D4659B9F9
:10122000184919484FF48673184A09F04DFB4FF4DA
:101230008671164809F03FFB28210079144F484376
:101240003C1894F82210C9B93A50A160636084F840
:10125000251084F82410AB7B284684F82730FFF74C
:1012600095FF68B16B7B3046294684F82630FFF73E
:10127000B3FF0123074884F82230F8BD0648FCE795
:101280000648FAE76D650300221503007368030042
:10129000E00001200000AD0B0C00AD0B0400AD0B15
:1012A000282108B50D4B027901FB023393F8222067
:1012B000012A0BD00A490B4840F28F130A4A09F061
:1012C00003FB40F28F11084809F0F5FA0621026885
:1012D000C2F80015022283F8222008BDE000012098
:1012E000D66803002215030073680300282108B59F
:1012F000134B027901FB023393F822205AB91149AA
:10130000114840F29B13114A09F0DEFA40F29B119A
:101310000E4809F0D0FA0021996002680C48C2F822
:101320000803D2F8000220F4BC50C2F80002C2F850
:101330000015012283F8241083F8222008BD00BF85
:10134000E0000120C6660300221503007368030055
:1013500002029C012DE9F84F03790E4617463BB96E
:101360004B68B3F5005F03D28B68B3F5005F0BD316
:10137000AA4940F27623AA4AAA4809F0A5FA40F2FF
:101380007621A74809F097FAA74D95F82230022B4D
:1013900009D0A64940F27D23A14AA24809F094FA57
:1013A00040F27D21EDE72B68C3B90B78022B09D100
:1013B0009F494FF420739A4A9A4809F085FA4FF4EE
:1013C0002071DEE7032B09D19A4940F28123944A28
:1013D000944809F079FA40F28121D2E700230468A9
:1013E00085F82330736833B1F36803F06043B3F1D9
:1013F000005F40F091813378023B012B06D83369BE
:1014000003F06043B3F1005F40F086818A4BC4F87B
:10141000083395F8243003F0FF013BB1AB68DFF8E7
:101420002882C4F804334046BDE8F88F17F0140F43
:101430000CBF0123002385F824303378C7F3001E46
:1014400085F82030737807F0080985F82130F268B4
:10145000EA6073682B61D6F810C0C5F814C0B06894
:1014600085F825E0A861EF6196F801E0C4F888E509
:10147000C4F86011D4F860E1C4F84811D4F848E128
:10148000C4F82411D4F824E1C4F80411D4F80411E8
:1014900017F0010118BF0121C4F8501517F002011F
:1014A00018BF0121C4F840153178032900F2B0803B
:1014B000DFE801F091A78102F80609D55F4940F203
:1014C000F913574A574809F0FFF940F2F91158E764
:1014D000B9F1000F09D05A494FF4FD73504A5148F1
:1014E00009F0F2F94FF4FD714BE7790709D5554939
:1014F00040F2FB134A4A4B4809F0E6F940F2FB116F
:101500003FE74FF48071C4F80012C4F84425C4F8D2
:1015100048350123A3604FF4801120460CF042FAB5
:101520000028F8D1D5E90523C4F84425C4F8483586
:101530004FF48023AB60DFF814812A68B9F1000F03
:1015400040F0C0803378032B00F0BC80012B40F0CA
:10155000858023609AB92A69002A5CD04FF0010B7C
:10156000DFF8ECA0DFF8EC90514620460CF01AFAB8
:10157000830548BFC4F814B010EA090FF4D07268AC
:101580002B68002A40F09E80002B00F09F800123F2
:101590006361790744BF0023AB607A065EBFAB6826
:1015A00043F00203AB60AB6843F40073AB60AB681D
:1015B000C4F8043337E7C4F84425C4F848354FF479
:1015C0008453C4F834C5C4F83805C4F80032012384
:1015D00023620223AEE7C4F84425BA06C4F84835AE
:1015E0004BBF4FF480734FF40073C4F80032C4F85B
:1015F00000324CBF4FF480230223AB6001232362EF
:1016000099E7C4F83425C4F838354FF48053DCE743
:10161000DFF8448091E76361A0E700BF0069030041
:101620007368030022150300E0000120BD70030071
:10163000E67003003671030002029C01867103000C
:101640009C710300B27103000B00AD0B0000AD0BE9
:1016500002020400020004000400AD0B0123A36099
:10166000002A8CD12A692AB3DFF8C4A0DFF8C4B0FD
:1016700019EA0A0F83D1594620460CF093F910F469
:10168000007F8146F4D04FF0807120460CF08AF93B
:10169000D4F8003280B113F4007103D101228946DD
:1016A00022626261D805E3D54FF4802120460CF018
:1016B00079F904E06361D7E70123236263614FF0A6
:1016C0000009D5E72B68002B7FF463AF0022D4F824
:1016D000C434C4F8C43485F824208BB1104A1149AD
:1016E00013F0010F14BF90468846013213F0020F29
:1016F00018BF904613F0040F0B4B18BF984692E6A4
:101700007B063FF590AE204608490CF009F9054BE1
:10171000002808BF984686E6DFF81C8083E600BFF5
:101720000000AE0B0100AD0B0200AE0BE00001208B
:1017300002000400020204000A00AD0B70B5644C04
:1017400086B023685BB96349634840F2C223634AA9
:1017500009F0BAF840F2C221604809F0ACF8604DD7
:10176000022128460CF01EF94FF400710646284667
:101770000CF018F9D8B1E6B9A3684FF08071C5F83C
:1017800008330223A360A3682846C5F804330CF08D
:1017900009F918B1D5F800329B0503D40122504B4A
:1017A0001A625A61012384F8233006B070BD002EFE
:1017B00058D0E5696E060AD494F823303BB9444901
:1017C00047480CF0ADF880F0010084F8230015F0D4
:1017D000040525D1424B94F82520C3F86051D3F875
:1017E0006011C3F85C51D3F85C1112B194F8232056
:1017F0005AB10022C3F80022A2603A4AC3F8082373
:101800004FF48062384BC3F88021238CADF804304C
:10181000E36804932369029363690593A3690393BF
:101820002F4AD2F8C4349807C2F8C4344AD45907AE
:101830004AD4DA074AD494F823309B00DBB28DF8FF
:10184000003094F825300BB984F82430E3695B0745
:1018500003D594F82330002BA7D0D4E90031684693
:101860009847A2E74FF4802128460CF09BF894F8A3
:101870002030ABB994F8253053B94FF48062C5F8E5
:101880000032A360174BC5F80833174BC3F880210B
:1018900000238DF8043094F821308DF80530B7E737
:1018A0004FF40073C5F8003240F20223A36003F145
:1018B000CE73C5F80833A368C5F804330123AB60C1
:1018C0002B6272E70123BAE70223B8E70323B6E7E6
:1018D000E00001206568030022150300736803001F
:1018E00000A0004002029C0100E100E008B502688F
:1018F000530904D14FF0FF33D340DB070BD4074922
:10190000074840F26933074A08F0DEFF40F26931C8
:10191000044808F0D0FF044808BD00BF7F3503002D
:10192000221503004C350300002584402DE9F341C6
:101930000C4605460CF060F820460CF05DF801A856
:101940000195FFF7D3FF40F20D6600EB8500D0F85C
:101950000032274F01943B403343C0F8003201A8C6
:10196000FFF7C4FF00EB8400D0F800323B40334364
:101970000127C0F8003204200BF07DFE092607FA8B
:1019800004F8AF4001A80194FFF7B0FF036918EA1B
:10199000030F11D101A80195FFF7A8FFC76004202C
:1019A0000BF069FE28460CF027F8013E04200BF0EE
:1019B00062FE16F0FF06E5D101A80194FFF796FF3D
:1019C000C0F80C8004200BF056FE20460CF014F8F2
:1019D00004200BF050FE01A80194FFF787FF036974
:1019E0000448E34003F00103C01A02B0BDE8F081EF
:1019F000F0F8FCFF0100AD0B70B503680446033B33
:101A0000DBB2052B03D8094A52F823502DB9A06840
:101A100058B1BDE8704000F01DB80CF049F82168DD
:101A20002B46BDE87040090C184770BD9C0B0300A5
:101A3000014B5B69184700BF54C90020014B1B686C
:101A4000184700BF54C90020014B5B68184700BF0E
:101A500054C90020014B1B69184700BF54C900201E
:101A6000014B9B68184700BF54C90020014B1B6AFB
:101A7000184700BF54C90020014B5B6A184700BFDC
:101A800054C90020014B1B68D86870470801012029
:101A9000002230B50B4B19680C6894420FD001EB53
:101AA000C2039D68A8420BD14FF003020433D3E870
:101AB000CF1F002903D1C3E8C02F0028F7D130BDC4
:101AC0000132EAE7200101202DE9F0410024064619
:101AD0000F462046DFF854803368A34201D8BDE8A2
:101AE000F08106EBC4056B68DBB2012B16D16A6886
:101AF000B8F80030B3EB124F10D1022FA8680FD105
:101B0000FFF77AFF01206B6823F0FF0343F0030324
:101B10006B60B8F800300133A8F800300134DBE71F
:101B20000168090C0BF074FFECE700BF7805012099
:101B300010B5074C02216068FFF7C6FF0028F9D1F5
:101B400001212068FFF7C0FF0028F3D110BD00BFBE
:101B50002801012070B5072860D8DFE800F00B5F8E
:101B6000475F435F3C0401F0FFFD0320BDE8704088
:101B7000F8F748BB03202A4BD3F81446D3F818666D
:101B8000284B1D781870EDB201F0BCFD012D10D16D
:101B9000254B264A9C4212D0230C1B04B3F1886FBC
:101BA0000DD0A4F58033203B022B0FD96FF0040336
:101BB00013603146C4F30B0001F098FD00E014609F
:101BC0001B4B1868F8F722FA0020CFE7194931F9C2
:101BD00013301360F4E70024124B20461C7001F010
:101BE00091FDEDE7FFF7A4FF0220BFE70D4B1A7848
:101BF000012AD0B20ED1104A1168104A8C68546084
:101C00004968116002221A7001F07CFD084B1868C7
:101C1000F8F7FCF9FFF78CFF0120A7E770BD00BFC4
:101C200000A00240BE150120010050052401012042
:101C3000100101209E1303000C0101202801012046
:101C40000A23F7B54FF47A750C4E0D4F01933168A6
:101C500038680BF008FF044640B90AF03AFF40B973
:101C6000012001A9F8F7B6F86E30F0D1204603B094
:101C7000F0BD019868430AF02AFFE8E7140101204B
:101C80001C010120054B1B782BB9054B1968054B2E
:101C900018680BF0E8BE0020704700BFBD1501209A
:101CA000180101202001012070B5164B42681B6805
:101CB00022F0FF0242F00202C31A42601248134AA5
:101CC0000168C3F38913D2E8DF4F651CC2E8D65F11
:101CD000002EF8D101EBC3014A6892B242EA0442F5
:101CE0004A600268032002EBC302536823F0FF033B
:101CF00043F0010353600AF0EAFE0122044BDA606C
:101D000070BD00BF18010120200101207A050120CB
:101D100000A002402DE9F04F95B038220021064680
:101D200003A80DF0D7FC0223049308230693202375
:101D3000089304230D93102340250F938023012241
:101D4000CDE91153D523002157480B921393F8F78F
:101D500029F90546002840F0A4800246534930790D
:101D6000FEF72EFD03A8FEF753FD34686268B2F556
:101D70009D6F40F093806169E3680B44E16903F56E
:101D80009D630B44B3F5003F00F28880206829462C
:101D90000DF0A0FC33681C68D3F81C9004F1E80235
:101DA000009204F53A72019204F16007404A04F18E
:101DB000A40804F1200BB9F1000F59D1C2F800B00A
:101DC00000254FF0010A2570657084F802A0E570C7
:101DD000336840461B69636033685B69C4F814B0BC
:101DE000A360344BC4F81890C3F80080324BE7600E
:101DF0001F600823C4F8108084F8A43088F80150CC
:101E000088F8025088F8035084F860307D70BD7007
:101E1000FD700BF00BFE38460BF008FE019A274BC5
:101E200031681A60009A264B264E1A60264B1960BC
:101E3000264B2749C3F81046C3F81456254B264CA9
:101E40001D80264B86F800A01D80254B029525603D
:101E50001D611B690293029B134B1868F8F7FCF88D
:101E600098B103236FF073043370FEF711FD11E096
:101E70009B6904F14009636433684846DB69C2F832
:101E800000B0236401F04CFC9AE72468002CECD1EC
:101E9000144B1C70204615B0BDE8F08F6FF0150490
:101EA000E3E76FF02D04F5E710010120551B020058
:101EB0000C010120200101201C010120180101203A
:101EC00014010120BE1501200801012000A00240DC
:101ED000F04902007A050120240101207805012043
:101EE00000560040BD15012070B5164B42681B68B6
:101EF00022F0FF0242F00102C31A42601248134A64
:101F00000168C3F38913D2E8DF4F651CC2E8D65FCE
:101F1000002EF8D101EBC3014A6892B242EA0442B2
:101F20004A600268032002EBC302536823F0FF03F8
:101F300043F0010353600AF0CAFD0122044B5A60CA
:101F400070BD00BF140101201C0101207A05012091
:101F500000A0024010B5FFF773FE01240022032108
:101F6000047081704270C270FFF7BEFF054B1C7099
:101F70000BF06FFDBDE81040034B47F2305118687D
:101F8000F8F76AB8BD1501201001012038B50A4BD9
:101F900004461B78022BDDB20DD1FFF751FE50B184
:101FA000002201218460017042708570C270BDE81A
:101FB0003840FFF799BF38BDBE150120034A1268AB
:101FC00012B1002800DB1047704700BF3C01012020
:101FD0002DE9F743002581460F46104829469046D3
:101FE0001E46019306F09AFD041E11DB01342046C3
:101FF0000BF087FDC9F8000068B133464246214620
:10200000019606F08BFD28463C6003B0BDE8F083E6
:102010006FF01500F9E76FF00B00F6E728030300F7
:1020200010B50E4B04461B68A3B1EDF74AFC082817
:1020300010D9237A3F2B0DD00949082220460DF0F4
:1020400072F8014630B904F108000A22BDE81040D8
:1020500005F05EBB4FF0FF3010BD00BF3C0101201A
:10206000C87103002DE9F341054600201746884654
:102070001E460BF01FFD024640B915B128460BF075
:1020800042FD6FF00B0002B0BDE8F0816FF0580325
:1020900000240373042305600E4D0372447384739C
:1020A000C47344728472C472C0F804803946032039
:1020B0002C700BF01BFD4FF0FF3301932B78B342D4
:1020C00001D10020DFE7022001A9F7F783FE0028F5
:1020D000F4D0D8E7BF150120F8B5054600240F4F0E
:1020E00057F8046B284631460DF068F828B90134DA
:1020F000042CF5D14FF480300DE06CB1A31E012B00
:10210000F8D83046EDF7DDFB0A220021284405F01F
:10211000F9F940EA0440F8BD2046FCE7B40B03009F
:10212000014B18600020704740010120014B1860EE
:10213000704700BF3C0101200FB42DE9FF410A9C0C
:1021400001F0E6FA00284AD0002C4BD0284E294F47
:1021500031683868F8F716F8002846D1264D3168FE
:102160002868F7F779FF002836D122460BAB03A980
:1021700002A80193FFF72CFF044658B12868F7F72F
:1021800045FF3868F7F7D8FF204604B0BDE8F041B6
:1021900004B07047029C2046FFF742FF0223064628
:1021A000012220460399FFF75DFF04460028E5D190
:1021B000DFF84880D8F80000FFF78EFF0446D8F813
:1021C00000000BF09AFC2868F7F720FF002CD8D10C
:1021D0003046FFF7F3FED4E76FF00A04D1E74FF083
:1021E000FF34D1E76FF00D04CEE76FF00A04CBE7C0
:1021F000540101204C010120500101204401012023
:102200000CB42DE9F04F89B080460F46129C01F0C6
:102210007FFA002800F0A280B8F1000F00F0A18042
:10222000002C00F09E80002F00F09E80514DDFF8C2
:1022300054B12968DBF80000F7F7A4FF002840F04C
:1022400096804D4E29683068F7F706FF002840F069
:102250008280224613AB07A906A80593FFF7B8FEB4
:10226000044618B13068F7F7D1FE23E0DDE90693A4
:102270000193424B1D68002D39D00C228246404B01
:102280001B6802FB03530293029B9D421CD1BAF1CF
:10229000000F2CD03068F7F7B9FE4A463946404661
:1022A000D047044618B94046FFF716FF0446484693
:1022B0000BF029FCDBF80000F7F73EFF204609B0E1
:1022C000BDE8F04F02B07047AB68A3420DD9019A48
:1022D00048469A4228BF1A46296803930CF023FF08
:1022E00018B9039BD5F804A01C460C35CCE748462A
:1022F000FFF796FE02230546012248460199FFF7A3
:10230000B1FE04460028ADD1DFF87C904046D9E903
:10231000004ABA455246214628BF3A460DF0CDF94B
:10232000BA45204607D90BF0E8FB3068F7F76EFE98
:102330006FF00604BEE7FFF7CFFE0446D9F80000B1
:102340000BF0DBFB3068F7F761FE002CB2D12846BA
:10235000FFF734FEAEE76FF00A04ABE74FF0FF344F
:10236000ACE76FF00D04A9E76FF01504A6E76FF076
:102370000A04A3E754010120500101203401012087
:10238000300101204C010120440101200EB42DE94F
:10239000F343DDF82480814601F0BAF900285DD0CE
:1023A000B9F1000F5DD0B8F1000F5AD0304C314F69
:1023B00021683868F7F7E6FE002855D12E4E2168CF
:1023C0003068F7F749FE002845D14846EDF779FA1D
:1023D000451C28460BF095FB044668B93068F7F7B2
:1023E00015FE6FF00B043868F7F7A6FE204602B022
:1023F000BDE8F04303B0704749462A460CF0C2FEE0
:102400002046FFF70DFE0223814601222046294681
:10241000FFF728FE0446306814B1F7F7F7FDE2E74E
:10242000F7F7F4FDB9F1000F144D06DB2868FFF74C
:1024300053FE10B94846FFF7C1FD0AAA4146286875
:10244000019206F093FB041E286808BF6FF04C044D
:102450000BF053FBC7E76FF00A04C4E74FF0FF34FB
:10246000C4E76FF00D04C1E76FF00A04BEE700BFD8
:10247000540101204C0101205001012044010120A0
:1024800038B5C3680446A72B01D0206810E00329A3
:1024900007D0042926D0022902D10122154B1A7037
:1024A00038BD144B00681A78022A05D10028F7D0ED
:1024B000BDE838400BF021BB0F4D2A6862B12B6894
:1024C0009847002320682B600BF017FB0B4B186814
:1024D000BDE83840F7F79ABD094A1060616851605D
:1024E0000222DCE7074B1B68002BCED00068984720
:1024F000CBE700BFBF1501203801012050010120AA
:102500004401012040010120012210B511460B4871
:10251000F7F748FD70B90A48F7F7DEFD014648B9FC
:102520004FF0FF32074B1A60BDE81040012305222F
:10253000FFF798BD6FF02D0010BD00BF50010120C6
:102540004C0101205401012010B400F11C03D3E818
:10255000EF2F511EC3E8E41F002CF8D1012A0DDC37
:10256000084BD0E8EF2FC0E8E13F0029F9D1642201
:1025700000215DF8044B04300DF0ACB85DF8044B5D
:10258000704700BF1EF1010010B500240A4B4FF444
:102590005072214609481C700DF09CF821462246D5
:1025A000064B074801310829C3E900029A6003F18C
:1025B0006803F7D110BD00BFC015012058010120EC
:1025C0001EF10100164830B5002203464FF0FF34DB
:1025D000144DD0E8EF1FA94204D1C0E8EC4FBCF184
:1025E000000FF6D10CBF0121002112D1682101FB9F
:1025F000023301220C49DA61097893F8202061F353
:10260000451283F820200222A3F8482083F84A20AC
:1026100030BD0132082A00F16800DAD10846F7E738
:10262000580101201EF10100C015012030B50246FD
:1026300000236825054905FB03F460180C599442F2
:1026400003D00133082BF6D1002030BD5801012002
:1026500010B5044604300BF04AFC606C08B1F7F783
:10266000F5FD064BD4E8EF2FC4E8E13F0029F9D18E
:102670002046BDE81040FFF767BF00BF1EF1ADDE8A
:1026800070B50825064C074E2368B34202D0204699
:10269000FFF7DEFF013D04F16804F5D170BD00BF16
:1026A000580101201EF101002DE9F8430F4C0646A8
:1026B0000025A0464FF068090D4B0E4F1870236897
:1026C000BB420CD009FB058393F8202066F345122A
:1026D00083F82020A36B13B120460BF076FA013566
:1026E000082D04F16804EAD1BDE8F88358010120FF
:1026F000C01501201EF10100112806DC00280DDBA9
:10270000084BC34003F001007047B0F5817F07D04C
:1027100040F21113C31A58425841704700207047C5
:102720000120704741000200034B02685A60826931
:102730009A6042691A60704798040120012208B526
:1027400011460448F7F72EFC002818BF6FF02D0043
:1027500008BD00BFA40401202DE9F04F85B08246DA
:102760000F4616461D4600F0D3FF28B90120F7F7A3
:10277000F9FB6FF00A041CE05AEA070300F05081ED
:102780001EB3336823F4A05323F00203002B40F060
:102790004A81706838B9B06878B10BF04BFB60B90A
:1027A0006FF0060405E00BF03FFB0028F3D16FF05B
:1027B0000504204605B0BDE8F08FF06828B1B16887
:1027C0000BF04CFB08B96B20D1E79A4B4FF47A61C0
:1027D0001868F7F741FC0446002840F02781002FD5
:1027E00064D0F6B1336803F4A053B3F5805F18D119
:1027F0003368DB0445D44FF0FF37706808B100F050
:1028000093FD8D4B8D4A1860B368002B08BF0123E0
:102810001360F3688A4A002B08BF062313603368ED
:102820001CE00A220021384604F072FF4FF6FE73C6
:10283000421E9A4200F2F180824A030243EA1023C8
:102840001380002ED4D1002301217B4A4FF0FF37A3
:1028500013607A4A11600621794A1160DFF8F48129
:102860005046C8F80030BAF1000F65D10BF022F9DC
:10287000064600BB6FF009046E4B1868F7F7C6FBFD
:1028800097E73A2138460CF041FC00B1471C384626
:102890006D490CF093FC0A2228B10021033004F0AA
:1028A00031FE0746A9E701463846F8E7654B188030
:1028B000002EC8D09FE707615F4BDFF880B11B682F
:1028C000DFF87CA1B361DBF800303246F361DAF85F
:1028D000003047F20D013362D8F8003004207361F4
:1028E0000BF004F94FF0FF33584F594E03933E60FD
:1028F0003868B04231D0002840F08B802020D7F8D3
:102900000490F7F79BFC286070B109F118034D4A59
:10291000009318461288B9F814100BF0FCF806461C
:1029200038BB2868F7F792FC6FF009047868002834
:10293000A2D00BF0E2F89FE7ECF7C3FF0BF0BAF878
:102940000646002896D007615046ECF7BAFF51467C
:10295000024630680CF0B1FEAEE7022003A9F7F79B
:1029600039FA0028C4D06E20F7F7FCFA6FF00A0499
:1029700082E7D9F808102A6801290AD002291FD055
:102980001046F7F763FC3046F7F760FC6FF005047C
:10299000CCE708211161D8F8001011F0020136D0FF
:1029A0000192B9F816000130F7F748FC019A9061DE
:1029B0002A68906930B91046F7F748FC3046B1E70D
:1029C0001621E7E7B9F81410009BB9F816200B445C
:1029D00019460CF072FE00202968B9F816208969A2
:1029E00088542A680092D9F808000BF048FF009A32
:1029F0002B685060DBF800205E619A60DAF80020F6
:102A0000DA60D8F800201A600022DA618EE791615E
:102A1000E7E70BF07AFF044688E76FF007042BE73F
:102A20006FF00104C5E64FF0FF34C2E66FF0020418
:102A3000BFE600BFA4040120B0040120AC040120C3
:102A4000A80401207C050120E971030098040120FD
:102A5000EEC100BCB4040120F8B548F20F0399425E
:102A600005460E4640D022D848F20D03994233D095
:102A700048F20E03994233D00069FFF7D7FD0446B0
:102A800010B3B6F5004F1FD9A6F50046013E0B2E38
:102A90001AD8DFE816F0AE00E800B600B600B600BF
:102AA0003A013A01B600C400190019000B0149F2BD
:102AB000040399421CD0B1F5104F3FD9C068FFF70D
:102AC000B5FD0446002848D12868002800F02D8173
:102AD000BDE8F8400BF011B8BDE8F840FFF724BEA0
:102AE000BDE8F8400BF024BABDE8F8400BF00DBA91
:102AF0000369082B00F21981DFE813F010001600BB
:102B000009000E0016001701170118001E00002012
:102B1000BDE8F840FFF7C8BD0120F9E70021E868EB
:102B2000BDE8F8400BF044B90121F8E70021E8685E
:102B3000BDE8F8400BF048B90121F8E70069FFF75C
:102B400075FD04460028BFD048F281039E42BBD1E8
:102B50000146284600F038FB56E049F202039E4247
:102B600000F0CD8037D80BF0ABF80746E0B9102065
:102B7000F7F764FB0646B8B1394610220CF0AAFDFF
:102B80002B6873606B683381698A002900F0C88004
:102B90002A8A05F114000AF0BEFFF060002840F018
:102BA000BF803046F7F752FB28680AF0A6FF2046A0
:102BB0000BF048F858B120460BF082F838B994F879
:102BC000203043F0800384F820300C23A36120469A
:102BD0000BF03DF818E049F203039E423DD049F264
:102BE00082039E427FF470AF0146284600F004FB4A
:102BF0000AE06B692BB928460BF0A1FEAA6943686D
:102C00001A6028460BF09DFE20460BF069F800285C
:102C100000F08B802046BDE8F8400AF0D6BF90F85F
:102C2000203043F0010380F820300BF030F818B169
:102C30003E4B1868F7F7EAF994F82030204623F065
:102C40000A0384F820300BF04BF810B120460AF04C
:102C5000BCFF2046FFF7FCFCD3E7286969280BD1AD
:102C60006823A361D0E790F82030EE686FF341034A
:102C700080F82030686918B100F06AFBA061C3E7F2
:102C800020460AF0EEFF28B994F8203043F0040300
:102C900084F8203020460AF0E4FF0028B4D0002E4B
:102CA000B2D00021204600F0C5FAADE76B69F3B958
:102CB00028460BF044FEAA6943681A60426892F8FD
:102CC000203043F0040382F82030436822691A61FF
:102CD000436862695A6183684BB105F1180205F1D6
:102CE000300152F8040B8A4243F8040BF9D194F8EE
:102CF0002230002B85D0013B84F8223081E790F808
:102D00002230013380F822307EE728460BF017FE90
:102D10006B6913B9AB69436073E74FF0FF33FAE7B0
:102D2000314620460AF06EFF6EE7F8BDB804012078
:102D300030B585B00546FFF779FC044628B909206F
:102D4000F7F710F94FF0FF300EE000F0E1FC68B942
:102D500020460AF09CFF18B10D4B1868F7F756F99A
:102D60002046FFF775FC002005B030BD00200AF0BA
:102D7000A1FE014608B96920E2E7056101AA47F210
:102D8000090000F0FDFA0028EDD01628EBD0D7E7B7
:102D9000B80401202DE9F04385B0814688461546E8
:102DA0001C460C9FFFF742FC40B90920F7F7DAF800
:102DB0004FF0FF33184605B0BDE8F08314B90FB1EA
:102DC0001620F3E7B8F1290F00F0ED800CDCB8F124
:102DD000010F12D0B8F1060F00F0E180B8F1000F3A
:102DE00000F0DF806D20E1E7B8F58D7F00F088808E
:102DF000B8F5007FF6D11E2D08E03D2DF2DC202D28
:102E00000EDC142D4ED0152D53D0022DEAD13846AC
:102E10000AF050FE0646002840F0C7806920C5E74A
:102E2000A5F121031C2BDDD801A252F823F000BF2D
:102E30000F2E02000F2E0200E52D0200E52D0200EC
:102E4000E52D0200E52D0200E52D02000F2E020007
:102E5000E52D0200E52D0200E52D0200E52D020022
:102E6000E52D0200E52D0200E52D0200E52D020012
:102E7000E52D0200CF2E0200D72E0200DB2E02002D
:102E8000DF2E0200EF2E0200E52D0200E52D0200EC
:102E9000E52D0200E52D0200E52D0200C12E020005
:102EA000F32E02003A46214605B0BDE8F0430BF090
:102EB0004CBD3A46214605B0BDE8F0430BF053BD8A
:102EC0003A46214605B0BDE8F0430BF05ABD012358
:102ED0000422019305E00223FAE70323F8E7042222
:102EE00001920DEB02010BF06CFD034662E7052336
:102EF000EEE73A46214605B0BDE8F0430BF061BD70
:102F00006B1E112B3FF66EAF01A252F823F000BFEB
:102F1000672F0200912F02000F2E0200E52D020004
:102F2000832F0200592F0200E52D0200E52D02003B
:102F3000E52D0200E52D0200E52D0200752F0200AF
:102F40000F2E02000F2E02000F2E0200E52D0200B0
:102F50000F2E02000F2E02003A46214605B0BDE8B2
:102F6000F0430BF051BD3A46214605B0BDE8F043B1
:102F70000BF05EBD3A46214605B0BDE8F0430BF0CC
:102F80006CBD3A46214605B0BDE8F0430BF077BD75
:102F90003A46214605B0BDE8F0430BF07FBD372D22
:102FA00034E71F2D32E7202D30E70023082243723B
:102FB00002728372C372C0F8109040460BF088FC16
:102FC0007061284600F0B8F9B06124B13A46214654
:102FD00030680CF072FB314647F20300776001AABB
:102FE00000F0CEF9034600283FF4E4AEDEE600BF71
:102FF0002DE9F04385B08146884617461D460C9E54
:10300000FFF714FB40B90920F6F7ACFF4FF0FF378C
:10301000384605B0BDE8F08305B10EB90E20F3E7E0
:10302000B8F1290F00F08F800CDCB8F1010F11D03E
:10303000B8F1060F00F08380B8F1000F00F0818036
:103040006D20E1E7B8F58D7F2AD0B8F5007FF7D184
:103050001E2F0EE0152F1CD00ADC042F12D0142FC7
:10306000EED13246294605B0BDE8F0430BF04DBD28
:10307000212FE5D130680AF01DFD0446002864D1F7
:103080006920C1E73246294605B0BDE8F0430BF0A0
:103090002CBD3246294605B0BDE8F0430BF044BDD7
:1030A0007A1E122ACCD801A151F822F02331020055
:1030B0003131020075300200753002001531020016
:1030C000F93002004130020041300200413002007C
:1030D000413002004130020007310200413002005D
:1030E0007530020075300200753002004130020078
:1030F00041300200753002003246294605B0BDE875
:10310000F0430BF020BD3246294605B0BDE8F04340
:103110000BF02BBD3246294605B0BDE8F0430BF05D
:1031200036BD3246294605B0BDE8F0430BF041BD3F
:103130003246294605B0BDE8F0430BF04CBD372FB1
:1031400097E71F2F95E7202F93E70023082243726C
:1031500002728372C372C0F8109040460BF0B8FB45
:103160006061384600F0E8F82146A06101AA47F204
:103170000400D4F8008000F003F9074620B140466F
:103180000AF0C1FC38463FE76268336841469A421C
:1031900028BF1A46284632600CF08FFA40460AF0E3
:1031A000B2FC35E708B5FFF7EFF9FFF7C7FA40B90A
:1031B000012204481146F6F7F5FE002818BF6FF00B
:1031C0002D0008BDB804012010B543690C467BB141
:1031D00091F820306FF3C30381F82030406900F08C
:1031E000B7F8044BA061BDE810401868F6F70EBFB1
:1031F00010BD00BFB804012010B591F820300C4676
:103200006FF3C30381F82030006960B9DBB223F0AB
:10321000140343F0140381F82030054BBDE810403F
:103220001868F6F7F3BE00F093F8A061F5E700BF69
:10323000B80401202DE9F341DFF8E8800546D8F80D
:1032400000000191F6F708FF074650B1019B002BE3
:1032500065D11023AB614FF0FF37384602B0BDE8AF
:10326000F081686CA8B1ECF72CFB461C30460AF0E4
:1032700021FC044678B928460AF00EFD08B16923FE
:10328000AB61D8F80000F6F7C1FE6920F6F76AFED8
:10329000E1E73E46EAE72B6804220361002302725D
:1032A00043728372C37295F84B2005F148010132D5
:1032B0009200826014300CF000FAF6B13246696C6C
:1032C00020680BF05FFF666095F82030042043F023
:1032D0000803224647F2810185F820300AF006FCF7
:1032E00028460AF0D9FC0028B7D128460AF0CFFCBE
:1032F00040B9A8690028B0D0C8E726706670A670EB
:10330000E670E0E7022001A9F6F764FD10F10B0F6B
:1033100005D00028E9D00028B8BF4042B6E77420A5
:10332000B4E700BFB804012003289CBF014B185626
:10333000704700BFED710300023835289ABF034B78
:1033400053F820004FF0FF30704700BF9C0D030082
:1033500070289ABF024B53F820000248704700BF04
:10336000D80B0300ADBAADBA013804289ABF034B9D
:1033700053F820004FF0FF30704700BFC40B03002C
:103380004FF0FF3337B50D4DCA60144615600A463D
:103390000146042001930AF0A9FB2068A84202D04C
:1033A000FFF7D6FF08E0022001A9F6F713FD002879
:1033B000F3D00028B8BF404203B030BDEEC100BC1E
:1033C0002DE9F041056807460C463DB101F4704314
:1033D000B3F5005F04D1404BC3E90015BDE8F081AF
:1033E0003E4E336863B144F20402914264D00CD87B
:1033F00044F2020399424ED044F20303994253D05F
:103400003868BDE8F0410AF078BB44F2012221F4AB
:10341000807393420FD044F203139942F0D1304CA1
:10342000206808B10AF069FB01222E4B1A70256052
:103430000420336826E0DFF8BC80D8F8000008B12B
:103440000AF05BFB44F201339C420CBF03220222D0
:1034500095F85170244B254C1A70C8F8005017F09D
:1034600008053368227810D01AB90520984701233F
:10347000237007F04107012F02D1022033689847DB
:1034800001203368BDE8F0411847002AF1D006203A
:1034900098472570EDE7164C206808B10AF02DFB1F
:1034A000032033682560EDE70D4C206808B10AF071
:1034B00024FB00220B4BB9E72A78032AA0D8DFE8C7
:1034C00002F0020507090720984799E70820FBE763
:1034D0000920F9E70A20F7E7CC040120BC04012009
:1034E000C0040120C1150120C2150120C31501200F
:1034F000C4040120C804012008B50023094A0A4871
:1035000013700A4A13700A4A13700A4A13700A4A5F
:10351000136001221146F6F745FD002818BF6FF031
:103520002D0008BDC3150120D4040120C5150120BC
:10353000C4150120C2150120BC04012010B50B4C9C
:10354000206818B10AF0D9FA00232360084C2068DB
:1035500018B10AF0D2FA00232360064C206818B193
:103560000AF0CBFA00232360002010BDC80401201C
:10357000C4040120C004012030B4074B1C6844B1CE
:1035800043688589A4460268C1899BB2E8B230BC11
:10359000604730BC704700BFD804012037B5012513
:1035A000074C4FF4FA70656109F091FA00236361EA
:1035B0000193256123690193019B03B030BD00BFD6
:1035C0000056004030B50D4D89B0036A03AC019040
:1035D0008DF808300FCD0FC42B6801A823600AF0C6
:1035E00023FA40B9044603AD55F8043B984710B997
:1035F0000134052CF8D109B030BD00BFF80203003A
:10360000034BD3E8EF2FC3E8E10F0029F9D170474E
:10361000DC04012038B50546002850D0436A002B51
:1036200050D0836A002B4DD00124294BD3E8EF2FD3
:10363000002A03D1C3E8E14F0029F7D145D1686AD8
:1036400000F04EF8F6F716FE224BC8209C6609F0F3
:103650003EFA2846FFF7B6FF044640B901221D4B4B
:103660000220DA66FFF7CCFF0024204638BDFFF7C2
:1036700095FF002C11DBAB6A20469847164B9C4205
:103680001AD013DCA4F18864033C012C11D828461D
:10369000FFF798FF04460028E0D001220D4BDA66C0
:1036A000F6F700FE0020FFF7ABFFDEE70B4B9C4276
:1036B000EDD06FF00404F0E76FF00A04EDE76FF06F
:1036C0000D04D2E76FF01504CFE74FF0FF34CCE7DD
:1036D000DC040120005000400500400401005005BA
:1036E000014B1860704700BFE004012007B5044B90
:1036F000CDE900011B686846984703B05DF804FBFC
:10370000E0040120014B1870704700BFC61501206E
:10371000024B1878431E584258417047C615012085
:103720000021074B01221970064B1970064B1960D6
:10373000064B1960064B18600648F6F733BC00BF0D
:10374000C7150120C8150120E8040120EC04012060
:10375000FC040120E4040120024B186808B1F6F7CC
:1037600055BC7047E404012070B4284B1B681969EC
:1037700058691A7C00221A745C7C5A749C7C9A7476
:10378000DC7CDA741C7D1A755C7D5A759C7D03297E
:103790009A75DC7DDA7529D0042929D001290FD149
:1037A00085681B4E954210D11A7A012100221972A8
:1037B000597A5A72997A9A72DA7A6FF05F02DA72EB
:1037C000144B70BC1868F6F721BC911C00EB81010A
:1037D0004C682178622907D0633918BF012149005C
:1037E00046F821400132DDE70121F9E7187ADEE7EA
:1037F000187A1972597A5A72997A9A72DA7A6FF03B
:103800005F02DA720122044B1A70D9E7FC0401202E
:10381000F0040120E4040120C815012008B50A4A7B
:103820000A4B93420ED90A4917230A4A0A4807F05D
:103830004BF80A4807F048F81721064807F03BF80C
:103840001433EEE7FCD308BD34FB020008FA020093
:1038500014720300F1710300221503008F1E030090
:1038600010B50446EFF7B8FE03480121034A07F0FC
:103870009CFD20460BF016FA38FE02002C72030065
:103880002DE9F84304460D4600AFEFF311882023DD
:1038900083F31288BFF36F8F0428314A98BF314BEE
:1038A000E9468AB09668117C98BF53F820306A4682
:1038B00088BF2D4BC2E9073140F201332B48938476
:1038C0002B4BC2E9050442F8103F00234FF431515D
:1038D0002848EFF7EDFFCD4645B1EB69C3F3080388
:1038E00023B10121244A234807F05FFD2EB1304661
:1038F0000BF09BFA08B1037803B92048E9468AB077
:103900006A461F4BD061C2E9053640F20133138489
:103910001C4B42F8103F00234FF411511548EFF7AC
:10392000C7FF2946CD462046FFF79AFF042C0CD14D
:1039300015498623154A164806F0C6FF154806F0B5
:10394000C3FF8621114806F0B6FF88F31188BFF344
:103950006F8F3046F1F756FCBD46BDE8F88300BFD7
:1039600000050120740E03003B7203005172030036
:103970000500000138FE020079720300497203005D
:103980009A72030004000001D4720300B2720300B3
:1039900022150300F172030038B5094B53F820409B
:1039A000013053F82050A54200D838BD636823B1D8
:1039B00020460BF07FF90834F5E723689847FAE7CB
:1039C000880E0300012270B5374B032086B01A70B1
:1039D000FFF7E2FFF1F72AF80420FFF7DDFF334C91
:1039E000334DAC42264628D932494323324A334824
:1039F00006F06AFF324806F067FF43212E4806F0C2
:103A00005AFF54F80C3C059354F8103C049354F8B6
:103A1000143C039354F8183C029354F81C3C019353
:103A200054F8203C009354E90A2354E90C0101F0B6
:103A30002BF954F8303C5E65D3E7AE4204F1300414
:103A4000DFD301F0A1FF194C1E4EAC421FD919491A
:103A50006723194A194806F037FF194806F034FF62
:103A60006721CBE7D4E90A23B3F1FF3F08BFB2F1E6
:103A7000FF3F05D052EA0301206803D10BF0D7F9CC
:103A80003034E2E73146183002F06AFCF8E7E9D357
:103A900001F0E8FFEDF7CAFD0B4A137B23F00103A9
:103AA000137306B070BD00BFC915012040FD0200B0
:103AB00070FD020091730300707303002215030070
:103AC0008F1E0300A5EE020020F8002008B5034871
:103AD000034A0021121A0BF005F908BDB8CC0020EA
:103AE000CC150120C82370B5134E012203FB0066DC
:103AF000002386B0CDE904230F220193CDE90232E1
:103B000018234FF4A0720D4D0D4903FB00550446D8
:103B100002FB00110B4B3046009501F0B5F8737BAA
:103B20002C7423F004037373074B013403EBC42399
:103B3000EE606B6006B070BD58F7002000050120F4
:103B4000D0690120B53E0200D0610120BFB5002040
:103B5000FFF722FF2E4B03F5006282F3088883F300
:103B60000A880024E0232B4D2B4E85F82230EC7779
:103B70002C766C76AC7685F820406B6A274F43F440
:103B8000E0236B6285F82340F1F794FAF1F7E2FC49
:103B90004FF0FF33AB62EB62F1F7B2FEF1F7FEFCE0
:103BA000EFF772FC40F201131D4D2846AB81C5E9C9
:103BB000194403F071FBB560FFF730FE0120FFF7F9
:103BC000EBFE0220174DFFF7E7FE01F0C7FF164B93
:103BD000B5610593012315494FF48052CDE90343A4
:103BE00028463B46CDE90144009401F04DF80646D5
:103BF0006A7B284622F004026A7301F0DDFA20464F
:103C0000FFF770FF3A4631462846F1F773FC00BFD4
:103C1000D061012000ED00E000050120C53902005F
:103C2000D0F9002020F80020BE730300106B0120A3
:103C300038B50D4C0D4DAC4213D90D4919230D4A21
:103C40000D4806F041FE0D4806F03EFE19210948D8
:103C500006F031FE2046D4E901120BF047F8183483
:103C6000E9E7F7D3002038BDB0CA0020E0CA002041
:103C7000E8730300C6730300221503008F1E0300C0
:103C80002DE9F04F064689B09046DDE9122306A8DB
:103C90009946174605910BF01FF9DDE90634CDE989
:103CA000023406F11404EFF31185202383F3128804
:103CB000BFF36F8F204602F0ADFA60B98823364A11
:103CC0003649374806F000FE2146364806F0FCFD2E
:103CD0008821314833E0204602F0C0FAEFF3058333
:103CE000FBB94FF0200B06F10C0A4246304605990D
:103CF000EDF734FD034620B32046029302F098FA14
:103D0000029B00283FD140F23113234A2649244820
:103D100006F0DAFD2146254806F0D6FD40F23111C5
:103D2000D7E757EA0903DCD021494B23214A1C4835
:103D300006F0CAFD204806F0C7FD4B211D4806F0DD
:103D4000BAFD57EA0907D7D0DDE9022306A80BF030
:103D5000E7F8DDE906232946CDE90023174620468A
:103D60005246994601F05EFBEFF311858BF3128802
:103D7000BFF36F8F204602F04DFA00289ED02046F8
:103D800002F06CFAB1E785F31188BFF36F8F184624
:103D900009B0BDE8F08F00BF741C0300A11C030034
:103DA00022150300B61C0300CC1C0300E31C030017
:103DB00001740300C6730300D62E0300F8B5054650
:103DC0000E4600F11404EFF31187202383F31288C9
:103DD000BFF36F8F204602F01DFA68B988231B4A93
:103DE0001B491C4806F070FD21461B4806F06CFD7F
:103DF0008821164806F05FFD204602F02FFA28467B
:103E00003146EDF75DFC05F10C000BF04FF828B1E1
:103E100039462046BDE8F84001F00ABD204602F0D0
:103E200007FA68B940F23113084A0C49094806F00C
:103E30004BFD21460A4806F047FD40F23111D8E714
:103E400087F31188BFF36F8FF8BD00BF741C0300A8
:103E5000A11C030022150300B61C0300CC1C0300A8
:103E6000E31C0300002038B50C4C0D4DAC4213D9B7
:103E70000C4995230C4A0D4806F026FD0C4806F027
:103E800023FD9521084806F016FD20460AF041FF63
:103E9000002802DB2034E9E7F7D338BDB0CA0020A0
:103EA000B0CA00206C74030047740300221503009D
:103EB0008F1E030008B50D4B9B6893F90E30002B45
:103EC00009DB2024EFF3118384F31288BFF36F8F93
:103ED00007F065FCF6E7064906482A23064A06F07D
:103EE000F3FC2A21044806F0E6FC00BF000501208F
:103EF000AA74030022150300897403002DE9F3411D
:103F0000044617461E46EFF3058565B158496F23F1
:103F1000584A594806F0D8FC584806F0D5FC6F219D
:103F2000544806F0C8FCEFF31188202383F312886D
:103F3000BFF36F8F524802F06DF960B98823514A80
:103F400051494D4806F0C0FC4D49504806F0BCFCB4
:103F500088214C48E5E74A4802F080F9E3684C4A7A
:103F60009BB1A0689168884229D057EA06032ED1F8
:103F7000434802F05DF9A0B188F31188BFF36F8F59
:103F80006FF00F0002B0BDE8F081916891F90E105A
:103F90000133E36093683A482161A36002F048F975
:103FA00078B940F23113374A3A49334806F08CFC6D
:103FB0003349394806F088FC40F23111C9E72169DC
:103FC000E6E788F31188BFF36F8F0020DAE791F9F5
:103FD0000E1090F90E306FF07E029942A8BF19467C
:103FE0009142B8BF11468B4202DD0AF0A8FE054699
:103FF00022464146CDE90076214801F013FA002817
:10400000E3D0EFF31186202383F31288BFF36F8F81
:104010001B4802F0FFF8002890D0194802F01EF962
:10402000A068C0B1236821699C420AD04BB193F9C2
:104030000E309942A8BF19466FF07E039942B8BF6F
:1040400019460AF07CFE30B131460D4801F0F0FB14
:104050006FF00A0096E7002DF6D1094802F0E8F863
:1040600000289ED086F31188BFF36F8FF0E700BF62
:10407000F4740300D27403002215030006750300D4
:1040800028050120741C0300A11C0300B61C0300BA
:1040900000050120CC1C0300E31C030070B504469E
:1040A000EFF3058666B13849D723384A384806F019
:1040B0000BFC384806F008FCD721344806F0FBFB1F
:1040C0008368002B5AD0344A9268934259D1C3680E
:1040D0003BB93249EF232D4A2D4806F0F5FBEF217D
:1040E000EBE7012B03D0013BC360002070BDEFF371
:1040F0001185202383F31288BFF36F8F284802F0C5
:1041000089F860B98823274A2749214806F0DCFB53
:104110002349264806F0D8FB88212248CEE72048CC
:1041200002F09CF82169A0680AF009FE204601F01F
:104130004DFAA06050B190F90E202261C66701F0DF
:104140003BF82946164801F073FBCEE7E0601448BF
:1041500002F06EF868B940F23113124A14490C4863
:1041600006F0B2FB0E49134806F0AEFB40F23111E7
:10417000D3E785F31188BFF36F8FB6E76FF01500B3
:10418000B4E74FF0FF30B1E7F4740300D2740300DA
:104190002215030006750300000501202B7503009E
:1041A00028050120741C0300A11C0300B61C030099
:1041B000CC1C0300E31C03002DE9F04704460E4627
:1041C000904699469DF820A000F10805EFF311876D
:1041D000202383F31288BFF36F8F284602F01AF86A
:1041E00068B988233C4A3D493D4806F06DFB2946A5
:1041F0003C4806F069FB8821374806F05CFB2846FE
:1042000002F02CF8BAF1000F00D0666804F10C003F
:1042100001F0DCF958B10023C0F81480C36700F046
:10422000CBFF2846394601F003FB00201EE0B9F120
:10423000000F2DD0082103F035F8C8B9284601F049
:10424000F7FF68B940F23113234A2749244806F0A2
:104250003BFB2946254806F037FB40F23111CBE7FE
:1042600087F31188BFF36F8F6FF00B00BDE8F08705
:104270000122C0F804800260016801F003015EB908
:1042800022680A430260626820606AB960600BE0DD
:104290004046C8F80090EFE73268032A10D8016062
:1042A000616839B9C4E90000042104F1140002F086
:1042B000DBFEB6E70A6802F0030202430A60E5E7A4
:1042C00022F003020A430260326802F0030240EA6D
:1042D00002033360E8E700BF741C0300A11C030065
:1042E00022150300B61C0300CC1C0300E31C0300D2
:1042F0002DE9F743064690461F4600F10805EFF307
:104300001189202383F31288BFF36F8F284601F0B1
:1043100081FF68B98823254A2549264806F0D4FA42
:104320002946254806F0D0FA8821204806F0C3FA2D
:10433000284601F093FF3468FCB12368726823F0CB
:104340000303944220464FF00101336008BF7360BD
:104350000AF004FD0446284601F06AFFE8B940F27D
:104360003113124A1549134806F0AEFA294614488B
:1043700006F0AAFA40F23111D7E758EA0703EAD06B
:1043800049462846CDE9008706F10C0201F04AF8BB
:1043900038B90C4B9B685C6903E089F31188BFF363
:1043A0006F8F204603B0BDE8F08300BF741C03008C
:1043B000A11C030022150300B61C0300CC1C030043
:1043C000E31C03000005012038B50446EFF3118516
:1043D000202383F31288BFF36F8F174801F01AFF71
:1043E00068B98823154A1649164806F06DFA12492D
:1043F000154806F069FA8821104806F05CFA0E4864
:1044000001F02CFF204601F0E1F848B10022C2671C
:1044100000F0D2FE2946BDE83840074801F008BA4E
:10442000D4E902329A4218BF01330221A36004F199
:10443000100002F019FEEDE72C050120741C0300AA
:10444000A11C030022150300B61C0300F7B50446A7
:1044500016461D46EFF305837BB152EA05030CD0E7
:104460002D4988232D4A2E4806F02EFA2D4806F0B5
:104470002BFA8821294806F01EFAEFF31187202332
:1044800083F31288BFF36F8F274801F0C3FE60B932
:104490008823264A2649224806F016FA224925484A
:1044A00006F012FA88212148E5E71F4801F0D6FE00
:1044B000A368D3B1013B1C48A36001F0B9FE68B901
:1044C00040F23113194A1C49154806F0FDF9164906
:1044D0001A4806F0F9F940F23111E4E787F3118840
:1044E000BFF36F8F002003B0F0BD56EA05030BD178
:1044F0000D4801F09DFE0028E2D087F31188BFF33C
:104500006F8F6FF00F00EEE722463946CDE9006568
:10451000054800F087FFE6E7627503004275030077
:1045200022150300D62E03002C050120741C030065
:10453000A11C0300B61C0300CC1C0300E31C0300F9
:1045400070B50446EFF31185202383F31288BFF37F
:104550006F8F154801F05EFE68B98823134A14492D
:10456000144806F0B1F91049134806F0ADF9882156
:104570000E4806F0A0F90C4801F070FE6FF00A0634
:10458000204601F023F818B1C66700F015FEF7E7E2
:10459000A060022104F1100002F066FD2946BDE88A
:1045A0007040014801F044B92C050120741C03003F
:1045B000A11C030022150300B61C03001FB5094A05
:1045C00002AB92E803004FF4006283E8030000931B
:1045D00005494FF0FF33054800F074FA002005B09C
:1045E0005DF804FB20030300107B0120E8F80020A5
:1045F0002DE9F04305466D4E6D4F85B0EFF3118800
:10460000202383F31288BFF36F8F304601F002FE40
:1046100068B98823674A6849684806F055F96349CC
:10462000674806F051F98821624806F044F930469F
:1046300001F014FED5F8C840ACB9022105F1E00044
:104640000AF0B3FB002837D100234FF0FF3202936A
:104650004FF0FF334146CDE90023304605F1D0024B
:1046600001F0EEFCCAE7D5F8CC202368944208BFDD
:10467000C5F8CC30C5F8C830D5F8E030304643F046
:104680000203C5F8E030E368D4F8049023F0040393
:1046900043F00103E36001F0CBFDB8B940F2311300
:1046A000444A4849454806F00FF94049464806F053
:1046B0000BF940F23111B7E705F1D80400220121CE
:1046C000204601F05FFC0028F8D1BDE788F311888F
:1046D000BFF36F8FB9F1000F0AD13C49374840F260
:1046E000AF233B4A06F0F0F840F2AF2138489CE790
:1046F0002046C847EFF31188202383F31288BFF3C5
:104700006F8F304601F086FD002882D0304601F0E0
:10471000A5FDE368D90623F0010231D4E260E36825
:104720009A0716D5386823F00203E36088B10021A8
:10473000036870B14268944230D1036841BB7A6823
:104740003B60824200D17B60002340F8083BFFF7CA
:104750003BFED5F8E030304623F00203C5F8E030E8
:10476000C3F3002401F064FD002897D088F311887A
:10477000BFF36F8F002C7FF441AF01F0F7F93DE7F5
:1047800023F01103E36004F11000FFF71DFEC6E7FC
:104790000B607B68834208BF7960D5E723B11A6854
:1047A000014618461346C4E71A46F9E738050120C2
:1047B00030050120741C0300A11C03002215030016
:1047C000B61C0300CC1C0300E31C0300FB750300B4
:1047D000B9750300F8B5C36804469A070F46C3F3DA
:1047E000400639D45B0725D40B680BB983680B608E
:1047F000E368DD0721D5A3685BB9284928484FF451
:10480000AF73284A06F060F84FF4AF71254806F000
:1048100052F802263B603D68002D3CD0224B9B683D
:10482000AB420CD0D5F8E030D807C3F3800216D4E1
:104830006FF0120600233B6027E00126EBE70AF049
:10484000EBFAD5F8E0300028EED1D907C3F3C00267
:10485000EED552B15B0708D46FF00F06EAE7002AE5
:10486000FAD1C3F3C003002BF6D100232360D5F89F
:10487000CC3063B9C5E9324428460AF0B0FAE3689F
:1048800043F00403E3603B68A3603046F8BD1C605E
:10489000C5F8CC40F0E76FF01506CBE7DA750300FA
:1048A00022150300B97503000005012073B5044605
:1048B000EFF31185202383F31288BFF36F8F1E4817
:1048C00001F0A8FC68B988231C4A1D491D4805F061
:1048D000FBFF19491C4805F0F7FF8821174805F030
:1048E000EAFF154801F0BAFC00230321201F0193C1
:1048F000A4F110060AF059FA28B1A369304601A9BB
:104900000193FFF767FF0C4801F092FC68B940F291
:1049100031130A4A0D490B4805F0D6FF06490C48E9
:1049200005F0D2FF40F23111D8E785F31188BFF3CB
:104930006F8F02B070BD00BF38050120741C0300EA
:10494000A11C030022150300B61C0300CC1C0300AD
:10495000E31C030038B50446EFF31185202383F3ED
:104960001288BFF36F8F184801F054FC68B9882390
:10497000164A1749174805F0A7FF1349164805F0CE
:10498000A3FF8821114805F096FF0F4801F066FC4F
:10499000E4680D4804F01F0401F04AFC68B940F2D5
:1049A00031130A4A0D490B4805F08EFF06490C48A1
:1049B00005F08AFF40F23111E4E785F31188BFF377
:1049C0006F8F204638BD00BF38050120741C0300DE
:1049D000A11C030022150300B61C0300CC1C03001D
:1049E000E31C030037B50C46019059B928494FF430
:1049F000C273284A284805F067FF4FF4C271254862
:104A000005F059FF4B684BB9244940F28513214A00
:104A1000214805F059FF40F28511F0E7EFF31185C9
:104A2000202383F31288BFF36F8F1D4801F0F2FB40
:104A300060B988231B4A1C49174805F045FF1849EF
:104A40001A4805F041FF88211648D9E7144801F0BB
:104A500005FC204601A9FFF7BDFE0446104801F001
:104A6000E7FB68B940F231130E4A11490A4805F0D4
:104A70002BFF0B490F4805F027FF40F23111E3E708
:104A800085F31188BFF36F8F204603B030BD00BFA0
:104A900053760300B975030022150300F575030072
:104AA00038050120741C0300A11C0300B61C030080
:104AB000CC1C0300E31C0300014601480AF096B930
:104AC000E8F80020F0B589B004460E9D58B92E498B
:104AD00040F2DF232D4A2E4805F0F6FE40F2DF219A
:104AE0002A4805F0E8FE49B92A494FF43873274AA5
:104AF000274805F0E9FE4FF43871F1E7D0F8E000FF
:104B000010F0010009D0244940F2E1231F4A204857
:104B100005F0DAFE40F2E121E2E7C4E9320004F1F7
:104B2000D000C4E9340004F1D800C4E936004DB324
:104B30002879002840F2011008BF0120C4F8E000E5
:104B400000204FF0FF364FF0FF37CDE90330CDE9BD
:104B50000100CDE906672046104B009400F0F8F8FC
:104B600055B1296811B120460AF05CF96B791BB187
:104B7000237B43F001032373204609B0BDE8F040D6
:104B80000AF055B90120D9E712760300B975030080
:104B900022150300187603001E760300F14502007B
:104BA000F7B516461D460C46019059B92C492D48BB
:104BB00040F2F9332C4A05F087FE40F2F9312A48D9
:104BC00005F079FEEFF31187202383F31288BFF3FA
:104BD0006F8F264801F01EFB60B98823244A2549BF
:104BE000204805F071FE2149234805F06DFE88211B
:104BF0001F48E5E71D4801F031FB20460AF0E0F8C8
:104C000055EA060316D1204601A9FFF7E3FD044645
:104C1000164801F00DFBE0B940F23113144A174970
:104C2000104805F051FE1149154805F04DFE40F2BF
:104C30003111DDE7E36804F1100043F00803E3609D
:104C4000019B3246A3620F492B4601F089FB0124E8
:104C5000DEE787F31188BFF36F8F204603B0F0BD06
:104C60005276030022150300B975030038050120B0
:104C7000741C0300A11C0300B61C0300CC1C030021
:104C8000E31C0300AD4802002DE9F04385B00F9D01
:104C900004460F2D0E46984637D1274B984538D1FC
:104CA00004F15803C4E91633109B0027237304232F
:104CB0000732A57322F0070506EB05094946637321
:104CC0002046C4E90677A760E773EFF751FF0E9B14
:104CD000073020F00700E066C4E9196502930D9BD8
:104CE000A9EB000901930C9B4A46009331464346C9
:104CF0002046F0F7BBFB114B67659B6803B11B6F48
:104D00004846236705B0BDE8F08305F110031E2B6C
:104D1000C6D94FF403730A4A0A490B4805F0D4FD7B
:104D200029460A486FF00F030E2205F0CDFD4FF41F
:104D30000371034805F0BFFDB53E020000050120E8
:104D4000677603008A760300221503000A770300C2
:104D5000F0B587B00446DDE91276EFF3058575B14D
:104D6000194940F29623194A194805F0ADFD194832
:104D700005F0AAFD40F29621144805F09CFD05952A
:104D8000109D04950F9D03950E9D02950D9D019517
:104D90000C9D0095FFF778FFB6F1FF3F08BFB7F114
:104DA000FF3F05D056EA070305D1204600F086FDF7
:104DB000204607B0F0BD3A463346074904F11800D3
:104DC00001F0CEFAF4E700BFF47403006776030045
:104DD000221503003B770300A5EE020038B5144D01
:104DE0002B4653F81C4F9C4200D004B9EC68AB68CA
:104DF000A8B963B90F49C8230F4A104805F064FDEC
:104E00000F4805F061FDC8210B4805F054FD5A7BA1
:104E1000D20604D1A26912B9DA897F2A05D89C4248
:104E200002D0204601F06AF92346AB6138BD00BFCD
:104E3000000501208C770300607703002215030032
:104E4000D62E030008B590F90D200146002A437BB9
:104E500011DA03F07F0343730B4B984209D10B49DE
:104E60000B4880230B4A05F02FFD8021094805F0EF
:104E700022FD09F0DEFF084B9868431A584258415A
:104E8000BDE80840FFF7AABF58F70020D577030018
:104E900022150300B37703000005012008B58368DD
:104EA0005BB90A490A4840F22E230A4A05F00CFD74
:104EB00040F22E21074805F0FEFC09F0BAFF437BC3
:104EC00023F0020343730023836008BDF6770300D9
:104ED00022150300B377030070B590F90D30427BC3
:104EE000002B38DBD30636D18369002B33D162F037
:104EF0007F024273184A904209D118491848792311
:104F0000184A05F0E1FC7921164805F0D4FC164951
:104F10000A4652F81C4F944218BF23460C6A23B924
:104F2000C0E90024206008620CE090F90E5093F96B
:104F30000E60B5420BD0AE4209DD5A68C0E90032BE
:104F4000106058600020BDE87040FFF747BFA342E3
:104F5000E6D01B68E3E770BD58F70020D577030063
:104F600022150300B3770300000501202DE9F84363
:104F7000171E0E4614BF08211021427B0446114221
:104F80000FD141EA0203D20928D14373082937D04F
:104F90000120FFF723FFBFF35F8F637B23F06003E4
:104FA00063734D4B9B68A3427DD1EFF30583002BC8
:104FB00079D14A4801F03CF9002863D140F26B13E3
:104FC000474A4849484805F07FFC4449474805F0AE
:104FD0007BFC40F26B11424805F06DFC03F07F034F
:104FE0004373434B984208D142498023424A3E488A
:104FF00005F06AFC80214048EEE709F01AFFC5E79A
:10500000A36813B12046FFF749FF04F1180001F02F
:105010006DFA4FF0000904F15808A56D454500D020
:1050200065B9DFF8B480D8F808309C4213D001206D
:10503000FFF7D4FE2046F0F739FAACE72846FFF731
:105040002DFF05F1180001F051FA2846C5F87C90B3
:10505000FFF742FFE1E7EFF30583002BE7D00120E4
:10506000FFF7BCFE2046F0F721FA40F20113234D72
:10507000AB8100232846C5E9193302F00DF9C8F8C1
:10508000085088E73046F0F7D3F817B31C4940F2D0
:10509000E513194A144805F017FC1A4805F014FCEA
:1050A00040F2E511A7E70D4801F0C2F868B940F2F7
:1050B00031130B4A0B490C4805F006FC07490B4815
:1050C00005F002FC40F2311185E786F31188BFF349
:1050D0006F8FBDE8F88300BF000501203C0501206B
:1050E000741C0300CC1C030022150300E31C030006
:1050F00058F70020D5770300B3770300D0F90020DC
:105100000D7803001878030070B590F90D20014662
:10511000002A437B234C10DA03F07F03A042437341
:1051200009D121498023214A214805F0CDFB802166
:105130001E4805F0C0FB09F07CFE4B7BA14263F0EA
:105140007F034B7307D118497923184A184805F093
:10515000BBFB7921ECE7174A104650F81C3F146A54
:10516000834208BF002323B9C1E900042160116212
:105170000CE091F90E5093F90E60B5420ED0AE429C
:105180000CDD5868C1E90030016059609068BDE8E5
:105190007040431A58425841FFF720BE9C42E3D06A
:1051A0001B68E0E758F70020D5770300B3770300CA
:1051B000221503000005012038B50446EFF31185E0
:1051C000202383F31288BFF36F8F174801F022F872
:1051D00068B98823154A1649164805F075FB124927
:1051E000154805F071FB8821104805F064FB0E4856
:1051F00001F034F82046FFF76FFE0B4801F018F875
:1052000068B940F23113094A0C490A4805F05CFBC1
:1052100005490B4805F058FB40F23111E4E785F3EE
:105220001188BFF36F8F38BD3C050120741C03004B
:10523000A11C030022150300B61C0300CC1C0300B4
:10524000E31C030038B50446183001F04FF9EFF3C2
:105250001185202383F31288BFF36F8F1A4800F063
:10526000D9FF68B98823194A19491A4805F02CFB57
:105270001549194805F028FB8821144805F01BFB47
:10528000114800F0EBFF627B12F0100216D00E48BE
:1052900000F0CEFF68B940F231130C4A0F490D48B7
:1052A00005F012FB08490E4805F00EFB40F23111E3
:1052B000E3E785F31188BFF36F8F38BD2946204699
:1052C000BDE83840FFF752BE3C050120741C0300C6
:1052D000A11C030022150300B61C0300CC1C030014
:1052E000E31C030038B50446EFF31185202383F354
:1052F0001288BFF36F8F184800F08CFF68B98823BD
:10530000164A1749174805F0DFFA1349164805F001
:10531000DBFA8821114805F0CEFA0F4800F09EFF15
:10532000A36813B12046FFF7B9FD0B4800F080FFDA
:1053300068B940F23113094A0C490A4805F0C4FA29
:1053400005490B4805F0C0FA40F23111E2E785F358
:105350001188BFF36F8F38BD3C050120741C03001A
:10536000A11C030022150300B61C0300CC1C030083
:10537000E31C030070B504460D46EFF311862023AD
:1053800083F31288BFF36F8F1F4800F043FF68B9A3
:1053900088231E4A1E491F4805F096FA1A491E48DE
:1053A00005F092FA8821194805F085FA164800F0B0
:1053B00055FF637B13F0280F0CD1A36813B120466F
:1053C000FFF76CFD637BBDB903F0FB0320466373FD
:1053D000FFF782FD0C4800F02BFF80B940F231133B
:1053E0000A4A0E490B4805F06FFA07490C4805F0C8
:1053F0006BFA40F23111D6E703F0EB03E6E786F3F0
:105400001188BFF36F8F70BD3C050120741C030031
:10541000A11C030022150300B61C0300CC1C0300D2
:10542000E31C03002DE9F047DFF800A1344D1746D7
:10543000DDE90898DAF80820324BA84204460E4607
:105440001A600BD13049314840F2A323304A05F0AD
:105450003BFA40F2A3212E4805F02DFAEFF3118319
:10546000202383F31288BFF36F8F284600F0D2FE0B
:1054700060B98823274A2849244805F025FA294697
:10548000264805F021FA88212248E5E7284600F061
:10549000E5FEDAF808503946284609F0D2FCB8F1A2
:1054A000FF3F08BFB9F1FF3F06D04A4643461C49BB
:1054B00005F1180000F054FF204600F0B9FE68B96D
:1054C000184940F26B13134A104805F0FDF92146C4
:1054D000154805F0F9F940F26B11D5E7084800F0DE
:1054E000A7FE40B90F4940F26B130A4A074805F07E
:1054F000EBF90349ECE73046BDE8F047EFF798BE1B
:105500003C050120400501203A78030022150300E4
:10551000B3770300741C0300A11C0300B61C030036
:10552000A5EE0200CC1C0300E31C030000050120D3
:1055300070B50546EFF31186202383F31288BFF37D
:105540006F8F1B4800F066FE68B98823194A1A4914
:105550001A4805F0B9F91649194805F0B5F9882136
:10556000144805F0A8F9124800F078FE2C68A5420E
:1055700015D014B12046FFF791FC0D4800F058FEFD
:1055800078B940F231130B4A0E490C4805F09CF9EA
:1055900007490D4805F098F940F23111E0E7002481
:1055A000EBE786F31188BFF36F8F204670BD00BF15
:1055B0003C050120741C0300A11C030022150300FC
:1055C000B61C0300CC1C0300E31C030070B50546A9
:1055D000EFF31186202383F31288BFF36F8F1D48EA
:1055E00000F018FE68B988231B4A1C491C4805F0C6
:1055F0006BF918491B4805F067F98821164805F032
:105600005AF9144800F02AFE2C68A54219D034B18A
:105610002046FFF743FC04F1180000F067FF0D4837
:1056200000F006FE78B940F231130B4A0E490C48DF
:1056300005F04AF907490D4805F046F940F23111E5
:10564000DCE70024EBE786F31188BFF36F8F204679
:1056500070BD00BF3C050120741C0300A11C0300A9
:1056600022150300B61C0300CC1C0300E31C03003E
:1056700038B50446EFF31185202383F31288BFF376
:105680006F8F1B4800F0C6FD68B98823194A1A4974
:105690001A4805F019F91649194805F015F9882135
:1056A000144805F008F9124800F0D8FDA36813B1BA
:1056B0002046FFF7F3FB0E4800F0BAFD68B940F250
:1056C00031130C4A0F490D4805F0FEF808490E4801
:1056D00005F0FAF840F23111E2E785F31188BFF3E3
:1056E0006F8F04F11800BDE8384000F0FFBE00BF26
:1056F0003C050120741C0300A11C030022150300BB
:10570000B61C0300CC1C0300E31C03002DE9F04190
:1057100004460E46EFF31188202383F31288BFF36B
:105720006F8F384800F076FD074660B98823364A07
:105730003649374805F0C8F83249364805F0C4F80C
:105740008821314815E02F4800F088FD637BDA0698
:1057500011D1A5697DB903F07F0363732E4B9C4281
:105760001ED12E492A4880232D4A05F0ADF880210C
:105770002B4805F0A0F80027A673224800F058FD3A
:10578000002837D140F231131F4A2649204805F03E
:105790009BF81C49244805F097F840F23111D0E7F6
:1057A000204609F046FB637B204A63F07F03637366
:1057B000134671B2A17353F81C0F984218BF0546E7
:1057C000106A25B9C4E90030046014620AE095F952
:1057D0000E60B1420AD08E4208DD6B68C4E9005306
:1057E0001C606C600120FFF7F9FAC6E7A842E9D017
:1057F0002D68E6E788F31188BFF36F8F3846BDE860
:10580000F08100BF3C050120741C0300A11C0300B3
:1058100022150300B61C030058F70020D5770300BB
:10582000B3770300CC1C0300E31C03000005012038
:1058300070B504460D46F9B9EFF30586E6B91A4B83
:105840009A699B689A4217D000F0F2FC78B940F24E
:105850006B13164A1649174805F036F821461648C4
:1058600005F032F840F26B11104805F024F830468C
:10587000BDE87040EFF7DCBC204600F0D9FC68B909
:1058800040F23113094A0A490A4805F01DF8214639
:10589000094805F019F840F23111E5E785F3118860
:1058A000BFF36F8F70BD00BF00050120741C0300A3
:1058B000CC1C030022150300E31C030038B504468A
:1058C000EFF31185202383F31288BFF36F8F1D48F8
:1058D00000F0A0FC68B988231B4A1C491C4804F04E
:1058E000F3FF18491B4804F0EFFF8821164804F025
:1058F000E2FF144800F0B2FC637B5A0716D411484B
:1059000000F096FC68B940F231130F4A1249104872
:1059100004F0DAFF0B49114804F0D6FF40F23111D0
:10592000E4E785F31188BFF36F8F38BD23F00403DC
:1059300020466373FFF7D0FA2946BDE83840014896
:10594000FFF776BF3C050120741C0300A11C030077
:1059500022150300B61C0300CC1C0300E31C03004B
:10596000034648B9EFF3058232B9064A9169926855
:10597000914201D0EFF75CBC83F31188BFF36F8FC6
:10598000704700BF0005012010B5EFF311842023FC
:1059900083F31288BFF36F8F264800F03BFC60B999
:1059A0008823254A2549264804F08EFF21492548A9
:1059B00004F08AFF8821204810E01E4800F04EFCC9
:1059C000EFF3058363B120498B23204A1C4804F080
:1059D0007BFF1F4804F078FF8B211C4804F06BFF0D
:1059E0001C4B9A68D37B012B0AD11B498C23174A85
:1059F000134804F069FF164804F066FF8C21ECE7B9
:105A0000013BD3730B4800F013FC68B940F231132B
:105A1000094A12490A4804F057FF0649104804F0A1
:105A200053FF40F23111C6E784F31188BFF36F8F43
:105A300010BD00BF3C050120741C0300A11C030025
:105A400022150300B61C0300F474030073780300EE
:105A5000D62E0300000501209E780300CC1C030015
:105A6000E31C030038B5EFF31185202484F312887A
:105A7000BFF36F8F2D4800F0CDFB60B988232C4A0F
:105A80002C492D4804F020FF28492C4804F01CFF25
:105A90008821274813E0254800F0E0FB284B9A684E
:105AA000D37B73B9274940F23133274A224804F0A7
:105AB0000BFF264804F008FF40F23131224804F081
:105AC000FAFEEFF3058060B1214940F232331E4AFD
:105AD000194804F0F9FE1D4804F0F6FE40F2323198
:105AE000ECE70133D373FFF779F9104800F0A0FB1E
:105AF00068B940F231130E4A16490F4804F0E4FE2B
:105B00000A49154804F0E0FE40F23111C1E785F37F
:105B10001188BFF36F8FEFF3118084F31288BFF306
:105B20006F8FBDE83840FFF71BBF00BF3C05012069
:105B3000741C0300A11C030022150300B61C030003
:105B400000050120CF780300B3770300D62E0300B1
:105B5000F4740300CC1C0300E31C0300024B03F1AC
:105B60001C02C3E90722704700050120F8B5EFF3D6
:105B700005836BB1414940F23643414A414804F044
:105B8000A3FE414804F0A0FE40F236413C4816E036
:105B9000EFF31185202383F31288BFF36F8F3B4807
:105BA00000F038FB68B98823394A3A49354804F08F
:105BB0008BFE3649384804F087FE8821344804F0CB
:105BC0007AFE324800F04AFB3449354C8868437B02
:105BD000A04203F07F03437307D132498023284A50
:105BE000284804F071FE8021D0E709F022F98B6883
:105BF0005A7BA34262F07F025A7307D12949792365
:105C00001F4A204804F060FE7921BFE7084650F89B
:105C10001C2F0C6A824208BF002222B9C3E900048B
:105C200023600B620CE093F90E6092F90E70BE4295
:105C30001BD0B74219DD5168C3E900210B605360E6
:105C40000120FFF7CBF8114800F0F2FA88B940F2D2
:105C50006B130F4A14490B4804F036FE0B491348E6
:105C600004F032FE40F26B11A8E7A242D6D01268CF
:105C7000D3E72846BDE8F840EFF7DABAF47403003A
:105C8000B377030022150300D62E03003C05012044
:105C9000741C0300A11C0300B61C030000050120B6
:105CA00058F70020D5770300CC1C0300E31C030049
:105CB0002DE9F04105460E46EFF305836BB13F49F0
:105CC00040F251433E4A3F4804F0FEFD3E4804F096
:105CD000FBFD40F251413A4824E050EA010303D170
:105CE000FFF744FF002067E0821C71F1FF331BDBEC
:105CF00009F0ECF82C18EFF31188202383F31288B5
:105D0000BFF36F8F314800F085FA88B98823304A95
:105D100030492C4804F0D8FD2C492F4804F0D4FD1C
:105D200088212B4804F0C7FD6FF00104241AE2E734
:105D30002A4F264800F092FAB868294B1860FFF7FE
:105D400081F8B8682A4633461830264900F008FB27
:105D5000BA681E48537B43F01003537300F068FA8F
:105D600068B940F26B131A4A1F49164804F0ACFD9B
:105D700016491E4804F0A8FD40F26B11D1E74046D9
:105D8000EFF756FABB685B7BDB060CD5184940F28F
:105D90006D430B4A0B4804F097FD0B4804F094FD4B
:105DA00040F26D4197E709F091F8201A63EB030385
:105DB000012873F1000395DBBDE8F081F474030062
:105DC000B377030022150300D62E03003C05012003
:105DD000741C0300A11C0300B61C03000005012075
:105DE00040050120A5EE0200CC1C0300E31C0300CB
:105DF0000079030010B5EFF3058474B1134940F244
:105E00007B43134A134804F05FFD134804F05CFD24
:105E100040F27B410E4804F04EFDB1F1FF3F08BF58
:105E2000B0F1FF3F06D10D4B9868FFF70BFA4FF02A
:105E3000FF3010BDFFF73CFF4FF47A7247F6FF7357
:105E4000C0FB0234D80B40EA4440F2E7F47403008C
:105E5000B377030022150300D62E030000050120AE
:105E600038B500240B494FF400458C462146C0FB51
:105E700005C100236046084AE9F774FBC117FFF724
:105E800017FF47F6FF73044AC0FB0234DB0B43EAFB
:105E9000444038BD3F420F0040420F00014B98681C
:105EA000704700BF0005012038B50446EFF31185A7
:105EB000202383F31288BFF36F8F284800F0AAF9DC
:105EC00068B98823264A2749274804F0FDFC23495E
:105ED000264804F0F9FC8821214804F0ECFC1F4816
:105EE00000F0BCF9237BDA0724D51C4800F0A0F9A8
:105EF00068B940F231131A4A1D491B4804F0E4FC0A
:105F000016491C4804F0E0FC40F23111E4E785F347
:105F10001188BFF36F8F4FF4AE63174A17491248C9
:105F200004F0D2FC2146164804F0CEFC4FF4AE61DA
:105F30001148D2E7637B1B0709D5084800F078F9C0
:105F40000028D6D085F31188BFF36F8F38BD29465E
:105F50002046BDE838400122FFF708B83C05012083
:105F6000741C0300A11C030022150300B61C0300CF
:105F7000CC1C0300E31C0300B3770300E62C0300F2
:105F8000407903002DE9F843064688461746EFF3AB
:105F90001189202383F31288BFF36F8F214800F00B
:105FA00039F9054668B988231F4A2049204804F07A
:105FB0008BFC1C491F4804F087FC88211A4804F018
:105FC0007AFC184800F04AF93468A6421FD004B39E
:105FD0002046C4F87C806761FEF760FF04F118007A
:105FE00000F084FA2046FEF777FF0E4800F020F913
:105FF00088B940F231130C4A0F490D4804F064FC93
:1060000008490E4804F060FC40F23111D6E7002543
:10601000EBE72546E9E789F31188BFF36F8F284640
:10602000BDE8F8833C050120741C0300A11C03009B
:1060300022150300B61C0300CC1C0300E31C030064
:10604000D3B5DDE90667089CCDE90067FFF7EAF9FB
:106050001CB1034B9B685B69236002B0D0BD00BFDD
:106060000005012008B568B10F4B98420AD303F12F
:106070001802904206D21822C01AB0FBF2F302FBBB
:1060800013034BB109490A4838230A4A04F01CFC9F
:106090003821084804F00FFC0122074BC010584378
:1060A000064B1A5408BD00BF98FA002087790300F8
:1060B000221503005F790300ABAAAAAACA15012022
:1060C000C3897F2B12D80A4B1B6863B1094B90F927
:1060D0000E201B689A4209DB437BDB0606D1064B88
:1060E000C31A18BF012303F0010070470023FAE729
:1060F000480501204405012058F7002070B50E4BDB
:106100000E4C1E7C054606EB460304EBC3042046FA
:1061100000F0ECF900220A4B28469A55FFF7D0FF11
:1061200048B1084B2046BDE870401A680649013A5C
:10613000D31700F015B970BD0005012098FA0020B2
:10614000CA150120480501206560020038B5EFF34B
:106150001185202383F31288BFF36F8F234800F04B
:1061600059F868B98823224A2249234804F0ACFB35
:106170001E49224804F0A8FB88211D4804F09BFB1F
:106180001A4800F06BF81E4B1E4A9C681068A0422B
:1061900013D1FFF7B3FF154800F04AF808BB40F2EF
:1061A0003113134A1849144804F08EFB0F4917485D
:1061B00004F08AFB40F23111DFE700211B7C116003
:1061C000134AD35C002BE6D02046FFF779FF002866
:1061D000E1D0637BDB0602D12046FEF795FF204627
:1061E000D7E785F31188BFF36F8F38BD3C050120D9
:1061F000741C0300A11C030022150300B61C03003D
:106200000005012040050120CC1C0300E31C030015
:10621000CA150120006838B1044B00F003001B7C54
:10622000C01A18BF012070470120704700050120E7
:10623000002302680360EFF30581074B19B19968E9
:10624000497BC90706D4197C98680843831A5842C9
:10625000584170470120704700050120024B1A7C0D
:106260009B681343036070470005012008B506488A
:10627000064A0749121A08F037FDBDE80840054AEA
:106280000549064808F030BD80C50020B4CC002088
:10629000D87E030000000000C07E030080C50020FF
:1062A000034B1B680BB9F3F7F1BC0020704700BF2C
:1062B0004C05012030B570B10B4B5B6898420AD099
:1062C000036843B1D3E90421D0E90445121941EB35
:1062D0000501C3E90421D0E9003213605A600023AC
:1062E000C0E9003330BD00BF7CC900200246002059
:1062F00070B50A490B684D688B4208BF0023014600
:1063000003B970BDD3E90446001941EB060193427D
:10631000F7D09D42F5D01B68F2E700BF7CC9002092
:1063200010B50E4B1C689C4204D1FFF7B9FF6FF00B
:10633000004010BDFFF7B4FF002CF8D0D4E90432C0
:106340001B1A62EBE072B3F1004F72F10001EEDA5A
:10635000002AACBF18460020EBE700BF7CC9002034
:10636000B3F1FF3F08BFB2F1FF3F2DE9F04704460C
:1063700092461D4600F09D80066866B14E496E2328
:106380004E4A4F4804F0A0FA4E4804F09DFA6E21A0
:106390004A4804F090FA8160EFF31187202383F3D9
:1063A0001288BFF36F8F4848FFF734FF60B9882326
:1063B000464A4749424804F087FA4349454804F0B1
:1063C00083FA88214148E4E73F48FFF747FFBAF1E5
:1063D000FF3F75F1FF3323DA6FF001033E49D1E946
:1063E00000209B1A4FF0FF3262EB0000B3EB0A0370
:1063F00060EB0500012B70F1000201DA0123304649
:10640000C4E90430354B1A68D3F804C09A4218BF67
:10641000164686B9C4E9003CCCF800405C601CE03C
:10642000FFF73EFF1AF1010845F1000518EB0003E4
:1064300045EBE070E4E7D6E90415D4E904208A428C
:1064400070EB050E28DA891A726865EB0005C6E95B
:106450000415C4E90062146074601A689A4209D095
:10646000944207D11E4B1C6824B9FFF759FF2146FF
:10647000F3F7E6FB1448FFF7DBFEB0B940F2311347
:10648000124A18490E4804F01FFA0F49164804F042
:106490001BFA40F2311195E7521A60EB0500664590
:1064A000C4E90420B6D03668B3E787F31188BFF398
:1064B0006F8FBDE8F08700BF5C7B0300387B030073
:1064C00022150300D62E030050050120741C030082
:1064D000A11C0300B61C0300B0FA00207CC90020F8
:1064E0004C050120CC1C0300E31C030038B5044616
:1064F000EFF31185202383F31288BFF36F8F1B48BE
:10650000FFF788FE68B98823194A1A491A4804F027
:10651000DBF91649194804F0D7F98821144804F02A
:10652000CAF91248FFF79AFE2368ABB12046FFF77D
:10653000C1FE00240D48FFF77BFE80B940F2311305
:106540000B4A0F490C4804F0BFF908490D4804F004
:10655000BBF940F23111E1E76FF01504EAE785F38A
:106560001188BFF36F8F204638BD00BF5005012052
:10657000741C0300A11C030022150300B61C0300B9
:10658000CC1C0300E31C030070B50546EFF3118635
:10659000202383F31288BFF36F8F1E48FFF73AFE64
:1065A00068B988231C4A1D491D4804F08DF9194912
:1065B0001C4804F089F98821174804F07CF9154833
:1065C000FFF74CFE2C68DCB12846FFF78FFE04462F
:1065D0000D46FFF765FE241A65EBE0750D48FFF7E1
:1065E00027FE78B940F231130B4A0F490C4804F0EA
:1065F0006BF908490D4804F067F940F23111DBE707
:106600002546EBE786F31188BFF36F8F20462946B6
:1066100070BD00BF50050120741C0300A11C0300C5
:1066200022150300B61C0300CC1C0300E31C03006E
:106630002DE9F84F0446EFF31187202383F31288E6
:10664000BFF36F8F4748FFF7E5FD68B98823464AD7
:106650004649474804F038F94249464804F034F9BD
:106660008821414804F027F9DFF81891DFF81881F4
:106670003C48FFF7F3FDC8F80040D9F800404FF060
:10668000000A4C4508BF00244FF0000B3A4ED8F8E2
:106690000030D6E9002C002C49D0D4E90451D81799
:1066A000AB4270EB010E05DAED1A61EB0001C4E9B3
:1066B00004513CE0AA184CEBE5732046C4E904AB56
:1066C000C6E90023FFF7F6FD2648FFF7B1FD68B9DC
:1066D00040F23113244A2949254804F0F5F82149AC
:1066E000274804F0F1F840F23111BAE787F3118836
:1066F000BFF36F8F2046A3689847EFF311872023DD
:1067000083F31288BFF36F8F1648FFF783FD0028CD
:106710009CD01448FFF7A2FDD8F80030D9F800400B
:106720005B1B4C45C8F80030B1D1D6E9002C0024E1
:106730009A184CEBE373C6E90023C8F80040FFF752
:10674000EFFD2146F3F77CFA0648FFF771FD0028BC
:10675000BED087F31188BFF36F8FBDE8F84FFFF706
:10676000F5BC00BF50050120741C0300A11C0300F0
:1067700022150300B61C0300B0FA0020CC1C030055
:10678000E31C03007CC900204C05012070B5EFF329
:106790001186202383F31288BFF36F8F1A48FFF707
:1067A00039FD68B98823194A19491A4804F08CF848
:1067B0001549194804F088F88821144804F07BF83A
:1067C0001148FFF74BFDFFF76BFD144AD2E9004576
:1067D000041945EBE0750C48FFF72AFD68B940F253
:1067E00031130A4A0E490B4804F06EF806490D4869
:1067F00004F06AF840F23111DFE786F31188BFF345
:106800006F8F2046294670BD50050120741C03007F
:10681000A11C030022150300B61C0300B0FA0020DF
:10682000CC1C0300E31C0300F8B50446EFF311870A
:10683000202383F31288BFF36F8F4F48FFF7EAFCE2
:1068400068B988234D4A4E494E4804F03DF84A49FC
:106850004D4804F039F88821484804F02CF846489F
:10686000FFF7FCFC226892B14348FFF7E1FC0028E7
:106870007CD140F23113414A4449424804F024F8A3
:106880003D49434804F020F840F23111E4E7D4E9EF
:106890000A36581C46F10001022871F1000127D385
:1068A000012B76F10001BCBF012316465D1E46F1A7
:1068B000FF3608F00FFB013041F10001401946EBB3
:1068C0000101012871F100014BDB08F003FB0130ED
:1068D00041F100016FF00102401946EB01034FF056
:1068E000FF31121A61EB030320462A49FFF738FDF6
:1068F000236B01332363236AD3B11F48FFF798FC4E
:106900000028B6D087F31188BFF36F8F2046236A23
:106910009847EFF31187202383F31288BFF36F8F1B
:106920001548FFF777FC00288BD01348FFF796FC3B
:1069300054F8185FA54297D0002D95D02846FEF751
:10694000D1FC00230C48EB67FFF772FC002890D0C5
:1069500087F31188BFF36F8F2846BDE8F840FEF734
:106960002BBC6FF001024FF0FF33BDE787F31188B6
:10697000BFF36F8FF8BD00BF54050120741C0300E6
:10698000A11C030022150300B61C0300CC1C03004D
:10699000E31C0300296802002DE9F843064614466B
:1069A0001D4691469846EFF31187202383F3128802
:1069B000BFF36F8F2848FFF72DFC68B98823274A5B
:1069C0002749284803F080FF2349274803F07CFF2C
:1069D0008821224803F06FFF1F48FFF73FFCB5F105
:1069E000FF3F08BFB4F1FF3F11D11B48FFF720FC68
:1069F00060BB40F23113194A1C491A4803F064FF86
:106A000015491B4803F060FF40F23111E1E7631CB8
:106A100075F1FF330ADB012C75F100032246BCBF80
:106A20000122002512F1FF3945F1FF383046FFF70A
:106A30005DFDDDE90823C6E90A2300234A463363E6
:106A4000304643460B49FFF78BFCCEE787F31188AE
:106A5000BFF36F8FBDE8F88354050120741C030059
:106A6000A11C030022150300B61C0300CC1C03006C
:106A7000E31C0300296802002DE9F843142315469E
:106A80000C4600264FF0200803FB01004B4F0CB9C9
:106A9000BDE8F88310F8073CA0F1140903F03F03A8
:106AA00040F80C6C082B42D8DFE803F0552505416F
:106AB00016414141330050F8043C002B42D140497B
:106AC000B723404A404803F0FFFE404803F0FCFE75
:106AD000B7213C4803F0EFFE50F8043C002B31D1C5
:106AE0003B49BB23374A384803F0EEFE394803F0F0
:106AF000EBFEBB21EDE750F8043C1BBB3649BF233E
:106B0000304A314803F0E0FE344803F0DDFEBF2197
:106B1000DFE750F8043CABB93149C323294A2A487E
:106B200003F0D2FE2F4803F0CFFEC321D1E72E4958
:106B3000D023244A244803F0C7FE2C4803F0C4FEA7
:106B4000D021C6E750F8143C2BB150F8102C13603C
:106B50005A6040E905663846FFF76AFB70B940F2B3
:106B60003113234A2349184803F0AEFE1349224843
:106B700003F0AAFE40F231111D48ABE785F31188FE
:106B8000BFF36F8FEFF3118588F31288BFF36F8F18
:106B90003846FFF73FFB013C58B98823144A174990
:106BA000094803F091FE0549154803F08DFE882140
:106BB000E2E73846FFF752FB484668E758050120F0
:106BC0009D7B03007C7B030022150300B77B030041
:106BD000CC7B0300E87B0300F97B0300167C0300F9
:106BE0002D7C0300487C0300E62C0300617C03003D
:106BF000741C0300CC1C0300E31C0300A11C030055
:106C0000B61C03002DE9F74F00261546044637460B
:106C10004FF0200AB146DFF8CC8100910193009B30
:106C20009E4203DB384603B0BDE8F08FEFF3118BD3
:106C30008AF31288BFF36F8F4046FFF7EBFA60B913
:106C40008823654A6549664803F03EFE6549664803
:106C500003F03AFE8821604862E04046FFF7FEFA02
:106C6000637B03F03F03082B4CD8DFE803F02D3F94
:106C7000054B294B4B4B450023699B6823B30223EB
:106C8000E268C4F80890C2F386310B4363F3943290
:106C9000E26085F800904046FFF7CAFA14340028F5
:106CA00040F0948040F231134B4A50494C4803F075
:106CB0000BFE4C494E4803F007FE40F23111CAE783
:106CC00023691B68002B2DD1019B002BE3D12B786E
:106CD000002BE0D0637B03F03F03082B6BD8DFE889
:106CE00003F03549236A386A6A6A590023699B6848
:106CF000002BE9D00123C3E723695B6A002BE3D0B3
:106D00001023BDE764233B4A3B49354803F0DCFDD3
:106D1000617B3A4801F03F0103F0D6FD642135481C
:106D200003F0C9FD0423ABE7206950B934498E2331
:106D3000304A2B4803F0C8FD324803F0C5FD8E21D0
:106D4000EDE72A462146103008F033F9A5600137F7
:106D5000A1E7206950B92C499223264A204803F024
:106D6000B3FD2A4803F0B0FD9221D8E72A46214618
:106D70001430E9E7206950B9254996231D4A18487F
:106D800003F0A2FD234803F09FFD9621C7E72A46A2
:106D90002146D9E7206950B91F499A23154A10485E
:106DA00003F092FD1D4803F08FFD9A21B7E72A46B4
:106DB00021462830C8E71049A7230E4A084803F0A7
:106DC00083FD174803F080FDA721A8E78BF3118806
:106DD000BFF36F8F013622E7741C0300A11C030070
:106DE0002215030058050120B61C0300CC1C03002B
:106DF000E31C03007C7B0300E62C0300777C03008C
:106E00009D7B0300B77B0300CC7B0300E87B030082
:106E1000F97B0300167C03002D7C0300487C0300F3
:106E2000617C030008B562B117492E23174A184840
:106E300003F04AFD174803F047FD2E21134803F0E5
:106E40003AFD3F290AD914493023104A104803F06B
:106E50003BFD124803F038FD3021EFE753B91049EC
:106E600031230A4A0A4803F02FFD0E4803F02CFD97
:106E70003121E3E782600902027B01F47C51114376
:106E8000C0E9031308BD00BF947C03007C7B0300B2
:106E900022150300B47C0300DA7C0300FE7C0300AF
:106EA0000E7D0300217D03002DE9F04F1E465E4B51
:106EB00017469C680123054685B004F1600284F8FA
:106EC000603084F86130EFF3058BBBF1000F0ED01A
:106ED00056494FF49573564A564803F0F5FC564808
:106EE00003F0F2FC4FF49571514803F0E4FC60B9F3
:106EF000524940F22B134E4A4E4803F0E5FC5048ED
:106F000003F0E2FC40F22B11EEE700290CDA4D49C8
:106F10004FF49673464A474803F0D6FC4A4803F0BC
:106F2000D3FC4FF49671DFE757EA06030CBF012349
:106F30000023FFF767FE8046EFF311894FF0200A28
:106F40008AF31288BFF36F8F4048FFF763F960B987
:106F500088233F4A3F49374803F0B6FC3B493E4847
:106F600003F0B2FC88213A48BFE73848FFF776F9CA
:106F700094F860300BBB4A46414628460393FFF71E
:106F80007BFD3248FFF754F9039B68B940F2311397
:106F90002F4A3249274803F097FC2C49304803F028
:106FA00093FC40F23111DEE789F31188BFF36F8F54
:106FB0001C46204605B0BDE8F08F57EA060384F86A
:106FC00060B00BD12148FFF733F90028DED089F3F8
:106FD0001188BFF36F8F6FF00A04EAE74946CDE9E5
:106FE0000076204A1948FEF71DFA0446EFF3118691
:106FF0008AF31288BFF36F8F1448FFF70BF900284C
:10700000A6D01248FFF72AF9284632464146FFF734
:1070100033FD0E48FFF70CF90028B7D086F311882E
:10702000BFF36F8FC5E700BF00050120F4740300B4
:107030007C7B030022150300D62E03003B7D03005A
:10704000517D0300607D0300707D03005805012021
:10705000741C0300A11C0300B61C0300CC1C03001D
:10706000E31C030084C9002070B504460D46EFF30D
:107070001186202383F31288BFF36F8F1C48FFF71C
:10708000C9F868B988231B4A1B491C4803F01CFC3B
:1070900017491B4803F018FC8821164803F00BFC25
:1070A0001348FFF7DBF82068844209D0D0E90032AA
:1070B00013605A6000232946C0E9003307F0AAFF95
:1070C0000B48FFF7B5F868B940F23113094A0D498A
:1070D0000A4803F0F9FB06490B4803F0F5FB40F2C0
:1070E0003111DAE786F31188BFF36F8F70BD00BFEF
:1070F00058050120741C0300A11C03002215030085
:10710000B61C0300CC1C0300E31C030070B504464E
:107110000D46EFF31186202383F31288BFF36F8FA0
:107120002148FFF777F868B98823204A2049214889
:1071300003F0CAFB1C49204803F0C6FB88211B480A
:1071400003F0B9FB1848FFF789F801212068E560D2
:107150008442A16011D11448FFF76AF8E8B940F2FF
:107160003113124A1549134803F0AEFB0E49144877
:1071700003F0AAFB40F23111E1E7D0E900321360DD
:107180005A600023C0E9003307F044FF314604464B
:107190000548FEF74DFB204670BD86F31188BFF30E
:1071A0006F8F0024F7E700BF58050120741C03000F
:1071B000A11C030022150300B61C0300CC1C030015
:1071C000E31C030004322DE9734306460D4620D22A
:1071D0004FF000084FF0000941F00401CDE90089AB
:1071E000FCF74EFD0446A0B144F8046B95B16B1E4C
:1071F0001C420FD02523094A09490A4803F064FBC1
:10720000214609482A4603F05FFB2521034803F085
:1072100052FB0024204602B0BDE870837D7D030050
:10722000A17D030022150300D37D030003280A4635
:1072300008B501D983070CD010494223104A1148E0
:1072400003F042FB104803F03FFB42210C4803F0DF
:1072500032FB431E03420AD00C494623084A094820
:1072600003F032FB0A4803F02FFB4621EEE701460C
:10727000BDE808400748FFF7A5BF00BFFB7D03003E
:107280007D7D030022150300387E0300DC19030016
:10729000F7190300B0CA0020014B0367704700BF15
:1072A000B0CA002038B504460D4607F0B5FD20B938
:1072B000064B9B681B6F0BB938BD054B2A46214610
:1072C0001846BDE83840FFF77DBF00BF000501202C
:1072D000B0CA0020F8B54D4A0C4600234C4DD0E909
:1072E0000001E8F7EFF8002A4FF4616100F52F2064
:1072F000B7BF02F5A83200F66C2000F66B2002F54D
:10730000C072B2FBF1F301FB13223C21A360B2FB7C
:10731000F1F301FB13226360C31C2260072293FB7D
:10732000F2F2C2EBC2029B1A52D50733A361A0F559
:107330000E33A3F52C7393FBF5F5364B48F6AC6191
:1073400040F2B45740F26D1603FB05004FF0050CF8
:10735000B0FBF1F1B0FBF7F30144C91A2E4BB0FBBF
:10736000F3F3C91A48F69463B1FBF3F3B1FBF6F2F9
:10737000B1FBF7F103445B1A992106FB123303EBCF
:1073800083005E1C0230B0FBF1F779430231B1FBA0
:10739000FCF1761A40F2F95188424FF4C8708CBF64
:1073A0006FF00901022100FB05253944012998BF2E
:1073B0000135B3F5997F11D3A3F59973A5F26C75D7
:1073C000E36100232046E6602362C4E90415F8BDAA
:1073D0000028A361ABDB90FBF5F5AEE7970710D172
:1073E0004FF0640C92FBFCF70CFB17275FB992FB84
:1073F000F0F700FB1722B2FA82F252093B33134432
:10740000DCE70022FAE70122F8E700BF8051010023
:10741000B13A02004FC5FDFFB03A02000CB430B5DE
:1074200089B005460C461C22002101A808F052F93B
:10743000022305958DF806300D4B029323462CB19F
:10744000B4F1004F28BF4FF00043013B1D440DAA8B
:107450000C9901A80695009200F05AFA14B1059B08
:1074600000221A7009B0BDE8304002B0704700BF7A
:10747000BBF802000EB470B589B004461C2200218E
:107480000DAD01A855F8046B08F024F9022301A8FA
:107490002A4631468DF80630094B0594029304F1D3
:1074A00000430095013B069300F032FA0028A4BF88
:1074B0000023235409B0BDE8704003B0704700BFFB
:1074C000BBF802000EB470B589B005461C2200213D
:1074D0000DAC01A854F8046B08F0FCF8012301A8D6
:1074E000224631468DF80630054B059503930094EE
:1074F00000F0F8FE09B0BDE8704003B0704700BF6F
:10750000A7F80200242A2DE9F041044601D8012AF7
:107510004CD1364B162208F0F1F91A5001B10C602B
:1075200000273846BDE8F08135462E4616F8010B97
:107530002028F9D0A0F109070346042FF4D92B28FD
:1075400036D02D2837D14FF0010CAE1C6B78302B84
:1075500038D1307840F0200078282FD132F0100058
:107560002CD173783446102202360CF100400027EB
:107570000138B0FBF2FE02FB1E08392B82BF03F17B
:10758000FF3343F02003263B303B9A421ED9774518
:1075900002DC03D1984501D24CF0020C354607FBC2
:1075A0000237344615F8013B2E46E6E70546BCE7B0
:1075B0004FF0000CC9E74FF0000CC8E7002A08BFE5
:1075C0000822D2E7002A08BF0A22CEE701B10C60E8
:1075D0001CF0010F18BF7F421CF0020FA1D0034B1B
:1075E0002222074608F08AF91A509AE70C00000098
:1075F000242A2DE9F84F8046894601D8012A60D116
:10760000424B162208F07AF91A50B9F1000F01D056
:10761000C9F80080002319461846BDE8F88F3146A6
:107620000E4616F8013B202BF9D0A3F109001C46A9
:107630000428F4D92B2B46D02D2B46D101278E1CA4
:107640004C78302C48D1337843F02003782B3ED14E
:1076500032F010033BD17478B0461025023617F192
:10766000FF3B6FF000432A4643F1000A58460023CF
:107670005146E7F777FF00238C461946392C82BF25
:1076800004F1FF3444F02004263C303CA54228D9C4
:1076900098427CEB010E05DB614508BF834203D1B4
:1076A000A24201D247F00207A5FB033EB04605FB0C
:1076B00001EEE3184EF10001B6461EF8014B764686
:1076C000DCE70146ACE70027B9E70027B9E7002A65
:1076D00014BF15460825C2E7002A14BF15460A251F
:1076E000BDE7B9F1000F01D0C9F80080F80702D555
:1076F0005B4261EB4101BA078ED5044A222408F0AF
:10770000FDF85B465146145086E700BF0C000000B0
:10771000242AF0B5044601D8012A40D12E4B162266
:1077200008F0ECF81A5001B10C600020F0BD2F46B3
:107730003D4615F8010B2028F9D0A0F109060346B3
:10774000042EF4D92B282CD02D282CD10126BD1C99
:107750007B78302B2DD1287840F02000782824D158
:1077600032F0100021D16B782C4610220235002017
:10777000392B82BF03F1FF3343F02003263B303B1C
:107780009A421AD9A0FB02040CB9C01801D346F0E2
:1077900002062F462C4617F8013B3D46E8E7074610
:1077A000C6E70026D3E70026D3E7002A08BF082251
:1077B000DDE7002A08BF0A22D9E701B10C60F20711
:1077C00048BF4042B307B1D5034B222208F096F8D8
:1077D0001A504FF0FF30A9E70C0000002DE9F041EE
:1077E00001260746B24201DCBDE8F0813B461F4658
:1077F00013F8014B002CF7D0252CF8D11C78023758
:10780000252CF3D00023DFF804819C461D461F2D54
:1078100018D8A4F1200EBEF1100F09D9A4F1300E32
:10782000BEF1090F1ED80A24202504FB03E304E05F
:1078300028FA0EFE1EF0010F06D017F8014B002C9F
:10784000E5D128E07F2D1CD8A4F1300EBEF1090F40
:10785000E9D9242C10D1BCF1000F46D0B34246D058
:107860000023EAE724F0040EBEF12A0FF8D06C2CB6
:1078700009D145F08005E0E724F0040EBEF12A0F9F
:10788000EED06C2C22D06C2C1BD8682C23D06A2C08
:1078900028D04C2C26D0BCF1000FA5D0B445A1D1E6
:1078A00044F020070B68A7F1650CBCF1020F01D969
:1078B000612F1ED1073323F00703083301360B6015
:1078C0008FE7742CB9D07A2CB7D0E4E72C0648BFE8
:1078D00045F40075CDE7EC0548BF45F4007545F467
:1078E0008075AAE745F42075A7E79C46B8E76324AE
:1078F000D6E7692C02D007D8632C03D02F0601D518
:10790000AC05D7D40433D9E7732CF6E789280100F6
:107910002DE9F04F436893B0804601938378980730
:10792000CDE9061216D50B4600250B921F789FB1A4
:10793000252F15D00133059341463846019B01356B
:107940009847002880F2458498F8023043F00403F9
:1079500088F802304FF0FF35284613B0BDE8F08FAD
:107960005F789A1C252F0592E6D000242646A24671
:10797000A346BBF11F0F32D8A7F12003102B0AD862
:10798000DFE803F02409092A0909091B090909226A
:10799000092709091900A7F13003092B2DD92A2F2E
:1079A00039D154B90B9B1BF0400F53F8042B0B93A8
:1079B00029D0164601E04BF0010B059B13F8017B23
:1079C0000593002FD5D15BE04BF0020B4BF0040B7D
:1079D000F3E74BF0080BF0E74BF0100BEDE7BBF1D2
:1079E0007F0F3FD8A7F13003092BD8D81BF0400FE9
:1079F00003D00A2202FB0636DFE70A2202FB0A3A1C
:107A00004BF0200BD9E7B2F1000AF9DACAF1000A0B
:107A10004BF0280BD1E72E2F05D11BF0400F9BD147
:107A20004BF0400BC9E7242F1CD1002C00F03F8104
:107A3000079B1BF0400F0B930AD152460BA90698E7
:107A4000FFF7CCFE0B9B1A1DD3F800A00B92B4E7F6
:107A500032460BA90698FFF7C1FE0B9B1A1D1E6844
:107A60000B92AAE76C2F00F00F8100F20681682FBD
:107A700000F012816A2F00F017814C2F00F0148162
:107A800034B1079B22460BA906980B93FFF7A6FE7D
:107A9000002E47F02003B8BF2BF0400B0293A3F158
:107AA0006503BCBF00261FFA8BFB022B40F204814A
:107AB000029B612B40F07282FF431BF0400F0CA829
:107AC0004BF4C05407F0200314BF31464FF0FF3190
:107AD000A346049301270B9B073323F0070303F10D
:107AE000080293ED000B0B92049A07F0FBFD431C78
:107AF0000646DDF83090DBB203937023029309F160
:107B00000903122B0CD909F16303C62B40F20D8136
:107B100009F2E73340F2CE72934294BF0327042761
:107B20009DF8342002F00C0312F0010240F018819D
:107B30001BF0020F40F011811BF0040400F0F780ED
:107B4000002B40F0108120231BF4405F22D1039AC8
:107B5000002E02F1480208BF01266A44133A039935
:107B600021B112F8011D302900F032811BF0100FF5
:107B7000039A18BF324619F1040FC0F22E81B145A5
:107B800080F22B814A454BF4005B40F3288109F1D8
:107B90000106961B1BF40052089200F0228129EA8C
:107BA000E974013403B10134002E00F02181721C0C
:107BB0001444A245CCBFAAEB040400241BF0090F17
:107BC00004D12C44A54240F0188100243BB1184652
:107BD0004146019B013598470028FFF6B5AE1BF4DE
:107BE000006F12D041463020019B98470028FFF6D5
:107BF000ABAE049B41460235C3F17800019B00F017
:107C0000F80098470028FFF69FAE1BF0080F05D13B
:107C10002C44AC4240F0FD8025460024089B002BFC
:107C200000F0268129EAE97A7642A9EB0A02039B51
:107C30000AF1FF3A6F1C0292934289BF0CAB3020CD
:107C4000D3185879564500F3ED804146019B98477B
:107C5000029A002802F10102FFF676AEBAF1FF3F68
:107C600009D141462E20019B029298470028FFF639
:107C70006BAEAF1C029A3D46D9E7742F3FF49DAE20
:107C80007A2F3FF49AAEFBE61BF0800F18BF4BF43F
:107C9000007B4BF0800B90E61BF4807F18BF4BF409
:107CA000007B4BF4807B88E64BF4207B85E6264600
:107CB0005446B346B24680E6FF431BF0400F07F040
:107CC000200308BF062604930B9B073323F007030A
:107CD00003F1080293ED000B029B0B92652B12D16E
:107CE000711C00224BF4805BC9B2134611290CA809
:107CF0004FF0020728BF112100F066FFDDF8309039
:107D0000C3B20393FBE6029B662B05D14BF4005BE9
:107D1000334601221121E9E7F1B200226520012951
:107D20001346029038BF0121E0E70227F8E6002B56
:107D30003FF40AAFBAF1030F39DC9DF83430A44E9A
:107D400013F0080FA34B08BF1E46B1464F4619F863
:107D5000010BA0BBAE1B374485E023BB2B23F3E60E
:107D60001BBB2D23F0E62022BAF1040F12DD1BF01D
:107D7000080FAAF104040ED12C4441462020019B97
:107D80000135029298470028FFF6DEADA542029A1F
:107D9000F3D192B1002441461046019B013598472A
:107DA0000028CADAD0E52B22DEE72D22DCE71BF023
:107DB000080FAAF10304C0D1DEE71446BDE7049B17
:107DC0004146C01A019BC0B298470028BEDABBE505
:107DD00003990139C9B20391C1E6561EDAE60026BD
:107DE000D8E61BF4006F0CBF032405243C44D9E6FD
:107DF0001BF0100F18BF0134DBE609934146019BCD
:107E000020209847002805F10105099BBFF6DAAE4E
:107E10009AE541463020019B013598470028BFF67E
:107E2000F8AE91E5D1450AD19DF83530352B1DD8F6
:107E300005D19DF8343013F0100F08BF31204146B2
:107E4000019B98470028FFF67FAD1BF0100F0AD06A
:107E5000BAF1FF3F07D1AF1C41462E20019B984746
:107E60000028FFF671AD3D463C4436E23120E6E79E
:107E70009DF83500414631281EBF9DF8343023F06F
:107E800010038DF83430019B98470028FFF65CAD55
:107E9000002E68DD41462E20019B98470028FFF602
:107EA00053AD4FF0010A039B4146D3469A45B7BFF5
:107EB0000CAB302053445879019B98470028FFF6BB
:107EC00043AD0AF1010A5645EDDA02355D44029BE5
:107ED0004146049A981A019BC0B298470028FFF6C1
:107EE00033ADB9F1000F04DB4AD19DF83430DB0625
:107EF00046D5C9F100092D204146019B984700282D
:107F0000FFF622AD042F3DD14FF47A774146019B15
:107F1000033599FBF7F606F13000C0B29847002808
:107F2000FFF612AD07FB169964274146019B013508
:107F300099FBF7F606F13000C0B298470028FFF62B
:107F400003AD07FB16990A274146019B013599FBB2
:107F5000F7F606F13000C0B298470028FFF6F4ACFF
:107F600007FB169914E01BF0100F01D10135AEE7A5
:107F700041462E20019B023598470028A7DAE3E40A
:107F80002B20B9E7032F05F10205CDD0012FDAD15F
:107F900009F130006F1C4146C0B25FE7A7F16303EF
:107FA000122B00F2FF80DFE813F017005700FD00EE
:107FB000FD00FD00FD005700FD00FD00FD00FD007F
:107FC000FD001701F800FD00FD002C00FD00B900C8
:107FD000657E0300DC2003000B9B01240CAF1A1DFF
:107FE0001B680B928DF830301BF0080F2AD007EB7E
:107FF00004093E464E4527D1EF1B3744AAEB040443
:1080000031E70B9B1A1D0B921F68AA4B002F08BF6C
:108010001F461BF0400F384614BF31464FF0FF316A
:1080200007F0C0F80446DFE741462020019B98474F
:108030000028FFF689AC013EB442F5D35544B24660
:10804000AD1BD4E75646F7E7414616F8010B019BF6
:1080500098470028CEDA77E41BF0800F0B9B35D0D1
:108060001BF4007F2DD0073323F0070303F1080230
:10807000D3E900010B922BF0100900291FFA89F9AE
:1080800036DA404249F4806961EB41010DF1300B71
:108090000A235A4607F0A8F819F0400FA0EB0B0B83
:1080A00065D029F001025E4592B240F3B280002F04
:1080B00000F0A98019F010033446914626D002340E
:1080C0005CE01A1D18680B92C117D4E71A1D1BF447
:1080D000807F19680B9201D10846F5E71BF4007FF9
:1080E00019BF48B241F3C01108B241F3C031C2E731
:1080F00050EA0103CAD11BF0400FC7D0002EC5D1F2
:108100002BF0110B34461FFA8BF9B34640F20643AD
:1081100019EA03031CBF013400232FE02BF0100BDE
:108120000A231FFA8BFB1BF080040B9A57D01BF419
:10813000007115BF0732101D22F007020B900FBF10
:10814000106802F108010B91D2E9000150EA010226
:1081500052D12BF016091BF0400F1FFA89F94FD0AE
:10816000002E4DD12BF0170B1FFA8BF9B34619F0E7
:10817000100352D0002F4ED10BF1010419F0080F5B
:108180005ED119F0010F06D0A2456DDDAAEB040403
:1081900004EB0B06544622464DE04BF0100B102327
:1081A0007827C0E7029B782B04D1C7F1780343F00E
:1081B0001003B8E741462520019B98470028FFF6A9
:1081C000C3AB41463846019B98470028FFF6BCAB3D
:1081D0000235059BFFF7AABB08230027A3E7111D63
:1081E00010680B911BF48071B0D01BF400711ABFA2
:1081F000C0B2214680B2A9E72BF0060B1FFA8BF91B
:108200000DF1300B45E729F0110934461FFA89F9C1
:108210007CE79146ABE75C4651E75C4676E7CDE903
:10822000022341462020019B98470028FFF68CAB93
:10823000029A039B01329245F1DC2C1BA5181446CF
:10824000EBB141463020019B98470028FFF67CABFC
:1082500067B901352F462E44F31B5B4521DC5D4693
:108260000CAE4DBB5F44C9E65E4694E7023541461D
:108270003846019B98470028ECDAFFF765BB40F2CF
:10828000064319EA030FE5D019F0020F05F10105C5
:10829000414614BF2B20202019F4806F18BF2D20D9
:1082A000E7E741463020019B013798470028D3DAA1
:1082B000FFF74ABB697E0300013D4146019B705DAB
:1082C00098470028CDDAFFF73FBB41462020019BAD
:1082D000013598470028FFF637AB631B002BF4DC11
:1082E00077E700BF2DE9F04F002399B0824607924F
:1082F0000E920F9304930D4615F8016BAEB1202E2C
:1083000017D0A6F10903042B13D9252E17D00FA9D6
:10831000504606F090FF031EC0F21181DBB2B3425B
:108320000BD00FAA514606F0A6FF049819B0BDE87D
:10833000F08F0FA9504606F0A9FF2946DBE74E78DB
:108340008D1C252EE3D02A2E03BFCD1C8E78012450
:1083500000240027A6F13003DBB2092B19D9A307AB
:1083600023D5242E23D1079B24F0020400220E9350
:10837000A4B201239F4215DC42B17B1E002F0E9A4E
:108380004FEA8303D8BF00231A440E9215F8016BFD
:10839000DFE744F002040A2215F8016BA4B202FBE5
:1083A0000737D7E701330122E4E74FF0FF376C2EA0
:1083B00034D007D8682E23D06A2E3ED04C2E36D02B
:1083C00026B9B2E7742E35D07A2E33D0314698488C
:1083D00006F09CFE0028A8D014F001030C9311BFF6
:1083E00000230E9B1A1D0E9208BF1B686E2E02936F
:1083F00026D10F9A00230298009406F026FF9CE7EE
:108400002E78682E04D044F02004A4B20135D7E7BA
:1084100044F030046E78A4B20235D1E72E786C2E89
:1084200002D044F00404F0E744F00C04F2E744F016
:108430000C04A4B215F8016BC2E744F00804F8E795
:10844000632E19D114F0020F08BF01270FA950465F
:1084500006F0F1FE002872DB029B13B103F8010B5A
:108460000293013FF2D10C9B002B7FF466AF049B7B
:108470000133DBB2049360E75B2E40F08280202260
:10848000002110A807F026F900224FF0010C164633
:108490001146144615F8013B002B4AD05E2B03D140
:1084A000F2B901240132F5E7A24219DD5D2B1FD09C
:1084B0002D2B15D1C1B118A803F00701B34200EB71
:1084C000D3000CFA01F110F820EC41EA0E0100F89B
:1084D000201C0BD034BF013303F1FF33DBB2EAE7DA
:1084E000002908BF1E46E6E70121DBE70021D9E7A6
:1084F00029B19DF8453043F020038DF845302CBB61
:1085000001240FA9504606F096FE031E10DBC3F3AC
:10851000C401DAB203F007036031694411F8201C8A
:1085200041FA03F3DE071BD40FAA514606F0A3FE5F
:10853000FCB19AF8023013F00C0F3FF4F6AE049B36
:10854000002B14BF18464FF0FF30EFE6202310AA8F
:108550001178013B6FEA010102F8011BF8D1CFE766
:10856000029B13B103F8012B0293013F4FF000046B
:10857000C7D1029B002B3FF476AF0023029A137001
:1085800071E70FA9504606F081FE0028D7DB582E70
:108590006BD0643EF3B2142B00F2AD80142E00F2C7
:1085A000AA80DFE806F00BA8A8A8A841A8A8A8A858
:1085B000A85F62A8A84EA80BA8A862004FF00A08FE
:1085C0000FA9504606F037FE2B2804D02D280AD1DB
:1085D00044F04004A4B2013FABD00FA9504606F0CE
:1085E0002AFE0028A5DB302867D1B7F1010918D091
:1085F0000FA9504606F01FFE002812DB40F02003B2
:1086000044F08004782BA4B232D138F0100334D176
:10861000B7F1020905D00FA9504606F00CFE00285C
:1086200052DA002637463CE04FF00008C8E700BFAA
:10863000707E0300029B13B103F8010B0293013F0C
:1086400097D00FA9504606F0F6FD002891DB2028B0
:1086500003D0A0F10903042BECD80FAA514606F071
:108660000AFE86E74FF00808AAE74FF01008A7E7D0
:10867000B8F1000F08BF4FF0080800263746392828
:10868000034682BF00F1FF3343F02003263B303B1B
:1086900098451CD80FAA514606F0EDFD20067FF53F
:1086A00048AF610602D5764267EB470732463B4644
:1086B0000298009406F0C9FDD5E6B946B8F1000F5E
:1086C000DBD14FF00A08D8E74FF01008D5E7A8FB38
:1086D000066244F080049E1908FB0722A4B242F10E
:1086E0000007B9F10109DCD00FA9504606F0A3FD3F
:1086F0000028C4DAD5E70FA9504606F09CFD039088
:108700009DF80C302B2B04D02D2B0DD144F04004C0
:10871000A4B2013F3FF40DAF0FA9504606F08BFD08
:10872000031E0393FFF605AF039B43F02003692B61
:1087300028D06E2B58D04FF000080A234646C14679
:10874000CDE90588220555D5039A42F02002D2B220
:10875000A2F1610105294DD8573AD2B293424EDCBD
:10876000039A04F0800342F02002782A65D1002B9E
:1087700063D056EA090360D144F4006B10231FFA5A
:108780008BFB4EE0684E4FF00008DFF8A89116F81A
:1087900001BBBBF1000F13D0013FF8D00FA9504629
:1087A00006F049FD031E07DB43F020035B45EED0D6
:1087B0000FAA514606F05FFD5C4B9E427FF4B9AEB6
:1087C000630606D509F10043CDF828800B93DDE957
:1087D0000A89029B002B3FF446AE14F00C0F00F008
:1087E0008981C3E900893EE6514E4FF00008DFF869
:1087F0004891CCE7039A303AD2B29A426BDA44F00D
:10880000800B14F4807F04F400711FFA8BFB3CD0C2
:108810000698002A18BF40F00100069009B908F137
:108820000108013F0D935ED00FA9504606F003FDED
:10883000031E5C4603930D9B84DA22067FF579AE16
:1088400014F4006F039A14BF7023652342F02002D2
:108850009A4240F09480B7F1010B00F092800FA98A
:10886000504606F0E8FC0346C2B22B2A04D02D2A5B
:1088700057D144F48064A4B2B7F1020B35D10FAAEA
:108880005146184606F0F7FC7BE009B108F1FF38C5
:10889000A3FB0661961903FB091141F1000956EA91
:1088A0000902BED0059A0A2B02F10102059204F0DA
:1088B0000C020BD1002A14BF102208220599914204
:1088C000AFDD44F4C07B1FFA8BFBAAE7002A14BF7C
:1088D0000F220722F2E7FE2A7FF442AFA105ACD4B3
:1088E00044F4007BEFE75C46A7E70FA950460D93E1
:1088F00006F0A1FC0D9B1F460346A3F13002092A96
:108900001CD951460FAA184606F0B5FC791C04D0B4
:108910000FAA5146384606F0AEFC0FAA51460398FE
:10892000B0E74FF0FF37E8E7857E0300887E03005D
:10893000827E03000000F07F0000F87F00270A22FB
:1089400040F2D3418F42DCBFA3F1300102FB071795
:10895000BBF1010B09D00FA9504606F06CFCA0F149
:10896000300103460A220929EAD96205039348BF68
:108970007F42200548BF4FEA8808B8445F46002F71
:10898000CBD156EA090300F0B080210504F00C02B7
:1089900040F18A80002A4FF001005E4912BF352362
:1089A00018236FF07D015F1CA3F11F02C7F1200C9B
:1089B00000FA02F2B84420FA0CFCB84042EA0C0279
:1089C000864279EB020751D30127A3F11E02C3F1BE
:1089D0001E0C981C07FA02F227FA0CFC07FA00F0AA
:1089E00042EA0C02864279EB020745D2884543DB16
:1089F000069A324316464A4606F00300032803D07F
:108A000006F0060006280BD1043649F10002B2F543
:108A1000000F21BF760808F1010846EAC276520825
:108A2000B608C3F13500C3F11507153B46EA827657
:108A3000920806FA07F726FA03F3824006FA00F0D6
:108A40003A431A43334B994225D1B8F5806F5BDA2C
:108A5000B2F5801F25D308F2FF3822F4801242EAD3
:108A6000085308900993DDE90889A9E6B61908F1C9
:108A7000FF3849EB0909A3E7770806F0010608F17A
:108A8000010847EAC9774FEA59093E43AAE70018A7
:108A900008F1FF385241B2F5801F32D218F57F7FBE
:108AA000F5DA4FF00008DAE7059B43446AB113F5A5
:108AB000A27F1ADDB3F59B7F26DA4246494630464F
:108AC000E7F7DAFB59EC108B7AE613F12D0F0CDB8C
:108AD000272B19DC4146304606F01DFC10EE100A2B
:108AE000E6F742F8804689466AE64FF000084FF004
:108AF000000965E640464946E6F786FB029B18609A
:108B0000B1E4B8F5806FA6DB4FF00008DFF80890FD
:108B100056E600BF02FCFFFF0000F07FF0B589B011
:108B200005460C46164600211C2201A81F4606F0E9
:108B3000D1FD0223204605958DF806300A4B02939D
:108B40002CB1B4F1004F28BF4FF00040013805446C
:108B50003A46314601A80695FEF7DAFE14B1059BA8
:108B600000221A7009B0F0BDBBF8020070B588B0E1
:108B700006460C46154600211C2201A806F0AAFD57
:108B800001232A4621468DF8063001A8034B05969D
:108B90000393FFF7A7FB08B070BD00BFA7F8020062
:108BA0001FB502AB074A00934FF0CC3306F03AFDF5
:108BB000DDE90201C00840EA4170C90805B05DF86E
:108BC00004FB00BFCDCCCCCC2DE9F04F9DB055ECD3
:108BD000104BCDE90B122A46290D0D93C5F3130353
:108BE000D20FC5F30A5507908DED050A0A9275B9A3
:108BF00022461A431BD130230126056043710A9B8C
:108C000043F00203037130461DB0BDE8F08F40F21F
:108C1000FF7295424DD1059A002613430A9B079A8D
:108C200014BF43F0080343F004031371EBE7059A04
:108C30004FEA83089A46B14D02F001020992059A63
:108C400048EA9278970001221646C5F1000B089277
:108C5000584600F017FAB5F1FF3FACBF8146A0F1CE
:108C60000109ABEB090B09EB05035846069300F02D
:108C70001DFA18A9A0F17D05584600F037FA14AB8B
:108C8000089AA9EB0505019312AB02925146009395
:108C900018AA2B46059806F0CEFBB9F1010F044641
:108CA0000D4600F2D880099B002B40F0CB800127B5
:108CB0006FE0059A43F4801AA5F2354502F00102EF
:108CC0004FEA8A080992059A134348EA92784FEAD4
:108CD00082074BD140F2FE7319420CBF01260026D9
:108CE000002D3246B1DB284600F0C6F90346032DBD
:108CF000C8BF013B1846069300F0D8F9069B7C30AC
:108D000018A95D1B0544184600F062FA14AB18AAB6
:108D10000598019312AB5146029600932B4606F03C
:108D20008AFB069B04460D46152B00F2888016AB85
:108D3000734A3846414600934FF0CC3306F072FC3C
:108D4000169B179A9B0843EA827303EB8303BB428B
:108D5000DDE9129A0CD13846414600F0AFF9069B86
:108D600083428CBF00270127002612E00126B7E7C7
:108D7000099B002B53D1013F48F1FF31B81B61F132
:108D8000000100F09BF9069B099F83428CBF0026DF
:108D900001260C9B002B40F09280DDF82CB04FF0A8
:108DA00000084FF00A0ACDF82080CDF81480DDE9E4
:108DB0001201FFF7F5FE149BCDE90E011846159937
:108DC0001093FFF7EDFE0E9B81460F9A98420B46DB
:108DD0001191934180F08D8020462946FFF7E0FEF7
:108DE0000AFB09F3109AB8F1000F14BF002707F02F
:108DF00001070AFB10480D46934214BF002606F0F7
:108E000001060E9B5FFA88F8044612930F9BCDE98A
:108E10001339119B1593089B01330893C7E7B81CBE
:108E200048F1000100F04AF9069B83428CBF002004
:108E30000120B9EB00006AF10002CDE9120200271F
:108E40003E46A6E7129B0127139A013B42F1FF32EF
:108E5000CDE9123288E7B9F13E0FF0D84FF0FF3379
:108E6000A9F12000C9F1200103FA09F203FA00F088
:108E700023FA01F103FA09F3024327EA03070A433D
:108E800028EA020857EA08070CBF012700276BE70A
:108E900000FB02FC0133A1FB001262448C4275EB23
:108EA000020CF5D2069A13440D9A13440B9A012B27
:108EB000B8BF01239A42A8BF1A4693466FE70A211A
:108EC000002201230846E9E70AFB03F00131A2FB77
:108ED0000A230344944275EB0300F5D2594511DD92
:108EE000BBF1000F02D154EA05030BD00123059317
:108EF00072E70A2200230121ECE700BFCCFBFFFF51
:108F0000CDCCCCCC7EB34FF00A0A149B15991846F1
:108F10000F93FFF745FE0F9B0AFB00F281460E916F
:108F20009A4220D1B8F1000F14BF002707F00107C3
:108F3000DDE91201FFF734FE10900F91204629461B
:108F4000FFF72EFE0F9B0AFB1048109A04460D46B1
:108F50005FFA88F81292CDE913390E9B1593089B9E
:108F600001330893D1E7069B089A13449946002FD2
:108F70005BD0B8F1050F58D114F001034BD1059A1D
:108F800032B9DDE914239D4208BF944260D0059BAD
:108F900018194FF00A044FF000024FF0010645F196
:108FA00000012546A04271EB020754D2EBB1B34554
:108FB0001BDA0C9B63B106EB09030D9A1A4422EAF3
:108FC000E2730B9A9A42A8BF1A46964293460CDD6A
:108FD000053009F1010906F1FF364FF00A024FF0A2
:108FE000000341F10001E6F7BDFA5E450FFA89F989
:108FF000079BA8BF5E4636B2B14406F1050809F1E9
:10900000FF3798444FF00009B1452BDB079B0A9AC4
:109010001F601A71F7E5059B2BB9DDE914239D420A
:1090200008BF944209D00123B2E7059B53B9DDE99B
:1090300014239D4208BF944204D1099B002BF2D116
:10904000002EF0D0B8F1040F94BF002301239FE756
:109050004FF00408F1E705FB02F70136A4FB0542D7
:109060003A449FE70A220023E6F77CFA303209F1FE
:10907000010908F8012DC7E7014B5843800C7047E0
:1090800041340100014B5843000D7047FB2E0B008B
:10909000014B5843C00C70474F931200024B58438A
:1090A000C00C0130704700BF4F931200024B584371
:1090B000C00C0130704700BF4F93120070B50346DB
:1090C000094A00204FF0CC364FF0333506FB03F44D
:1090D00002FB0144A3FB023121449D4275EB0104D4
:1090E00001D30130F2E770BDCDCCCCCC1A232DE9F1
:1090F000F04FB0FBF3FA334E03FB1A0389B004467A
:109100000D4606EB0A1653B9D6E90023C1E9002340
:10911000D6E90201C5E9020109B0BDE8F08F2A4A8B
:1091200002EBC303D3E9008904AB404649460093F0
:10913000D6E9022306F076FA06AB83460F46404690
:1091400049460093D6E9002306F06CFA00238146D5
:10915000DDE9066216EB0B0652EB070828BF012378
:1091600033B1049B059A013342F10002CDE9043288
:1091700020460391FFF79AFF07461A2000FB0AF0EA
:10918000FFF794FF3F1A324643464846039900973B
:1091900006F063FA0D4A4FEA141C640004F01E0343
:1091A00052F82C40DC4004F003042418304641F10E
:1091B0000001DDE90423C5E900414146009706F0BE
:1091C0004CFAA7E70804030038030300A00E0300CD
:1091D0002DE9F04F1A2700F11905DFF8E8A089B052
:1091E00004460E46B5FBF7F56F434FEA051B0AEB45
:1091F00005153A1A0AD1D5E90023C1E90023D5E9BA
:109200000201C6E9020109B0BDE8F08F2B4B03EB68
:10921000C203D3E9008904AB404649460093D5E92F
:10922000022306F0FFF95AF80B206B68013ACDE9EA
:10923000020106A963F1000340460091494606F089
:10924000F1F98A46029900238146DDE906526D183C
:10925000039952EB010828BF012333B1049B059AFF
:10926000013342F10002CDE904323846FFF71EFF18
:1092700007462046FFF71AFF3F1A2A46434648464C
:109280005146009706F0E9F90D4A4FEA141C6400B4
:1092900004F01E0352F82C40DC4004F003040134B7
:1092A0002418284641F10001DDE90423C6E9004104
:1092B0004146009706F0D1F9A3E700BF3803030049
:1092C000F40E0300D804030070B555EC104BC5F341
:1092D0000A502B462146A0F2FF32132A1CDC002A3A
:1092E00007DA002D40DB294342D10B461D460C46D0
:1092F0001EE02148104105EA0006264318D0002D43
:10930000C4BF4FF4801141FA02F24FF00001C8BF10
:109310009B1823EA0003E9E7332A0CDDB2F5806FDE
:1093200006D1224620462946E5F7C0FA04460D46F6
:1093300045EC104B70BDA0F213404FF0FF36C64015
:109340002642F5D0002D02DD142A03D1013321EA93
:109350000601CBE70120C2F1340200FA02F2121931
:10936000114628BF1B18F2E700214FF00043BDE76C
:109370000021024BBAE700BFFFFF0F000000F03FE3
:1093800051EC100BC1F30A520B4670B5A2F2FF3438
:109390000546132C1EDC002C0CDA00293CDA21F0E7
:1093A0000043002203431E4B08BF4FF00043194601
:1093B000104617E01B4A224101EA0206064311D07B
:1093C0000029BEBF4FF4801121415B1823EA02033C
:1093D0000022ECE7332C08DDB4F5806F02D10246A1
:1093E000E5F764FA41EC100B70BDA2F213464FF0A2
:1093F000FF32F2400242F5D000290ADA142C01D1E2
:10940000013306E0C4F134040121A14049190D469D
:10941000F6D225EA0202CAE700221346C7E700BFD8
:109420000000F0BFFFFF0F0051EC100B38B5C1F387
:109430000A5305460C46A3F2FF33B3F5806F06D1FD
:1094400002460B46E5F732FA41EC100B38BD002B13
:1094500017DB3F2B0D4AA8BF3F23B3F12001C3F117
:10946000200058BF42FA01F102FA00F058BF084349
:1094700042FA03F100EA050201EA040343EC102B6F
:10948000E4E700204FF00041F4E700BF0000F0FFE8
:109490002DE9F8432DED028B59EC118BB0EE408A8B
:1094A000F0EE608A00F09EFA40B942464B4651EC1D
:1094B000180BE5F7FBF941EC180B34E049EC108B85
:1094C00000F090FA0028F0D0B0EE480AF0EE680AFA
:1094D00000F088FA012809D1B0EE480AF0EE680AD7
:1094E000BDEC028BBDE8F843E7F7CEBB29F000479F
:1094F0004D46464658EA070302D149EC108BEFE788
:1095000018EE90CA18EE101A2CF000430CF000442C
:10951000BB4210DC07DB414505D315D1744B03EB8F
:10952000147393ED008BB0EE480AF0EE680ABDECC0
:10953000028BBDE8F8836F4A0CEA0202002A4FD082
:109540001815A0F2FF300AE06A4A0CEA0202002A6B
:10955000F6D1002B44D10A466748002A3DDC654A13
:109560002A40002A51D1002F45D1B646A2F213421B
:10957000BEF1000F3BDCDFF884E1704549DBCCF342
:10958000130343F48013DFF874C1624557DBC5F35E
:10959000130545F48015801A5F1BA1EB060C00280B
:1095A00062D1B14238BF07F1FF37002FA4BF614637
:1095B0003B4653EA0100B1D0B3F5801F6BDB4F4847
:1095C00082426EDBA3F5801302F2FF3223430C4686
:1095D00043EA025545EC184BA5E701385200BCE7B9
:1095E000DA024648002ABADD01385200FAE7013AA9
:1095F0004FEA4E0EBCE74FEAC72E404ABEF1000FBD
:10960000B9DD013A4FEA4E0EF8E73A15A2F2FF3201
:10961000B1E7AEEB000EBEF11F0F0ADC03FA0EFC41
:1096200000F21E4321FA03F301FA0EF143EA0C03A0
:10963000A9E7334B1B1A01FA03F30021A3E7ACEBB4
:10964000020CBCF11F0F09DC02F21E4507FA0CF7F1
:1096500026FA05F506FA0CF63D439CE7284DAD1AAF
:1096600006FA05F5002696E7B14238BF07F1FF3745
:10967000002F05DACF0F490007EB430301388BE7D2
:1096800057EA0C033FF44AAF4FEADC734FEA4C0150
:1096900003EB4703F2E7C80F013A490000EB43032D
:1096A0008AE7801A14280EDC02F21E42C14003FA37
:1096B00002F203410A4343EA04011046114B00221F
:1096C000E5F7AAFAF7E61F2807DC02F21E42C140BE
:1096D00003FA02F20A432346EDE7C2F17F4202F5A4
:1096E0007F0202F57B42E23243FA02F2F3E700BF67
:1096F000C80503000000F07FEDFBFFFF02FCFFFF49
:10970000E2FBFFFF0000F03F10EE102A22F00043C2
:10971000B3F1FF4F02D930EE000A70474FEAD27121
:1097200005D10029DFED4D7A00FE270A70474C482D
:10973000824202DD002000F0CFB9002A05DA494A52
:10974000934202D9002000F0B9B9474AF7EE005A17
:10975000934252D9454A93424FEA810234D8444B4E
:109760001344D3ED006A434B70EE666A1344C1F1B3
:109770000102D3ED007A521A36EEE70A20EE007AA3
:109780009FED3D5A9FED3D6A17EE056A9FED3C5AED
:1097900006EE075A9FED3B6A15EE076A9FED3A5AAF
:1097A00006EE075AB0EE406A05EE476AB0EE007A60
:1097B00020EE065A92BB36EE476AC5EE067A37EEC1
:1097C000C00A35EEC00A7047304BF0EE406A9FED9C
:1097D000307A1344D3ED007A40EE077A9FED2D7A6C
:1097E000FDEEE77A17EE902AF8EEE77A47EEC76AC1
:1097F0009FED297A67EE877ABEE7B3F1505F0BD20F
:109800009FED267A30EE077AB4EEE57AF1EE10FAA3
:1098100002DD30EE250A70470022AFE737EE467AC8
:1098200012F17D0FB8BF643285EE076A77EEC67A13
:1098300077EEE67A75EEE77A17EE903AB5BFDFED90
:10984000187A03EBC25303EBC25300EE103ABCBFCD
:1098500000EE103A20EE270A704700BF000000001B
:109860001772B142B5F1CF421872B13E9115853FE2
:10987000500F0300480F03004CBB31330EEADD35B7
:1098800055B38A38610B363BABAA2A3E580F03000A
:109890003BAAB83F8071313FD1F71737CAF24971FF
:1098A0000000800D10EE102AF0EE407A08B532F07C
:1098B00000432DED028B06D10120BDEC028BBDE8EB
:1098C000084000F017B9002A05DABDEC028BBDE8AC
:1098D000084000F01DB9B2F1FF4F04DB30EE000A82
:1098E000BDEC028B08BDB2F5000FBBBF9FED157A32
:1098F0006FF01801002160EE077AB8BF17EE902ACA
:10990000D315C2F316027F3B0B44D90F03EBD3737D
:1099100007EE903AC1F17F0342EAC353B8EEE78AFB
:1099200000EE103AE6F78CFDDFED077A20EE270A0D
:10993000DFED067A08EE270ADFED057A08EE270A42
:10994000CEE700BF0000004CD95BDE3EDB2754357C
:1099500080209A3E10EE103A07B523F000431F4ACC
:10996000934207D80020DFED1E0A03B05DF804EB38
:1099700000F03AB9B3F1FF4F04D303B05DF804EB44
:1099800000F0C6B8684600F077F900F0030001283F
:109990000CD0022811D0D0B90120DDED010A9DEDD7
:1099A000000A00F021F903B05DF804FBDDED010AC7
:1099B0009DED000A00F0C0F8F5E70120DDED010A99
:1099C0009DED000A00F010F9B1EE400AEBE7DDED85
:1099D000010A9DED000A00F0AFF8F5E7D80F493F06
:1099E0000000000051EC100B0B4631F0004107D194
:1099F00090B10D4A1A40002A14BF0420032070477A
:109A0000094A13420AD0094B994209D9914209D116
:109A1000B0FA80F040097047022070470320704779
:109A200004207047002070470000F07FFFFFEF7FA9
:109A3000024610EE100AC0F3C75320F0004183B96C
:109A4000A9B3DFED1B7A1B4960EE277A8A4217EE35
:109A5000900AC0F3C753A3F1190307DAC00F00F04F
:109A60002DB8FF2B02D130EE000A70474CF2503176
:109A70008A4202DDC00F00F02FB81344FE2BF9DC40
:109A8000002B06DD20F0FF4040EAC35300EE103A01
:109A9000704713F1180FE1DB193320F0FF409FED01
:109AA000060A40EAC35007EE900A27EE800A704784
:109AB0000000004CB03CFFFF000000339FED040AA3
:109AC0000028DFED047A40FE277A27EE800A7047EF
:109AD00000008000000080809FED040A0028DFED78
:109AE000047A40FE277A27EE800A7047FFFF7F7FC7
:109AF000FFFF7FFFBFEE007A0028F7EE007A9FEDB0
:109B0000030A47FE877A87EE800A7047000000004C
:109B100008B52DED028BB0EE408A00F0E7F920B9D0
:109B200038EE080ABDEC028B08BDDFED027A87EE45
:109B3000A70AF7E70000000010EE103AB7EE007A2F
:109B400023F00043B3F1485F3BD360EE006ADFEDE2
:109B50001E5A9FED1E6AF6EE007A1D4A60EE200A3C
:109B600006EEA56ADFED1B5A934266EEA77A56EE23
:109B7000265A9FED196A05EEA66ADFED185A56EED1
:109B8000265A9FED176A05EEA66A26EE266A56EE5D
:109B9000260A04D877EEE07A37EE670A7047114A52
:109BA000934296BF03F17F43F5EE026A06EE903AC8
:109BB00077EEE67A37EE660A77EEE07A30EE670AFD
:109BC0007047B0EE470A70474ED747ADF6740F3175
:109BD0009999993E7CF29334010DD037610BB63AD6
:109BE000ABAA2A3D0000483F10EE103AF0EE407A52
:109BF00023F00043B3F1485F01D200F069B960EE91
:109C0000006A9FED167ADFED165A56EE875A9FEDE1
:109C1000157A20EE266A05EEA67ADFED135A57EE86
:109C2000265A9FED127A05EEA67A40B9DFED105A5A
:109C300056EE875A45EE867AB0EE670A704726EEF2
:109C4000077AF6EE005A10EEA57A57EE260A9FED37
:109C5000097A46EE470A30EE600A7047D3C92E2FC4
:109C6000342FD7321BEF3836010D50398988083C24
:109C7000ABAA2A3EABAA2ABEF0B510EE105A864A0D
:109C800087B0044625F00043934205D8002380EDB9
:109C9000000A4360002022E0804A93423AD825F02F
:109CA0000043002DDFED7E7A23F00F037D4A18DD9F
:109CB000934230EE670A09BFDFED7B7A9FED7B7A36
:109CC00030EE670A9FED7A7A70EE477A30EE670AD7
:109CD000C0ED007A30EE470A80ED010A012007B09E
:109CE000F0BD934230EE270A09BFDFED6F7A9FED9A
:109CF0006F7A30EE270A9FED6E7A70EE077A30EEBB
:109D0000670AC0ED007A30EE070A80ED010A4FF0D5
:109D1000FF30E4E7674A934270D8F6EE007A9FED91
:109D2000667AB0EEC00A40EE077AFDEEE77AF8EE0A
:109D3000E76A17EE900ADFED5A7A1F2806EEE70A67
:109D4000DFED5A7A66EEA77A30EE677A17EE106A80
:109D500009DC25F00042471E584922F0FF0251F865
:109D600027108A4206D1C6F3C751DA15C1EBD35387
:109D7000082B14DC266094ED007A002D30EE470AA3
:109D800030EE670A84ED010AA9DAB1EE477AB1EE46
:109D9000400A84ED007A84ED010A40429FE7DFED3E
:109DA000427A9FED436A66EEA77A30EE677A30EE2C
:109DB000470A70EE677A56EE867A37EE676A16EED5
:109DC000101AC1F3C753D31A192B04DCB0EE470A9B
:109DD00084ED006ACFE7DFED3A7A66EEA77A37EED8
:109DE000670A37EE407A77EE677A9FED367A56EE5D
:109DF000877A30EE677A84ED007ABCE7B3F1FF4FE3
:109E000006D330EE400A80ED010A80ED000A41E7FA
:109E1000DA15DFED2D6A863AA3EBC25307EE903ACE
:109E2000BDEEE77AB8EEC77A77EEC77A8DED037AA2
:109E300067EEA67ABDEEE77AB8EEC77A77EEC77A14
:109E40008DED047A67EEA67AF5EE407ACDED057ACF
:109E5000F1EE10FA1ED1B5EE407AF1EE10FA0CBF19
:109E600001230223194903A80191022100912146EF
:109E700000F058F8002DBFF632AFD4ED007AF1EEC5
:109E8000677AC4ED007AD4ED017AF1EE677AC4ED19
:109E9000017A82E70323E5E7D80F493FE3CB164079
:109EA000800FC93FD00FC93F004435374344353791
:109EB00008A3852E800F494384F9223F780F0300C1
:109EC00000A3852E32318D2400008043F80F03005B
:109ED000F7EE007A9FED047A82B077EE877ACDEDC7
:109EE000017A019B02B070470000800010EE103A2A
:109EF00033F000400DD0A0F50003B3F1FE4F0AD3BC
:109F0000421E074B9A4208D9A0F1FF4358425841DC
:109F1000704702207047042070470320704700BF3D
:109F2000FEFF7F002DE9F04F90469B46C14B0F4648
:109F300018F1040F2DED048BD9B0669ADDF89CC1A1
:109F400053F822A00BF1FF33019025DBB8F1030297
:109F500048BF08F10402D210551CD41A0AEB0306BC
:109F60000DF17009E9009FEDB77AA8EBC5050291E4
:109F70000CEB840E0021B14210DD1CA90DF588798F
:109F8000002601EB8B01564528DCDDF804E00C4689
:109F9000DFEDAC7A002018E00022DDE7CC4254BFB0
:109FA0005EF82100F0EE477A01F101015CBF07EE97
:109FB000900AF8EEE77AE9EC017ADCE7FEEC016A58
:109FC000013094ED007A46EE877A9842A4F10404B9
:109FD000F4DD01360431E9EC017AD4E708A90CEB91
:109FE00082025446DFED968A01EB8A019FED939A37
:109FF00003920491A20044A92046059258AA01EBBD
:10A00000840102EB840212ED140A08AA1646002805
:10A01000A1F104014EDC2846CDE90632FFF708FD28
:10A02000F4EE007AB0EE408A60EE277AFBFE677AA3
:10A03000B2EE007A002DDDE9063207EEC78AFDEEAA
:10A04000C87A17EE909AF8EEE77A38EE678A43DD21
:10A05000601E08A9C5F1080C51F8206046FA0CF101
:10A06000894401FA0CF1761A08A941F82060C5F17B
:10A0700007010E41002E3EDD4FF0000C09F10109F1
:10A08000604664456ADC002D05DD012D00F083800B
:10A09000022D00F08B80022E2DD1B7EE000A30EE9B
:10A0A000488A40B328460693FFF7C2FC069B38EE69
:10A0B000408A20E060EE287A0138FDEEE77AF8EE7B
:10A0C000E77A07EEC90ABDEEC00AA6EC010A91EDD7
:10A0D000000A37EE800A9AE705D1611E08A850F8F9
:10A0E0002160F611C6E7F6EE007AB4EEE78AF1EEEB
:10A0F00010FA31DA0026B5EE408AF1EE10FA40F09F
:10A10000A380611E0020514557DA002871D0013C20
:10A1100008AB083D53F82430002BF8D0B7EE000A06
:10A120002846FFF785FC631C44AA9FED457A9900F9
:10A1300002EB83022346002B80F2B4802346002BDF
:10A14000C0F2D28044AADFF8F0C0DFED3E7A0020F2
:10A1500002EB8305E21ABCE002268DE796465EF824
:10A16000041B60B981B10CF1010CC1F5807164452B
:10A170004EF8041C0DDDDEF8001002F1080EC1F1EE
:10A18000FF014EF8041C01210CF1010C7246084637
:10A1900077E7012077E7611E08AA52F8212002F034
:10A1A0007F020DF1200C4CF8212074E7611E08AAF3
:10A1B00052F8212002F03F02F3E708AA52F82120CA
:10A1C000013910439FE7013251F8040D0028FAD0FD
:10A1D000059904EB0B000DF1700C661C01F5B071D4
:10A1E00022440CEB800069444C39B24204DA144634
:10A1F00000E704990122E7E7039CDDF804C054F866
:10A20000264007EE904A05940024F8EEE77AE0EC49
:10A21000017A8646DFED0B7A9C4203DD0136E1ECE4
:10A22000017AE2E7FCEC016A01343EED017A46EE88
:10A23000877AF1E73C13030010130300000080430A
:10A240000000803B00000000029BB0EE480AA3EB38
:10A250000800FFF7EDFB1FED077AB4EEC70AF1EE39
:10A2600010FA19DB5FED0A7A08AA083560EE277A42
:10A27000FDEEE77AF8EEE77A07EEC70AFDEEE77A39
:10A28000BDEEC00A10EE103A42F82430013417EE49
:10A29000903A42F8243041E7BDEEC00A08AA10EE19
:10A2A000103AF6E708A850F82300013B07EE900AA1
:10A2B0000190F8EEE77A67EE807A20EE070A62ED09
:10A2C000017A38E7FCEC016A0130B5EC017A46EE20
:10A2D000877A504501DC8242F4DA58A8013B00EB52
:10A2E000820242ED287A2AE7669B022B09DC002BCA
:10A2F0002BDC44D009F0070059B0BDEC048BBDE85D
:10A30000F08F669B032BF5D130AA0B1F2046134418
:10A310001A460028A2F1040252DC2246012AA3F1C7
:10A3200004035DDC30AB5FED397A0B44012C67DC54
:10A33000DDED306A9DED317A002E67D1C7ED006A00
:10A3400087ED017AC7ED027AD4E730AB22461FEDE4
:10A35000437A0B44002A24DA4EB3F1EE477AC7ED74
:10A36000007A31AADDED307A012377EEC77A9C427C
:10A3700020DA0EB1F1EE677AC7ED017ABAE730ABB9
:10A380005FED507A0B44002C05DA0EB1F1EE677ADE
:10A39000C7ED007AAEE733ED017A013C77EE877ABC
:10A3A000F1E773ED017A013A37EE277AD2E7F0EE62
:10A3B000477AD4E7B2EC017A013377EE877AD6E7B1
:10A3C000D2ED007A0138D2ED016A37EEA67A77EE47
:10A3D000C77A82ED007A77EEA67AC2ED017A98E725
:10A3E000D3ED007A013AD3ED016A37EEA67A77EE23
:10A3F000C77A83ED007A77EEA67AC3ED017A8DE70E
:10A4000033ED017A013C77EE877A8FE7F1EE666AE9
:10A41000B1EE477AF1EE677AC7ED006A87ED017A0F
:10A4200090E700BF70477047836800EBC101B3F548
:10A43000004F2CBF51F8220031F81200704700EB9A
:10A44000C1018068B0F5004F2CBF41F8223021F8DF
:10A4500012307047012208B5FFF7E6FFD04008BD73
:10A46000836800EBC101B3F5004F08D34B681AB104
:10A4700043F001034B60704723F00103FAE74B8878
:10A480001AB143F001034B80704723F00103FAE750
:10A4900053000122FFF7D3BF8368B3F5004F34BFE9
:10A4A00004230823C91A081AC0087047B0F5004FE2
:10A4B00034BF042308230731C818C00870470A4670
:10A4C00008B50121FFF7F2FF0132121AB2FA82F049
:10A4D000C0F11F0008BD2DE9F041174603220E46CA
:10A4E0000446FFF7A1FF8642054607F104080AD19A
:10A4F0000122E368BA4023EA0203E360002344F840
:10A500002830BDE8F081314602222046FFF78CFF5B
:10A5100006462B4601460322204644F82850FFF702
:10A520008EFF334629462046BDE8F0410222FFF760
:10A5300086BF70B50D4686680446FFF78BFFB6F5FB
:10A54000004F014601D3012809D03046FFF7B7FF7D
:10A55000294602462046BDE87040FFF7BCBF70BDEB
:10A560002DE9F047054680688846FFF7A8FF05EB10
:10A57000800ADAF810900646B9F1000F1BD00327C5
:10A58000DAF8104028462146FFF764FF404507D31C
:10A59000324621462846FFF79EFF2046BDE8F08759
:10A5A000032221462846FFF73FFF013FCAF810006B
:10A5B00001D08145E4D14FF0FF34EB680136B4405F
:10A5C0001C40EAD094FAA4F2B2FA82F2131D55F8B4
:10A5D0002340DEE72DE9F04114460E460546FFF71D
:10A5E00039FFA4EB0608371B07444246314628468C
:10A5F000FFF74EFF3A4621462846FFF749FF4346FC
:10A60000002221462846FFF71AFF21462846FFF779
:10A6100021FF3B46211800222846BDE8F041FFF704
:10A620000EBF2DE9F041164604460F46FFF712FF14
:10A63000314605462046FFF70DFF05442A463946B8
:10A640002046FFF725FF31462046FFF703FF2B4644
:10A65000311800222046BDE8F041FFF7F0BE2DE999
:10A66000F0410D4686680446FFF7F4FEB6F5004F4C
:10A67000014601D3012832D03046FFF720FF04EB1A
:10A6800080010E6996B90122E36882401343E360BA
:10A6900002220D612B4629462046FFF7D0FE0322F9
:10A6A00029462046BDE8F041FFF7C9BE02223146E7
:10A6B0002046FFF7B9FE0746034629462046FFF726
:10A6C000BEFE0322334629462046FFF7B8FE394630
:10A6D0002B462046FFF7B3FE02223146E1E7BDE8F4
:10A6E000F081F8B50C460546FFF7B4FE26180122A6
:10A6F00031462846FFF798FEC3070CD4314628465A
:10A70000FFF717FF21462846FFF7A4FE214622182F
:10A710002846FFF786FF002221462846FFF784FEE1
:10A72000271A012239462846FFF77EFE10EA020664
:10A7300013D139462846FFF7FCFE2146324628460B
:10A74000FFF772FE2246211A2846FFF76AFF2146CC
:10A7500032462846FFF768FE241A21462846BDE8FF
:10A76000F840FFF77CBF70B5066809B9002070BDDE
:10A77000B068B0EBD10FF9D9FFF798FE0146054656
:10A780003046FFF7EDFE04460028EFD00146304684
:10A79000FFF760FEA84209D92544214630462A46E3
:10A7A000FFF718FF29463046FFF759FF30460122D0
:10A7B0002146FFF755FEB368B3F5004F34BF0423BD
:10A7C000082303EBC4031844D1E72DE9F0470646FC
:10A7D0000D46174698462BB34FF0000A98F80040F4
:10A7E00093F80190DB78A40004EB430498F802305E
:10A7F0001C444444CA4509D339463046AC46D8F8CF
:10A80000042008F10803BDE8F047604714F8013B55
:10A810000AF1010A204648F82340E5F752F80130D2
:10A820000444E7E76FF01500BDE8F08770B5002538
:10A8300002462846144614F8013B0BB9184609E0B5
:10A8400098B18D4207D1702B04D0A3F140023A2A6F
:10A850000BD8002070BDA3F140063A2E05D85378DE
:10A860000135941C002BE9D00020252B224608BF7F
:10A8700080F00100DEE70020704700F01DBD0FB43E
:10A8800007B504A951F8040B019100F015FD03B0C0
:10A890005DF804EB04B070470CB4034607B50846F6
:10A8A00005AA40F20511DB680192984703B05DF8F4
:10A8B00004EB02B07047002383F31188BFF36F8F5E
:10A8C0000423184602DF70470FB407B504A951F8F6
:10A8D000040B0191FFF7D1FF03B05DF804EB04B066
:10A8E000704710B50369024613F0080009D11368D8
:10A8F000D4689C429BBF0120526AE31AD31A0B60B2
:10A9000010BD00231846FAE713B501A90446FFF766
:10A91000E8FF20B1019BE268013B13440193606AA8
:10A92000019BC01A013802B010BD10B50446501882
:10A930002269636AD20702D5013B184010BD9842D4
:10A9400028BFC01AFAE710B504460A46C168FFF7E7
:10A95000ECFF2369E06023F00803236110BD38B5E4
:10A960000D46026A8B00016843F00203044642F878
:10A97000213001682A46FFF7D8FFE36861689842F2
:10A9800008BF2369206008BF43F008032A46204619
:10A9900008BF2361FFF7C9FF606038BD2DE9F74F9D
:10A9A000C768066A9B4616F82730044603F003037F
:10A9B000022B884691464FF0000306EB870A09D028
:10A9C0001360CBF800302369990710D4002003B03E
:10A9D000BDE8F08F56F8271013608908CBF80030D7
:10A9E000F1D0FFF7B0FFE368A3600120EFE7E36970
:10A9F0005046984716F827300546DA07E6D513F093
:10AA000002031DD0B8F1000F03D041462046FFF7E6
:10AA1000A6FF61682A462046FFF787FFD4E9023186
:10AA20009942606004D12A462046FFF77EFFA0606D
:10AA3000A3682360E360236943F008032361D4E73C
:10AA4000014620460193FFF77EFFE268A260B8F15D
:10AA5000000F04D02168226A019B42F8213005EBE7
:10AA60000802CBF8002021682046FFF75EFF23692B
:10AA7000206043F00803236116F827306FF30003CA
:10AA800006F82730C9F800A0AFE770B504461546B0
:10AA9000FFF74BFF2368834205D12369216023F030
:10AAA0000803236170BD226AAB0043F0020342F841
:10AAB000213061682A462046FFF737FF6060F1E7E2
:10AAC00038B5036904465B0706D5856AFFF71CFFA6
:10AAD00085422CBFA562A06238BD02698368120757
:10AAE00002D442689A4200D2426AD31A181E18BF92
:10AAF00001207047A0F13003DBB2092B02D80020FF
:10AB00000B707047A0F16103052B02D85738C3B210
:10AB1000F5E7A0F14103052B01D83738F7E76FF0CF
:10AB200015007047F7B5054601F0010000EB51062E
:10AB30009E424FEA510703D90026304603B0F0BDCC
:10AB400058B128780DF10701FFF7D4FF0028F3DB97
:10AB50009DF80730013502F8013B01351744BA4230
:10AB6000EBD015F8010C0DF10701FFF7C3FF00282A
:10AB7000E2DB9DF807402401E4B2147015F8020BE3
:10AB8000FFF7B8FF0028D7DB9DF807301C4402F818
:10AB9000014BE4E7838B13F0070305D10368002B17
:10ABA0000CBF002003207047022B05D1C08BB0FAE8
:10ABB00080F0400980007047012B05D10368002B0D
:10ABC0000CBF0020052070470020704710B50C46D0
:10ABD00000B111B96FF0150010BD081D00F02FF87D
:10ABE0000028F9D1A368032BF6D9F3E72DE9F0414A
:10ABF0000D4607461946281D90461E46E8F708FAF6
:10AC0000044638B13346424629463846A446BDE894
:10AC1000F0416047BDE8F08138B50C46054658B1B3
:10AC200051B10B6843B14B6833B12022002104F0CD
:10AC300051FD00202C6138BD6FF01500FBE7034685
:10AC400040B1426802F00302022A06D0032A04D06F
:10AC5000012A05D06FF0150070471A68002AF9D054
:10AC600000209860704770470346012B82BF03F1B4
:10AC7000FF3252185B42084688BF02EA0300704761
:10AC800070B50446416A00F05AFA236A06469842B3
:10AC900015D0A0B1A28E01460132204692B200F03A
:10ACA000D5F8054648B9082194F836006662FFF7E2
:10ACB000DBFFA38EA0620133A386284670BD6FF030
:10ACC0001B05FAE72DE9F04383B004460D4690F8E2
:10ACD000362002AFD31D03F4FC73ADEB030D02AEBF
:10ACE000FF21304604F0F6FC32462946204600F0AB
:10ACF000CCF9A0B994F83680A9894046FFF7B4FF93
:10AD0000D5F80890CDF8008000EB090233462046C4
:10AD1000296800F026F8002818BF6FF004000437F7
:10AD2000BD46BDE8F08308B5806B10B100F01DFC96
:10AD3000C0B208BD70B514461A46049B4D68E618AB
:10AD4000AE420BD8806B10B96FF0040070BD09687B
:10AD5000214400F0CAFB0028F8D0F5E76FF0150099
:10AD6000F4E770B514461A46049B4D68E618AE42E7
:10AD70000BD8806B10B96FF0040070BD09682144D6
:10AD800000F0C8FB0028F8D0F5E76FF01500F4E7F5
:10AD900008B5806B10B96FF0040008BDD1E900124E
:10ADA00000F0CDFB0028F8D0F5E738B504460025C3
:10ADB000416A6379AB4201DC284638BD204600F089
:10ADC000BEF9236A01468342F6D00135F1E77F2AB6
:10ADD00010B506D890F83C3001205340DB430B708F
:10ADE00010BD47F6FE739A420ED890F83C3062F0E0
:10ADF0007F046340DB430B7090F83C30022083EA11
:10AE0000D213DB434B70EBE76FF01500E8E730B58A
:10AE100090F83C300D7883EA050044B2002C0EDB3C
:10AE2000AB42497801D18B420DD04B40DB0183F41A
:10AE3000FF4380F07F0018431080022030BDE443C0
:10AE400001201480FAE76FF08500F7E77FB54FF037
:10AE5000013390F83C5006686B437340DB43029328
:10AE60000379ADF80E208DF80C30082300220093F2
:10AE70006B448DF80D50FFF774FF002818BF6FF07A
:10AE8000040004B070BD30B50546144685B002B963
:10AE900002AC08230022009328462346FFF74AFF0E
:10AEA00088B94FF0013195F83C3022684B439A4203
:10AEB00007D029684B40DB439A4214BF6FF0220051
:10AEC000012005B030BD6FF00400FAE72DE9F04F26
:10AED0008B680C4685B02BB96FF01505284605B078
:10AEE000BDE8F08F4A798B799A42F5DD3831C0B2EE
:10AEF000E9F738F806460028EED1A36BD8688368D6
:10AF0000DB6898470379204684F83C30FFF70BFF55
:10AF100007460028E0D04FF0FF33B346B0469946CD
:10AF20006279B2422BDCB9F1FF3F4ED1D4F80880F0
:10AF3000002241462046FFF789FF05460028CDD173
:10AF4000C346012F0CBF0823FB1D84F83670C4E9EB
:10AF5000088B1CBF7F423B40A362A58604F12406F8
:10AF60003146204600F0CAF810F1860F05462ED073
:10AF70000028F5D004F10C0003F0E9FEAEE7A2686A
:10AF8000204602EBC60A514602AA0193FFF77BFF57
:10AF9000051EA3DB019B08D0B9F1FF3FBDF80E20D1
:10AFA00005D19146D346D04613460136B8E711B2D3
:10AFB00018B2814202DD1346D346F6E70FFA89F054
:10AFC0008842C4BF9146D046EFE71D46B9E7002549
:10AFD000D0E72DE9F0470C461746D1E900124B683F
:10AFE000951C9D4206468CB04CD80223009304ABBE
:10AFF000FFF7A0FE20B16FF004000CB0BDE8F087B1
:10B0000030460DF10E0204A9FFF701FF0028F4DB22
:10B0100096F8362083B2012A84BF02F1FF355B190E
:10B02000616884BF524213400B44A360BDF80E30E8
:10B030000246A381FF2004A9E6F72CFB0546D4F8BD
:10B040000880BDF80EA0C244D04502D300203D7058
:10B05000D3E7AAEB0809B9F1200F28BF4FF0200968
:10B06000CDF8009042463046216804ABFFF762FEFF
:10B070000028C0D128464A4604A9E6F70BFBC8447D
:10B080000546E1E76FF08500B7E7FFF7A2BF30B5EF
:10B0900085B00DF10E0205460C46FFF79AFFE0B9A8
:10B0A00095F83630A289012B81BF02F1FF32D21808
:10B0B0005B421A400123A16800930A442846216894
:10B0C0000DF10F03FFF736FE48B99DF80F209DF8EC
:10B0D0000E309A4218BF6FF04C0005B030BD6FF0D3
:10B0E0000400FAE70346012B82BF03F1FF32521836
:10B0F0005B42084688BF02EA030070472DE9F04131
:10B1000006460D46FFF7C3FF10B110F14D0F14D1E5
:10B1100096F83670A9893846FFF7E4FF0121044606
:10B120003846FFF7DFFFD5F8088004444444294639
:10B1300030466C60FFF7ABFFE7E7BDE8F081034600
:10B140009A685B7901F1080002EBC303984228BFBB
:10B150001046704738B50B6805460C460BB9036AB4
:10B160000B60636893B995F836000821FFF7BAFFC2
:10B17000214660602846FFF78AFF10F14D0F17D077
:10B1800068B901E04D3013D0002038BD2146284673
:10B19000FFF7B4FF0028F7D010F1860FF2D1216835
:10B1A0006B6A99420DD02846FFF7C9FF2060DAE7A5
:10B1B00021462846FFF7A2FF0028E5D04D30F7D002
:10B1C000EDE76FF08500E0E770B504460D4600F14D
:10B1D0000C064FF0FF324FF0FF333046F8F78EFE8B
:10B1E00048B929462046FFF7B5FF04463046F8F730
:10B1F00055FF204670BD6FF01504FAE7F8B5044618
:10B2000000F10C064FF0FF324FF0FF333046F8F7F5
:10B2100075FE002830D12046216AFFF7B9FD40BBFA
:10B22000D4E90813994219D12046FFF788FFA28E6E
:10B2300001460132074692B22046FFF707FE054657
:10B2400090B994F836306762012B91BF0823DA1D5C
:10B250005B421340A362A38E0133A3862046216A7A
:10B26000FFF76DFF002520623046F8F717FF2846EC
:10B27000F8BD6FF00405F7E76FF01505F7E7037801
:10B280005B075FBF03684288C3F34A2303EB1210D6
:10B290005DBF173020F007008008002070470020B5
:10B2A000704701F010BC0346D3E8EF0F421CC3E81F
:10B2B000E12F0029F8D170471FB50023CDE9020125
:10B2C0001A4619461846CDE90033E8F787FB05B062
:10B2D0005DF804FB0120E8F777B80020704770B5EF
:10B2E000D2E901369B1B8B420C4615460AD31368E4
:10B2F0000A460146981904F0E0F92046AB68234459
:10B30000AB6070BD6FF01B00FBE770B50E461546D5
:10B310001946044618B9BDE87040E8F755B833B18E
:10B32000C2F34A231030120D184404F0C6F9C4E9E0
:10B3300000562046BDE87040E8F774BA2DE9F341A5
:10B340005F1C4FEA8708064608F1170020F0070047
:10B3500080080C461546E8F7B1F800238DF8047014
:10B36000ADF805308DF8073068B10346019AA8F1B1
:10B37000040143F8102F2A46294452F8045B8A42FC
:10B3800043F8045FF9D100233146A20102F4E072D0
:10B3900042EA482222F07F4222F4700222F03F0269
:10B3A00002B0BDE8F041FFF7B0BF07B5012301923D
:10B3B00001AAFFF7C3FF03B05DF804FB07B5CDE9B1
:10B3C000002302236A46FFF7B9FF03B05DF804FBD0
:10B3D0001FB5CDE90123069B01AA03930323FFF7C1
:10B3E000ADFF05B05DF804FBF8B506460D46144602
:10B3F0001F4604B9F8BD214628463A46B047241AEC
:10B400000544F6E710B542680446D2E90023816896
:10B410000068FFF7E9FF002263681A6010BD0A2880
:10B4200038B504460D4602D10D20E8F767FB2946E2
:10B430002046E8F763FB002038BD2DE9F0430546C0
:10B4400087B008460E8891F800900C46D1F8088025
:10B450001746E8F727FB011EC6F38216C9F3C20997
:10B460001EDB4846E8F7F0F90346214651F8102B59
:10B470006088C2F34A22002A01EB020408BF0021BF
:10B480000022C0F30B10CDE90407CDE902142846D1
:10B49000414601960092E8F75DFB07B0BDE8F083F6
:10B4A0000023E2E7436800201B685B6899617047EE
:10B4B000012143681B685A6811771868FFF7A2BF1B
:10B4C00043681B681868E8F7D5BC70B543680C463C
:10B4D0001D686B689869E7F753FF214603460F2202
:10B4E0002868BDE8704018477047002930B404460A
:10B4F00018460BDBA5680844A84207D8E0686468D2
:10B50000214484682468A44630BC60476FF015006D
:10B5100030BC7047002930B4044618460BDBA568E0
:10B520000844A84207D8E0686468214484686468D5
:10B53000A44630BC60476FF0150030BC704700294E
:10B54000034610B410460BDB9C680844A04207D8A1
:10B55000D8685B68194483685DF8044B9B6818479A
:10B560006FF015005DF8044B704708B5C06883683C
:10B57000DB689847006808BD70B54C680368A34253
:10B5800001D2012070BD8A682244934201D3002079
:10B59000F8E74E69D1E90325B54203D36FF00B03F9
:10B5A0008B61F4E71B1B42F835304368086902EBF6
:10B5B000C00253600B6901330B61E2E710B1C06850
:10B5C000EAF718BD7047034610B508460AB10021D6
:10B5D000116053B1D0B1411E11F8010F80B113F8C1
:10B5E000014BA04201D13D28F6D100200EE00133ED
:10B5F00013600AE03D2808D0B0FA80F0400905E069
:10B6000018782F28F6D1002AF1D1012010BD10B5ED
:10B610000C46E4F756F90134204410BD13B5049CE0
:10B62000019400240094E8F71DFF02B010BD1FB57F
:10B6300003680093406803ABFFF7F0FF18B9039865
:10B6400005B05DF804FB4FF0FF30F9E71FB53D246E
:10B6500001930DF10F03009313460A4601460020A3
:10B660008DF80F40E8F7FEFE04B010BD2DE9F0475D
:10B67000884688B0196891461E46E4F710F90746D7
:10B6800048B941464846E8F7B7FFB36805468342E4
:10B6900005D00023F360002008B0BDE8F08708B9AA
:10B6A0000123F7E7D6F804A0102D2C4628BF10245C
:10B6B000CDF80080224603AB04A909EB07000394F0
:10B6C000FFF7ACFF0028E4D1039B9C42E1D1224666
:10B6D000504604A903F00AFD0028DAD12D1BA2442C
:10B6E0002744E1D1DCE7808970470830704730B4E7
:10B6F00004688568246829442144006930BCFFF748
:10B7000009BF30B484898C420FDD1D680D44A54209
:10B7100084BF641A1C600468856824682944214435
:10B720001B68006930BCFFF7E0BE0020186030BC29
:10B7300070470520704701460068E9F785B908B5EC
:10B74000E9F712FABDE80840E9F732BA0A460121E2
:10B75000FFF72BBE90F884308BB1EFF3148343F0E6
:10B76000040383F31488BFF36F8FD0F88030E1EEC9
:10B77000103A00F1400390EC100A93EC108A7047E5
:10B7800000210120E9F760B9436E83F30B8870470D
:10B7900061B662B680F31188BFF36F8F704772B6DF
:10B7A000002383F31188BFF36F8FBFF34F8F30BF38
:10B7B00062B6BFF36F8F704772B6002383F31188B0
:10B7C000BFF36F8FBFF34F8F20BF80F31188BFF39C
:10B7D0006F8F62B6704740E800F313F4803FD8B231
:10B7E00008BF6FF01500704730B50C684B6885B026
:10B7F0000A894D890094013B24F01F04234402F080
:10B800001F0242EA451223F01F0369468DF8082003
:10B810000393E9F7F9FE05B030BD08B5D1E904316D
:10B820009847002008BD08B5EAF734F9002008BDA4
:10B8300007B501AB01F093FE02280AD003280BD014
:10B8400068B90198003818BF0120404203B05DF884
:10B8500004FB6FF01500F9E76FF08500F6E74FF095
:10B86000FF30F3E7EAF70ABEEAF72EBE0CB4034650
:10B8700007B504AA084652F8041BDB6801929847F2
:10B8800003B05DF804EB02B07047F8F737BBF8F788
:10B8900005BC2DE9F041141E05460E4613DB4FF49E
:10B8A000004740F2E73000214FF47A720023C4FBD6
:10B8B0000701E3F757FE02460B4631462846BDE82E
:10B8C000F041EAF783BC4FF0FF321346F5E708B5C5
:10B8D000EBF7C4F8EBF760F9002008BD10B1006881
:10B8E00000B140687047F8F709BB10B50346FFF791
:10B8F000F5FF28B1C2681AB1BDE8104018461047DC
:10B9000010BDF8F7CBBB10B50446EAF737FE48B1D7
:10B910002046EAF78FFE8368986818B18047C31EF7
:10B920005842584110BD10B504460809B3B1092862
:10B9300012D9A2F10A031844C0B204F8010B002383
:10B9400001F00F01092983BF0A3A8918C9B23031C1
:10B9500021706370601C10BD3030EEE70028E6D126
:10B96000EDE7D0E90032D21A012A0DD95A1C026043
:10B970001B781B020B8003685A1C02601B780A8824
:10B98000002013430B8070476FF01500704710B50F
:10B99000D0E900349C4220D05C1C04601B780B7002
:10B9A00000231360D0E90014A14219D20978146869
:10B9B00001F07F0199400C44146001684C1C046044
:10B9C00091F90010002905DB1368B3F1805F04D200
:10B9D000002004E007331C2BE4D16FF0150010BDEC
:10B9E0006FF00A00FBE770B5D1E900369E4202D144
:10B9F0006FF0150070BD5D1C0D60AE421C78F7D075
:10BA00009D1C0D60597890F85E300020042B04BF17
:10BA100004F0010313705170ECE7F7B51C461546AE
:10BA2000A27D430003F0020322F00302C0F34100B1
:10BA300013430E462072A37528460DF10601FFF749
:10BA400090FFD8B9D5E90012BDF80630521A9A42D3
:10BA500012DB636073B12A6822601A442A60237A79
:10BA600067686BB9BB1C9E4206D30020F61AE060E3
:10BA7000266103E02360F2E76FF0150003B0F0BD2C
:10BA8000284604F11401FFF76CFF0028F6D13B1D96
:10BA9000E9E7FFF766BFFFF764BFFFF762BFFFF795
:10BAA00060BF38B50446FFF75CFF40B9D4E9002316
:10BAB0009B1A8B6023B122684A601A44226038BD09
:10BAC0004860FCE7FFF74DBFD1E90032D21A012AE6
:10BAD00009D95A1C0A60020A1A700B685A1C0A60BB
:10BAE0001870002070476FF00B00704738B505469E
:10BAF000D1E9002340689B1A821C93420C460DD367
:10BB000080B2FFF7E1FFD5E90012206803F0D5FD10
:10BB1000002023686A681344236038BD6FF00B006F
:10BB2000FBE770B51468641AB4F1805F27D225462C
:10BB30000026ED09334606F10106FAD102335668B4
:10BB4000DBB25D42CB1AB34213601EBF01331360F8
:10BB500048552046136800F07F011970C00913682A
:10BB600005D101331D4423441560536070BD19781D
:10BB700061F07F011970136801331360EAE76FF019
:10BB80007900F3E770B506461446084669B11568B2
:10BB9000114605351560FFF797FF40B92246294643
:10BBA0003046BDE87040FFF7BCBF6FF0150070BDB8
:10BBB0002DE9F843877D047A07F001080546894698
:10BBC000C7F340070CB1838A83B3D9F800604946B4
:10BBD00005362846C9F80060FFF788FFB0B92B7A10
:10BBE000B3B9600000F006002A69D9F80030384384
:10BBF00040EAC800134440F030004A463146C9F8D4
:10BC0000003000F03F00FFF78CFF40B1BDE8F88343
:10BC10004946A88AFFF758FF0028E2D0F6E7D9F88E
:10BC200004302A699B1AC9F80430EFE76FF0150059
:10BC3000ECE70A4601884020FFF7A4BFF8B50D469F
:10BC4000D1E90031CB1A9342064601D30020F8BD5A
:10BC5000D41A0F19D0E9132313449F4213D89742E3
:10BC600011D300232246EBF731FA0028EFDB0DD089
:10BC7000F369A0420344F3616B6803446B60E5D24F
:10BC80006FF00A00E3E76FF00B00E0E76FF07F0072
:10BC9000DDE770B5C36CC2698CB0029305461344EE
:10BCA00002220393284602A9FFF7C8FF041E2DDBDA
:10BCB000EB6C01AA0DF1030102A80293FFF767FEE6
:10BCC00010F10B0F04464FF00102EBD000283CDBD3
:10BCD0009DF8036006F0F003302B1BD102222846AA
:10BCE00002A9FFF7ABFF041E10DB029B16F0060F44
:10BCF0001A88284652BA92B20CBF0232043202A904
:10BD0000FFF79CFF00EAE074002C0ADA14F10B0F35
:10BD10001BD119E02846019A02A9FFF78FFF0446BC
:10BD2000F2E700229DF80300019900F0F003602B78
:10BD30000B926FD016D8402B62D009D8202B2FD071
:10BD4000302B4BD00023EB61002420460CB070BD9B
:10BD5000502BF7D1042305A902A88DF81030FFF766
:10BD60009AFE54E0B02B65D00BD8702B5AD0902B94
:10BD7000E8D1072305A902A88DF81030FFF791FE3E
:10BD800045E0D02BDED195F95F30002BC4BF03F125
:10BD9000FF335AB2092385F85F208DF8103010E088
:10BDA0008DF81020284605AA02A9FFF71CFE0446BC
:10BDB00070BB9DF815304BB9AB690B9043F0040391
:10BDC000AB61284604A900F062F8BBE7284604A945
:10BDD0000B936FF06E0400F05AF8B6E7022302AA44
:10BDE0008DF8103005ABFFF718FE0446099B0B9049
:10BDF0002B62284604A900F04AF8002CA2DAA4E736
:10BE0000032305A902A88DF81030FFF742FE04466F
:10BE10000B94EEE7052305A902A88DF81030FFF773
:10BE20003CFEF4E7062305A902A88DF81030FFF7C1
:10BE300036FEECE7082305A90DEB03008DF8103062
:10BE4000FFF740FEE3E7EBF70DB938B504460D46C2
:10BE5000826D0021406D03F03DFC636D2B60A26D8F
:10BE600013446B6038BD08B503F034F84FF47A72B0
:10BE7000A0FB020302FB0133C00B40EA434008BDB4
:10BE800010F0040F0CBF6FF07F000020704738B532
:10BE9000836C04460D4653B1EBF726F9204629463C
:10BEA000A36C98472046BDE83840EBF739B938BD58
:10BEB00030B589B004460D46FFF7C5FF00211C22AE
:10BEC000C4E90511C4E90711684603F003FC012326
:10BED000694620468DF800300795FFF7D8FF09B076
:10BEE00030BD2DE9F0410F4690461E46054620B371
:10BEF000EBF716F92C6AB4B144452246334628BF05
:10BF0000424639462846EBF7E1F8044616B910F1E7
:10BF10000B0F08D0002C0CDC08BF6FF07F04284604
:10BF20002146FFF7C5FF2846EBF7DEF82046BDE8BF
:10BF3000F0812B6A1B1B2B62F5E76FF01504F5E708
:10BF400038B50546EBF7A8F8041E05DA2146284661
:10BF5000FFF7AEFF204638BDFFF785FF002468617C
:10BF6000F8E710B5044690B16822002103F0B2FB57
:10BF7000204602F0ECFE042384F85E3094F8603032
:10BF800043F0020384F860303C23A4F85C3010BD19
:10BF900037B5054600283AD0C36AC3B3EBF7C0F8FB
:10BFA0006B6D8BB3EB6C7BB32846EBF76BF8041E21
:10BFB00024DB69462846FFF748FFAB69694643F032
:10BFC00002032846AB61EAF71BFF041E13DBDDE921
:10BFD00000122846521AEBF75FF8041E0BDBFFF73E
:10BFE00042FF0024686185F85F402846EBF77CF843
:10BFF000204603B030BD2846FFF725FF0023C5E9E2
:10C000000533C5E90733F0E76FF00B04F6E76FF08F
:10C010001504EDE770B50E4605468EB000283AD0FF
:10C02000002938D0EBF77CF8284601A9FFF70DFF6F
:10C03000A869FFF725FF041E22DB304601A9FFF7A0
:10C04000B7FD041E1CDB019A029B03929B1A1C2263
:10C050000493F3680021059333690DEB0200069306
:10C0600003F038FB03AB09930223284607A90A9380
:10C07000EBF71EF8041E09DA21462846FFF718FFE1
:10C080002846EBF731F820460EB070BDFFF7EBFE07
:10C0900000246861F4E76FF01504F4E773B50E4609
:10C0A0000546F0B1E9B1EBF73BF828466946FFF7E2
:10C0B000CCFEA869FFF7E4FE041E0CDB694630469F
:10C0C000FFF7B7FD041E06DBDDE900122846521A11
:10C0D000FFF736FF04462846EBF706F8204602B085
:10C0E00070BD6FF01504F9E737B5054618B3EBF7E7
:10C0F00017F828466946FFF7A8FEA869FFF7C0FEB3
:10C10000041E12DB6846EAF7FDFE041E0DDBDDE9C6
:10C1100000122846521AFFF713FF044695F95F30C4
:10C120007F2B1CBF013385F85F302846EAF7DCFF20
:10C13000204603B030BD6FF01504F9E710B5044692
:10C1400068B1EAF7EDFFA36923B16FF070012046F3
:10C15000FFF7AEFE2046EAF7C7FF002010BD6FF0E4
:10C160001500FBE738B50446F0B1EAF7D9FF656979
:10C17000FFF779FE401B06D52046EAF7B5FF6FF0C2
:10C180000A05284638BDB4F85C30002BF4D04FF4D3
:10C190007A7253438342EFD82046FFF7A5FF054646
:10C1A0002046EAF7A1FFECE76FF01505E9E738B59F
:10C1B00004464569FFF757FE431B4FF47A70B4F805
:10C1C0005C2023EAE37350431AB1984204D9C01AA1
:10C1D00038BD4FF0FF30FBE70020F9E738B50546E2
:10C1E000D0B1EAF79DFFAB699B070FD52B6A83B9E6
:10C1F0002846FFF74EFD041E03DA21462846FFF7C6
:10C2000057FE2846EAF770FF204638BD6FF07F04DE
:10C21000F7E76FF00F04F4E76FF01504F4E701237C
:10C22000FFF75FBE70B506460C468D18AC4201D3D1
:10C23000002070BD214630462A1BFFF7F0FF002882
:10C24000F7DB01D00444F1E76FF00400F1E710B42C
:10C2500003460838D0E8EF2F511CC0E8E41F002C3B
:10C26000F8D11AB95DF8044BEAF790BF6FF00F02EE
:10C270005DF8044B9A667047F8B5069F0469C9B229
:10C28000EFF31186202585F31288BFF36F8F0C25FD
:10C2900069430C44A56C05F0070CBCF1010F0BD1F0
:10C2A000A76486F31188BFF36F8FC4E91023436836
:10C2B0005B5898470020F8BD05F0C005AF4286F3F3
:10C2C0001188BFF36F8F0CBF6FF077004FF0FF3016
:10C2D000F1E713B580240094FFF7CEFF02B010BD44
:10C2E0000069CBB200EB4310002110470020F3F7A8
:10C2F00083BC0020F3F7FABC1046F8F765B880223B
:10C30000EBF76EB9084608B51146F2F7A9FF002809
:10C3100018BF6FF0040008BD08B501F01EF9002831
:10C3200018BF6FF0040008BD43681C330B60012385
:10C3300013607047F8F748B84FF0FF324FF0FF3303
:10C34000F8F784B8F0B54468076900208BB0009016
:10C350008DF804000120119D0790109802F08006CE
:10C36000CDE90805D007CDF818D08DF8001012D50A
:10C370003A7F1BBAD107049357BFBDF81130CDF8EF
:10C380000130ADF801309DF813304EBF05238DF814
:10C39000033004230793002D0CBF0122022206ABB9
:10C3A000CDE90323029302232146059351F8040BA0
:10C3B00036B183681C68002302AAA0470BB0F0BD09
:10C3C00083681C6804ABF7E7002373B50D1E46684D
:10C3D00014BF04210621CDE9003380220446FFF773
:10C3E000B1FF96F83030DB0609D540B93DB90346B8
:10C3F000CDE90000802298212046FFF7A3FF02B07C
:10C4000070BD1FB5012301930DF10F0300930023AD
:10C4100005211A46FFF796FF08B99DF80F0005B0F1
:10C420005DF804FBF7B51E4643680D1E044617462B
:10C430009B6914DBAA199A4211D80069FFF77CFFA7
:10C440002B46012203212046CDE90076FFF77AFF33
:10C4500005462069FFF76EFF284603B0F0BD6FF078
:10C460001505F9E7F7B54468054694F83030DA0762
:10C4700044D5076902F02EFD4FF47A76A0FB063210
:10C4800006FB0122DB0B43EA4243BA699B1A13D431
:10C49000628DA68D9B1AB3420EDA4FF4004740F22C
:10C4A000E7300021F61A4FF47A720023E6FB070109
:10C4B000E3F758F8F9F79EFC94F8303013F00203D4
:10C4C0001CD18022AB212846CDE90033FFF73AFF8B
:10C4D000A8B994F83030DB0710D540F2E7314FF4BB
:10C4E00000450E460146E48D4FF47A72E5FB046187
:10C4F00000233046E3F736F8F9F77CFC002003B060
:10C50000F0BD2DE9FF41064615461C4601270DF1F9
:10C510000F08002305211A463046CDE90087FFF7B2
:10C5200011FF40B99DF80F30DB0704D5284621469E
:10C53000F9F760FCEDE704B0BDE8F0812DE9F347C1
:10C54000984643680D1E064691469B6958DB05EBED
:10C5500008029A4254D80069FFF7EEFE00213046E7
:10C56000FFF732FF044600283FD18246B8F1000FA2
:10C5700005D101213046FFF727FF044639E0B8F521
:10C58000807F474628BF4FF480772A46EB19002D5D
:10C5900003F1FF334FEA1323B8BF05F1FF02B3EBFA
:10C5A000222F06D06B42DBB2EFB258BF5F42C7F515
:10C5B00080770023802206213046CDE900AAFFF7CC
:10C5C000C1FE2B46812202213046CDE90097FFF7BC
:10C5D000B9FE044648B9012200233046A8EB0708FB
:10C5E000B9443D44FFF78DFFC0E701213046FFF716
:10C5F000EBFE3069FFF79EFE204602B0BDE8F087F3
:10C600006FF01504F8E738B505460C4601F0FEF862
:10C61000002D07DBA84205D9401B84428CBF0020B7
:10C62000012038BD0020FCE770B50C4619462046B5
:10C6300016461D46FFF7E7FF28B929462046BDE804
:10C640007040EBF7A7BB5DB1B4F5004F2A46214619
:10C65000304603DABDE87040FFF7EAB803F02DF882
:10C66000002070BD2DE9F0470024836886B088461D
:10C6700091461B6902AA01A99847A2462546029B3A
:10C68000AB4202D806B0BDE8F0870026019F07EB59
:10C69000C5077B6804933A680AEB0603B24202D8E6
:10C6A0009A460135EBE749460394059303A8C04732
:10C6B0000028E7D0049B01361C44ECE743680020C7
:10C6C0005B681B690B607047436802EA01005B68A6
:10C6D00021EA020198600020D96070474368002079
:10C6E0005B6899607047436800205B68D960704759
:10C6F00043685A68536821EA03000B4090600020A9
:10C70000D3607047002201210A20E8F74FBE13B51D
:10C71000002101AA044600F00AF8002805DB019B6D
:10C72000226819791868EBF78DFF02B010BD30B59B
:10C7300043681360057A446804EBC504A34202D33E
:10C740006FF0010030BD5C798C4201D00833F0E716
:10C750000020F7E710B588B08DF807100DF107013C
:10C760000291012103460024CDE90521072200683A
:10C770009B8803918DF810408DF81C20826802A9D7
:10C7800094680222A047002818BF6FF0040008B088
:10C7900010BD10B48468A468A4465DF8044B6047DB
:10C7A00030B561F07F0189B08DF807100DF10701F8
:10C7B000029101211D46446860680391002123898C
:10C7C000CDE9052502228DF8101002A98DF81C2054
:10C7D000FFF7DFFF09B030BD30B561F07F0189B0F0
:10C7E0008DF807100DF107011D46029101214468E3
:10C7F000606823890391CDE90525002107228DF882
:10C8000010108DF81C2002A90222FFF7C2FF09B008
:10C8100030BD1FB58DF80120022243688DF800104D
:10C82000586801A91B8902928DF80C200122CDF8CD
:10C8300004D0FFF7AEFF05B05DF804FB10B588B07B
:10C840008DF807100DF107010291012143680024C2
:10C8500058681B89CDE90521072203918DF81C201A
:10C8600002A902228DF81040FFF793FF08B010BD17
:10C870002DE9F047984643680127D3F8049093F8D0
:10C8800008A0002388B08DF810300DF10303CDE926
:10C89000053707230E4614468DF8041001AD8DF8B8
:10C8A0001C3002225346484602A902950397FFF71F
:10C8B00070FFB8B99DF8032022EA040304EA0804D3
:10C8C0001C43A2420ED002233A4603938DF8103047
:10C8D0004846534602A98DF804608DF8054002953C
:10C8E000FFF757FF08B0BDE8F08743681B68D3F82F
:10C8F0008004C3F880047047436802691B68D3F85A
:10C90000100150B10020526912780A70C3F810016A
:10C91000D3F8102101221A6070474FF0FF307047A2
:10C9200002680346D2F8580140B95B689B0706D4F9
:10C93000D2F82001003818BF01207047012070474D
:10C9400042681368D3F80413C90517D5D3F820112A
:10C95000A1B1EFF31181202080F31288BFF36F8F14
:10C96000D3F8200130B10020C3F82001D3F8200112
:10C970000120D86081F31188BFF36F8F5268D2060F
:10C9800014D5EFF31182202181F31288BFF36F8F4A
:10C99000D3F8581111B10021C3F800154FF48001EC
:10C9A000C3F8081382F31188BFF36F8F704710B577
:10C9B0000446002201210920E8F7F8FC0920E8F7E5
:10C9C000C5FC2046BDE81040ECF7D8B910B50446C8
:10C9D000002201210820E8F7E9FC0820E8F7B6FC6E
:10C9E0002046BDE81040ECF7C9B9FEF7DEBC0022D6
:10C9F00001210B20E8F7DABC10B50B6813B9184613
:10CA0000136005E003685C681CB114600368186873
:10CA100010BD083303600B68013B0B60EDE710B5F8
:10CA200003680446DBB19868C8B149B1197B01229B
:10CA3000ECF74EFB23681869BDE8104002F023B9FB
:10CA400012B99A88D2040AD4186902F01CF9236832
:10CA50000022BDE81040197B9868ECF739BB10BD87
:10CA600010B5012200210446FFF7D9FFA36933B9AD
:10CA7000636004F11000BDE81040F7F7A5BC10BDDD
:10CA800010B5006903688B4206D190F86C4034B948
:10CA9000FFF7E6FF204610BD6FF01500FBE76FF0D3
:10CAA0000F00F8E738B505690446296405F1280048
:10CAB000F7F78AFC002285F86C2020691146BDE852
:10CAC0003840FFF7ACBF08B5ECF754FF08BD02F0E3
:10CAD000DAB802F0A1B900207047006801F081BB0C
:10CAE00038B5044604B938BDE069256802F0E2FAB9
:10CAF000204602F0DFFA2C46F4E7F7F7FFB9F7F724
:10CB0000CDBA002307B5CDE90033EDF785FD03B0BD
:10CB10005DF804FB2DE9F04F064640688BB00C46EB
:10CB2000DDE914579046994608B1FFF7E8FFD6F8BB
:10CB300000A005B1AFB900232146CDE9003342463C
:10CB40004B46504601F059FD0446706828B14FF03D
:10CB5000FF324FF0FF33FFF7D0FF20460BB0BDE8A8
:10CB6000F08F4FF0160B04AB5A460021184602F026
:10CB7000B1FD03AACDE9000221464B46424650468C
:10CB8000CDF80CB001F039FD041EDEDBBDF810203D
:10CB9000012A0AD1039B082BD7D1BDF812102A8095
:10CBA000059A69806A603B60CFE7022ACDD1039B7A
:10CBB000162BCAD1BDF812300DF1140C6B802B4628
:10CBC0000DF1240E23F8042B624603CA7245186047
:10CBD0005960944603F10803F6D19DF824302B7573
:10CBE0001823E0E7002307B5CDE90033FFF792FFF4
:10CBF00003B05DF804FB38B505460068F6F798F811
:10CC0000044610B92846EDF70DFE204638BDF0B5B4
:10CC1000056808880B46012887B00DD14A884B6803
:10CC2000ADF802200822ADF80000019369462846BD
:10CC300001F0E9F907B0F0BD022815D14A88ADF836
:10CC40000000ADF8022001AE0A1D01F114073446C0
:10CC500010685168083203C4BA422646F7D11B7DDA
:10CC600016228DF81430E1E7284607B0BDE8F04001
:10CC700001F0C9B9A0F12303DBB2082B9DBF40F23C
:10CC80000510D84000F00100002070470D2804D0A6
:10CC9000A0F10A035842584170470120704710B56F
:10CCA000016802468B1C03608C782046FFF7EEFF7C
:10CCB00010B90CB10331116010BD10B50446E2F794
:10CCC00000FE01281ED92378A3F16102192A98BF1A
:10CCD000203B412B16D16378A3F16102192A98BF3A
:10CCE000203B542B0ED1A27802F0F703232B0BD05C
:10CCF000252A09D01046FFF7C9FF10B9B2FA82F011
:10CD0000400910BD0020FCE70120FAE71368EEF7A8
:10CD1000E1BA38B50D46044640B11021284602F06C
:10CD2000D4F9606028B10020256038BD6FF015008F
:10CD3000FBE76FF00B00F8E738B5044648B14368ED
:10CD40003BB10025EEF7D6FB6068256002F0B2F932
:10CD5000656038BD10B578B143686BB1EEF762FB22
:10CD6000044648B1EEF7A2FB0423002223700023FF
:10CD70000020C4E9022310BD6FF01500FBE770B579
:10CD800016461D4668B143685BB1EEF74BFB04469F
:10CD900038B1EEF78BFB01230020C4E90265237054
:10CDA00070BD6FF01500FBE7F8B517461D46C0B122
:10CDB0004368B3B1AAB1EEF735FB044688B1681CED
:10CDC00002F07FF9064678B12A46394602F075FC32
:10CDD0002046EEF76BFB0223002065602370A660FF
:10CDE000F8BD6FF01500FBE76FF00B00F8E7F8B542
:10CDF00017461D46C0B14368B3B1AAB1EEF712FBA6
:10CE0000044688B1284602F05CF9064678B12A4605
:10CE1000394602F052FC2046EEF748FB032300207F
:10CE200065602370A660F8BD6FF01500FBE76FF03A
:10CE30000B00F8E710B51446B0B14368A3B19AB13E
:10CE4000EEF7F0FA80B10378012B0DD1D0E9023270
:10CE500013F5004142F10002B1F5803F72F100028A
:10CE600002D20020238010BD6FF01500FBE710B543
:10CE7000144690B1436883B17AB1EEF7D3FA60B14A
:10CE80000378012B09D1D0E90232B3F5803F72F16A
:10CE9000000202D20020238010BD6FF01500FBE7D6
:10CEA00010B5144690B1436883B17AB1EEF7BAFA7F
:10CEB00060B10378012B09D1D0E9023213F10041AE
:10CEC00042F1000212B90020236010BD6FF015007E
:10CED000FBE710B5144670B1436863B15AB1EEF781
:10CEE000A1FA40B10378012B05D1D0E9022300203B
:10CEF000C4E9002310BD6FF01500FBE7F8B5174635
:10CF00001C46C0B14368B3B1AAB1A4B1EEF78AFA26
:10CF1000064680B10378022B0DD1EEF7A3FA236801
:10CF2000054683420AD30246B168384602F0C5FB83
:10CF300000202560F8BD6FF01500FBE76FF00B00D7
:10CF4000F8E738B5054680B1436873B10021EEF7C4
:10CF500069FA002408B103780BB9204638BD0134C2
:10CF600021462846EEF75EFAF4E76FF01504F4E781
:10CF7000FEF71BBAFEF722BA08B530B1EFF75CF93D
:10CF8000BDE808400020EFF7E9B8EFF74DF90028B9
:10CF9000F6D0BDE80840EEF701BD08B50020EFF778
:10CFA00099F8002818BF6FF00D0008BDFEF7FDB915
:10CFB000FEF704BA30B5102587B0144601AB02AABB
:10CFC0000195FFF79BFF68B9019B224618336B441C
:10CFD00003F8100C294602A8EFF79EF9002818BFA5
:10CFE0006FF03C0007B030BD08B501F04AFE18B143
:10CFF000BDE80840FFF7D1BF08BDFEF7D6B908B5B8
:10D00000F0F780F9002008BDF0F7BEB9F0F7B6B927
:10D0100030B587B0F0F7C2F940B90120F0F74AF90E
:10D02000FF2007B0BDE83040F0F71CB963230024AF
:10D03000002501A902A8CDE902450193F0F7A0FB64
:10D04000024630B9DDE90201019BF0F7CDF907B0E6
:10D0500030BD04A8CDE90445F0F724FA28B9DDE98C
:10D0600004010122F0F718FAF1E70120F0F722F9A4
:10D070000320F0F7F7F8EAE70A460121FEF795B931
:10D0800000B589B006AB02930823039301AB049368
:10D0900004230791CDE9053004AA032002A9F2F781
:10D0A000B9F80228019B09D003280AD060B9181EDC
:10D0B00018BF0120404209B05DF804FB6FF0150075
:10D0C000F9E76FF08500F6E74FF0FF30F3E748B17E
:10D0D000036C3BB1436C2BB1806CB0FA80F040091B
:10D0E000404270474FF0FF30704710B5044610467D
:10D0F000FFF7EDFF50B923788B4206D9217092F8E3
:10D100004D3043F0010382F84D3010BD4FF0FF3039
:10D11000FBE773B502460846FFF7D9FF0C46054604
:10D12000A8B9D343497BC3F3C013B1EB031F4FEA44
:10D1300003120CD06273F3200122266C63680DF198
:10D140000701B04784F84C0020B16FF00105284674
:10D1500002B070BD9DF80730627B23F0100302F02F
:10D16000100213438DF8073001227320666C636848
:10D170000DF10701B04784F84C000028E7D0E4E740
:10D1800037B50446FFF7A3FF70B90122F320256CE1
:10D1900063680DF10701A84784F84C0030B99DF889
:10D1A000073003F01003637303B030BD6FF001006C
:10D1B000FAE72DE9F0431D460F46002187B00446EB
:10D1C000164602A81022019102F084FA2846FFF7C1
:10D1D0007EFF90BB8CB387B3731E092B30D80DF143
:10D1E0000408013F04EB06092A7B14F8013B3AB915
:10D1F00018462946FFF78DFF14F8013C03F07F0322
:10D2000088F8003017F8013F4C4588F8013008F1E4
:10D210000208E9D170B972006C6C6B689DF804006B
:10D22000013A0DF10501A047002885F84C0018BF10
:10D230006FF0010007B0BDE8F0834FF0FF30F9E771
:10D240006FF00300F6E72DE9F042064618461D464A
:10D25000FFF73DFF0F4691460446C8B9C1B12B7B8D
:10D260003BB929463046FFF754FF044608B946F05B
:10D27000800630464A4639466B682E6CB047002817
:10D2800018BF6FF0010485F84C002046BDE8F0821D
:10D290004FF0FF34F9E7E02337B58DF80630B623B9
:10D2A00005468DF80730FFF712FF044680B92B7B47
:10D2B0008BB12B460DF1070101220DF10600FFF79E
:10D2C00078FF0446AB6C42F21070696898474CB125
:10D2D000204603B030BD2846FFF752FF0446002821
:10D2E000F6D1E6E72B7B002BF2D1284603B0BDE850
:10D2F0003040FFF745BF10B58CB00446FFF7CBFFB9
:10D300000346002840F08C80234601222146D0208D
:10D31000FFF799FF0346002840F082802278612AB7
:10D3200040F0818023468DF804000122F02001A9FD
:10D33000FFF789FF0346002872D19DF804301722B9
:10D34000A3608A20234601A9FFF77DFF034600283A
:10D3500066D123460E22E1200DF11B01FFF773FF7A
:10D36000034600285CD1234605220DF12901FFF771
:10D370006AFF0346002853D1BDF823209DF81D0005
:10D38000E283BDF8042022849DF8062084F8222040
:10D39000029A62629DF80C2084F82820BDF80E20C5
:10D3A0006285BDF81020A285BDF8122052BAE28530
:10D3B000BDF816202286BDF8182062869DF81A2036
:10D3C00084F834209DF81C2002F00F0141EA00117E
:10D3D00021829DF81B10120942EA01126282BDF8F7
:10D3E0001E20A282BDF82020E2829DF82220227613
:10D3F0009DF827206276BDF8252062839DF82820BD
:10D4000022779DF82B20C2F3011284F83C209DF86E
:10D41000292084F83D209DF92D20121184F83E200A
:10D4200018460CB010BD6FF00203F9E713B50446BF
:10D430000B46052269467120FFF705FFD4B1B8B944
:10D440009DF8013003F0070323709DF80430C3F307
:10D450008202E2709DF803205109C2F38202A27099
:10D460009DF900206170002AB4BF08235B09237175
:10D4700002B010BD4FF0FF30FAE7742373B50646D3
:10D480000D468DF807302B46012274200DF1060160
:10D49000FFF7D9FE0446B8B99DF80620930716D0C9
:10D4A00022F003022B468DF806200DF10601012221
:10D4B0000DF10700FFF77DFE0446AB6C42F21070E1
:10D4C00069689847002CDED0204602B070BD002E5F
:10D4D000FAD022F0030206F0030632438DF806204C
:10D4E0002B4601220DF106010DF10700FFF761FE49
:10D4F0000446E9E713B50B46044660B101227420E7
:10D500000DF10701FFF79FFE9DF8073003F00303BD
:10D51000237002B010BD4FF0FF30FAE700207047D3
:10D52000FDF74CBFF8F79CBC38B5DD29144618460A
:10D53000049D0BD80A4605F1F001A0470028C5F864
:10D54000D00106DCBDE83840F1F7D8BD6FF015001A
:10D5500038BD0020FCE7002070470020704710B560
:10D5600088B01C4605AB01930C2302930423CDE93C
:10D570000612CDE904300DEB030103AA0020CDF81B
:10D580000CD0F1F747FE009B236008B010BD38B502
:10D59000044638B1006828B1A5682844E2F791F93B
:10D5A0000544A56038BD70B50446B0B10068A0B1AF
:10D5B000626812B1A3689A420FD900290DDBA568F1
:10D5C00029444B1C9A4201D3284407E0226922B91E
:10D5D000B3F1804F03D3002B0EDA002070BD8E1CF8
:10D5E000236A63B1314698470546B0B9E3692068BC
:10D5F0009847C4E90055F0E76FF00046F0E7304681
:10D60000A369984705460028F0D0A2682168013236
:10D6100002F053F8E36920689847C4E90056A0680F
:10D62000D2E789B188B181420ED0836823B9816085
:10D63000C1E90031012070475B68002BFAD0196006
:10D640004B6083685960F5E700207047034610B5CA
:10D6500028209847044618B12822002102F03AF801
:10D66000204610BD0021F2F7FFB8FFF7DABF002314
:10D67000F1F7ECBE004701F006BB38B5044615468D
:10D68000F2F7E0F929462046BDE83840F2F7F2B952
:10D69000430903BF4FF0FF3323FA00F000F001000D
:10D6A0000020704770B501F1080330F813301646BA
:10D6B000DA0504460D4609D5C3F3432300EBC30244
:10D6C000314650F83330526828469847A3682BB14A
:10D6D00031462846E268BDE87040184770BD2DE924
:10D6E000F3411746DDE90858019001A80C461E4693
:10D6F000F2F79AFB019B391E18BF012100EB830052
:10D70000231E18BF0123002E43EA410314BF0C213E
:10D710000021002D43EA010314BF4FF4E061002112
:10D72000B8F1000F43EA010314BF4FF44031002168
:10D73000D0F800220B4322EA030304B124780FB18E
:10D740003F787F001C430EB13678B6003C438DB164
:10D75000297809023443B8F1000F03D098F800800B
:10D760004FEA0848214341EA0801C0F8001202B01C
:10D77000BDE8F0812946EDE71FB50DF10F030193D8
:10D7800000238DF80F101A4619460093FFF7A7FFE4
:10D7900005B05DF804FB10B504790A462046F2F79F
:10D7A00097FB18B111462046F2F7B0FB00F00100DC
:10D7B00010BD38B50579044628460A46F2F7A6FB9F
:10D7C000C0B111462846F2F783FB98B911462846A6
:10D7D000F2F772FB012322688340C2F80833226803
:10D7E00003B202EB8303D3F8102522F00302C3F83F
:10D7F000102538BD0021BDE838401046FFF7BCBFFA
:10D80000F2F7CEBCFFF7D5BFF2F78EBB4FF4801016
:10D8100070474FF4805070474FF48070704770B578
:10D820000126A2F58074A40806FA04F4054614EA59
:10D83000010008D0A85830B100213046A950AA589C
:10D840001A6822431A6070BD00232DE9F341044693
:10D850000D460193904601AB4FF4A672FFF7DFFF30
:10D860004FF4827229462046FFF7D9FF4FF48C729D
:10D87000074629462046FFF7D2FF064630B1B8F1E9
:10D88000000F1DD017B13E46D4F83C354FF48872D6
:10D890002946204601ABFFF7C2FF30B1B8F1000FB7
:10D8A00003D016B90FB1D4F83C354FF49072294625
:10D8B000204601ABFFF7B3FF019802B0BDE8F0814D
:10D8C0004646E3E7012370B504460D4664264361EE
:10D8D000002202212046FFF7B7FF20B90120FFF701
:10D8E000CAFE013EF4D100236B77C4F8003570BD49
:10D8F00007B5019001A8F3F7EDF80123019A9340D1
:10D90000836003B05DF804FB07B5019001A8F3F74D
:10D91000E1F80123019A9340C36003B05DF804FB72
:10D9200091F820200346032A29D8DFE802F02125B8
:10D9300019028A68500304D5D3F84C25086990422F
:10D9400007D18A6852031AD4D3F84C2589699142C9
:10D9500015D000200622C3F80005C3F80025704743
:10D96000D3F84C2508699042F3D1D3F83C25EDE774
:10D97000D3F84C250969EAE7D3F83C25FAE70120FA
:10D98000704730B50124A2F58075AD08AC400C425B
:10D9900007D0815829B10021815082581A6822434A
:10D9A0001A6030BD002313B50C4601934FF4A472E6
:10D9B00001ABFFF7E6FF21464FF48272FFF7E1FF6C
:10D9C00021464FF49272FFF7DCFF21464FF4A87214
:10D9D000FFF7D7FF21464FF4A672FFF7D2FF21468B
:10D9E0004FF4B072FFF7CDFF4FF4AE722146FFF750
:10D9F000C8FF019802B010BD07B5019001A8F3F768
:10DA000075FF0123019A9340836003B05DF804FB26
:10DA1000022904D0042906D0012900D1704780686A
:10DA200008B1ECF721BC7047F4F702B8002210B53A
:10DA30000468944200D110BD00EBC2014B68013272
:10DA400023F0FF0343F003034B60F2E70420F2F7F7
:10DA500063BF0420F2F77EBF08B5F2F719FFBDE8F7
:10DA60000840F5F779BE38B504460025031D226845
:10DA7000AA4201D8002319E04FF00002D3E8CF0FEB
:10DA8000032804D1C3E8CC2FBCF1000FF6D102D09B
:10DA900008330135EBE701EB8513184640220021DE
:10DAA00001F018FE034604EBC504A060184638BD1B
:10DAB0000830704738B5054620B9F3F7BFFF80B985
:10DAC000002038BDECF7C8FB04460028F8D0F3F777
:10DAD000B5FF38B92046ECF7C7FB0120ECF792FB05
:10DAE000EEE72C46C56040F8084FEAE740EA0141FE
:10DAF000104640F8081DF3F7B3BFF3F7ABBFF3F7D9
:10DB0000A3BFECF7A9BB08B5ECF7AEFBBDE8084036
:10DB10000120ECF777BB0429F8B50546174603D07A
:10DB2000102910D000240CE00820ECF787FB0446F5
:10DB30000028F7D0002343600123478003802B682F
:10DB400043602046F8BD1620ECF778FB0446002819
:10DB5000E8D0061D12220021304601F0BBFD022351
:10DB600023802B46678005F1100253F8041B934273
:10DB700046F8041BF9D1E4E7134609B91160704770
:10DB80000A88012A02D0022A07D070471A68082A98
:10DB900028BF08221A6001F090BD1A68162A28BF13
:10DBA0001622F7E708B5F4F741FD40B100F11C0378
:10DBB000D3E8EF1F0131C3E8E21F002AF8D108BD06
:10DBC000006808B1F4F7C0BC704737B5002503689A
:10DBD00004460093838F6846ADF80650ADF80430D4
:10DBE00000F0EBFD38B1A36B6846984794F83E30DF
:10DBF0000BB1A563E56303B030BD4068003818BFC2
:10DC00000120704700230B60836813B9C0E901113C
:10DC1000704719608160704738B505460C46F3F7C8
:10DC200025FFAA68236894426B6008BFAB6000239D
:10DC30002046236000F04DF9BDE83840F3F71CBFE3
:10DC4000406870470069431E584258417047006958
:10DC5000831E5842584170470069C31E58425841BC
:10DC600070474069B0F5817F05D040F21113C31AA7
:10DC70005842584170470120704790F82000C0F387
:10DC80004000704790F82000C0F38000704790F883
:10DC90002000C0F3C0007047006C00F00100704726
:10DCA00090F8200000F0010070470369012B05D1B6
:10DCB0008069A0F1800358425841704700207047A6
:10DCC00090F82000C0097047836933F0800314BFC7
:10DCD00001200020704790F82000C0F340107047EA
:10DCE000806B003818BF0120704790F83400431E45
:10DCF00058425841704708B590F82030014613F05B
:10DD000001020BD1FFF7E0FF28B90846FFF7CDFF6E
:10DD100080F00100C2B202F0010008BD0022FAE763
:10DD200070B504460D4616462046FFF7E4FF70B175
:10DD300055B1284600F0BCF848B931460220ECF74E
:10DD400049F80028F0D070BD6368002BF5D00020A2
:10DD5000F9E74068003818BF0120704790F82200AA
:10DD6000003818BF0120704710B50446FFF7ACFF1C
:10DD700094F82010C1F3401340EA0302236982F0B3
:10DD80000102012B14BF0123C1F38003D2B220464C
:10DD90001A40FFF766FF48B1C1F300112046FFF7B4
:10DDA00084FF0A4080F00100104010BD0121F5E71A
:10DDB00010B50C46F4F73AFC28B190F8203064F323
:10DDC000861380F8203010BD10B50C46F4F72EFCF9
:10DDD00028B190F8213064F3000380F8213010BDA1
:10DDE000D0E9092353EA020109D04FF47A71B3FB59
:10DDF000F1F001FB02000128B8BF012070474FF08D
:10DE0000FF307047D0E90B2353EA020109D04FF4E9
:10DE10007A71B3FBF1F001FB02000128B8BF0120C9
:10DE200070474FF0FF307047013802288CBF002048
:10DE300001207047013802288CBF00200120704764
:10DE40000388012B03D0022B06D00120704708293C
:10DE500014BF0020012070471629F9E7032915D0C7
:10DE600011280CD004DC88B106280AD000207047A5
:10DE7000B0F5817F05D040F211139842F6D1022906
:10DE800000E0012914BF00200120704701207047E5
:10DE9000C368012B03D0022B07D0012070470888EC
:10DEA000012814BF00200120704708880228F8E7E5
:10DEB00000B10068003818BF0120704700B1006849
:10DEC0007047438940681844704702894089101A96
:10DED000704710B504464068FFF70FFEE06808B1D0
:10DEE000ECF7B4F92046BDE81040ECF7AFB910B537
:10DEF0000446206800B910BD626803689042236040
:10DF000008BF6360FFF7E5FFF3E700F01ABD10B547
:10DF1000044660B1406908B1ECF798F9A06908B10E
:10DF2000ECF794F92046BDE81040ECF78FB910BD2E
:10DF300010B5044600F003FD23684360A3698360C5
:10DF40002046BDE8104000F0FCBC2DE9FF418046B2
:10DF50000F461646FFF768FF38B96A20ECF702F85B
:10DF60004FF0FF3004B0BDE8F0813046F4F7C4FB59
:10DF700008B97B20F2E73846FFF75CFF08B96B2051
:10DF8000ECE739463046FFF769FF0028F7D0F4F791
:10DF900019FB054608B91720E0E70020FFF78AFDC6
:10DFA000044620B92846F4F753FB6920D6E74FF022
:10DFB000FF330C22037443748374C374002302720E
:10DFC00043728372C3724046F5F7AEF9606138461A
:10DFD00000F05DFC0146A061304600F059FC21468E
:10DFE000E06101AA47F201000295F5F7C9F904467C
:10DFF00020B12846F4F72CFB2046AFE7C5E903879C
:10E0000028686E61AEE773B506460C461546FFF705
:10E01000C9FD019050B90920EBF7A4FF4FF0FF3480
:10E0200001A8FFF7CDFD204602B070BDFFF74CFE02
:10E0300010B1019B9869EFE70198FFF723FE08B143
:10E040007F20E9E70198FFF718FE08B17820E3E7A1
:10E050000CB90E20E0E721460198FFF719FF08B937
:10E060006A20D9E729462046FFF7EAFE08B91620BC
:10E07000D2E70198FFF710FE054620B1019B5D69CC
:10E08000113D18BF01250020FFF714FD024608B915
:10E090006920C1E700231421066101724372837273
:10E0A000C3722188012911D0022917D001990420B7
:10E0B00091F8203043F0020381F8203047F202014A
:10E0C000D560FFF713FDCDB17720A5E76188C37553
:10E0D00081820421817563688361E7E76188C37584
:10E0E00081821021231D8175143400F1180153F829
:10E0F000040BA34241F8040BF9D1D7E70198FFF7CD
:10E1000081FE00900198FFF7B8FD20B9019884695D
:10E1100084B1204680E769460220EBF75BFE10F1F0
:10E120000B0F05D00028EDD00028B8BF404273E7A0
:10E13000742071E7FFF795FD00283FF471AFDDE92A
:10E140000010F5F777F804466AE730B585B0054664
:10E150000C46F4F76BFA38B90920EBF703FF4FF0E0
:10E16000FF33184605B030BD0CB90E20F5E7214647
:10E17000FFF78EFE08B96A20EFE70020FFF79AFC50
:10E18000014608B96920E8E70023142205610272FC
:10E1900043728372C3722288012A0AD0022A10D0E5
:10E1A00047F2050001AAF5F7EBF803460028D8D09E
:10E1B000D3E76288C37582820422827563688361B3
:10E1C000EEE76288C37582821022231D82751434A3
:10E1D00000F1180253F8040BA34242F8040BF9D1E2
:10E1E000DEE730B585B005460C46F4F71FFA38B9BE
:10E1F0000920EBF7B7FE4FF0FF33184605B030BDEE
:10E20000FFF720FD08B95F20F3E70020FFF752FC7D
:10E21000014608B96920ECE70023042224EAE474EB
:10E22000027243728372C372056144616A4447F2A9
:10E230000800F5F7A5F803460028DED0D9E7F0B5C9
:10E2400093B007460D461446FFF7ACFC029050B958
:10E250000920EBF787FE4FF0FF3402A8FFF7B0FC70
:10E26000204613B0F0BD15B11CB90E20F1E7002C0B
:10E27000FBD1FFF7E7FC08B95F20EAE70298FFF758
:10E280000BFD28B10298FFF769FD08B90B20E0E704
:10E290000298FFF7A5FD01900298FFF701FD50B12C
:10E2A0000298FFF75BFD0028D2D0F4F78BF9064601
:10E2B00080B91720CDE70298FFF750FD0028EFD175
:10E2C000022001A9EBF786FD0028E5D00028B8BFA1
:10E2D0004042BEE70020FFF7EDFB014620B9304683
:10E2E000F4F7B6F96920B4E70761049675B17CB11B
:10E2F0000CAB47F20C0003AA0593F5F741F807466B
:10E3000040B13046F4F7A4F93846A2E72B46F0E7CF
:10E310002346EEE73DB134B1BDF83630042B04D0CE
:10E32000102B15D02760346897E701232768ADF8D4
:10E330001830082F28BF0827BDF83430ADF81A3040
:10E340000E9B07933A46284606A901F0B6F9E9E77D
:10E350000223ADF81830BDF8343007AFADF81A30ED
:10E3600012ABADF82C0013E90F0087E80F00276807
:10E37000162F28BF1627E5E72DE9F04F87B089460D
:10E3800016461D46109F009003F0400803F4007AE3
:10E39000F4F74CF9044638B90920EBF7E3FD4FF0E8
:10E3A000FF3007B0BDE8F08F35F4107305D1B8F138
:10E3B000000F11D0BAF1000F01D05F20EDE7FFF799
:10E3C00021FD02902046FFF767FCA8B9B8F10008CC
:10E3D00018BF4FF0010805E0FFF714FD0290BAF1F5
:10E3E000000FEFD02046FFF780FC40B12046FFF73A
:10E3F0006BFC68B1A069D0E74FF00108F2E7204656
:10E40000FFF762FC0028F5D12046FFF74EFCF0E74D
:10E410002046D7B1FFF716FC00BB39462046FFF770
:10E4200037FD08B96A20B8E738461199FFF708FDAB
:10E4300008B91620B1E72046FFF709FC70B1204665
:10E44000FFF70FFC50B17F20A7E7FFF700FC28B1D2
:10E450002046FFF717FC08B979209EE72046FFF712
:10E46000F1FB40B12046FFF7FCFB20B1B6F5006F91
:10E4700028BF4FF40066FFF742FBB04206D22046A9
:10E48000FFF7E0FBC8B1FFF73AFB06460025204640
:10E49000FFF721FC18B12046FFF72DFC78B9304674
:10E4A000FFF708FB8346C8B9012002A9EBF792FCED
:10E4B00080B9B8F1000FF2D004E07A206DE7B8F12E
:10E4C000000F01D00B2068E7022002A9EBF782FCC5
:10E4D0000028DCD00028B8BF40425EE7009B036103
:10E4E000B9F1000F04D032464946006801F0E5F862
:10E4F00094F8340000283CD0F4F736FF002102469F
:10E5000084F83410BAF1000F0ED0029D42F04002A0
:10E510006B1C30D04FF47A7195FBF1F5ADB2B5F5C7
:10E52000167F28BF4FF41675002F47D02046019262
:10E53000FFF788FB019A002840D11A218BF80900C7
:10E540008BF808108BF80A008BF80B00CBF814201E
:10E55000ABF82C503A88012A10D0022A1AD047F280
:10E560000700594603AAF4F70BFF0346B8BB04980B
:10E5700017E70246C6E74FF41675D5E77A888BF899
:10E580001B00ABF8182004228BF81A207A68CBF80D
:10E590001C20E4E77A880BF11C01ABF8182010224C
:10E5A0008BF81B008BF81A2007F114003A1D52F863
:10E5B00004CB824241F804CBF9D1D0E700210620F8
:10E5C0008BF809108BF808008BF80A1047F2060048
:10E5D0008BF80B10CBF81420ABF81850C1E70C28BF
:10E5E00006DC0A2807DDB8F1000F3FF450AF69E7F9
:10E5F0008C283FF4D2AE1846CFE62DE9F74F894676
:10E60000DDE90C7A15461E4603F48078FFF7CAFA56
:10E61000019058B90920EBF7A5FC4FF0FF3701A88E
:10E62000FFF7CEFA384603B0BDE8F08F36F4A17399
:10E6300001D05F20EFE727B1BAF1000F04D10E201F
:10E64000E9E7BAF1000FFAD1FFF7FCFA28B1019817
:10E65000FFF718FB08B98020DDE70198B8F1000F3B
:10E6600016D1FFF719FB08B9730611D50198FFF70A
:10E67000C4FA68B90198FFF727FB48B90198FFF77A
:10E6800014FB28B90198FFF70BFB08B90B20C2E770
:10E690000198FFF7A5FB6A46009000210198FFF75B
:10E6A0003FFB18B10028B8BF4042B4E70198FFF71C
:10E6B000A4FA88B90198FFF7F8FA002876D10198F2
:10E6C000FFF7EEFA0028A5D10198FFF7FDFA002820
:10E6D000A3D0019B98699EE70198FFF7B1FA044621
:10E6E00027B1C16852463846FFF746FA002706F0C0
:10E6F000020A2046FFF7E9FBA8421DD82046FFF793
:10E70000E4FB0646002E8AD02046FFF7DAFB09EB31
:10E71000070B01463246584600F0CFFF01983744B8
:10E72000FFF795FA50B1BAF1000F7FF478AF2146A8
:10E730000198FFF771FA72E72E46E3E70198FFF7B9
:10E740008BFA0028EFD1BAF1000F14D0B5423FF494
:10E7500066AFB8F1000F04D06A4621460198FFF772
:10E76000DFFA2046AD1BFFF7A9FB04460028C0D105
:10E77000002F9FD053E76389204633446381FFF71E
:10E78000A4FB18B921460198FFF746FAB5423FF4B9
:10E7900046AFAD1BB8F1000F04D06A4600210198C6
:10E7A000FFF7BEFA0198FFF74BFADEE7002736E7DE
:10E7B00008B5F3F765FF002008BD38B504460068CA
:10E7C000F3F734FF054628B90120E38843F020031E
:10E7D000E38038BDFFF764FA0028F5D12846FFF73B
:10E7E00073FAF8B1E38843F00803E380A388DA07FB
:10E7F00007D52846FFF7ADFAE8B1E38843F00103F7
:10E80000E380A3885B0707D52846FFF7ADFA18B168
:10E81000E38843F00403E380B4F90600003818BF2E
:10E820000120D6E72846FFF740FA0028DED0E3882B
:10E8300043F01003D9E72846FFF790FA0028DCD10F
:10E840002846FFF732FA0028D7D1DAE738B50D4667
:10E850001446F3F7EBFE28B90920EBF783FB4FF0E2
:10E86000FF3006E0032D03D0042D03D01620F4E77B
:10E87000006C38BD012CF9D804640020F9E7431F6F
:10E88000002B03D8DFE803F0010003207047704736
:10E89000292815D005DC062814D0112814D048B139
:10E8A0007047B0F5817F0DD040F2111398420BD024
:10E8B000FF280CD1012909D0022908BF0220704786
:10E8C00006207047012070470220704708467047B5
:10E8D000292811D00ADC012810D0062810D00028E1
:10E8E00008BF042018BF4FF0FF307047B0F58D7F90
:10E8F00008D0B0F5007FF5E7062070470820704784
:10E90000012070474FF48070704708B5031F092B32
:10E910000FD8DFE803F00811050E0E0E0E0E0E05DF
:10E920006FF0010008BD7320EBF71CFB6FF00A00CD
:10E93000F8E7F4F70DFDF7E76FF06300F2E7C06862
:10E9400070474269C3681A60704708B503462430AF
:10E950001AB95A624260002008BD082A28BF08225E
:10E9600000F0ABFEF7E708B503462C301AB9DA62BF
:10E970004260002008BD082A28BF082200F09DFE42
:10E98000F7E738B504460D4639B1082A0BD01620F2
:10E99000EBF7E8FA4FF0FF3038BD002AF7D1826379
:10E9A000C2630020F8E7F3F761F895E8030004F18B
:10E9B000380383E803002046FFF707F9F3F75CF814
:10E9C000EFE773B5044608680D461646F4F7CCFC2D
:10E9D000002801DB042E06D01620EBF7C3FA4FF017
:10E9E000FF3002B070BD2B68204684F83430FFF74A
:10E9F0007CF900230028F4D0CDE900331A461946EB
:10EA00002068FFF7B9FCECE708B509B1042A05D086
:10EA10001620EBF7A7FA4FF0FF3006E00B782BB18A
:10EA2000012BF5D180F84830002008BD0223F9E71A
:10EA300010B5541E1B2C02D812F0030405D016206A
:10EA4000EBF790FA4FF0FF3010BD930880F84B3091
:10EA50004C3000F032FE2046F6E708B509B1042A32
:10EA600005D01620EBF77EFA4FF0FF3008BD0B788B
:10EA7000003B18BF012380F849300020F6E708B5B5
:10EA800009B1042A05D01620EBF76CFA4FF0FF30DD
:10EA900008BD0B6880F84A300020F9E770B50546DC
:10EAA00014460E4631B992B11620EBF75BFA4FF0DF
:10EAB000FF3070BD002AF7D0406C08B1EBF7C6FB01
:10EAC000601CEBF7BBFB686438B96920EDE7406C6C
:10EAD00008B1EBF7BBFB0020EBE72246314600F024
:10EAE000ECFD00226B6C1A55F5E710B51346126861
:10EAF0000446042A28BF042208461A6004F11801BB
:10EB000000F0DBFD0020A06110BD10B513461268B7
:10EB10000446082A28BF082208461A6004F1240186
:10EB200000F0CBFD002010BD10B51346126804465E
:10EB3000082A28BF082208461A6004F12C0100F0B8
:10EB4000BCFD002010BD13B50446134694F84820C0
:10EB5000084601921A6801A9042A28BF04221A60F3
:10EB600000F0ABFD002002B010BD13B50446134603
:10EB700094F84920084601921A6801A9042A28BF7E
:10EB800004221A6000F099FD002002B010BD13B5F8
:10EB90000446134694F84A20084601921A6801A9CF
:10EBA000042A28BF04221A6000F087FD002002B06A
:10EBB00010BD10B504460846114694F84B309A0033
:10EBC0000B689A4228BF1A460A6004F14C0100F013
:10EBD00074FD002010BDF8B5456C0E46144617684C
:10EBE00075B12846E0F76DFE0130B842024628BFF5
:10EBF0003A4629463046226000F05FFD0020F8BD0D
:10EC00003A462946304600F065FD2560F6E770B5C6
:10EC100004460E4600F025F80546206808B1FEF7C8
:10EC20006CFF48F202039E4218D048F209039E424C
:10EC300014D048F201039E420BD16B684BB104F132
:10EC4000140204F1380152F8040B8A4243F8040B11
:10EC5000F9D12046BDE8704000F005B863696B60EB
:10EC6000F7E7C06870470269C3681A607047002000
:10EC70007047002070470020704700207047002038
:10EC80007047F4F745BD08B1E7F758B8704740B191
:10EC9000C368587810F001001EBF1878B0FA80F0F1
:10ECA00040097047EFF31183202383F31288BFF3E9
:10ECB0006F8FFEE710B5D0E9003433B90020E26869
:10ECC000537843F00103537010BD20469847002845
:10ECD000F4D00028B8BF4042FF28A8BFFF20E36857
:10ECE0001870ECE700F0F6BC00F0E7BC10B400F1DF
:10ECF0000C04C0E903445DF8044BE2F77BBE07B5A2
:10ED0000CDE900230A460421F4F7BAFF03B05DF809
:10ED100004FBC2688369134313F003030CD103613E
:10ED20004169994201D8002070470169013311609F
:10ED3000816902610A44F3E76FF01500704790F9AA
:10ED40000E308B4201D0F6F7E1BC0020704703463D
:10ED50000020C3E90033C3E90200704710B5044640
:10ED600030B10268930703D0446809B100F0A2F9FA
:10ED7000204610BD012307B5009300230A4619461B
:10ED8000F5F71AFA03B05DF804FB5AB18A4209D3C9
:10ED900000F11003C0E90212C0E90000C0E9043329
:10EDA000002070476FF015007047012302688B4008
:10EDB00022EA0303036022FA01F000F00100704729
:10EDC00010B5032104460C30FFF7EFFF30B104F11A
:10EDD0001000F7F78BFBB0FA80F0400910BD20B1AE
:10EDE0000022D0301146F7F7CDB8704710B5F5F7CF
:10EDF000F9FD041E08DDEFF31180202383F3128850
:10EE0000BFF36F8FF6F7ACFD204610BDF5F7A2BD3E
:10EE1000C0E9000000207047EFF30580003818BFFC
:10EE2000012070476FF05700704700207047F6F7D9
:10EE300045BDD0E9003213605A600023C0E90033B9
:10EE4000704738B504460D46F5F7FCFF637B43F089
:10EE500002036373E5B1A5602B689D4209D16B681D
:10EE6000C4E900531C606C6012E06A689A42F6D0F4
:10EE70001B68002BF3D094F90E2093F90E108A42F0
:10EE8000F3D09142F1DD5A68C4E9003214605C604D
:10EE900038BD90F90E3091F90E00834214BFC01AAC
:10EEA0000020704701211838F6F764BA38B50546D6
:10EEB00000202C68A54200D004B938BD2046F6F7E2
:10EEC000D7FB2046F6F778F90120F2E708B5F7F707
:10EED0005DFC08BDF7F75ABCB3F1FF3F08BFB2F1C4
:10EEE000FF3F70B504461D46164613D01A4315D091
:10EEF0006FF001024FF0FF33921B63EB0501002915
:10EF000004DAF7F743FC821941EB0501C4E900215B
:10EF1000204670BD4FF0FF321146F7E70022FBE7B5
:10EF2000B3F1FF3F08BFB2F1FF3FF8B50746164601
:10EF30001C4610D054EA020311D0F7F727FCB04268
:10EF40000A46A14103460AD2F31A64EB0204C7E958
:10EF500000343846F8BD4FF0FF331C46F7E7002376
:10EF6000FBE70023C0E9081200F11802C0E90622FD
:10EF7000C0E9003303634363704710B50446F7F7F5
:10EF8000B5FAA8B9636A0BB12046984704F1180096
:10EF9000F6F7CEFA60B1F6F70FF9EFF31180202300
:10EFA00083F31288BFF36F8FBDE81040F6F7D8BC2B
:10EFB00010BDF8B50D46D0E900138842044605D1CE
:10EFC0006368C5E900431D6065601DE0002BF7D054
:10EFD000986800B16038A2F160073946FFF759FF21
:10EFE0000028EDDC2668B442EAD0002EE8D0B168F3
:10EFF00001B160393846FFF74CFF002805DD736822
:10F00000C5E900631D607560F8BD63689E42D7D096
:10F010003668EAE72DE9F041846805460E46ECB112
:10F020006378012B25D114F8533C9A0714D5A4F129
:10F0300060073846F6F71CFB082E0CBF6FF0030381
:10F040000023E36114F8533CDB0605D154F8483C37
:10F0500013B93846F6F7B0F8002323700020EB68A8
:10F06000A860C3F38632164366F39433EB60BDE8C1
:10F07000F081022BF0D12378002BEDD054F8048CD2
:10F08000B8F1000FE8D004F11400F7F72FFA0023CD
:10F09000A4F1140739464046E362F5F7A3FCDBE729
:10F0A0000023C0E900008360704783680B60C36879
:10F0B0001360704720B1011F50F8040CF4F77EBEB6
:10F0C000704701460420F8F7B1B870B5A0FB0154B1
:10F0D00024B92846FFF7F5FF064610B9002630464A
:10F0E00070BD2A46214600F0F5FAF8E701390244DE
:10F0F00010B5904201D1002005E0037811F8014FCE
:10F10000A34201D0181B10BD0130F2E7C9B203467B
:10F11000184613F8012B12B18A42F9D17047002921
:10F1200018BF0020704730B50A440546914201D10E
:10F1300000200FE015F8013B11F8014BA3F141004D
:10F140001928A4F1410098BF2033192803D820348E
:10F15000181BEBD030BD181BFCD1002CE6D1F9E711
:10F1600010B56AB10139841810F8012B11F8013F6C
:10F170009A4203D1A04201D0002AF5D1D01A10BD85
:10F180001046FCE710B50139044632B111F8013FD1
:10F19000013A00F8013B002BF7D1002100F09AFA68
:10F1A000204610BD0246014410B58A42134603D0E2
:10F1B0001C780132002CF8D1181A10BD0A7870B5ED
:10F1C0006AB970BD9A4209D10C46054614F8013F50
:10F1D000002BF6D015F8016F9E42F7D0013003786E
:10F1E000002BEFD11846ECE72DE9F047C3F13709C2
:10F1F0000746884603F01F055FFA89F916464FF067
:10F20000000A384641462A465346E0F7ABF94346E2
:10F21000D4B23A4688460746092C84BF4C44E4B22F
:10F22000AA4204F1300473EB0A0306F8014BE8D25A
:10F230003046BDE8F08710B50C4600F014FB0028FE
:10F24000A2BF23680133236010BDBDF8001068B170
:10F2500011F0100F01D00270704711F0080F02D0AA
:10F26000C0E9002370474B0701D5026070478B0649
:10F27000FBD50280704710B5144600F026FB00282D
:10F28000A2BF236803F1FF33236010BD70B50546AC
:10F290000E4631462846FFF7CEFF041E09DB202C20
:10F2A000F7D0A4F10903042BF3D932462946FFF71E
:10F2B000E2FF204670BD2DE9F04387B01C4617469B
:10F2C000814602AB88460093D2E9022300F0AAF9F6
:10F2D00004AB06460D46009348464146D7E9002355
:10F2E00000F0A0F90027DDE90423901953EB050194
:10F2F00028BF012737B1029B039A013342F1000274
:10F30000CDE90232403CDDE90223009400F0A5F98A
:10F3100007B0BDE8F0832DE9F843B0FA80F6002984
:10F3200080460F46A1EB060606F1070625DB0846D8
:10F33000F9F7AEFE06443846F41BF9F7AFFE39463E
:10F34000221A40463D3200F05DF9B74213DC1F2C13
:10F350006ADC4FF0FF33A34038EA03030CBF0124FB
:10F360000024B0FA80F33546F31A9E33FE2B27DDD6
:10F370004FF0FF4344E00124F3E74C422046F9F705
:10F380008DFE351A2046A5EB0709F9F787FE2146C1
:10F390002E4609EB000240463C3200F020F9AF4215
:10F3A00032DCB9F11F0F3FDC4FF0FF3303FA09F3F2
:10F3B00038EA030329D0B0FA80F30024EB1A9E3315
:10F3C000002B23EAE372D4BF012313465B1BA3F196
:10F3D0009705963B20FA05F120FA03F3C90725D5D6
:10F3E00044B14FF0FF31A94020EA010003F00101D0
:10F3F00008431BD00133C3F31603D3B143EAC2530E
:10F4000000EE103ABDE8F88300230521B8FBF1F2C5
:10F4100002EB8205A84502D101339046F6E79C42F3
:10F420008CBF002401249CE700249AE7C3F3160351
:10F43000E4E70132E2E72DE9F04F061889B099467A
:10F44000154641EB010404AB3046DDF84CB02146D3
:10F450000093A9F1410AD2E9002300F0E3F806ABDA
:10F4600007468846304621460093D5E9022300F03E
:10F47000D9F80022DDE90463841951EB0306069BE9
:10F4800028BF0122D5E90001D218079B43F10003F0
:10F49000381848EB0101B84271EB0801E9680391A3
:10F4A00038BF0120A96828BF0020CDF800A014EBC8
:10F4B000010C039946EB010110EB0C0041F1000136
:10F4C000A04271EB060C34BF4FF0010C4FF0000C62
:10F4D000CDE906231CEB020243F1000300F0BDF866
:10F4E000129BC3E90001149B012BDDE9062329D1FE
:10F4F000D5E90201D5E900C5201ACDF800A066EBD8
:10F500000101674578EB050534BF01250025401B47
:10F5100061F10001844276EB010534BF012500252D
:10F52000521B63F1000300F098F8DDE90623CBE9F4
:10F53000000120463146CDF800A000F08EF809B059
:10F54000BDE8F08F17EB070E48EB080C201946EBCF
:10F550000601BE457CEB080834BF01270027C71908
:10F5600041F10008D5E9000186457CEB010C34BF70
:10F5700001200020D5E90215381A68F1000C401A64
:10F580006CEB050192185B41A74278EB060534BF8E
:10F5900001250025521943F10003874278EB010849
:10F5A00034BF01250025521BA9F140050095B8E79D
:10F5B00010B5A3FB00430299A2FB0020001943F100
:10F5C00000033F29DBBFA1F12002C1F14001403916
:10F5D0008B40D6BFD04023FA01F0184310BD30B5A0
:10F5E00087B004460846154602A9F9F7F1FD049BC9
:10F5F000204600955A1C059B43F10003FFF7D8FFF6
:10F6000007B030BD30B587B015460446084602A99C
:10F61000F9F76CFD20460095DDE90423FFF7C8FFEC
:10F6200007B030BDF0B50F460446A0FB0201059EB1
:10F63000A7FB02524919A3FB0445A7FB037342F140
:10F640000002611845F10004D21943F100031219B8
:10F6500043F10003C6E90023F0BDF0B5059CC4F1F9
:10F660004007C4F12006A4F12005E04002FA06F6A6
:10F67000BB4022FA05F5BA403343C4F120062B43C0
:10F6800001FA06F6A4F12005304321FA05F5E14020
:10F69000284319431043F0BDB1EEC00A7047C9B208
:10F6A0000346024410B59342184601D1002003E0FE
:10F6B000047801338C42F6D110BD0A44431E9142B6
:10F6C00000D1704710B511F8014B914203F8014F7A
:10F6D000F9D110BD02440346934200D1704703F8AC
:10F6E000011BF9E72DE9F04F55EC104BA446C5F38B
:10F6F0000A540346084644EA0C072946C5F3130595
:10F700003026E14657EA0508AE465E7174D1002402
:10F71000A1421C716EDA0121A04219714FF0000460
:10F720001ADA204603F112060D25C2F157024FF0F6
:10F73000300C07F00F013F0947EA0E774FEA2E1E03
:10F74000002940F08780A84201DB86F800C0013D17
:10F7500006F1FF36EDD176E00C2868DCC0F10D0132
:10F760000126890001F1FF3EA1F12108C1F1210725
:10F7700006FA08F826FA07F706FA0EF648EA070826
:10F7800016EB060A48EB080BDAF100076BEB4B0EA1
:10F790001AF1FF3A4BF1FF3B0AEA0C0A0BEA050BA0
:10F7A000564578EB0B0B11DBC1F1200BB1F1200AB0
:10F7B0002CFA01F105FA0BFB58BF45FA0AFA41EAA7
:10F7C0000B0158BF41EA0A01C90724D51CEB060CFE
:10F7D00045EB0805E146B5F5801F1CDB5979B4F50A
:10F7E000806F01F10101597127D007EA0C070EEA79
:10F7F000050E97E7002891E75CB13126C90F002874
:10F80000A4F2FF345E7119710FDB0C28A6DD0D2008
:10F8100005E00124F2E707EA09090EEA0505B4F557
:10F82000806F06D04F46AE467CE70020F7E70D20FC
:10F8300078E759EA05051A7908D01A794FF48064F7
:10F8400042F008021A711C60BDE8F08F42F0040219
:10F850001A71F8E70929D4BF30318918A8423170EC
:10F86000B8BF284673E710B583780446DB0717D581
:10F870004FF00002D4E85F3FC4E8512F0029F9D1CE
:10F880009BB213B1581EC0B20CE0A3689847002881
:10F89000F9DA0130A37814BF082204221343A370BD
:10F8A0004FF0FF3010BD02690346107810B10132ED
:10F8B0001A6170476FF001007047D1E9043293423A
:10F8C0001EBF5A1C0A61187070478B78DA0702D481
:10F8D0004FF0FF307047431CFAD0C0B2431CD1E850
:10F8E000DF2F002A04D1C1E8DC3FBCF1000FF6D1C4
:10F8F000EED18B7823F008038B70704701480068C5
:08F900007047000054FC0020D8
:08F90800FAFCFD7F0100000084
:10F910002D5D010000000000CDDE010000000000B0
:10F92000817601001CFA0200313C02000000000058
:10F93000653E020000000000957F010030FA0200E1
:10F9400019C3020044FA0200CDC902006CFA020099
:10F95000AFC9020058FA0200A979010000000000B6
:10F96000C19B010000000000D53101000000000033
:10F97000B59D01000000000059A4010008FA020032
:10F98000F55A01000000000057D5020000000000F9
:10F99000BD450200000000006174010080FA020011
:10F9A000B97D010094FA020045830100A8FA020023
:10F9B0002D910100BCFA02000D7B0100D0FA02007B
:10F9C000118C01000CFB0200F1EE010020FB020093
:10F9D000A1890100F8FA0200D5870100E4FA0200CB
:10F9E000CFB8020000000000B55E0100000000007A
:10F9F0000DAD01000000000095B7010000000000FF
:08FA0000FFCF0200000000002E
:10FA0800844103000000000014C8002026CA00201A
:10FA1800C8FE00204A3303005007030068070300AC
:10FA28000ECA0020A0FC0020E2350300F8070300FE
:10FA38001008030016CA00203CFD00206F330300A5
:10FA4800000000008407030010CA00200000000026
:10FA58006B3A0300340903008C09030020CA002014
:10FA680064C70020753A0300600903008C0903008D
:10FA780022CA002080C70020D13203000000000005
:10FA8800380703000CCA002000000000AE34030051
:10FA980000000000DC07030014CA0020000000007A
:10FAA80036370300340803007808030018CA00201A
:10FAB8001CC700204B3C030098090300040A0300FC
:10FAC80024CA00209CC70020393403008C07030097
:10FAD800C007030012CA0020FCFC0020A537030061
:10FAE80090080300980803001ACA00205E05012048
:10FAF80052390300B4080300C40803001CCA0020DC
:10FB080048FD00203E3A0300F408030018090300EA
:10FB18001ECA00205CFD00209C62030074C80020FF
:0CFB2800400B030028CA0020F0E400207D
:10FB34000000000081B702000000000081B702004D
:10FB44000000000081B702000000000081B702003D
:10FB54000000000081B7020025FD010075D60200F7
:10FB64000000000081B702000000000081B702001D
:10FB74006CFA020041C9020058FA020041C90200AD
:10FB84003D17020075D60200AD10020075D60200C2
:10FB94000000000081B702000000000081B70200ED
:10FBA40080FA0200A57401000000000081B7020081
:10FBB4000000000081B702000000000081B70200CD
:10FBC4000000000081B702000000000081B70200BD
:10FBD4000000000081B7020000000000B999010094
:10FBE4000000000081B702000000000081B702009D
:10FBF4000000000081B702000000000081B702008D
:10FC04000000000081B702000000000081B702007C
:10FC14000000000081B702000000000081B702006C
:10FC24000000000081B702000000000081B702005C
:10FC34000000000081B702000000000081B702004C
:10FC44000000000081B702000000000081B702003C
:10FC54000000000081B702000000000081B702002C
:10FC64000000000081B702000000000081B702001C
:10FC74000000000081B702000000000081B702000C
:10FC84009109020075D602000000000081B702004D
:10FC94000000000081B702000000000081B70200EC
:10FCA4000000000081B702000000000081B70200DC
:10FCB4000000000081B70200B507020075D60200FB
:10FCC4000000000081B702000000000081B70200BC
:10FCD4000000000081B702000000000081B70200AC
:10FCE4000000000081B702000000000081B702009C
:10FCF4000000000081B702000000000081B702008C
:10FD04000000000081B702000000000081B702007B
:10FD14000000000081B702000000000081B702006B
:10FD24000000000081B702000000000081B702005B
:08FD34000000000081B702008D
:04FD3C00FFFFFFFFC7
:10FD400028E40020D0470120000A00004DD901001E
:10FD50000000000000000000000000000E00000095
:10FD600000000000D45D030000000000000000005F
:10FD70000000000001000000B1A50100CDA90100B4
:10FD800056210300030000006C2E03000300000056
:10FD9000DA32030003000000FA1803000300000039
:10FDA000AB42030003000000A56203000300000053
:10FDB000341C030003000000613303000300000053
:10FDC000FC56030003000000C534030003000000DC
:10FDD000EE350300030000003F370300030000007E
:10FDE0006439030003000000CA1E03000300000082
:10FDF000651F0300030000004D2103000300000005
:10FE0000504B030003000000A41303000300000094
:10FE10007729030003000000E75D030003000000F2
:10FE2000832E0300030000008B2E0300030000005C
:10FE30002341030003000000C3730300030000001C
:10FE40007B2B030003000000E221030003000000FD
:10FE5000A537030003000000872B03000300000008
:10FE60004434030003000000543C0300030000007E
:10FE70007F3A030003000000443A0300030000003F
:10FE80003C060300A4C600203C2103000100000042
:10FE900020FB020080620300956203000000000066
:10FEA000F8FA020036390300493903000000000067
:10FEB000E4FA020090370300A537030000000000B9
:10FEC0000CFB020000000000000000000000000029
:10FED0000000000000000000000000000000000022
:10FEE00000000000000080BF00000000CDCC4CBF2F
:10FEF0000000000000000000CDCC4CBE000000BFA0
:10FF000000000000000080BF0000000000000000B2
:10FF100000000000000000000000000000000000E1
:10FF2000CDCCCC3D3333333F00000000CDCC4CBFB3
:10FF3000CDCCCCBD0000000000000000000000009F
:10FF400000000000000000000000000000000000B1
:10FF50000001020408100000000000000000000082
:10FF6000307564002C01701797078403C5005C048A
:10FF70009001400140019001FFFF7FFFFFFF7FFFE5
:10FF8000FFFF7FFFFFFF7FFFFFFF7FFFFFFF7FFF81
:10FF9000FFFF7FFFFFFF7FFFFFFF7F7FFFFF7F7F71
:10FFA000FFFF7F7FFFFF7F7FFFFF7F7FFFFF7F7F61
:10FFB000FFFF7F7FFFFF7F7F05020A1E0505050506
:10FFC000050500004001640064006400C800C8002A
:10FFD000C80040014001400101020300040000008C
:10FFE00005060700140011001000050000000001C4
:10FFF00020004000000000010000000000000000A0
:020000023000CC
:10000000000000000E0000000000000008000000DA
:1000100004000000040000000600000004000000CE
:10002000060000000F008000010203040000000031
:1000300000000000000500000000000000060708A6
:100040000E00E0000E00E0000E00E0000E00E000F8
:100050000E00E000040000000100000002000000AB
:1000600008000000F4FF9F00F6FF9F0008008000DA
:100070000800800004208000062080000E00E000C0
:100080000E00E0000E00E0000E00E0000E00E000B8
:100090000E00E0000F0080000F0080000F008000C5
:1000A0000F008000000080001700170017001700E5
:1000B0001D0000000000000000006001E0011000D1
:1000C00010000001000315001500150015001500B3
:1000D00017000004000400040004000001020304EF
:1000E00000050607080000090A0B0C00000D0000BF
:1000F0000E0F1011121300000000891112239B3201
:100100002446AD573665BF74488CC19D5AAFD3BEE7
:100110006CCAE5DB7EE9F7F88110080193331A22F7
:10012000A5562C47B7753E64C99C408DDBBF52AEC7
:10013000EDDA64CBFFF976E802218B3010029913D7
:100140002667AF763444BD554AADC3BC588ED19FA7
:100150006EEBE7FA7CC8F5D983310A2091121803B7
:10016000A7772E66B5543C45CBBD42ACD99E508F87
:10017000EFFB66EAFDD874C904428D5316619F7087
:100180002004A9153227BB364CCEC5DF5EEDD7FC67
:100190006888E1997AABF3BA85520C4397711E6077
:1001A000A1142805B3373A26CDDE44CFDFFD56EC47
:1001B000E9986089FBBB72AA06638F7214409D5157
:1001C0002225AB343006B9174EEFC7FE5CCCD5DD27
:1001D0006AA9E3B8788AF19B87730E6295501C4137
:1001E000A3352A24B1163807CFFF46EEDDDC54CD07
:1001F000EBB962A8F99A708B088481951AA793B617
:100200002CC2A5D33EE1B7F04008C919522BDB3A06
:10021000644EED5F766DFF7C899400859BB712A6D6
:10022000ADD224C3BFF136E0C1184809D33B5A2AE6
:10023000E55E6C4FF77D7E6C0AA583B418869197B6
:100240002EE3A7F23CC0B5D14229CB38500AD91BC6
:10025000666FEF7E744CFD5D8BB502A49996108796
:10026000AFF326E2BDD034C1C3394A28D11A580BA6
:10027000E77F6E6EF55C7C4D0CC685D71EE597F466
:100280002880A1913AA3B3B2444ACD5B5669DF7886
:10029000600CE91D722FFB3E8DD604C79FF516E456
:1002A000A9902081BBB332A2C55A4C4BD7795E6866
:1002B000E11C680DF33F7A2E0EE787F61CC495D536
:1002C0002AA1A3B03882B193466BCF7A5448DD5946
:1002D000622DEB3C700EF91F8FF706E69DD414C516
:1002E000ABB122A0B9923083C77B4E6AD5585C4926
:1002F000E33D6A2CF11E780F09250200A5310200AA
:10030000F934020077EC02007FEC02006FEC02008F
:10031000B1E702003D3502007BEC020073EC020005
:10032000B0750300000100000000000000000000A4
:100330000338FDD8704700000100000000000000F5
:10034000050000000000000019000000000000008F
:100350007D000000000000007102000000000000AD
:10036000350C000000000000093D00000000000006
:100370002D31010000000000E1F505000000000043
:1003800065CD1D0000000000F9029500000000008E
:10039000DD0EE90200000000514A8D0E0000000051
:1003A0009573C24800000000E941CC6B01000000D9
:1003B0008D49FD1A07000000C16FF286230000007E
:1003C000C52EBCA2B1000000D9E9AC2D7803000015
:1003D0003D9160E45811000031D6E275BC56000032
:1003E000F52E6E4DAEB10100C9EA2683677808008C
:1003F000ED95C28F055A2A00A1EDCCCE1BC2D300C9
:1004000025A4000A8BCA220400000000000000009E
:1004100000000000000000100000000000000000CC
:10042000B9340332B7F4AD1410DB1AB30892540E8A
:100430000D307D951447BA1A66088F4D26ADC66DEE
:10044000F598BF85E2B74511CA96853D92BD1DEB73
:10045000FCA11860DCEF52163C92AE220BB8C1B47E
:10046000839D2D5B0562DA1C304C7E8F4E8BB25B18
:1004700016F4529F8B56A512FBD4827643ED8AF078
:100480008FE7F9311565191850F19BD94A13EEB46D
:10049000284CF0A686C1251F035FC270CB9E49166B
:1004A000E642889C44EB2014B0650836AD6EA58505
:1004B00085F0CA14E2FD031A0B899979D5B13D097B
:1004C000D8DA973A35EBCF10AC363F5E73BB38CFF6
:1004D0003E6752FA44AFBA15010000000000000068
:1004E0000000000000000020345065C05FC9A65223
:1004F000BB13CBAEC440C21806C8DF7100D5A87CC0
:10050000F56F0FDA58FC27136E4756357D242065AA
:1005100002C7E768E48CA41DE9E60268D7CD39611B
:100520007977FCC2405BEF16798CDE43FFA751F967
:1005300091F3B278F5BDBE11E857E9D6E8BEE87B85
:10054000B054AC8F848D751BEA23A499E9F9D38B41
:10055000B7A3714061DA3E15CEE33ECB73F948088C
:100560008C97B427D51B7010A2BFEFB9EB8532155D
:100570004DB44DB49BBB6F1996B6076CF8E7EEAD62
:1005800036D9B4F59135AE13222218AF4E6A684DB4
:1005900091DAAA3D4F40741E9FBD9EE006A1C0980F
:1005A00057C2A7FDA40E90170E7D497173E3208FEB
:1005B000B220D87605143B12853D7434811343B0C4
:1005C000AD297A5F27F4351C000000000000000010
:1005D0000000000000000080A0DD002000010000FD
:1005E000D5B202007FB20200020000003BB402005C
:1005F00000000000000000000000000000000000FB
:10060000C8200300D020030000000000000000000C
:10061000000000008C370300D8200300DC2003001A
:10062000E02003002C060300BCFB0020F93E010083
:10063000DCFB00204A06012001000000CBB40200D0
:10064000C1B40200B1B402001D3F0100000000006F
:10065000A5B4020000000000914701000000000066
:10066000A147010000000000EBB6020007000000F7
:1006700000000000000000000080000094FA02006A
:1006800001000000000000000080000094FA020059
:10069000020000000080000000000F0094FA020039
:1006A000030000000080000000000F0094FA020028
:1006B0000400000000800F000020000094FA0200F7
:1006C0000500000000800F000020000094FA0200E6
:1006D0000600000000A00F000060000094FA020075
:1006E00080C500200000000006000100020000009C
:1006F000F406030000000000242B030002000000A9
:10070000E0FF0F0068C500202C2B03002100000033
:10071000E0FF0320E530030004000000EA3003009E
:1007200006000000296F0100716F0100B56F010024
:100730003970010065700100A97101009972010012
:10074000580200006D75010059760100000000009C
:10075000F17701001577010055330300EDC2020067
:10076000F3C202005B330300D9760100FFC202002E
:10077000D3C2020000000000A975010000000000C3
:100780000000000005C3020000000000BCFA0200E7
:1007900000B4C4040001000030FA02001900010096
:1007A0000000000000008000800000000000010048
:1007B000EF401700000001000000010001000000F0
:1007C00025C402003DC50200017A0100F97901004B
:1007D00029C3020001000000FF00000029C602003A
:1007E0006D7E0100E17D01008D7D01007D7D0100B8
:1007F00004000000FF000000FFFFFFFF0025844011
:100800000000000000000000001003400100000094
:1008100069810100BDC60200C9C60200DDC6020032
:10082000E7C60200F1C602001D800100F57E01004E
:100830000000000000A000400000000000000000D8
:100840000000000000004006000001011000000050
:1008500005C702005C080300FF1F000000A0004065
:100860006808030001000000700803000200000097
:100870001A0018001B001600018301000000000090
:10088000318401000000000000000000C18301006D
:10089000A8FA020032000000000000000000000082
:1008A0000000000029880100A58701000000000069
:1008B00000000000D18A0100A8FA0200190000001F
:1008C0000800000009FA000000000000000000001D
:1008D0002D890100A1880100000000000000000037
:1008E000D9C70200A1C702003DC8020013C8020018
:1008F00071C8020080FA0200000000000000000041
:100900000000000000000000E04DE000809698002C
:1009100000000000000000000000000000000000D7
:1009200000000000D58B0100058B010000000000D5
:1009300000000000009000400200000000000000E5
:10094000440903000090004050090300010000002A
:100950005809030002000000180000001700020000
:100960000080004002000000000000007009030049
:10097000008000407C09030001000000840903009E
:10098000020000000900000006000200F9C8020091
:10099000C58F0100EBC8020000B00040000000005D
:1009A00000127A00000000000000000000000000BB
:1009B000FFFFFFFF0000FF0000000000000000013B
:1009C00001000000EFC90200FF1F0000DC09030066
:1009D000FFFFFFFF000000000000000000B000402B
:1009E000E809030001000000F00903000300000013
:1009F0001400080015000A0016000C0030FA02006E
:100A0000190001007194010081CA020000800020D9
:100A1000E8040000E88400200020000068A5002011
:100A200000200000000000000000000001000000A5
:100A3000EDAC0100A19C010061AA0100E1CA020025
:100A4000E5CB020003CB0200F7CB0200B9A80100FE
:100A5000000000007DAC01000FCC0200DBCA0200E8
:100A600091AB010019A6010015CB02000DA50100F4
:100A70007DA40100C9A601000000000000000000E4
:100A800000000000ED420300F2420300FA420300BE
:100A90000543030000000000264B03002C4B03001D
:100AA000324B0300384B03003E4B0300444B030022
:100AB0004A4B030097540300A9540300BB5403009E
:100AC000C8540300D9540300E9540300F35403004D
:100AD00006550300195503002C5503005802000069
:100AE000100E0000A08C0000020000001E0000009C
:100AF0003C00000000941100000000000200000013
:100B00003C000000680100003C0000003C000000C8
:100B10003C0000003C00000000000000F95703000A
:100B200004580300755C0300A25C0300665D0300CB
:100B3000865D03009C5D0300125D0300BB5D030046
:100B4000000000000000000019F101001DD50200A6
:100B500051F0010000000000000000003BAAAA3E86
:100B6000010000003BAAAA3E030000003BAAAA3EE7
:100B7000040000003BAAAA3E0C0000003BAAAA3ECB
:100B80000D0000003BAAAA3E0E0000003BAAAA3EB0
:100B9000070000003BAAAA3E0F00000081240200CB
:100BA000592A0200000000000FEC0200C1330200CD
:100BB00079350200ED420300F2420300D1710300D7
:100BC000DD710300000000020000000100000004CD
:100BD0000000000800000010000000000C000000F1
:100BE000690000000B00000072000000800000009F
:100BF0001600000070000000780000007F00000078
:100C00008000000071000000680000001600000075
:100C10007400000073000000730000007100000009
:100C20008C0000007A0000000D0000000B000000A6
:100C30000B00000076000000ADBAADBAADBAADBA97
:100C4000ADBAADBAADBAADBAADBAADBAADBAADBA6C
:100C5000ADBAADBAADBAADBAADBAADBAADBAADBA5C
:100C6000ADBAADBAADBAADBAADBAADBAADBAADBA4C
:100C7000ADBAADBAADBAADBAADBAADBAADBAADBA3C
:100C8000ADBAADBAADBAADBAADBAADBAADBAADBA2C
:100C9000ADBAADBAADBAADBAADBAADBAADBAADBA1C
:100CA000ADBAADBAADBAADBAADBAADBAADBAADBA0C
:100CB000ADBAADBAADBAADBAADBAADBAADBAADBAFC
:100CC000ADBAADBAADBAADBAADBAADBAADBAADBAEC
:100CD000ADBAADBAADBAADBAADBAADBAADBAADBADC
:100CE000ADBAADBAADBAADBAADBAADBAADBAADBACC
:100CF000ADBAADBAADBAADBAADBAADBAADBAADBABC
:100D0000ADBAADBAADBAADBAADBAADBAADBAADBAAB
:100D1000ADBAADBAADBAADBAADBAADBAADBAADBA9B
:100D2000ADBAADBAADBAADBAADBAADBAADBAADBA8B
:100D3000ADBAADBAADBAADBAADBAADBAADBAADBA7B
:100D4000ADBAADBAADBAADBAADBAADBAADBAADBA6B
:100D5000ADBAADBAADBAADBAADBAADBAADBAADBA5B
:100D6000ADBAADBAADBAADBA6F0000006F00000009
:100D70006F0000006F0000006F0000006F000000B7
:100D80006F0000000B0000007A0000004700000028
:100D90000B0000000B0000005F00000004100000CA
:100DA0000170000004700000FFFFFFFFFFFFFFFF66
:100DB000FFFFFFFFFFFFFFFFFFFFFFFFFFFFFFFF43
:100DC000FFFFFFFFFFFFFFFF037000000270000046
:100DD0000570000006700000087000000970000037
:100DE0000A700000FFFFFFFFFFFFFFFFFFFFFFFF95
:100DF000FFFFFFFFFFFFFFFFFFFFFFFFFFFFFFFF03
:100E0000FFFFFFFFFFFFFFFFFFFFFFFF018000006D
:100E1000104000001060000011300000123000008F
:100E2000FFFFFFFFFFFFFFFFFFFFFFFFFFFFFFFFD2
:100E3000FFFFFFFF10300000FFFFFFFFFFFFFFFF7E
:100E4000FFFFFFFFFFFFFFFFFFFFFFFFFFFFFFFFB2
:100E5000FFFFFFFFFFFFFFFFFFFFFFFFFFFFFFFFA2
:100E6000FFFFFFFFFFFFFFFFFFFFFFFFFFFFFFFF92
:100E70000650000026730300347303004873030018
:100E8000577303006373030010F9020010F90200A6
:100E900060F9020068F90200F0F9020008FA0200A5
:100EA0000000000000000000000000000000000042
:100EB00000000040955969595555545515555556DA
:100EC0000405154110545540455155444045504482
:100ED00050555545004000404004449665555655D0
:100EE0004540455451411540559155555555405132
:100EF00005010000544554544555050400100410E4
:100F000014044000000001405555154154040000F0
:100F1000440001000000004041000044504445509E
:100F200054005555545565510040004001000001E2
:100F300000050100115451515455550500000000A1
:100F40000000000000000000D1F71737D1F717B7F5
:100F50008071313F807131BF0000003F000000BF51
:100F600000000000DCCFD1350000000000C0153FBC
:100F70000000803F0000C03F000FC93F000F494004
:100F800000CB9640000FC9400053FB4000CB1641F8
:100F900000ED2F41000F49410031624100537B4178
:100FA000003A8A4100CB9641005CA34100EDAF417D
:100FB000007EBC41000FC94100A0D5410031E24193
:100FC00000C2EE410053FB4100F20342003A0A42E4
:100FD0000083104200CB164200141D42005C2342E5
:100FE00000A5294200ED2F4200363642007E3C42E9
:100FF00000C74242000F4942A2000000F900000071
:10100000830000006E0000004E000000440000005D
:101010001500000029000000FC000000270000006F
:1010200057000000D1000000F5000000340000006F
:10103000DD000000C0000000DB00000062000000D6
:1010400095000000990000003C00000043000000F3
:101050009000000041000000FE0000005100000070
:1010600063000000AB000000DE000000BB000000D9
:10107000C500000061000000B7000000240000006F
:101080006E0000003A000000420000004D00000029
:10109000D2000000E000000006000000490000004F
:1010A0002E000000EA00000009000000D10000004E
:1010B000920000001C000000FE0000001D00000067
:1010C000EB0000001C000000B1000000290000003F
:1010D000A70000003E000000E800000082000000C1
:1010E00035000000F50000002E000000BB000000ED
:1010F0004400000084000000E90000009C000000A3
:101100007000000026000000B40000005F00000036
:101110007E00000041000000390000009100000046
:10112000D6000000390000008300000053000000DA
:1011300039000000F40000009C0000008400000062
:101140005F0000008B000000BD000000F9000000FF
:10115000280000003B0000001F000000F800000015
:1011600097000000FF000000DE0000000500000006
:10117000980000000F000000EF0000002F000000AA
:10118000110000008B0000005A0000000A0000005F
:101190006D0000001F0000006D0000003600000020
:1011A0007E000000CF00000027000000CB00000000
:1011B00009000000B70000004F00000046000000DA
:1011C0003F000000660000009E0000005F0000007D
:1011D000EA0000002D00000075000000270000005C
:1011E000BA000000C7000000EB000000E5000000AE
:1011F000F10000007B0000003D000000070000003F
:1012000039000000F70000008A00000052000000D2
:1012100092000000EA0000006B000000FB000000EC
:101220005F000000B10000001F0000008D00000002
:101230005D000000080000005600000003000000F0
:101240003000000046000000FC0000007B000000B1
:101250006B000000AB000000F0000000CF000000B9
:10126000BC000000200000009A000000F400000014
:10127000360000001D000000A9000000E30000008F
:1012800091000000610000005E000000E600000028
:101290001B0000000800000065000000990000002D
:1012A000850000005F00000014000000A0000000A6
:1012B00068000000400000008D000000FF000000FA
:1012C000D8000000800000004D0000007300000006
:1012D00027000000310000000600000006000000AA
:1012E0001500000056000000CA0000007300000056
:1012F000A8000000C900000060000000E20000003B
:101300007B000000C00000008C0000006B000000AB
:101310000000C93F0000F0390000DA370000A233B6
:101320000000842E0000502B0000C2270000D022B5
:101330000000C41F0000C61B00004417040000008A
:101340000700000009000000000001000A00190069
:1013500032006400C80090015406400500150200E8
:101360000200020004000200080002000200020065
:101370001000200040008000000100020004000076
:10138000010002000400060008000A000C000E0024
:101390001000200040008000000100010001EAFF71
:1013A0007AFFF4FF6D6F64656D5F73657475705FD0
:1013B00074687265616400436F6E6E656374656422
:1013C000202D20686F6D6500436F6E6E65637465D8
:1013D00064202D20726F616D696E6700436F6E6EC1
:1013E00065637465640049646C650A004E657477D2
:1013F0006F726B20726567697374726174696F6E66
:10140000207374617475733A2025730A0050534D2C
:1014100020706172616D65746572207570646174AD
:10142000653A205441553A20256420732C204163AD
:10143000746976652074696D653A20256420730AA5
:10144000006544525820706172616D657465722048
:101450007570646174653A20654452583A20252EAF
:10146000326620732C205054573A20252E326620A5
:10147000730A00525243206D6F64653A2025730A47
:10148000004C54452063656C6C206368616E676531
:10149000643A2043656C6C2049443A2025642C2032
:1014A000547261636B696E6720617265613A2025D1
:1014B000640A00574553545F544F504449522F7AA1
:1014C00065706879722F696E636C7564652F7A65D3
:1014D000706879722F647269766572732F677069AC
:1014E0006F2E6800286366672D3E706F72745F70A0
:1014F000696E5F6D61736B202620286770696F5F6E
:10150000706F72745F70696E735F74292831554C07
:10151000203C3C202870696E29292920213D20305B
:101520005500415353455254494F4E204641494C72
:10153000205B25735D20402025733A25640A00094D
:10154000556E737570706F727465642070696E0A81
:101550000028666C616773202620282831203C3CD7
:10156000203429207C202831203C3C203529292981
:1015700020213D20282831203C3C203429207C207B
:101580002831203C3C20352929000950756C6C20FD
:10159000557020616E642050756C6C20446F776EBE
:1015A0002073686F756C64206E6F742062652065AF
:1015B0006E61626C65642073696D756C74616E65D3
:1015C0006F75736C790A0028666C6167732026203A
:1015D0002831203C3C2031292920213D2030207C0D
:1015E0007C2028666C6167732026202831203C3CD3
:1015F00020322929203D3D203000436C69656E74FE
:10160000204D51545420696E697A69616C697A7A07
:1016100061746F20636F7272657474616D656E744E
:1016200065210A00746573742E6D6F73717569742A
:10163000746F2E6F72670074667573657231323322
:10164000343536004661696C656420636F6E6E6583
:101650006374696E6720746F204D5154542C20655B
:1016600072726F7220636F64653A20256400436F65
:101670006E6E657373696F6E6520616C2062726F48
:101680006B6572204D51545420726975736369748F
:1016900061210A004572726F7265206E656C6C275D
:1016A000696E697A69616C697A7A617A696F6E6567
:1016B0002064656C20636C69656E74204D515454D0
:1016C0003A2025640A004D515454204552524F523D
:1016D000005265636569766564207061796C6F613D
:1016E000643A20252E2A73206F6E20746F70696310
:1016F0003A20252E2A73004D515454204449534317
:101700004F4E454E53534F004D51545420434F4E6E
:10171000454E53534F0074656D703A2025642E2555
:101720003036643B2070726573733A2025642E2531
:101730003036643B2068756D69646974793A202598
:10174000642E253036643B206961713A2025643B64
:1017500020434F323A2025642E253036643B2056F4
:101760004F433A2025642E25303664004573656367
:10177000757A696F6E652064656C20746872656146
:101780006420320A0057616974696E6720666F725F
:101790002063757272656E742074696D650A004607
:1017A00061696C656420746F20676574206375726D
:1017B00072656E742074696D652E20436F6E746956
:1017C0006E75696E6720616E797761792E0A0054B3
:1017D000494D45203D20256C6C640A00544631007B
:1017E000256C640073657269616C0025352E306C60
:1017F0006600616C7469747564650025332E366CFF
:1018000066006C61746974756465006C6F6E6769FD
:1018100074756465006971610025642E253164006A
:1018200068756D696469747900616D6269656E746B
:101830005F74656D70657261747572650070726554
:10184000737375726500766F6300636F320073693E
:101850007A65202564202573200A00627365632F52
:1018600074657374004661696C656420746F2073DD
:10187000656E64207061796C6F61642C2065727292
:101880003A2025640045736563757A696F6E65203B
:1018900064656C2074687265616420310A00466179
:1018A000696C656420746F20696E697469616C6924
:1018B0007A65206D6F64656D206C69627261727902
:1018C0002C206572726F723A2025640A00466169A5
:1018D0006C656420746F20636F6E6E656374207432
:1018E0006F204C5445206E6574776F726B2C2065A9
:1018F00072726F723A2025640A00617070000007EE
:101900000E091C1B1215383F363124232A2D57454A
:1019100053545F544F504449522F7A65706879721E
:101920002F6C69622F686561702F686561702E6326
:10193000006368756E6B5F7573656428682C20633F
:10194000290009756E657870656374656420686543
:1019500061702073746174652028646F75626C65B2
:101960002D667265653F2920666F72206D656D6F0B
:1019700072792061742025700A006C6566745F635B
:1019800068756E6B28682C2072696768745F63687D
:10199000756E6B28682C20632929203D3D2063004B
:1019A00009636F7272757074656420686561702078
:1019B000626F756E64732028627566666572206F4B
:1019C000766572666C6F773F2920666F72206D6551
:1019D0006D6F72792061742025700A0028616C692E
:1019E000676E20262028616C69676E202D203129C2
:1019F00029203D3D20300009616C69676E206D75BE
:101A00007374206265206120706F776572206F6645
:101A100020320A006279746573203E206865617027
:101A20005F666F6F7465725F62797465732862793F
:101A3000746573290009686561702073697A65208F
:101A4000697320746F6F20736D616C6C0A00686538
:101A500061705F737A203E206368756E6B737A28BD
:101A600073697A656F6628737472756374207A5F20
:101A7000686561702929006368756E6B305F7369F2
:101A80007A65202B206D696E5F6368756E6B5F737E
:101A9000697A65286829203C3D20686561705F731C
:101AA0007A00574553545F544F504449522F7A653A
:101AB000706879722F6C69622F6F732F6362707216
:101AC000696E74665F7061636B616765642E630045
:101AD00009537472696E67207769746820746F6F38
:101AE000206D616E7920617267756D656E74730A21
:101AF00000097374725F7074725F706F735B5D2046
:101B0000746F6F20736D616C6C0A0009756E657877
:101B10007065637465642073697A652025750A00B1
:101B200009746F6F206D616E7920666F726D6174DC
:101B300020617267730A00696E5F7061636B616731
:101B4000656420213D202828766F6964202A293089
:101B5000290028756E7369676E6564292063686162
:101B600072202A207573656420666F7220252570A7
:101B700020617267756D656E742E2049742773201D
:101B80007265636F6D6D656E64656420746F20634C
:101B900061737420697420746F20766F6964202AE1
:101BA0002062656361757365206974206D617920B9
:101BB0006361757365206D69736265686176696FCD
:101BC0007220696E206365727461696E20636F6E46
:101BD00066696775726174696F6E732E20537472D3
:101BE000696E673A2225732220617267756D656E92
:101BF000743A256400736370795F636E74203C20CF
:101C000073697A656F66286370795F7374725F7049
:101C10006F7329006B6565705F636E74203C207381
:101C2000697A656F66286B6565705F7374725F7043
:101C30006F73290063627072696E74665F706163AE
:101C40006B61676500574553545F544F5044495288
:101C50002F7A65706879722F6C69622F6F732F6DA0
:101C60007073635F706275662E6300657272203DEB
:101C70003D203000574553545F544F504449522F34
:101C80007A65706879722F696E636C7564652F7AF6
:101C900065706879722F7370696E6C6F636B2E68F4
:101CA000007A5F7370696E5F6C6F636B5F76616CF7
:101CB0006964286C290009496E76616C6964207337
:101CC00070696E6C6F636B2025700A007A5F7370A9
:101CD000696E5F756E6C6F636B5F76616C696428AB
:101CE0006C2900094E6F74206D79207370696E6CD9
:101CF0006F636B2025700A00574553545F544F5053
:101D00004449522F7A65706879722F6C69622F7519
:101D100074696C732F6F6E6F66662E6300737461E7
:101D20007465203D3D20305500217379735F736CDD
:101D30006973745F69735F656D70747928266D6768
:101D4000722D3E636C69656E747329007472616EE6
:101D500073697420213D202828766F6964202A2920
:101D60003029007374617465203D3D202831554C45
:101D7000203C3C2028312929006D67722D3E726578
:101D80006673203D3D2030007374617465203D3DD5
:101D9000202831554C203C3C20283029290057452B
:101DA00053545F544F504449522F7A65706879728A
:101DB0002F6C69622F7574696C732F6E6F7469660E
:101DC000792E6300574553545F544F504449522F66
:101DD0007A65706879722F7375627379732F667381
:101DE0002F6663622F6663625F617070656E642E3A
:101DF0006300636E74203C3D2073697A656F6628CA
:101E0000746D705F73747229006C6F6767696E67B9
:101E100000574553545F544F504449522F7A6570D0
:101E20006879722F7375627379732F6C6F67676946
:101E30006E672F6C6F675F636F72652E63006C6FE8
:101E4000675F6261636B656E645F636F756E745F1D
:101E50006765742829203C2028283332202F20331E
:101E60005529202D202831202B203029290062617E
:101E7000636B656E64203C3D205F6C6F675F6261E1
:101E8000636B656E645F6C6973745F656E64000993
:101E9000756E6578706563746564206C6973742011
:101EA000656E64206C6F636174696F6E0A006C6F9D
:101EB000675F6261636B656E645F636F756E745FAD
:101EC0006765742829203E2030006C6F67005745F5
:101ED00053545F544F504449522F7A657068797259
:101EE0002F7375627379732F6C6F6767696E672FD5
:101EF0006C6F675F6D676D742E63006C696E6B202D
:101F00003C3D205F6C6F675F6C696E6B5F6C6973E3
:101F1000745F656E6400574553545F544F50444995
:101F2000522F7A65706879722F696E636C7564657B
:101F30002F7A65706879722F6C6F6767696E672F8B
:101F40006C6F675F6261636B656E642E68006261CF
:101F5000636B656E6420213D202828766F696420BC
:101F60002A293029006C6F675F6D676D74004D65BD
:101F70007373616765202822257322292064726F9C
:101F80007070656420626563617573652069742093
:101F9000657863656564732073697A65206C696D23
:101FA00069746174696F6E2028257529005745533F
:101FB000545F544F504449522F7A65706879722F9C
:101FC0007375627379732F6C6F6767696E672F6CB7
:101FD0006F675F6D73672E6300706C656E203E3DAA
:101FE000203000574553545F544F504449522F7A84
:101FF00065706879722F7375627379732F6C6F6770
:1020000067696E672F6C6F675F6F75747075742E7C
:1020100063006F75745F6374782D3E636F6E7472C6
:102020006F6C5F626C6F636B2D3E6F666673657479
:10203000203C3D206F75745F6374782D3E73697A20
:1020400065001B5B306D006C6576656C203C3D2047
:10205000345500257320005B2530386C755D2000F9
:102060005B253032753A253032753A253032752E7F
:10207000253033752C253033755D200025732F00F6
:102080003C25733E200025733A2000657272203E85
:102090003D203000253032782000202020007C00B8
:1020A000206D657373616765732064726F7070650E
:1020B00064202D2D2D0D0A1B5B306D001B5B313B09
:1020C00033316D2D2D2D20001B5B313B33316D00E5
:1020D0001B5B313B33336D0077726E00696E6600B7
:1020E00064626700574553545F544F504449522F20
:1020F0007A65706879722F7375627379732F6C6F5C
:102100006767696E672F6261636B656E64732F6CBE
:102110006F675F6261636B656E645F756172742E79
:1021200063006465766963655F69735F72656164A6
:102130007928756172745F64657629006C6F675FDA
:102140006261636B656E645F75617274006C6F676A
:102150005F756172740053545245414D5F464C4166
:10216000534800574553545F544F504449522F7AB7
:1021700065706879722F7375627379732F736574E4
:1021800074696E67732F7372632F73657474696EED
:1021900067732E63006368203C3D205F7365747431
:1021A000696E67735F68616E646C65725F7374619A
:1021B0007469635F6C6973745F656E6400736574E2
:1021C0002D76616C7565206661696C7572652E206F
:1021D0006B65793A202573206572726F72282564C9
:1021E000290073657474696E6773004661696C6574
:1021F0006420746F206C6F6164206C696E65206E62
:10220000616D653A202564006661696C65642074BF
:102210006F206C6F6164206C696E65004661696C4B
:10222000656420746F2066696E69736820666362F6
:102230005F617070656E64202825642900466169BD
:102240006C656420746F2066636220726F746174C1
:10225000652028256429002A2A2A20426F6F746984
:102260006E67206E524620436F6E6E656374205316
:10227000444B2076322E372E302D3563623835357B
:10228000373063613433202A2A2A0A002A2A2A2076
:102290005573696E67205A6570687972204F5320B4
:1022A00076332E362E39392D3130306265666337FC
:1022B00030633734202A2A2A0A0072302F61313ADB
:1022C0002020307825303878202072312F61323A42
:1022D0002020307825303878202072322F61333A30
:1022E00020203078253038780072332F61343A203E
:1022F00020307825303878207231322F69703A20BA
:1023000020307825303878207231342F6C723A20A2
:10231000203078253038780020787073723A202089
:1023200030782530387800735B2532645D3A2020A0
:102330003078253038782020735B2532645D3A2070
:10234000203078253038782020735B2532645D3A60
:1023500020203078253038782020735B2532645D6A
:102360003A20203078253038780066707363723AEE
:102370002020307825303878004661756C74696E9D
:102380006720696E737472756374696F6E2061641F
:10239000647265737320287231352F7063293A2077
:1023A00030782530387800556E68616E646C6564ED
:1023B000204952516E3A202564002A2A2A2A2A20CE
:1023C0004D5055204641554C54202A2A2A2A2A008D
:1023D0002020537461636B696E67206572726F723F
:1023E0002028636F6E746578742061726561206D5A
:1023F00069676874206265206E6F742076616C690D
:102400006429002020556E737461636B696E6720C8
:102410006572726F720020204461746120416363B1
:102420006573732056696F6C6174696F6E0020204C
:102430004D4D46415220416464726573733A2030B9
:10244000782578002020496E737472756374696F03
:102450006E204163636573732056696F6C617469A4
:102460006F6E002020466C6F6174696E672D706F0F
:10247000696E74206C617A79207374617465207060
:102480007265736572766174696F6E206572726FC2
:102490007200574553545F544F504449522F7A6548
:1024A000706879722F617263682F61726D2F636F2C
:1024B00072652F636F727465785F6D2F6661756CDE
:1024C000742E6300212828285343425F5479706595
:1024D000202A2920282830784530303045303030C7
:1024E000554C29202B20307830443030554C292051
:1024F000292D3E434653522026202831554C203C5E
:102500003C20283055202B203455292929000953F7
:102510007461636B696E67206F722044617461201F
:102520004163636573732056696F6C6174696F6E84
:10253000206572726F7220776974686F757420738A
:102540007461636B2067756172642C2075736572AA
:102550002D6D6F6465206F72206E756C6C2D706FC1
:10256000696E74657220646574656374696F6E0A60
:102570000A002A2A2A2A2A20555341474520464143
:10258000554C54202A2A2A2A2A0020204469766998
:1025900073696F6E206279207A65726F0020205512
:1025A0006E616C69676E6564206D656D6F72792010
:1025B000616363657373002020537461636B206FE4
:1025C000766572666C6F772028636F6E74657874B9
:1025D0002061726561206E6F742076616C69642978
:1025E0000020204E6F20636F70726F636573736F8E
:1025F0007220696E737472756374696F6E730020F4
:1026000020496C6C6567616C206C6F6164206F663B
:10261000204558435F52455455524E20696E746FA1
:10262000205043002020496C6C6567616C207573F5
:1026300065206F6620746865204550535200202045
:10264000417474656D707420746F2065786563756E
:10265000746520756E646566696E656420696E7365
:102660007472756374696F6E002A2A2A2A2A2042BE
:102670005553204641554C54202A2A2A2A2A002004
:1026800020537461636B696E67206572726F7200AC
:1026900020205072656369736520646174612062F3
:1026A0007573206572726F7200202042464152207D
:1026B000416464726573733A203078257800202075
:1026C000496D70726563697365206461746120622D
:1026D0007573206572726F72002020496E73747278
:1026E000756374696F6E20627573206572726F72A4
:1026F0000052657365727665642045786365707411
:10270000696F6E20280053707572696F7573206948
:102710006E7465727275707420284952512000657C
:10272000736620213D202828766F6964202A29308D
:1027300029000945534620636F756C64206E6F74E1
:1027400020626520726574726965766564207375B0
:10275000636365737366756C6C792E205368616C66
:102760006C206E65766572206F636375722E0A0049
:10277000457863657074696F6E206F6363757272FC
:10278000656420696E2053656375726520537461BA
:102790007465002A2A2A2A2A2048415244204641A8
:1027A000554C54202A2A2A2A2A00202042757320B8
:1027B0006661756C74206F6E20766563746F72202D
:1027C0007461626C652072656164002020446562FA
:1027D0007567206576656E740020204661756C749F
:1027E00020657363616C6174696F6E202873656521
:1027F0002062656C6F772900415243485F4558431A
:10280000455054207769746820726561736F6E203B
:1028100025780A00094661756C7420657363616CE4
:102820006174696F6E20776974686F7574204653A0
:102830005220696E666F0A000948617264466175CC
:102840006C7420776974686F757420484653522001
:10285000696E666F205368616C6C206E6576657278
:10286000206F636375720A002A2A2A2A2A20446587
:10287000627567206D6F6E69746F7220657863652D
:102880007074696F6E202A2A2A2A2A002A2A2A2A84
:102890002A20257320256429202A2A2A2A2A00573B
:1028A0004553545F544F504449522F7A65706879AC
:1028B000722F617263682F61726D2F636F72652F63
:1028C000636F727465785F6D2F6670752E6300623A
:1028D000756666657220213D202828766F69642020
:1028E0002A29302900574553545F544F50444952C8
:1028F0002F7A65706879722F617263682F61726DCB
:102900002F636F72652F636F727465785F6D2F69C7
:1029100072715F6D616E6167652E63007072696FC1
:10292000203C3D20282831554C203C3C2028332990
:1029300029202D2031290009696E76616C69642097
:102940007072696F7269747920256420666F7220D5
:10295000256420697271212076616C756573206D24
:10296000757374206265206C657373207468616E82
:1029700020256C750A0A006D7075004661696C65EA
:102980006420746F20616C6C6F63617465206E6588
:1029900077204D505520726567696F6E2025750A46
:1029A00000506172746974696F6E2025753A2073E6
:1029B000616E69747920636865636B206661696C18
:1029C00065642E00496E76616C696420756E64657D
:1029D000726C79696E6720726567696F6E20696EC7
:1029E00064657820257500574553545F544F504413
:1029F00049522F7A65706879722F617263682F610E
:102A0000726D2F636F72652F6D70752F61726D5FC0
:102A10006D70752E630009436F6E66696775726924
:102A20006E6720257520737461746963204D50555D
:102A300020726567696F6E73206661696C65640AF0
:102A40000A00094D61726B696E67202575206172FD
:102A500065617320666F722064796E616D696320B1
:102A6000726567696F6E73206661696C65640A0AD6
:102A700000095265717565737420746F20636F6E01
:102A80006669677572653A20257520726567696F9A
:102A90006E732028737570706F727465643A2025A8
:102AA00075290A0A002128726567696F6E5B69647F
:102AB000785D2E64745F617474722026202831550D
:102AC0004C203C3C202830292929000952414D5FE7
:102AD0004E4F434143484520776974682044545F12
:102AE0004D454D5F434143484541424C452061744B
:102AF000747269627574650A0A00094661696C65D9
:102B00006420746F20616C6C6F63617465204D503C
:102B10005520726567696F6E732066726F6D204411
:102B2000540A0A00464C4153485F30005352414D0D
:102B30005F3000574553545F544F504449522F7AE9
:102B400065706879722F6C69622F6C6962632F639C
:102B50006F6D6D6F6E2F736F757263652F73746415
:102B60006C69622F6D616C6C6F632E63006C6F63B8
:102B70006B5F726574203D3D203000706F73697823
:102B80005F74696D657200736F630028666C6167BE
:102B90007320262028283155203C3C203231292022
:102BA0007C20283155203C3C20323229207C2028B2
:102BB0003155203C3C20323329207C2028315520BF
:102BC0003C3C20323429207C20283155203C3C20BC
:102BD000323529207C20283155203C3C20323629B2
:102BE0002929203D3D20300009496E7465727275B7
:102BF000707420666C61677320617265206E6F74FB
:102C000020737570706F727465640A0021282866DD
:102C10006C616773202620283155203C3C203136DA
:102C20002929202626202128666C6167732026200A
:102C3000283155203C3C20313729292026262028C0
:102C4000666C6167732026202831203C3C203129A6
:102C500029290009496E7075742063616E6E6F7466
:102C600020626520656E61626C656420666F72200B
:102C7000274F70656E20447261696E272C20274FA4
:102C800070656E20536F7572636527206D6F646584
:102C90007320776974686F7574204F7574707574DC
:102CA0000A0028666C616773202620282831552089
:102CB0003C3C20313829207C20283155203C3C20C8
:102CC0003139292929203D3D2030207C7C2028666F
:102CD0006C616773202620283155203C3C20313719
:102CE000292920213D203000094F7574707574200A
:102CF0006E6565647320746F20626520656E616225
:102D00006C656420746F20626520696E6974696106
:102D10006C697A6564206C6F77206F7220686967D0
:102D2000680A0028666C61677320262028283155C0
:102D3000203C3C20313829207C20283155203C3C47
:102D400020313929292920213D2028283155203CAE
:102D50003C20313829207C20283155203C3C203132
:102D600039292900094F75747075742063616E6E7E
:102D70006F7420626520696E697469616C697A6537
:102D800064206C6F7720616E6420686967680A0050
:102D90005468652053494D2053656C656374205019
:102DA000696E20706F7274206973206E6F74207268
:102DB00065616479004661696C656420746F207395
:102DC0006574207468652053494D2053656C6563B4
:102DD000742050696E20286572726F723A202564E3
:102DE000290045787465726E616C2053494D2069E5
:102DF000732073656C656374656400546865204373
:102E000068617267657220456E61626C6520506909
:102E10006E20706F7274206973206E6F74207265FB
:102E2000616479004661696C656420746F20736524
:102E30007420746865204368617267657220456E0E
:102E400061626C652050696E20286572726F723AFB
:102E500020256429004368617267657220697320C8
:102E600073657420746F206175746F006163746999
:102E70006E6975735F626F6172645F636F6E7472A7
:102E80006F6C006E65745F627566006E65745F627C
:102E900075665F73696D706C6500574553545F5478
:102EA0004F504449522F7A65706879722F696E636A
:102EB0006C7564652F7A65706879722F6E65742FF2
:102EC0006E65745F636F6E746578742E6800636FEF
:102ED0006E7465787400090A00574553545F544F67
:102EE000504449522F7A65706879722F73756273F6
:102EF00079732F6E65742F6C69622F736F636B65C6
:102F000074732F736F636B6574732E6300736F63D9
:102F10006B5F66616D696C792D3E69735F73757067
:102F2000706F7274656400736F636B5F66616D6967
:102F30006C79203C3D205F6E65745F736F636B65D9
:102F4000745F72656769737465725F6C6973745FCF
:102F5000656E6400574553545F544F504449522F97
:102F60007A65706879722F7375627379732F6E65E5
:102F7000742F6C69622F736F636B6574732F736F3B
:102F8000636B65745F6F66666C6F61642E6300646B
:102F90006E735F6F66666C6F6164203D3D2028280C
:102FA000766F6964202A29302900646E735F6F662A
:102FB000666C6F616400646E735F6F66666C6F61F0
:102FC000642D3E67657461646472696E666F006447
:102FD0006E735F6F66666C6F61642D3E66726565C9
:102FE00061646472696E666F00574553545F544F55
:102FF000504449522F7A65706879722F696E636CFC
:103000007564652F7A65706879722F6E65742F6E9E
:1030100065745F69662E680069666163650069664C
:103020006163652D3E69665F64657600574553545C
:103030005F544F504449522F7A65706879722F73EC
:1030400075627379732F6E65742F69702F6E657456
:103050005F69662E63006E65745F69665F6765749D
:103060005F6C696E6B5F6164647228696661636539
:10307000292D3E6164647220213D202828766F69E5
:1030800064202A293029006966616365203C3D205F
:103090005F6E65745F69665F6C6973745F656E64AB
:1030A0000069666163655F636865636B203C3D2012
:1030B0005F6E65745F69665F6C6973745F656E648B
:1030C00000776C616E2564006E6574256400636F23
:1030D000756E745F6966203D3D2069665F636F753C
:1030E0006E7400C0004D515454004D5149736470CA
:1030F00000574553545F544F504449522F7A6570DE
:103100006879722F7375627379732F6E65742F6C83
:1031100069622F6D7174742F6D7174745F6F732E8B
:103120006800097379735F6D757465785F756E6C8F
:103130006F636B206661696C6564207769746820D1
:1031400025640A00097379735F6D757465785F6C27
:103150006F636B206661696C6564207769746820B1
:1031600025640A00060105010401030105020201AC
:103170000302050401010102010301040106010823
:10318000010C0110011801200140018053656C659C
:103190006374656420414443206761696E206973EC
:1031A000206E6F742076616C69640053656C656392
:1031B00074656420414443207265666572656E6380
:1031C00065206973206E6F742076616C69640053AA
:1031D000656C656374656420414443206163717567
:1031E00069736974696F6E2074696D6520697320F5
:1031F0006E6F742076616C696400496E76616C69EB
:10320000642073656C656374696F6E206F662063FC
:1032100068616E6E656C73004368616E6E656C20EC
:103220002575206E6F7420636F6E666967757265B1
:103230006400414443207265736F6C7574696F6EEE
:103240002076616C7565202564206973206E6F742B
:103250002076616C6964004F76657273616D706C85
:10326000696E6720697320737570706F727465641E
:1032700020666F722073696E676C65206368616E8B
:103280006E656C206F6E6C79004F76657273616D40
:10329000706C696E672076616C75652025642069A5
:1032A00073206E6F742076616C69640050726F7663
:1032B000696465642062756666657220697320744E
:1032C0006F6F20736D616C6C202825752F25752913
:1032D000006164634065303030006164635F6E722A
:1032E00066785F736161646300574553545F544F60
:1032F000504449522F7A65706879722F64726976EA
:103300006572732F636C6F636B5F636F6E74726F44
:103310006C2F636C6F636B5F636F6E74726F6C5F47
:103320006E72662E630074797065203C20434C4FAA
:10333000434B5F434F4E54524F4C5F4E52465F5487
:103340005950455F434F554E5400636C6F636B405B
:1033500035303030006866636C6B006C66636C6B94
:1033600000636C6F636B5F636F6E74726F6C007081
:1033700073612D726E67004661696C656420746FBD
:10338000206578697420445044202825642900571A
:10339000616974696E6720756E74696C20666C6112
:1033A0007368206973207265616479004A454445F9
:1033B000432049442072656164206661696C6564DC
:1033C0003A20256400446576696365206964202598
:1033D0003032782025303278202530327820646FE2
:1033E0006573206E6F74206D6174636820636F6E07
:1033F00066696720253032782025303278202530E4
:10340000327800425020636C656172206661696C9D
:1034100065643A2025640A00556E61626C6520740B
:103420006F20656E74657220342D62797465206D2D
:103430006F64653A2025640A007732357136346A44
:10344000764030007370695F6E6F7200D810200C88
:1034500000000000696E76616C69642061646472CA
:103460006573733A2030782530386C783A257A7550
:1034700000756E616C69676E656420616464726575
:1034800073733A2030782530386C783A257A750095
:103490006E6F7420776F72642D616C69676E6564FE
:1034A0003A2030782530386C783A257A7500666C89
:1034B0006173682D636F6E74726F6C6C65724033EC
:1034C0003930303000666C6173685F6E7266005729
:1034D0004553545F544F504449522F7A6570687970
:1034E000722F696E636C7564652F7A657068797286
:1034F0002F647269766572732F6770696F2F6770BA
:10350000696F5F7574696C732E680063616C6C62BF
:1035100061636B00094E6F2063616C6C6261636B69
:10352000210A0063616C6C6261636B2D3E68616EA1
:10353000646C657200094E6F2063616C6C6261633C
:103540006B2068616E646C6572210A0057455354A4
:103550005F544F504449522F6D6F64756C65732FE3
:1035600068616C2F6E6F726469632F6E7266782F5C
:1035700068616C2F6E72665F6770696F2E68006E8F
:1035800072665F6770696F5F70696E5F7072657396
:10359000656E745F636865636B282A705F70696E1F
:1035A0002900574553545F544F504449522F7A6570
:1035B000706879722F647269766572732F677069AB
:1035C0006F2F6770696F5F6E7266782E6300657229
:1035D00072203D3D204E5246585F5355434345535C
:1035E00053006770696F40383432353030006932CB
:1035F0006300756E737570706F727465642073709C
:10360000656564004661696C656420746F20696E4D
:10361000697469616C697A65206465766963653A85
:10362000202573004E65656420746F2075736520D6
:1036300074686520696E7465726E616C206472696D
:10364000766572206275666665722062757420699F
:1036500074732073697A6520697320696E73756667
:1036600066696369656E7420282575202B20257591
:10367000203E202575292E2041646A7573742074BC
:103680006865207A65706879722C636F6E63617407
:103690002D6275662D73697A65206F72207A657068
:1036A0006879722C666C6173682D6275662D6D6128
:1036B000782D73697A652070726F706572747920E5
:1036C00028746865206F6E6520776974682067725A
:1036D00065617465722076616C75652920696E205C
:1036E0007468652022257322206E6F64652E005455
:1036F0007279696E6720746F207472616E7366658B
:1037000072206D6F7265207468616E207468652028
:103710006D6178696D756D2073697A6520666F7269
:103720002074686973206465766963653A2025644E
:10373000203E2025640069326340613030300069EA
:1037400032635F6E7266785F7477696D00000102A4
:103750000304050607427573206465766963652076
:103760006973206E6F7420726561647900426164D0
:10377000206368697020696420307825780052657C
:103780006164207265676973746572206572720086
:1037900053696C69636F6E204C61626F7261746F04
:1037A000726965730073693730363000436F756C2A
:1037B00064206E6F74207265616420616363656C60
:1037C000206178697320646174610054656D70656F
:1037D000726174757265206D6561737572656D6572
:1037E0006E742064697361626C656400574553545C
:1037F0005F544F504449522F7A65706879722F6434
:103800007269766572732F73656E736F722F73743E
:103810002F6C69733264682F6C69733264682E632D
:103820000009496E76616C69642073656E736F720E
:10383000206368616E6E656C20696E2066657463D6
:10384000680A00617474725F7365742829206E6F52
:103850007420737570706F72746564206F6E20745D
:10386000686973206368616E6E656C2E00466169DD
:103870006C656420746F2072656164206368697090
:103880002069642E00496E76616C69642063686902
:10389000702049443A20253032780A004661696C2C
:1038A000656420746F20646973636F6E6E65637402
:1038B0002053444F2F5341302070756C6C2D757020
:1038C0002E004661696C656420746F2072657365B3
:1038D00074206374726C20726567697374657273A7
:1038E0002E004661696C656420746F2073657420D6
:1038F00066756C6C207363616C65206374726C20F8
:1039000072656769737465722E0066733D25642C59
:10391000206F64723D30782578206C705F656E3D55
:1039200030782578207363616C653D256400000163
:1039300002020001020053544D6963726F656C65A9
:103940006374726F6E696373006C6973326468319B
:1039500032006C697332646831322D616363656C67
:10396000403139006C697332646800574553545FC5
:10397000544F504449522F7A65706879722F64729F
:1039800069766572732F73656E736F722F766F6CC5
:10399000746167655F646976696465722F766F6CC0
:1039A000746167652E630076616C20213D202828B4
:1039B000766F6964202A293029007261775F746FFD
:1039C0005F6D763A202564006164635F72656164AF
:1039D0003A20256400414443206973206E6F7420AF
:1039E000726561647900506F776572204750494F66
:1039F000206973206E6F742072656164790066615E
:103A0000696C656420746F20696E697469616C69A2
:103A10007A65204750494F20666F72207265736542
:103A2000740073657475703A202564007365717550
:103A3000656E636520696E69743A2025640076625C
:103A400061747400766F6C74616765004661696CBF
:103A5000656420746F20616C6C6F636174652050C5
:103A60005049204368616E6E656C007561727440E8
:103A70003930303000756172744038303030007544
:103A80006172745F6E7266785F756172746500460C
:103A900061696C656420746F20616C6C6F63617424
:103AA00065204750494F5445206368616E6E656CD0
:103AB00020666F722057414B45004661696C656412
:103AC00020746F20636F6E66696775726520574159
:103AD0004B452070696E004353204750494F20707A
:103AE0006F72742025732070696E202564206973BD
:103AF000206E6F7420726561647900557064617422
:103B00006520657863656564732063757272656EA0
:103B100074206275666665720048616C662D647516
:103B2000706C6578206E6F7420737570706F72742E
:103B3000656400536C617665206D6F646520697300
:103B4000206E6F7420737570706F72746564206F6F
:103B50006E202573004C6F6F706261636B206D6F18
:103B60006465206973206E6F7420737570706F7256
:103B700074656400576F72642073697A6573206F8F
:103B800074686572207468616E203820626974738D
:103B900020617265206E6F7420737570706F72741F
:103BA0006564004672657175656E63696573206C46
:103BB0006F776572207468616E20313235206B48F2
:103BC0007A20617265206E6F7420737570706F72E9
:103BD000746564004661696C656420746F20696E69
:103BE000697469616C697A65206E726678206472A6
:103BF000697665723A2025303878005761697469B2
:103C00006E6720666F722057414B452061636B6E73
:103C10006F776C6564676D656E742074696D65643B
:103C2000206F75740054696D656F757420776169D4
:103C300074696E6720666F72207472616E73666558
:103C40007220636F6D706C6574650073706940629B
:103C5000303030007370695F6E7266785F737069C0
:103C60006D00574553545F544F504449522F6E7264
:103C7000662F6C69622F6E72665F6D6F64656D5F33
:103C80006C69622F6E72665F6D6F64656D5F6C69E3
:103C9000622E630065203C3D205F6E72665F6D6F33
:103CA00064656D5F6C69625F6466755F63625F6CBB
:103CB0006973745F656E64004D6F64656D206C6937
:103CC000627261727920696E697469616C697A6186
:103CD00074696F6E206661696C65642C2065727210
:103CE0002025640065203C3D205F6E72665F6D6F2D
:103CF00064656D5F6C69625F696E69745F63625F62
:103D00006C6973745F656E6400574553545F544F1C
:103D1000504449522F6E72662F6C69622F6E726624
:103D20005F6D6F64656D5F6C69622F6E72665F6D4B
:103D30006F64656D5F6F732E63006572725F636F92
:103D40006465203E20300009547269656420746FF8
:103D500020736574206E656761746976652065728D
:103D6000726F7220636F64652C2025640A0075737E
:103D70006564203C203700094E6F7420656E6F75B6
:103D800067682073656D6170686F72657320696E16
:103D900020676C7565206C617965720A0028282897
:103DA000737472756374206B5F73656D202A297359
:103DB000656D2920262620282875696E7470747216
:103DC0005F742920286E72665F6D6F64656D5F6F2A
:103DD000735F73656D732929203C3D202828756920
:103DE0006E747074725F74292028287374727563FE
:103DF00074206B5F73656D202A2973656D292920F6
:103E0000262620282875696E747074725F742920C4
:103E10002828737472756374206B5F73656D202A34
:103E20002973656D2929203C20282875696E7470D6
:103E300074725F7429202826286E72665F6D6F6425
:103E4000656D5F6F735F73656D73295B2828736998
:103E50007A655F742920282828696E74292073697F
:103E60007A656F6628636861725B31202D2032208D
:103E70002A202128215F5F6275696C74696E5F7406
:103E8000797065735F636F6D70617469626C655F93
:103E900070285F5F747970656F665F5F286E726609
:103EA0005F6D6F64656D5F6F735F73656D73292CF4
:103EB000205F5F747970656F665F5F2826286E7279
:103EC000665F6D6F64656D5F6F735F73656D73299A
:103ED0005B305D2929295D29202D203129202B20C7
:103EE0002873697A656F66286E72665F6D6F6465A8
:103EF0006D5F6F735F73656D7329202F2073697A0F
:103F0000656F6628286E72665F6D6F64656D5F6FA2
:103F1000735F73656D73295B305D292929295D29DC
:103F200029290009556E696E697469616C69736548
:103F3000642073656D6170686F72650A00757365E2
:103F400064203C203100094E6F7420656E6F7567E8
:103F500068206D75746578657320696E20676C756F
:103F600065206C617965720A00282828737472755F
:103F70006374206B5F6D75746578202A296D757484
:103F800065782920262620282875696E7470747239
:103F90005F742920286E72665F6D6F64656D5F6F58
:103FA000735F6D7574657865732929203C3D202801
:103FB0002875696E747074725F7429202828737470
:103FC00072756374206B5F6D75746578202A296D36
:103FD00075746578292920262620282875696E742D
:103FE0007074725F7429202828737472756374204A
:103FF0006B5F6D75746578202A296D7574657829F5
:1040000029203C20282875696E747074725F7429A9
:10401000202826286E72665F6D6F64656D5F6F7312
:104020005F6D757465786573295B282873697A6597
:104030005F742920282828696E74292073697A659D
:104040006F6628636861725B31202D2032202A2040
:104050002128215F5F6275696C74696E5F74797085
:1040600065735F636F6D70617469626C655F702802
:104070005F5F747970656F665F5F286E72665F6DF3
:104080006F64656D5F6F735F6D75746578657329B7
:104090002C205F5F747970656F665F5F2826286EDD
:1040A00072665F6D6F64656D5F6F735F6D7574656C
:1040B000786573295B305D2929295D29202D203100
:1040C00029202B202873697A656F66286E72665FD7
:1040D0006D6F64656D5F6F735F6D75746578657323
:1040E00029202F2073697A656F6628286E72665FB3
:1040F0006D6F64656D5F6F735F6D75746578657303
:10410000295B305D292929295D2929290009556E56
:10411000696E697469616C69736564206D75746535
:10412000780A006E72665F6D6F64656D0057455367
:10413000545F544F504449522F6E72662F6C69621F
:104140002F6E72665F6D6F64656D5F6C69622F6361
:1041500066756E5F686F6F6B732E630065203C3D04
:10416000205F6E72665F6D6F64656D5F6C69625F24
:1041700061745F6366756E5F63625F6C6973745FC1
:10418000656E64006E726639315F736F636B657460
:10419000004D6F64656D20686173206372617368A0
:1041A00065642C20726561736F6E20307825782CE1
:1041B0002050433A2030782578004661696C656468
:1041C00020746F20686F6F6B20746865206469735A
:1041D00070617463682066756E6374696F6E2C20FD
:1041E00065727220256400574553545F544F504404
:1041F00049522F6E72662F6C69622F61745F6D6F0A
:104200006E69746F722F61745F6D6F6E69746F7217
:104210002E630065203C3D205F61745F6D6F6E69A9
:10422000746F725F656E7472795F6C6973745F65C9
:104230006E64004E6F206865617020737061636505
:1042400020666F7220696E636F6D696E67206E6F96
:1042500074696669636174696F6E3A2025730061E1
:10426000745F6E6F74696600094E6F2068656170D7
:1042700020737061636520666F7220696E636F6D75
:10428000696E67206E6F74696669636174696F6EC9
:104290003A2025730A006E6F74696620213D20283C
:1042A00028766F6964202A2930290061745F6D6F58
:1042B0006E69746F72002B43474556002B4350497B
:1042C0004E002553484F52545357564552002548E7
:1042D0005756455253494F4E0025584D4F44454D72
:1042E000555549440025584943434944004F4B0D17
:1042F0000A004552524F520D0A002B434D452045AE
:1043000052524F52002B434D53204552524F5200B0
:10431000574553545F544F504449522F6E72662F85
:104320006C69622F61745F636D645F706172736545
:10433000722F61745F706172616D732E63006C69BE
:10434000737420213D202828766F6964202A293043
:10435000290009506172616D65746572206C697322
:10436000742063616E6E6F74206265204E554C4CF4
:104370002E0A00706172616D20213D202828766F21
:104380006964202A2930290009506172616D6574C1
:1043900065722063616E6E6F74206265204E554CAD
:1043A0004C2E0A0041542525585054573D25642C65
:1043B00022257322004661696C656420746F207247
:1043C000657175657374205054572C207265706F39
:1043D00072746564206572726F723A2025640041C0
:1043E000542B43455245473D35004661696C656431
:1043F00020746F2073756273637269626520746FD5
:10440000204345524547206E6F7469666963617445
:10441000696F6E732C206572726F723A202564008A
:104420004661696C656420746F20656E61626C65BD
:1044300020525243206E6F74696669636174696FBC
:104440006E7320282B4353434F4E292C20657272E4
:104450006F7220256400574553545F544F504449B0
:10446000522F6E72662F6C69622F6C74655F6C6977
:104470006E6B5F636F6E74726F6C2F6C74655F6CC4
:10448000632E6300726573706F6E736520213D202B
:104490002828766F6964202A2930290043616E2715
:1044A0007420706172736520544155207072652DBF
:1044B0007761726E696E67206E6F74696669636199
:1044C00074696F6E2C206572726F723A20256400D9
:1044D00043616E2774207061727365206D6F64652F
:1044E0006D20736C656570207072652D7761726EDA
:1044F000696E67206E6F74696669636174696F6E57
:104500002C206572726F723A202564006C74655FAE
:104510006C635F776F726B5F710043616E2774200D
:104520007061727365207369676E616C6C696E6728
:10453000206D6F64652C206572726F723A2025645D
:104540000043616E27742070617273652065445268
:10455000582C206572726F723A2025640043616E98
:104560002774207061727365206D6F64656D2065BE
:1045700076656E74206E6F74696669636174696FC5
:104580006E2C206572726F723A202564004E6F2087
:1045900068616E646C6572207265676973746572B8
:1045A0006564004661696C656420746F2070617297
:1045B0007365206E6F74696669636174696F6E20DC
:1045C000286572726F72202564293A20257300468F
:1045D00061696C656420746F20616C6C6F636174D9
:1045E00065206D656D6F727920666F7220746865E5
:1045F000204743492063656C6C73004E6F742061E3
:104600006C6C206E65696768626F722063656C6CA4
:104610007320636F756C64206265207061727365CE
:10462000642E204D6F72652063656C6C7320746816
:10463000616E2074686520636F6E66696775726568
:1046400064206D617820636F756E74206F6620251D
:1046500064207765726520666F756E6400506172C4
:1046600073696E67206F66206E65696768626F7236
:104670002063656C6C73206661696C65642C2065D1
:1046800072723A202564004661696C656420746F1B
:1046900020616C6C6F63617465206D656D6F7279FC
:1046A00020666F72206E65696768626F722063654D
:1046B0006C6C73004E6F7420616C6C206E65696762
:1046C00068626F722063656C6C7320636F756C64D5
:1046D00020626520706172736564004E554C4C20F9
:1046E000617320612068616E646C6572207265631D
:1046F00065697665643A204E6F7468696E672074E8
:104700006F20626520646F6E652E0A5468652068AC
:10471000616E646C65722063616E20626520646501
:1047200072656769737465726564207573696E6715
:10473000206C74655F6C635F646572656769737430
:1047400065725F68616E646C657228290041542B44
:104750004350534D533D312C2C2C222573222C22B7
:104760002573220041542B4350534D533D312C2C83
:104770002C222573220041542B4350534D533D317D
:104780002C2C2C2C222573220041542B4350534DAA
:10479000533D31006E72665F6D6F64656D5F61746D
:1047A0005F7072696E7466206661696C65642C2046
:1047B0007265706F72746564206572726F723A20F0
:1047C00025640041542525584D4F4E49544F520001
:1047D000415420636F6D6D616E64206661696C6524
:1047E000642C206572726F723A2025640041542057
:1047F000636F6D6D616E642070617273696E6720A6
:104800006661696C6564004661696C656420746FFB
:104810002070617273652050534D20636F6E66691E
:104820006775726174696F6E2C206572726F723A6F
:10483000202564004661696C656420746F2067659B
:10484000742050534D20696E666F726D6174696F8C
:104850006E0041542525464541434F4E463D256453
:104860002C25642C25750041542B43454452585344
:104870003D33004661696C656420746F2064697320
:1048800061626C6520654452582C207265706F72AD
:10489000746564206572726F723A20256400415419
:1048A0002B4345445258533D322C25642C2225730A
:1048B000220041542B4345445258533D322C256429
:1048C000004661696C656420746F20656E61626C7E
:1048D0006520654452582C207265706F727465644F
:1048E000206572726F723A202564002B4345524551
:1048F000473A20252A752C2568752C252A5B5E2CC5
:104900005D2C222578222C0041542B4345524547EB
:104910003F00436F756C64206E6F74206765742070
:10492000726567697374726174696F6E2073746104
:104930007475732C206572726F723A202564004979
:104940006E76616C69642073797374656D206D6F28
:104950006465207265717565737465643A202564B9
:1049600000496E76616C6964204C54452070726514
:10497000666572656E6365207265717565737465D1
:10498000643A202564004154252558535953544511
:104990004D4D4F44453D25732C256300436F756C89
:1049A00064206E6F742073656E6420415420636FC1
:1049B0006D6D616E642C206572726F723A20256491
:1049C000002B4346554E3A202568750041542B4331
:1049D00046554E3F00415420636F6D6D616E6420FB
:1049E0006661696C65642C206E72665F6D6F6465CC
:1049F0006D5F61745F7363616E66282920726574F0
:104A000075726E6564206572726F723A202564005B
:104A10004661696C656420746F20656E61626C65C7
:104A2000206E6F74696669636174696F6E732C20A0
:104A30006572726F723A20256400496E76616C6906
:104A4000642066756E6374696F6E616C206D6F644F
:104A5000653A2025640041542B4346554E3D25645C
:104A6000004661696C656420746F2073657420660C
:104A7000756E6374696F6E616C206D6F64652E2056
:104A8000506C6561736520636865636B205853598A
:104A90005354454D4D4F44452E004661696C656445
:104AA00020746F206765742063757272656E742060
:104AB000726567697374726174696F6E2073746173
:104AC000747573004E6574776F726B20636F6E6ED2
:104AD000656374696F6E20617474656D70742074A1
:104AE000696D6564206F757400254D444D45560011
:104AF00025584D4F44454D534C45455000254E4398
:104B0000454C4C4D45415300255854333431320007
:104B10002B434544525850002B4353434F4E002BD8
:104B2000434552454700312C302C3000302C312C7D
:104B30003000302C302C3100312C302C3100302C16
:104B4000312C3100312C312C3000312C312C310002
:104B50006C74655F6C6300303132333441542B43E5
:104B600053434F4E3D310041542B4350534D533D21
:104B700000496E76616C696420706F696E7465724D
:104B80002070726F766964656400436F756C642091
:104B90006E6F7420696E6974204154207061726177
:104BA0006D73206C6973742C206572726F723A2079
:104BB000256400436F756C64206E6F7420706172A1
:104BC0007365206544525820726573706F6E73650B
:104BD0002C206572726F723A202564004661696C00
:104BE000656420746F20676574204C5445206D6F98
:104BF00064652C206572726F723A202564004661EC
:104C0000696C656420746F20676574206544525830
:104C100020636F6E66696775726174696F6E2C20B0
:104C20006572726F723A20256400574553545F5481
:104C30004F504449522F6E72662F6C69622F6C740C
:104C4000655F6C696E6B5F636F6E74726F6C2F6CF7
:104C500074655F6C635F68656C706572732E63006A
:104C6000656472785F73747220213D202828766F06
:104C70006964202A293029004661696C65642074C2
:104C80006F2067657420654452582076616C7565A5
:104C90002C206572726F723B202564004661696C3E
:104CA000656420746F206765742050545720636FCB
:104CB0006E66696775726174696F6E2C20657272B9
:104CC0006F723A202564007074775F7374722021CC
:104CD0003D202828766F6964202A29302900496EF2
:104CE00076616C696420505457206C6F6F6B7570DF
:104CF00020696E6465783A20256400556E61626CA7
:104D00006520746F20706172736520706572696FC1
:104D10006469632054415520737472696E6720285A
:104D2000543334313220657874656E6465642900CB
:104D3000556E61626C6520746F20706172736520BE
:104D4000706572696F646963205441552073747291
:104D5000696E6720285433343132290045787065F4
:104D6000637465642076616C696420543334313235
:104D70002074696D657220756E697400556E61628C
:104D80006C6520746F207061727365206163746953
:104D900076652074696D6520737472696E6700436F
:104DA0006F756C64206E6F74207061727365202B58
:104DB0004353434F4E20726573706F6E73652C20A2
:104DC0006572726F723A20256400436F756C6420BF
:104DD0006E6F7420676574207369676E616C6C69AF
:104DE0006E67206D6F64652C206572726F723A2059
:104DF000256400496E76616C6964207369676E6131
:104E00006C6C696E67206D6F64653A2025640043A1
:104E10006F756C64206E6F742070617273652041D1
:104E2000542B434552454720726573706F6E73650E
:104E30002C206572726F723A20256400436F756C86
:104E400064206E6F742067657420726573706F6E76
:104E50007365207072656669782C206572726F7256
:104E60003A20256400496E76616C6964206E657431
:104E7000776F726B20726567697374726174696FA2
:104E80006E207374617475733A20256400436F75E6
:104E90006C64206E6F7420706172736520252558D4
:104EA000543334313220726573706F6E73652C2009
:104EB0006572726F723A20256400436F756C6420CE
:104EC0006E6F74206765742074696D6520756E74EB
:104ED000696C206E657874205441552C206572727F
:104EE0006F723A20256400506172736564207469A2
:104EF0006D6520706172616D65746572206E6F748E
:104F00002077697468696E2076616C6964207261CB
:104F10006E67650061745F726573706F6E73652094
:104F20006973204E554C4C2C2063616E27742067AA
:104F300065742063656C6C20636F756E7400436FDD
:104F4000756C64206E6F74207061727365204154BB
:104F500025254E43454C4C4D454153207265737099
:104F60006F6E73652C206572726F723A2025640033
:104F7000436F756C64206E6F7420696E6974204194
:104F80005420706172616D73206C69737420666F58
:104F9000722063656C6C5F6C6973742C206572722F
:104FA0006F723A2025640045324249472077617389
:104FB0002072657475726E65642C20636F6E7469FF
:104FC0006E75652E20706172616D5F636F756E74B2
:104FD0002025642C206572722025642C2073747245
:104FE000202573004E6F7420612076616C69642007
:104FF0004E43454C4C4D45415320726573706F6E66
:105000007365004E43454C4C4D454153206D6561E1
:10501000737572656D656E747320696E74657272F6
:1050200075707465643B20726573756C7473206968
:105030006E636F6D706C65746500436F756C642092
:105040006E6F742070617273652063656C6C5F694C
:10505000642C20696E6465782025642C20692025E5
:1050600064206572726F723A2025640063656C6C0F
:105070005F6964203D202564207768696368206942
:1050800073203E204C54455F4C435F43454C4C5F7E
:1050900045555452414E5F49445F4D41583B206D48
:1050A00061726B696E6720696E76616C696400433A
:1050B0006F756C64206E6F74207061727365207000
:1050C0006C6D6E2C206572726F723A2025640073CD
:1050D0007472696E675F746F5F696E742C2065729D
:1050E000726F723A20256400436F756C64206E6F96
:1050F0007420706172736520747261636B696E678E
:105100005F617265615F636F646520696E2069200D
:1051100025642C206572726F723A20256400436FFB
:10512000756C64206E6F7420706172736520746991
:105130006D696E675F616476616E63652C20657270
:10514000726F723A20256400436F756C64206E6F35
:10515000742070617273652074696D696E675F6138
:105160006476616E63655F6D6561735F74696D65BB
:105170002C206572726F723A20256400436F756C43
:1051800064206E6F74207061727365206561726651
:10519000636E2C206572726F723A20256400436F33
:1051A000756C64206E6F7420706172736520706816
:1051B00079735F63656C6C5F69642C206572726FD4
:1051C000723A20256400436F756C64206E6F742002
:1051D000706172736520727372702C206572726FC9
:1051E000723A20256400436F756C64206E6F7420E2
:1051F000706172736520727372712C206572726FA8
:10520000723A20256400436F756C64206E6F7420C1
:105210007061727365206D6561735F74696D652C73
:10522000206572726F723A20256400436F756C645A
:10523000206E6F7420706172736520736572766979
:105240006E672C206572726F723A20256400436F7E
:10525000756C64206E6F74207061727365206E656A
:10526000696768626F725F636F756E742C20657218
:10527000726F723A2025640043757474696E6720FA
:10528000726573706F6E73652C20626563617573F0
:1052900065207265636569766564206E656967621D
:1052A0006F722063656C6C20636F756E7420697318
:1052B00020626967676572207468616E20636F6E33
:1052C00066696775726564206D61783A20256400AF
:1052D0004661696C656420746F20616C6C6F6361FA
:1052E0007465206D656D6F727920666F72207468C9
:1052F00065206E63656C6C732028636F6E74696ED5
:1053000075652900436F756C64206E6F7420706141
:10531000727365206E5F65617266636E2C206572C4
:10532000726F723A20256400436F756C64206E6F53
:1053300074207061727365206E5F706879735F634B
:10534000656C6C5F69642C206572726F723A2025FF
:105350006400436F756C64206E6F742070617273AB
:1053600065206E5F727372702C206572726F723A74
:1053700020256400436F756C64206E6F742070612B
:10538000727365206E5F727372712C206572726F1A
:10539000723A20256400436F756C64206E6F742030
:1053A00070617273652074696D655F646966662CEF
:1053B000206572726F723A202564004275666665D8
:1053C0007220697320746F6F20736D616C6C3B2069
:1053D000726573756C747320696E636F6D706C6544
:1053E00074653A20256400436F756C64206E6F7499
:1053F000207061727365202525584D4F44454D53EB
:105400004C45455020726573706F6E73652C206536
:1054100072726F723A20256400436F756C64206E5F
:105420006F7420676574206D6F646520736C6565AB
:105430007020747970652C206572726F723A202525
:105440006400436F756C64206E6F74206765742010
:1054500074696D6520756E74696C206E6578742052
:105460006D6F64656D20736C6565702C206572725C
:105470006F723A20256400254D444D45563A200070
:10548000496E76616C6964204D444D4556207265C5
:1054900073706F6E736500534541524348205354F7
:1054A0004154555320310D0A005345415243482081
:1054B00053544154555320320D0A0052455345541C
:1054C000204C4F4F500D0A004D4520424154544549
:1054D0005259204C4F570D0A004D45204F5645520A
:1054E0004845415445440D0A004E4F20494D454919
:1054F0000D0A0050524143482043452D4C45564526
:105500004C20300D0A0050524143482043452D4C59
:105510004556454C20310D0A005052414348204326
:10552000452D4C4556454C20320D0A005052414302
:10553000482043452D4C4556454C20330D0A005715
:105540004553545F544F504449522F6E72662F6C2E
:1055500069622F6C74655F6C696E6B5F636F6E74EC
:10556000726F6C2F6C74655F6C635F6D6F64656DDB
:105570005F686F6F6B732E630065203C3D205F6C2E
:1055800074655F6C635F6366756E5F63625F6C69B1
:1055900073745F656E64003030313030303031000C
:1055A0003030303030303131004661696C65642014
:1055B000746F207365742050534D20706172616D5B
:1055C000732C20657272202564004661696C6564E5
:1055D00020746F20636F6E66696775726520505323
:1055E0004D2C2065727220256400415425254645C6
:1055F00041434F4E463D302C332C256400466169B3
:105600006C656420746F20636F6E66696775726580
:1056100020654452582C2065727220256400415444
:1056200025255241493D2564004661696C65642029
:10563000746F20636F6E66696775726520524149A9
:105640002C20657272202564004D6F64656D206C9E
:1056500069627261727920696E6974206572726F15
:10566000723A2025642C206C74655F6C63206E6F29
:105670007420696E697469616C697A656400466159
:10568000696C656420746F2073657420737973741A
:10569000656D206D6F646520616E64206D6F64655B
:1056A00020707265666572656E63652C2065727226
:1056B00020256400546865207061737365642069F7
:1056C0006E20706F696E7465722063616E6E6F74A8
:1056D000206265204E554C4C0056616C6964207404
:1056E000696D65206E6F742063757272656E746C7F
:1056F0007920617661696C61626C650064617465D2
:105700005F74696D6500636C6F636B5F676574746C
:10571000696D65206661696C65642C206572726EC6
:105720006F20256400646174655F74696D655F77DF
:105730006F726B5F7100436F756C64206E6F7420C5
:105740007365742073797374656D2074696D652C4D
:10575000202564004661696C65642067657474691E
:105760006E67204C5445206E6574776F726B2072A3
:105770006567697374726174696F6E2073746174A4
:1057800075732C206572726F723A20256400313275
:10579000330067657461646472696E666F2C20659E
:1057A00072726F723A20256400736E74705F696E56
:1057B00069742C206572726F723A20256400736ED2
:1057C00074705F71756572792C206572726F723AB0
:1057D00020256400446964206E6F7420676574201E
:1057E00074696D652066726F6D20616E79204E540C
:1057F0005020736572766572006E74702E75696FD5
:105800002E6E6F0074696D652E676F6F676C652E05
:10581000636F6D00415425255854494D453D310075
:105820005375627363726962696E6720746F206D6D
:105830006F64656D20415425255854494D45206EAF
:105840006F74696669636174696F6E7320666169FC
:105850006C65642C206572723D25640025255854C2
:10586000494D45206E6F74696669636174696F6E36
:1058700020646F65736E277420636F6E7461696E48
:1058800020272C273A2025730025255854494D45BB
:10589000206E6F74696669636174696F6E20746FDE
:1058A0006F2073686F72743A202573002525585451
:1058B000494D45206E6F74696669636174696F6EE6
:1058C00020646F65736E277420636F6E7461696EF8
:1058D0002027222720616674657220272C273A2012
:1058E00025730025255854494D45206E6F7469660F
:1058F00069636174696F6E206465636F64696E6764
:10590000206661696C656420287265743D25642990
:105910003A202573002B43434C4B3A202225752F08
:1059200025752F25752C25753A25753A257525641D
:105930000041542B43434C4B3F00446964206E6F3D
:1059400074206765742074696D652066726F6D20C0
:1059500063656C6C756C6172206E6574776F726BC9
:1059600020286572726F723A202564292E205468AF
:105970006973206973206E6F726D616C2061732092
:10598000736F6D652063656C6C756C6172206E65FC
:1059900074776F726B7320646F6E27742070726FF0
:1059A00076696465206974206F722074696D652062
:1059B0006D6179206E6F7420626520617661696C1B
:1059C00061626C65207965742E0041542B43434C11
:1059D0004B3D22253032752F253032752F25303240
:1059E000752C253032753A253032753A25303275AE
:1059F000252B303364220053657474696E67206D03
:105A00006F64656D2074696D65206661696C65649D
:105A10002C20256400255854494D45004D515454BF
:105A20005F53544154455F554E4B4E4F574E004EB9
:105A3000657720737461746520697320756E6B6E71
:105A40006F776E3A20256400496E76616C69642038
:105A50007374617465207472616E736974696F6EBA
:105A60002C202573202D2D3E20257300574553549F
:105A70005F544F504449522F6E72662F7375627394
:105A800079732F6E65742F6C69622F6D7174745FFA
:105A900068656C7065722F6D7174745F68656C7089
:105AA00065722E630009496C6C6567616C207374C4
:105AB000617465207472616E736974696F6E3A20E7
:105AC0002564202D2D3E2025640A00706F6C6C2803
:105AD000292072657475726E656420616E2065722E
:105AE000726F7220282564292C206572726E6F3ABD
:105AF00020256400436C6F7564204D515454206B15
:105B0000656570616C6976652070696E6720666195
:105B1000696C65643A20256400436C6F7564204DA0
:105B200051545420696E707574206572726F723AA8
:105B300020256400536F636B6574206572726F7209
:105B40003A20504F4C4C4E56414C005468652073DF
:105B50006F636B65742077617320756E657870650F
:105B6000637465646C7920636C6F73656400536F54
:105B7000636B6574206572726F723A20504F4C4CA3
:105B800048555000436F6E6E656374696F6E207781
:105B9000617320756E65787065637465646C7920D7
:105BA000636C6F73656400536F636B65742065721B
:105BB000726F723A20504F4C4C45525200496E63FE
:105BC0006F6D696E67204D515454206D657373611C
:105BD000676520746F6F206C6172676520666F72F5
:105BE000207061796C6F6164206275666665720011
:105BF0007075626C6973685F6765745F7061796CFA
:105C00006F61642C206572726F723A2025640046C1
:105C100061696C656420746F2073656E64204D51FA
:105C200054542041434B2C206572726F723A2025E8
:105C3000640063666720213D202828766F69642010
:105C40002A293029004C69627261727920697320B7
:105C5000696E207468652077726F6E672073746157
:105C6000746520282573292C202573207265717591
:105C700069726564004D5154545F53544154455FFB
:105C8000554E494E495400636F6E6E5F706172618C
:105C90006D7320213D202828766F6964202A2930E1
:105CA00029004D5154545F53544154455F44495366
:105CB000434F4E4E454354454400676574616464E8
:105CC00072696E666F2829206661696C65642C2094
:105CD0006572726F72202564006D7174745F636FFA
:105CE0006E6E6563742C206572726F723A20256443
:105CF000004661696C656420746F2073657420745C
:105D0000696D656F75742C206572726E6F3A20250F
:105D100064004D5154545F53544154455F434F4EBA
:105D20004E4543544544004661696C656420746F78
:105D30002073656E6420646973636F6E6E6563744F
:105D4000696F6E20726571756573742C207472654D
:105D50006174696E6720617320646973636F6E6E2E
:105D60006563746564004D5154545F535441544508
:105D70005F5452414E53504F52545F434F4E4E4525
:105D80004354494E47004D5154545F535441544578
:105D90005F434F4E4E454354494E47004D51545476
:105DA0005F53544154455F5452414E53504F5254E7
:105DB0005F434F4E4E4543544544004D5154545F4C
:105DC00053544154455F444953434F4E4E45435409
:105DD000494E47006D7174745F68656C7065725FE1
:105DE000746872656164006D7174745F68656C706D
:105DF00065720054462D4D206E6F6E2D7365637570
:105E000072652063616C6C6261636B20696E69749A
:105E100069616C697A6174696F6E206661696C652D
:105E2000642C206572726F723A202564002A2A2A37
:105E30002A2A20534543555245204641554C54206B
:105E40002A2A2A2A2A002020416464726573733A40
:105E50002030782578002020496E76616C696420B6
:105E6000656E74727920706F696E74002020496EBF
:105E700076616C696420696E7465677269747920F3
:105E80007369676E6174757265002020496E766172
:105E90006C696420657863657074696F6E207265E3
:105EA0007475726E00202041747472696275746931
:105EB0006F6E20756E69742076696F6C6174696F9E
:105EC0006E002020496E76616C6964207472616E88
:105ED000736974696F6E0020204C617A7920737445
:105EE00061746520707265736572766174696F6E36
:105EF0000020204C617A792073746174652065728A
:105F0000726F72002A2A2A2A2A2053505520494E9D
:105F100054455252555054202A2A2A2A2A00202019
:105F200053656375726974792076696F6C61746901
:105F30006F6E20666F722074686520666C6173688E
:105F4000206D656D6F72792073706163650020202C
:105F500053656375726974792076696F6C617469D1
:105F60006F6E20666F72207468652052414D206DFF
:105F7000656D6F72792073706163650020205365D1
:105F80006375726974792076696F6C6174696F6E7C
:105F9000206F6E206F6E65206F722073657665725C
:105FA000616C207065726970686572616C732E0037
:105FB000574553545F544F504449522F6E72662FC9
:105FC0006D6F64756C65732F747275737465642D71
:105FD0006669726D776172652D6D2F6661756C747F
:105FE0002E6300675F636F6E746578742E76616CE4
:105FF000696400094E6F6E2D736563757265206369
:10600000616C6C6261636B20776974686F75742072
:1060100076616C696420636F6E746578740A0071D0
:106020007273747500627365635F73656E736F720C
:106030005F636F6E74726F6C206572723A202564B4
:1060400000626D653638785F6765745F636F6E6692
:10605000206572723A20256400626D653638785F7B
:106060007365745F636F6E66206572723A20256493
:1060700000626D653638785F7365745F6F705F6D51
:106080006F6465206572723A20256400756E6B6ED0
:106090006F776E206F70206D6F64653A2025640005
:1060A000627365635F646F5F73746570732065729C
:1060B000723A20256400756E6B6E6F776E20627386
:1060C0006563206F75747075742069643A20256467
:1060D00000574553545F544F504449522F6E7266D7
:1060E0002F647269766572732F73656E736F722F8A
:1060F000626D653638785F6961712F626D6536381B
:10610000785F6961712E6300726574203D3D2042A5
:106110005345435F4F4B0009627365635F67657466
:106120005F7374617465206661696C65642E0A0032
:10613000646174612D3E73746174655F6C656E207B
:106140003C3D2073697A656F6628646174612D3EF9
:1061500073746174655F62756666657229000973A0
:10616000746174652062756666657220746F6F2055
:1061700062696720746F20736176652E0A0062730E
:1061800065632F7374617465000973746F72696E4F
:106190006720737461746520746F20666C61736826
:1061A000206661696C65642E0A0073657474696E9B
:1061B00067735F7375627379735F696E69742C209E
:1061C0006572726F723A2025640073657474696E2B
:1061D00067735F6C6F61645F737562747265652C61
:1061E000206572726F723A20256400493243206440
:1061F0006576696365206E6F7420726561647900ED
:106200004661696C656420746F20696E69742062F0
:106210006D653638783A202564004661696C65649E
:1062200020746F20696E697420425345433A2025DB
:1062300064004661696C656420746F207365742026
:10624000425345432073746174653A2025640055B8
:106250006E737570706F727465642073656E736FA2
:1062600072206368616E6E656C004E6F207365749A
:1062700074696E6773206461746120726561640083
:10628000426F7363682053656E736F727465632029
:10629000476D624800626D6536383000626D653664
:1062A00038385F31006273656300752530347800DB
:1062B0002222006E756C6C0025312E313567002569
:1062C0006C670025312E3137670066616C7365009D
:1062D0007472756500574553545F544F504449528A
:1062E0002F6D6F64756C65732F68616C2F6E6F72A4
:1062F0006469632F6E7266782F68616C2F6E7266A8
:106300005F647070692E68006368616E6E656C20F2
:106310003C206E72665F647070695F6368616E6E68
:10632000656C5F6E756D6265725F67657428705F1E
:106330007265672900574553545F544F5044495282
:106340002F6D6F64756C65732F68616C2F6E6F7243
:106350006469632F6E7266782F68656C70657273FE
:106360002F6E7266785F677070695F647070692EF7
:1063700063006565700074657000574553545F5441
:106380004F504449522F6D6F64756C65732F68616F
:106390006C2F6E6F726469632F6E7266782F6472F1
:1063A00069766572732F7372632F6E7266785F639E
:1063B0006C6F636B2E6300574553545F544F5044CA
:1063C00049522F6D6F64756C65732F68616C2F6E09
:1063D0006F726469632F6E7266782F68616C2F6EBE
:1063E00072665F636C6F636B2E68006D5F636C6FCA
:1063F000636B5F63622E6D6F64756C655F696E6958
:106400007469616C697A656400574553545F544FF1
:10641000504449522F6D6F64756C65732F68616CC1
:106420002F6E6F726469632F6E7266782F68616C6D
:106430002F6E72665F6770696F74652E6800696E93
:10644000646578203C203800574553545F544F50C2
:106450004449522F6D6F64756C65732F68616C2FA2
:106460006E6F726469632F6E7266782F64726976DC
:106470006572732F7372632F6E7266785F677069CF
:106480006F74652E63006E7266795F6770696F5F07
:1064900070696E5F70726573656E745F6368656363
:1064A0006B2870696E290070696E5F69735F696E31
:1064B00070757428705F696E7374616E63652C20EB
:1064C00070696E290070696E5F6861735F747269CC
:1064D0006767657228705F696E7374616E63652C9F
:1064E0002070696E2900705F6368616E6E656C0074
:1064F000705F696E7374616E63652D3E705F726567
:1065000067203D3D2028284E52465F4750494F5452
:10651000455F547970652A29203078343030333122
:10652000303030554C2900696E745F656E61626C65
:106530006500574553545F544F504449522F6D6F77
:1065400064756C65732F68616C2F6E6F726469631C
:106550002F6E7266782F647269766572732F73720C
:10656000632F6E7266785F6970632E6300705F637D
:106570006F6E666967006D5F63622E737461746528
:10658000203D3D204E5246585F4452565F53544181
:1065900054455F494E495449414C495A4544005776
:1065A0004553545F544F504449522F6D6F64756C7E
:1065B00065732F68616C2F6E6F726469632F6E72E2
:1065C00066782F68616C2F6E72665F6970632E68E3
:1065D00000574553545F544F504449522F6D6F64D8
:1065E000756C65732F68616C2F6E6F726469632FB1
:1065F0006E7266782F647269766572732F73726338
:106600002F6E7266785F6E766D632E6300627974AA
:1066100065735F636F756E74203C3D202834202DB8
:1066200020627974655F7368696674290069735FB5
:1066300076616C69645F6164647265737328616418
:1066400064722C2030290069735F76616C69645F25
:106650006164647265737328616464722C203129EB
:10666000006E7266785F69735F776F72645F616CEA
:1066700069676E65642828766F696420636F6E733E
:1066800074202A29616464722900574553545F5469
:106690004F504449522F6D6F64756C65732F68615C
:1066A0006C2F6E6F726469632F6E7266782F6472DE
:1066B00069766572732F7372632F6E7266785F737B
:1066C00070696D2E6300705F63622D3E7374617438
:1066D0006520213D204E5246585F4452565F535428
:1066E0004154455F554E494E495449414C495A45DC
:1066F0004400705F786665725F646573632D3E70F9
:106700005F74785F62756666657220213D20282877
:10671000766F6964202A293029207C7C20705F787C
:106720006665725F646573632D3E74785F6C656E39
:10673000677468203D3D203000705F786665725F49
:10674000646573632D3E705F72785F62756666651F
:106750007220213D202828766F6964202A2930295B
:10676000207C7C20705F786665725F646573632D42
:106770003E72785F6C656E677468203D3D20300026
:106780002828705F786665725F646573632D3E725A
:10679000785F6C656E677468203C202831554C200A
:1067A0003C3C202865617379646D615F737570701E
:1067B0006F72745F626974735B705F696E7374612A
:1067C0006E63652D3E6472765F696E73745F696493
:1067D000785D2929292026262028705F7866657231
:1067E0005F646573632D3E74785F6C656E67746873
:1067F000203C202831554C203C3C20286561737991
:10680000646D615F737570706F72745F62697473C9
:106810005B705F696E7374616E63652D3E64727642
:106820005F696E73745F6964785D29292929002185
:1068300028666C6167732026202831554C203C3C2B
:1068400020332929207C7C2028705F63622D3E73D1
:10685000735F70696E203D3D20307846464646465F
:106860004646462900705F63622D3E68616E646C27
:10687000657200574553545F544F504449522F6D31
:106880006F64756C65732F68616C2F6E6F726469CD
:10689000632F6E7266782F647269766572732F73D8
:1068A00072632F6E7266785F7477696D2E63007005
:1068B0005F636F6E6669672D3E73636C5F70696EB0
:1068C00020213D20705F636F6E6669672D3E7364A3
:1068D000615F70696E00705F63622D3E73746174F6
:1068E00065203D3D204E5246585F4452565F5354FA
:1068F0004154455F494E495449414C495A45440029
:106900002830207C7C2030207C7C20282828705F48
:10691000696E7374616E63652D3E6472765F696E35
:1069200073745F69647829203D3D204E5246585F5C
:106930005457494D325F494E53545F4944582920BA
:10694000262620282828705F786665725F64657344
:10695000632D3E7072696D6172795F6C656E6774EC
:106960006829203C20283155203C3C2031332929FE
:10697000202626202828705F786665725F6465731C
:10698000632D3E7365636F6E646172795F6C656ED3
:1069900067746829203C20283155203C3C20313345
:1069A00029292929207C7C2030207C7C2030207CD7
:1069B0007C2030207C7C2030207C7C2030207C7C23
:1069C0002030207C7C2030207C7C2030207C7C206F
:1069D00030207C7C2030207C7C2030207C7C20304F
:1069E000207C7C2030207C7C2030207C7C2030204F
:1069F0007C7C2030207C7C2030207C7C2030207CE3
:106A00007C2030207C7C2030207C7C2030207C7CD2
:106A10002030207C7C2030207C7C2030207C7C201E
:106A200030207C7C2030207C7C2030207C7C2030FE
:106A3000207C7C2030207C7C2030207C7C203020FE
:106A40007C7C2030207C7C2030207C7C2030207C92
:106A50007C2030207C7C2030207C7C2030207C7C82
:106A60002030207C7C2030207C7C2030207C7C20CE
:106A700030207C7C2030207C7C2030207C7C2030AE
:106A8000207C7C2030207C7C2030207C7C203020AE
:106A90007C7C2030207C7C2030207C7C2030207C42
:106AA0007C2030207C7C2030207C7C2030207C7C32
:106AB0002030207C7C2030207C7C2030207C7C207E
:106AC00030207C7C2030207C7C2030207C7C20305E
:106AD000207C7C2030207C7C2030207C7C2030205E
:106AE0007C7C2030207C7C2030207C7C2030207CF2
:106AF0007C2030207C7C2030207C7C2030207C7CE2
:106B00002030207C7C2030207C7C2030207C7C202D
:106B100030207C7C2030207C7C2030207C7C20300D
:106B2000207C7C2030207C7C2030207C7C2030200D
:106B30007C7C2030207C7C2030207C7C2030207CA1
:106B40007C2030207C7C2030207C7C2030207C7C91
:106B50002030207C7C2030207C7C2030207C7C20DD
:106B600030207C7C2030207C7C2030207C7C2030BD
:106B7000207C7C2030207C7C2030207C7C203020BD
:106B80007C7C2030207C7C2030207C7C2030207C51
:106B90007C2030207C7C2030207C7C2030207C7C41
:106BA0002030207C7C2030207C7C2030207C7C208D
:106BB00030207C7C2030207C7C2030207C7C20306D
:106BC000207C7C2030207C7C2030207C7C2030206D
:106BD0007C7C2030207C7C2030207C7C2030207C01
:106BE0007C2030207C7C2030207C7C2030207C7CF1
:106BF0002030207C7C2030207C7C2030207C7C203D
:106C000030207C7C2030207C7C2030207C7C20301C
:106C1000207C7C2030207C7C2030207C7C2030201C
:106C20007C7C2030207C7C2030207C7C2030207CB0
:106C30007C2030207C7C2030207C7C2030207C7CA0
:106C40002030207C7C2030207C7C2030207C7C20EC
:106C500030207C7C2030207C7C2030207C7C2030CC
:106C6000207C7C2030207C7C2030207C7C203020CC
:106C70007C7C2030207C7C2030207C7C2030207C60
:106C80007C2030207C7C2030207C7C2030207C7C50
:106C90002030207C7C2030207C7C2030207C7C209C
:106CA00030207C7C2030207C7C2030207C7C20307C
:106CB000207C7C2030207C7C2030207C7C2030207C
:106CC0007C7C2030207C7C2030207C7C2030207C10
:106CD0007C2030207C7C2030207C7C2030207C7C00
:106CE0002030207C7C2030207C7C2030207C7C204C
:106CF00030207C7C2030207C7C2030207C7C20302C
:106D0000207C7C2030207C7C2030207C7C2030202B
:106D10007C7C2030207C7C2030207C7C2030207CBF
:106D20007C2030207C7C2030207C7C2030207C7CAF
:106D30002030207C7C2030207C7C2030207C7C20FB
:106D400030207C7C2030207C7C2030207C7C2030DB
:106D5000207C7C2030207C7C2030207C7C203020DB
:106D60007C7C2030207C7C2030207C7C2030207C6F
:106D70007C2030207C7C2030207C7C2030207C7C5F
:106D80002030207C7C2030207C7C2030207C7C20AB
:106D900030207C7C2030207C7C2030207C7C20308B
:106DA000207C7C2030207C7C2030207C7C2030208B
:106DB0007C7C2030207C7C2030207C7C2030207C1F
:106DC0007C2030207C7C2030207C7C2030207C7C0F
:106DD0002030207C7C2030207C7C2030207C7C205B
:106DE00030207C7C2030207C7C2030207C7C20303B
:106DF000207C7C2030207C7C2030207C7C2030203B
:106E00007C7C2030207C7C2030207C7C2030207CCE
:106E10007C2030207C7C2030207C7C2030207C7CBE
:106E20002030207C7C2030207C7C2030207C7C200A
:106E300030207C7C2030207C7C2030207C7C2030EA
:106E4000207C7C2030207C7C2030207C7C203020EA
:106E50007C7C2030207C7C2030207C7C2030207C7E
:106E60007C2030207C7C2030207C7C2030207C7C6E
:106E70002030207C7C2030207C7C2030207C7C20BA
:106E800030207C7C2030207C7C2030207C7C20309A
:106E9000207C7C2030207C7C2030207C7C2030209A
:106EA0007C7C2030207C7C2030207C7C2030207C2E
:106EB0007C2030207C7C2030207C7C2030207C7C1E
:106EC0002030207C7C2030207C7C2030207C7C206A
:106ED00030207C7C2030207C7C2030207C7C20304A
:106EE000207C7C2030207C7C2030207C7C2030204A
:106EF0007C7C2030207C7C2030207C7C2030207CDE
:106F00007C2030207C7C2030207C7C2030207C7CCD
:106F10002030207C7C2030207C7C2030207C7C2019
:106F200030207C7C2030207C7C2030207C7C2030F9
:106F3000207C7C2030207C7C2030207C7C203020F9
:106F40007C7C2030207C7C2030207C7C2030207C8D
:106F50007C2030207C7C2030207C7C2030207C7C7D
:106F60002030207C7C2030207C7C2030207C7C20C9
:106F700030207C7C2030207C7C2030207C7C2030A9
:106F8000207C7C2030207C7C2030207C7C203020A9
:106F90007C7C2030207C7C2030207C7C2030207C3D
:106FA0007C2030207C7C2030207C7C2030207C7C2D
:106FB0002030207C7C2030207C7C2030207C7C2079
:106FC00030207C7C2030207C7C2030207C7C203059
:106FD000207C7C2030207C7C2030207C7C20302059
:106FE0007C7C2030207C7C2030207C7C2030207CED
:106FF0007C2030207C7C2030207C7C2030207C7CDD
:107000002030207C7C2030207C7C2030207C7C2028
:1070100030207C7C2030207C7C2030207C7C203008
:10702000207C7C2030207C7C2030207C7C20302008
:107030007C7C2030207C7C2030207C7C2030207C9C
:107040007C2030207C7C2030207C7C2030207C7C8C
:107050002030207C7C2030207C7C2030207C7C20D8
:1070600030207C7C2030207C7C2030207C7C2030B8
:10707000207C7C2030207C7C2030207C7C203020B8
:107080007C7C2030207C7C2030207C7C2030207C4C
:107090007C2030207C7C2030207C7C2030207C7C3C
:1070A0002030207C7C2030207C7C2030207C7C2088
:1070B00030207C7C2030207C7C20302900705F6375
:1070C000622D3E7374617465203D3D204E524658DA
:1070D0005F4452565F53544154455F504F57455299
:1070E00045445F4F4E00212828705F63622D3E6843
:1070F000616E646C6572203D3D202828766F69645E
:10710000202A293029292026262028705F786665C4
:10711000725F646573632D3E74797065203D3D2018
:107120004E5246585F5457494D5F584645525F543A
:10713000585258292900212828705F63622D3E6823
:10714000616E646C6572203D3D202828766F69640D
:10715000202A293029292026262028705F78666574
:10716000725F646573632D3E74797065203D3D20C8
:107170004E5246585F5457494D5F584645525F54EA
:107180005854582929002128666C616773202620ED
:107190002831554C203C3C20342929002128666C9C
:1071A0006167732026202831554C203C3C20332930
:1071B00029002128666C6167732026202831554CF0
:1071C000203C3C203229290041542B4346554E3D5A
:1071D000002B434D45204552524F523A002B434D10
:1071E00053204552524F523A0070646E0000010223
:1071F00005574553545F544F504449522F7A657098
:107200006879722F6B65726E656C2F646576696341
:10721000652E6300646576203C3D205F6465766979
:1072200063655F6C6973745F656E640048616C745C
:10723000696E672073797374656D00556E6B6E6F40
:10724000776E206572726F7200756E6B6E6F776EFF
:10725000003E3E3E205A4550485952204641544136
:107260004C204552524F522025643A202573206FFE
:107270006E20435055202564004661756C7420646F
:107280007572696E6720696E7465727275707420AC
:1072900068616E646C696E670A0043757272656E30
:1072A00074207468726561643A2025702028257303
:1072B0002900574553545F544F504449522F7A6523
:1072C000706879722F6B65726E656C2F6661746180
:1072D0006C2E6300726561736F6E20213D204B5FE1
:1072E0004552525F4B45524E454C5F50414E4943CB
:1072F0000009417474656D7074656420746F207248
:1073000065636F7665722066726F6D2061206B65B4
:10731000726E656C2070616E696320636F6E646964
:1073200074696F6E0A004350552065786365707408
:10733000696F6E00556E68616E646C656420696E7D
:107340007465727275707400537461636B206F762C
:107350006572666C6F77004B65726E656C206F6F3F
:107360007073004B65726E656C2070616E696300AE
:10737000574553545F544F504449522F7A657068B3
:1073800079722F6B65726E656C2F696E69742E63EE
:10739000007468726561645F64617461203C3D20C3
:1073A0005F5F7374617469635F7468726561645F61
:1073B000646174615F6C6973745F656E64006D61B4
:1073C000696E006F7300574553545F544F504449E2
:1073D000522F7A65706879722F6B65726E656C2FAB
:1073E0006B686561702E630068656170203C3D20AC
:1073F0005F6B5F686561705F6C6973745F656E6415
:107400000021617263685F69735F696E5F6973729F
:107410002829207C7C20282874696D656F75742963
:107420002E7469636B73203D3D202828286B5F74A0
:10743000696D656F75745F7429207B307D29292EF5
:107440007469636B732900574553545F544F50441C
:1074500049522F7A65706879722F6B65726E656C10
:107460002F6D656D5F736C61622E6300736C61627A
:10747000203C3D205F6B5F6D656D5F736C61625F8B
:107480006C6973745F656E6400574553545F544F65
:10749000504449522F7A65706879722F6B65726E0D
:1074A000656C2F69646C652E63005F6B65726E6539
:1074B0006C2E637075735B305D2E63757272656ED2
:1074C000742D3E626173652E7072696F203E3D209F
:1074D0003000574553545F544F504449522F7A65FA
:1074E000706879722F6B65726E656C2F6D7574653F
:1074F000782E630021617263685F69735F696E5FF4
:10750000697372282900096D757465786573206345
:10751000616E6E6F74206265207573656420696E9C
:107520007369646520495352730A006D75746578F8
:107530002D3E6C6F636B5F636F756E74203E203001
:107540005500574553545F544F504449522F7A6564
:10755000706879722F6B65726E656C2F73656D2E16
:1075600063002828617263685F69735F696E5F6991
:1075700073722829203D3D203029207C7C2028283A
:1075800074696D656F7574292E7469636B73203D22
:107590003D202828286B5F74696D656F75745F7472
:1075A00029207B307D29292E7469636B732929007A
:1075B000737973776F726B7100574553545F544FF3
:1075C000504449522F7A65706879722F6B65726EDC
:1075D000656C2F776F726B2E6300776F726B2D3E29
:1075E000717565756520213D202828766F696420B6
:1075F0002A29302900776F726B2D3E68616E646CAA
:10760000657220213D202828766F6964202A293060
:107610002900717565756500737461636B0021667F
:107620006C61675F74657374282671756575652D67
:107630003E666C6167732C204B5F574F524B5F5116
:10764000554555455F535441525445445F42495452
:10765000290064776F726B20213D202828766F699E
:1076600064202A29302900574553545F544F504411
:1076700049522F7A65706879722F6B65726E656CEE
:107680002F7468726561642E630028282828707240
:10769000696F2929203D3D203135202626207A5F3B
:1076A00069735F69646C655F7468726561645F6566
:1076B0006E7472792828656E747279292929207C64
:1076C0007C202828283135202D203129203E3D20BE
:1076D00028282D313629292920262620282870728D
:1076E000696F2929203E3D2028282D31362929205F
:1076F00026262028287072696F2929203C3D2028E1
:107700003135202D20312929290009696E76616CD7
:107710006964207072696F72697479202825642900
:107720003B20616C6C6F7765642072616E67653AAF
:1077300020256420746F2025640A0009546872654E
:10774000616473206D6179206E6F742062652063BF
:1077500072656174656420696E20495352730A0032
:10776000574553545F544F504449522F7A657068BF
:1077700079722F6B65726E656C2F696E636C7564C0
:10778000652F6B7468726561642E68005F6B65724B
:107790006E656C2E637075735B305D2E63757272EF
:1077A000656E7420213D202828766F6964202A297F
:1077B000302900574553545F544F504449522F7A53
:1077C00065706879722F6B65726E656C2F73636874
:1077D00065642E6300217A5F69735F69646C655F1D
:1077E0007468726561645F6F626A65637428746847
:1077F0007265616429007468726561642D3E62611E
:1078000073652E70656E6465645F6F6E00217465CC
:10781000726D696E617465000961626F727465648E
:10782000205F63757272656E74206261636B20669F
:10783000726F6D20646561640A0073697A656F66B2
:10784000285F73636865645F7370696E6C6F636BE8
:1078500029203D3D2030207C7C206C6F636B2021F3
:107860003D20265F73636865645F7370696E6C6F3B
:10787000636B00574553545F544F504449522F7A1D
:1078800065706879722F6B65726E656C2F696E63B7
:107890006C7564652F6B73636865642E68005F6B3D
:1078A00065726E656C2E637075735B305D2E6375EB
:1078B0007272656E742D3E626173652E73636865C6
:1078C000645F6C6F636B656420213D203155005F00
:1078D0006B65726E656C2E637075735B305D2E63C5
:1078E000757272656E742D3E626173652E73636886
:1078F00065645F6C6F636B656420213D20305500CB
:10790000217A5F69735F7468726561645F73746123
:1079100074655F736574285F6B65726E656C2E634A
:107920007075735B305D2E63757272656E742C209A
:10793000282831554C203C3C20283429292929006D
:107940000961626F7274696E6720657373656E7426
:1079500069616C207468726561642025700A005743
:107960004553545F544F504449522F7A657068799B
:10797000722F6B65726E656C2F74696D65736C69BF
:1079800063696E672E6300282874696D656F75746E
:107990002920262620282875696E747074725F74F9
:1079A000292028736C6963655F74696D656F7574F0
:1079B000732929203C3D20282875696E74707472E3
:1079C0005F7429202874696D656F757429292026D4
:1079D0002620282875696E747074725F74292028B7
:1079E00074696D656F75742929203C202828756994
:1079F0006E747074725F742920282628736C696312
:107A0000655F74696D656F757473295B2828736988
:107A10007A655F742920282828696E742920736983
:107A20007A656F6628636861725B31202D20322091
:107A30002A202128215F5F6275696C74696E5F740A
:107A4000797065735F636F6D70617469626C655F97
:107A500070285F5F747970656F665F5F28736C690B
:107A600063655F74696D656F757473292C205F5F42
:107A7000747970656F665F5F282628736C6963652B
:107A80005F74696D656F757473295B305D29292991
:107A90005D29202D203129202B202873697A656FDC
:107AA0006628736C6963655F74696D656F7574735F
:107AB00029202F2073697A656F662828736C6963A3
:107AC000655F74696D656F757473295B305D292915
:107AD00029295D29292026262028282875696E74E1
:107AE0007074725F7429202874696D656F757429CC
:107AF00029202D20282875696E747074725F74298E
:107B00002028736C6963655F74696D656F75747344
:107B100029292920252073697A656F662828736CC6
:107B20006963655F74696D656F757473295B305D3A
:107B300029203D3D20302900574553545F544F5074
:107B40004449522F7A65706879722F6B65726E6541
:107B50006C2F74696D656F75742E63002173797372
:107B60005F646E6F64655F69735F6C696E6B65649B
:107B70002826746F2D3E6E6F646529005745535457
:107B80005F544F504449522F7A65706879722F6B59
:107B900065726E656C2F706F6C6C2E630065766518
:107BA0006E742D3E73656D20213D202828766F6907
:107BB00064202A2930290009696E76616C69642085
:107BC00073656D6170686F72650A0A006576656E2F
:107BD000742D3E717565756520213D202828766FCE
:107BE0006964202A2930290009696E76616C69640C
:107BF0002071756575650A0A006576656E742D3E9F
:107C00007369676E616C20213D202828766F696456
:107C1000202A2930290009696E76616C6964207018
:107C20006F6C6C207369676E616C0A0A006576651B
:107C30006E742D3E6D73677120213D202828766F6C
:107C40006964202A2930290009696E76616C6964AB
:107C5000206D6573736167652071756575650A0AC6
:107C60000009696E76616C6964206576656E7420C2
:107C7000747970650A0A0009696E76616C6964201E
:107C80006576656E74207479706520283078257863
:107C9000290A0A006D6F6465203D3D204B5F504FFF
:107CA0004C4C5F4D4F44455F4E4F544946595F4FD2
:107CB0004E4C5900096F6E6C79204E4F544946590D
:107CC0005F4F4E4C59206D6F64652069732073754A
:107CD00070706F727465640A0A0074797065203C74
:107CE00020282831554C203C3C20285F504F4C4CDC
:107CF0005F4E554D5F545950455329292900096954
:107D00006E76616C696420747970650A0A006F622E
:107D10006A20213D202828766F6964202A2930298D
:107D200000096D7573742070726F766964652061E7
:107D30006E206F626A6563740A0A006576656E7408
:107D40007320213D202828766F6964202A29302954
:107D500000094E554C4C206576656E74730A0A0016
:107D60006E756D5F6576656E7473203E3D203000E4
:107D7000093C30206576656E74730A0A00574553D6
:107D8000545F544F504449522F7A65706879722F6E
:107D90006B65726E656C2F6D656D706F6F6C2E63A9
:107DA00000616C69676E203D3D2030207C7C20287E
:107DB0002875696E747074725F74296D656D202604
:107DC0002028616C69676E202D20312929203D3DD6
:107DD000203000096D6973616C69676E6564206DA0
:107DE000656D6F72792061742025702028616C693F
:107DF000676E203D20257A75290A00616C69676EDF
:107E0000202F2073697A656F6628766F6964202A4F
:107E100029203E3D20312026262028616C69676E8E
:107E200020252073697A656F6628766F6964202A39
:107E30002929203D3D20300009616C69676E206D65
:107E40007573742062652061206D756C7469706C47
:107E500065206F662073697A656F6628766F69643E
:107E6000202A290A006E616E00286E756C6C29004C
:107E70006364696E6F70737578585B6566674546B5
:107E80004700616E006E66696E69747900000000DB
:107E9000D5D501000000000001D101000000000064
:107EA0000DB9010000000000BDA2010000000000AB
:107EB000CDD1010000000000E9CF02000000000069
:107EC000FFFFFFFFFFFFFFFFFFFFFFFFFFFFFFFFC2
:087ED000FFFFFFFFFFFFFFFFB2
:107ED80007CACA7BFD2422400000000000005E4063
:107EE800CA26CF6E99C2464000000000000000007C
:107EF80000000000000000002968020000000000E7
:107F08000000000000000000B8C50020B8C500202F
:107F18004FC2020000000000000000000000000046
:107F28000000000000000000D8C50020D8C50020CF
:107F38000000000001000000E8C50020E8C500209E
:107F4800F0C50020F0C5002000000000010000007E
:107F580000C6002000C6002000000000000000004D
:107F68000000000000000000000000000000000009
:107F780000000000000000000000000000000000F9
:107F880000000000000000000000000000000000E9
:107F98000000000011D002000000000000010000F5
:107FA80000000000000000000000000000000000C9
:107FB80000000000000000000000000000000000B9
:107FC800D82E030000000000D82E03000000000097
:107FD8008005012030FA02000C00010030FA02008E
:107FE8000B00010030FA02000A00010077A8020025
:107FF8009FB20200240603000000000000000000F9
:1080080000000000EEEEFFC0000000000CFC0020A5
:108018000000000000000000000000000000000058
:108028000000000000000000000000000000000048
:108038000000000000000000000000000000000038
:1080480000000000700603000000000027B80200CE
:10805800000000000000000008C7002008C700203A
:1080680000000000000000000E0000001CC70020F7
:108078001CC7002001000000010000002CC70020E0
:108088002CC7002034C7002034C70020000000009F
:108098000100000044C7002044C700200000000081
:1080A8004D06012068250000D14A0000A395000074
:1080B800E9C001000000000000C201000001030047
:1080C800000000005E0601205D060120000000009F
:1080D8000000000000C201000001030000000000D1
:1080E800600601205F06012000000000000000007B
:1080F80000000000FC09030001000000ACC70020DC
:10810800ACC700200000000001000000BCC7002030
:10811800BCC70020C4C70020C4C70020000000005E
:1081280001000000D4C70020D4C7002000000000D0
:108138000000000000000000000000000000000037
:108148000000000000000000000000000000000027
:10815800BCFA0200000000000000000069060120CF
:108168006106012051A80100D7CA020000000000E2
:108178000000000069AE01000000000000000000DF
:1081880000000000A9BF010000000000000000007E
:10819800000000009DB50100000000000000000084
:1081A800000000008DBE010000000000000000007B
:1081B8006300000000000000ADD5010000000000D1
:1081C80000000000A8FA0200760000005D5B0100D4
:1081D800C95B0100915B0100FFFF00000000000087
:1081E8000000000000000000000000000000000087
:1081F8000000000000000000000000000000000077
:108208000000000000000000000000000000000066
:108218000000000000000000000000000000000056
:10822800000000000000000000000000080000003E
:10823800FF00000000000000010000000000000036
:108248000000000000000000000000000000000026
:108258000000000000000000000000000000000016
:108268000000000000000000000000000000000006
:1082780000000000000000000000000000000000F6
:1082880000000000000000000000000000000000E6
:1082980008000000FF0000000000000001000000CE
:1082A80000000000851C0200851A0200A91C0200BB
:1082B800911A02008D1F0200151D0200551F0200B1
:1082C80059DA020053DA02004DDA02007CC90020B4
:1082D8007CC9002084C9002084C9002003073030ED
:1082E80030303030313100303031303030303100E2
:1082F800313030310031303031000000104B030094
:1083080071B80100000000001F4B0300B9B901005B
:1083180000000000184B0300C5B701000000000072
:10832800E94A030035B9010000000000FD4A0300D6
:1083380049BB010000000000F04A030005B7010036
:1083480000000000084B030091B601000000000087
:0C835800155A0300F1D5010000000000E0
:108364000000000000000000000000000000000009
:0E8374000000000000000000000000000000FB
:02838200FFFFFB
:1083840000000000000000000000000000000000E9
:1083940000000000000000000000000000000000D9
:1083A40000000000000000000000000000000000C9
:1083B40000000000000000000000000000000000B9
:0483C40000000000B5
:0483C80000000000B1
:0483CC00FFFFFFFFB1
:1083D000000000000000000029680200000000000A
:1083E000000000000000000090CA002090CA002099
:1083F000000000000000000000000000000000007D
:08840000000000000000000074
:1084080000000000108301200008000000000000A8
:10841800000000000000000000000000D03D012026
:108428000001000000000000000000000000000043
:10843800E0CA0020E0CA00200000000000000000A0
:108448000E000000F4CA0020F4CA0020000000005A
:10845800000000000E00000008CB002008CB002020
:1084680000000000000000000E0000001CCB0020EF
:108478001CCB002000000000000000000E000000DF
:1084880030CB002030CB00200000000000000000AE
:108498000E00000044CB002044CB00200000000068
:1084A800000000000E00000058CB002058CB002030
:1084B80000000000000000000E0000006CCB00204F
:1084C8006CCB002000000000000000000E0000003F
:1084D80080CB002080CB00200000000001000000BD
:1084E80090CB002090CB002098CB002098CB002088
:1084F8000000000001000000A8CB0020A8CB00204D
:10850800B0CB0020B0CB002000000000010000002C
:10851800C0CB0020C0CB0020C8CB0020C8CB002097
:108528000000000001000000D8CB0020D8CB0020BC
:10853800E0CB0020E0CB002001000000010000009B
:10854800F0CB0020F0CB0020F8CB0020F8CB0020A7
:10855800010000000100000008CC002008CC002029
:1085680010CC002010CC002000000000010000000A
:0885780020CC002020CC0020E3
:1085800000000000000000000000000034CC0020CB
:0C85900034CC00203CCC00203CCC00206F
:10859C0080CC002000000000000000000000000063
:1085AC0000000000000000000000000000000000BF
:1085BC0000000000000000000000000000000000AF
:0C85CC00000000000000000000000000A3
:1085D80008FA0200A4CC00200000000000020000FD
:1085E800000000000000000000050000000000007E
:0485F800000000007F
:1085FC0000000000000000001565010000000000F4
:04860C0015E015E080
:040000031000513563
:00000001FF
