:020000040000FA
:10000000F80B0020690600000D070000E55900000C
:10001000055A0000255A0000655A0000455A0000A4
:10002000000000000000000000000000CD260000DD
:100030000D070000000000000D0700000D07000084
:10004000000000000000000000000000B5320000C9
:10005000000000000D07000000000000000000008C
:100060000D0700000D0700000D0700000D07000040
:10007000000000000D0700000D0700000D07000044
:100080000D0700000D070000000000000000000048
:100090000D0700000D070000000000000000000038
:1000A0000D07000000000000000000000D07000028
:1000B0000D0700000D0700000D0700000D070000F0
:1000C0000D0700000D0700000D0700000D070000E0
:1000D0000D070000000000000D07000000000000F8
:1000E0000D070000000000000D07000000000000E8
:1000F0000D070000000000000000000000000000EC
:10010000000000000D0700000000000000000000DB
:1001100000000000000000000000000000000000DF
:10012000000000000D0700000000000000000000BB
:1001300000000000000000000000000000000000BF
:100140000D07000000015F5F00000000FE0B0000D3
:10015000A927000080060000000000000000000049
:10016000000000000000000000000000401200201D
:100170000000000001015F5F030100001F0100009B
:1001800085040000000000000000000001000000E5
:10019000010000000000000000000000000000005E
:1001A00000000000700000008C5E00008000000075
:1001B000000F000001000000D102000001015F5F9C
:1001C000040100001F010000F30500000000000012
:1001D000000000000000000001000000000000001E
:1001E000000000000000000000000000975E00001A
:1001F000400000000507000001000000DF040000CF
:1002000038B50025054C29462046D4F80024C4F80A
:10021000045405F090FCC4F8005438BD200C0020B4
:1002200013B511460022CDE9002242680346382A60
:10023000046844D194F82820022A19D01AB900F091
:1002400047F902B010BD21482468D0F80404013AEF
:10025000CDE90040082A35D8DFE802F0050A0E1380
:10026000181D22272C006A46184600F02EF9E8E7F0
:10027000184600F018F9E4E76A46184600F016F947
:10028000DFE76A46184600F00BF9DAE76A461846D7
:1002900000F00FF9D5E76A46184600F00DF9D0E7EF
:1002A0006A46184600F00BF9CBE76A46184600F09C
:1002B00009F9C6E76A46184600F00EF9C1E76FF083
:1002C0008000BEE76FF08500BBE700BF200C002078
:1002D0002DE9F04F05680446A1B0002D40F0AA803A
:1002E0002022294602A805F026FC12AF202229462A
:1002F0000AA805F020FC38222946384605F01BFCE8
:10030000E26904F11C039846B2B10426E26A04F1E2
:100310002C03EAB10425EEB96FF08306304621B014
:10032000BDE8F08F002EF1D053F8041D3246013E97
:100330000029F7D01646E9E70326F5E7002DEAD0B5
:1003400053F8041D2A46013D0029F7D01546E2E77F
:100350000325F5E738233A460021606805F028FCBC
:100360003828D9D14FF00109CDE90270334F0DF192
:10037000080A04F1100B4E45D7F800141CD10DF1FA
:1003800028094B46002008EB850EC64533D108B13D
:10039000C7F80014A3683146C7F804340AAA2B46EC
:1003A00002A8FFF73DFF00270646BD4209F10809F4
:1003B00038D1FFF725FFB1E75BF8043FC1F5806254
:1003C000D81C20F00300904204D9FFF719FF6FF00A
:1003D0008C06A3E70844CA19C7F8000449466068B8
:1003E000019205F0E5FB019ACAF80C0009F1010938
:1003F0004AF8082FBFE758F804CFC1F5806A0CF11E
:10040000030222F00302524503F1080305D87818CD
:1004100043E9020C11440120B7E70028D5D0C7F802
:100420000014D2E7394659E90223606805F0D5FB8C
:100430000137BAE76FF0850670E700BF200C002097
:1004400008B528220021024805F075FB002008BDF0
:100450002810002010B5044C0F222046034905F057
:1004600045FB204610BD00BF51100020F6050000DE
:1004700008B50121024803F0F1FA002008BD00BFD1
:100480005010002008B5FFF7DBFF40B9FFF7E2FF8F
:10049000FFF7EEFF18B9BDE8084003F04DBB08BDFB
:1004A0006FF0850070476FF0850070476FF0850032
:1004B00070476FF0850070476FF0850070476FF0F0
:1004C000850070476FF0850070476FF085007047BA
:1004D000D1E9000103F010BB6FF085007047F0B563
:1004E00003680546B3F57D7FA7B007D040F2F5322B
:1004F000934207D06FF0850027B0F0BD01F066FC95
:100500000020F9E700243C22214607A8CDE9024457
:10051000CDE90444069405F00EFB3C22214617A8C1
:10052000169405F008FBEA69019405F11C0302B377
:100530000426EA6A05F12C033AB30424731E012B46
:1005400052D8012C50D80423002168680DEB030217
:1005500005F02EFB04281AD06FF08000CCE7002EA7
:10056000E7D053F8041D3246013E0029F7D0164665
:10057000DFE70326F5E7002CE0D053F8041D224600
:10058000013C0029F7D01446D8E70324F5E7022EF2
:1005900016D16E69402E29D806AF33463A4601215E
:1005A000686805F005FB8642D6D1CDE9027602A93E
:1005B00044B92246019801F0F2FD044620469BE72B
:1005C0000021F5E72B6A402BC6D816AACDE90423F3
:1005D000019804AA01F0E3FDDDE9042304460021AB
:1005E000686805F0FAFAE9E7012085E76FF089000D
:1005F00082E7002070474D62656420544C532033DD
:100600002E352E3000000000000000000000000029
:1006100000000000000000000000000000000000DA
:100620001431000001000000407C00008010002018
:100630004A000000407C0000200C00200000000068
:10064000407C0000000C002000000000A8110020E9
:10065000C4050000200C002018010000000C002040
:100660000800000002F05CBC08B572B61E4A1F4BC1
:100670009A601F4B83F309881E4B83F30A8883F328
:100680000B881D4B16A1D1E90001C3E9000100F060
:1006900089F81A4B1A498B4212D30020194B1A4978
:1006A0008B4218D303F04AF8186850F82240586873
:1006B00040F82240013298688242F5D30C33EAE7D1
:1006C0000022F8E71C6844F8220001325C68A2426C
:1006D000F8D30833E4E70022F8E700BFAFF3008067
:1006E000A5EDF5FEA5EDF5FE0000000000ED00E033
:1006F000F80B002000040020F80B00202806000062
:100700004C0600004C06000064060000EFF3088071
:10071000EFF309812DE9F00F6B46724600F010F9F6
:1007200008B0FFF79FFFFEE708B5EFF31083012B3A
:100730000C4A07D1126ABFF34F8F511C4A424A41FB
:10074000104608BD01F096FB00B172B6126ABFF305
:100750004F8F531C5A425A4101F08CFB0028EFD0B6
:1007600062B6EDE70080FF0008B5EFF31083012BC0
:100770000B4A06D1D269BFF34F8F02F00102104637
:1007800008BD01F077FB00B172B6D269BFF34F8F9D
:1007900002F0010201F06EFB0028F0D062B6EEE735
:1007A0000080FF005D4A10B5D2F8D03043F002035C
:1007B000C2F8D03001F05EFB30B14FF05023002280
:1007C000C3F81421C3F8182101F063FB28B10122FA
:1007D000534BC3F8382AC3F878254FF47F02D2F878
:1007E0003031D2F83421BFF34F8FC3F30B03092B01
:1007F00005D1012A1EBF0122494BC3F8782501F01B
:1008000048FB18B10E22474BC3F8E42E01F032FB2F
:1008100030B10022424BC3F80C270122C3F8102745
:100820000022D30003F57F03D3F80013BFF34F8FEB
:10083000013108D0D3F800130132D3F80433B2F5F4
:10084000807F0B60EDD1EFF31084FFF78DFF002860
:100850004DD0BFF34F8F344BD3F80024012AFBD186
:10086000C3F80425D3F80024012AFBD1012C03D0BE
:1008700001F000FB00B172B6FFF776FF58B12B4ACA
:10088000D36923F00103D361BFF34F8F264AD2F817
:100890000034012BFBD1FFF747FF68B1234A136AED
:1008A00023F0FF0343F020031362BFF34F8F1E4A70
:1008B000D2F80034012BFBD1012C03D001F0DAFA7D
:1008C00000B162B60022184BC3F80425D3F8002407
:1008D000012AFBD1BFF34F8F1049154BCA6802F4B0
:1008E000E0621343CB60BFF34F8F00BFFDE7FFF71C
:1008F0001BFF0028ADD1094BD3F88C2042F4406295
:10090000C3F88C20D3F8882042F47002C3F8882002
:10091000BFF34F8FBFF36F8F10BD00BF00ED00E03E
:100920000040005000A00350009003500080FF00E2
:100930000400FA057C22014905F0D8B8DC18002033
:1009400038B51D46374B384C5B68C3F3080323604A
:10095000EFF30383C4E901206365C2F3801302F05F
:100960000C020C2AE16038D10BB9EFF38981202207
:100970002E48216105F0BAF825B1202229462C48DD
:1009800005F0B4F8274B9A6AA265D96AE165986BBD
:10099000206602F400406066586BA06602F080009A
:1009A000E0669A62D962D3F8E4202267D3F8E810AF
:1009B000616702F04001A167C3F8E42000F06AF823
:1009C0000E211C4801F077FA2268D31E042B1CD894
:1009D000DFE803F0090F1215180013B9EFF388814F
:1009E000C5E70146C3E70C211348BDE8384001F0D4
:1009F00062BA12211148F8E70B211148F5E70D21E1
:100A00001048F2E70E211048EFE70F2A98BF142193
:100A1000BDE8384089BF25210C480D48103A01F047
:100A2000F5BB00BF00ED00E0DC180020F01800204E
:100A3000101900208833000096330000A233000014
:100A4000B4330000BF330000CC330000DA330000C1
:100A5000EE3300002DE9F34106460F460C4DD5F864
:100A60002C80C04710F00104FBD1394630466B6939
:100A7000984740B9C047C307FCD42B6A019302B022
:100A8000BDE8F0411847204602B0BDE8F08100BF44
:100A90001434000010B5094C0020A368984723695E
:100AA00002209847A46A4FF4E1310120A047234671
:100AB000BDE8104001211520184700BF1434000084
:100AC00010B5044C002023699847E368BDE8104046
:100AD000184700BF14340000064B82B0186800238A
:100AE00082B262F30F03000C60F31F43184602B09A
:100AF000704700BF54340000014B1869704700BFB5
:100B000084100020014B5869704700BF84100020FA
:100B100038B50C4D0C4695F8203013B94FF0FF3026
:100B200038BD0A460146284600F06CFF064B984245
:100B300005D00B3B9842F1D100206C61F0E76FF0DB
:100B40000100EDE7841000200B00AD0BF0B51B4E4B
:100B5000054696F820300C4691B01BB94FF0FF3097
:100B600011B0F0BD00F06043B3F1005F21D100236C
:100B70000A460146304600F031FC114B98421AD02B
:100B80000B3B9842EAD1346111E0A71B402F28BFEC
:100B90004027A9193A46684604F0A8FF3946684636
:100BA000FFF7D4FF0028DBD14036B442EDD8002057
:100BB000D6E70026F9E76FF00100D1E784100020A6
:100BC0000B00AD0BC3B2012B10B540F096804DF673
:100BD000C023994270D028D8B1F5615F6FD011D889
:100BE000B1F5965F6DD008D8B1F5966F6BD0B1F5C1
:100BF000166F6BD06FF007005DE0B1F5165FF9D1AD
:100C0000454B33E047F61223994262D007D8B1F53D
:100C1000964F61D0B1F5E14FECD1404B26E0B1F5F4
:100C2000164FE7D14FF41D0320E03D4B994255D0BC
:100C300011D8B1F5E13F54D007D8B1F5614F53D089
:100C4000B1F5963FD6D1374B10E0B1F5613FD1D128
:100C50004FF06C730AE0B1F5612F48D0324B9942E6
:100C600048D0B1F5E12FC5D14FF0E86310F4E06F43
:100C700046D110F4404103D0B1F5804F43D110214B
:100C800010F4405203D0B2F5805F3FD10E2210F431
:100C9000403003D0B0F5403F3BD10120234C2076BB
:100CA0006276E361A1760A4324681043C4F82435D0
:100CB000C4F86C05002010BD4FF46503D6E71C4B4B
:100CC000D4E71C4BD2E74FF49E23CFE74FF41D230C
:100CD000CCE74FF40003C9E7174BC7E74FF0806339
:100CE000C4E74FF0EB73C1E74FF46B03BEE74FF07F
:100CF0007063BBE74FF08053B8E76FF00300DAE7AB
:100D00006FF00800D7E76FF00A00D4E76FF0090032
:100D1000D1E76FF00B00CEE70050270000C0750050
:100D200090D0030000903A0140420F008410002050
:100D300000F03A0000B0130000A04E0010B5114CB6
:100D4000204600F0D5FD0021206884F8201000F036
:100D500047FF226842F30732002A11DB01215309C1
:100D60009B0003F1604303F56143D3F8800202F076
:100D70001F0201FA02F20243C3F88022D3F8803244
:100D8000002010BD8410002010B5264C00212068E2
:100D90008EB000F017FF226842F30732002A12DB00
:100DA000012053099B0003F1604303F56143D3F82D
:100DB000801202F01F0200FA02F221EA0202C3F8D6
:100DC0008022D3F880322422002105A804F0B3FE4B
:100DD000D4E902124FF0FF33CDE90133CDE90333FB
:100DE0004FF0EB730B93072301A88DF8363001F019
:100DF00080F8014600220B4800F03AFA0A4B98426C
:100E00000DD10C9B002023831B0CA3760B9BC4E904
:100E10000400E361012384F820300EB010BD6FF0B0
:100E20000100FAE7841000200000AD0B7FB500251B
:100E30000C46C0F808511646D0F80821D0F8002218
:100E400022F02002C0F80022104AC0F8082301F066
:100E5000A0F8A560256104F14C03D3E8EF1F21F44D
:100E60007F0121F47041C3E8E21F002AF5D110226E
:100E70002946684604F05FFE042368468DF800307A
:100E80000196D4E90013984704B070BD10020A001F
:100E900000F01F03400909D1074A02EB8303D3F88E
:100EA0000012064A0A40C3F800227047002280332D
:100EB00052F82330FFDE00BF00258450F0F8FCFF1D
:100EC0002DE9F04F804690F804A05020664F0E4662
:100ED00000FB0A70416885B049B113F0020304D0E9
:100EE000836B002B00F0B2800123009300E000919F
:100EF0004FF0500909FB0A73DB6CD90600F1A6809C
:100F00004FF0010BB3180293029BB34200F0A7808D
:100F100006F06043039398F80450D8F8004009FBAA
:100F200005739A6B9AB9039BB3F1005F40F0998007
:100F3000019200F0A1FD09FB0572D16C204601F081
:100F4000010100F0F4FF28B900F09EFDE3E7012362
:100F50000193EEE7516C33460029BCBFD4F84C1521
:100F60005164019A42B109FB05713078D1E90E2331
:100F7000D054D1E90E3213441BB1C4F84435C4F83F
:100F800048B50022C4F82021D4F82011C4F8582113
:100F9000D4F85811C4F85021D4F850210822C4F8CC
:100FA0000025009AE2B14FF48003C4F80433C4F87A
:100FB00008B000F069FD502303FB0A725168002954
:100FC0004BD1D26C120748D503FB0A734C33D3E8DC
:100FD000EF1F21F00801C3E8E21F002A36D0F6E730
:100FE000C4F808B0019300F04FFD09FB0572D16C05
:100FF000019B01F001012046019300F098FF844617
:10100000019BD4F84C05D4F84425BCF1000F0DD158
:101010009342F0D005EB850507EB0515D1B100F043
:101020002BFD2946204600F0F9FFC2E705EB8505B8
:10103000934207EB0515F1D10028EFD100F01CFD1C
:101040002946204600F0EAFF00F01EFD074805B0E3
:10105000BDE8F08FC4F80CB0E1E7013654E704486E
:10106000F5E70448F3E700BF581900200800AD0B6E
:101070000000AD0B0400AD0B430904D10123034A6A
:1010800083409360704700239B60FFDE00258450FF
:1010900000F01F0340090BD1084A02EB8302D2F88B
:1010A0000012074B0B4043F00303C2F800327047B5
:1010B0000022803352F82330FFDE00BF0025845029
:1010C000F0F8FCFF2DE9F84391F8303005460C4666
:1010D00090F804800F6853BB5023DFF85091781CC0
:1010E00003FB0893DE6C46F00072DA6404D03846E5
:1010F000FFF7C2FFFFF7CCFF6068411C01D0FFF78C
:10110000C7FE94F82C30012B11D1502303FB089318
:10111000E06846F02066421CDE6401D0FFF7B8FEAE
:10112000A068431C03D0FFF7A7FFFFF7B1FF94F8B7
:101130002F0038B950223D4B02FB0833DA6C42F0E5
:101140008072DA6494F82CC094F82D1094F82EE094
:10115000A26A2B6841EA0C01E668D4E90198C3F859
:1011600024254EEA0102C3F86C2550B9BCF1010FE9
:10117000C3F80C75C3F8149504BFC3F80885C3F809
:101180001065D3F8682503F26458012A08BFDA60B5
:10119000D3F86425012A13D1082149F64046244F8B
:1011A000C3F8001547F001075A60D8F800309BBB20
:1011B0002B68D3F88024C3F880240022C3F80025CC
:1011C00000212B6894F83220C3F81011D3F81001D5
:1011D000C3F82011D3F82001C3F82411D3F8240157
:1011E000C3F84411D3F84401C3F85811D3F8581187
:1011F00043F307335201002BD2B212DB0D49C8185A
:1012000080F800230122580903F01F0302FA03F3B8
:1012100041F82030BDE8F8834020B847013EC4D1F2
:10122000C6E7054903F00F03CA54F3E75819002035
:101230006034000000E100E014ED00E000F01F0366
:1012400040090BD1084A02EB8302D2F80012074B87
:101250000B4043F00203C2F8003270470022803393
:1012600052F82330FFDE00BF00258450F0F8FCFF69
:101270002DE9F3479046502290F80490514C02FB20
:1012800009FA04EB0A070D4697F8481006460029AC
:1012900040F0858009EB890004EB001004F04BFC62
:1012A0002B69AA6944F80A306B69BB6302B1013A41
:1012B000502303FB0943DA632A6A042A81BFEA69DF
:1012C0009A610022DA6195F83130B8F1000F37D019
:1012D00083F001073F0233B1502303FB0943DA6C6B
:1012E00042F00102DA64502303FB09440123C4F8ED
:1012F000048084F848303468D4F84C2112BB294665
:101300003046FFF7DFFE0822002334688DF80730EF
:10131000C4F800250DF10702C4F84425C4F8483587
:1013200001230A25A360E360D4F85831002B38D19B
:10133000254B402043F001039847013DF4D128E0BC
:101340004746C8E708224FF06409C4F800256360E7
:101350001D4B43F0010AD4F84431F3B9D4F82431D9
:10136000DBB94FF42070D047B9F10109F3D14B46F6
:101370000022C4F84C21D4F84C11C4F81021D4F840
:101380001011C4F84421D4F84411C4F80025002BEE
:10139000B5D10E4802B0BDE8F0870123E8E70C485C
:1013A000F8E70023C4F820319845D4F82021C4F888
:1013B0000035084B08BF00231F4333680648C3F8B5
:1013C0000473E7E758190020603400000100AD0BFA
:1013D0000C00AD0B10020A000000AD0B2DE9F04728
:1013E00084460F469E4616460579002A51D04FF096
:1013F000500ADFF8BC80D0F800900AFB058ADAF8C2
:10140000044074B96BB9DAF82C50002D43D1CAF8F6
:101410002C20FFF755FD0446CAF82C502046BDE8A5
:10142000F0871EF0030F07D0734632463946BDE8F9
:10143000F0476046FFF744BD07F06043B3F1005F3B
:101440004FF0500414D104FB058400F015FBE26A50
:101450001AB1134C00F018FBE0E7C4E90A7605EB7B
:101460008505484608EB051100F0E3FD0D4CF1E75A
:1014700004FB0584A36B83B100F0FEFAE36A002B42
:10148000E7D1E36C012243F00203C4E90A76E36486
:10149000E5E7054CC2E7024CC0E7044CBEE700BFDD
:1014A0000B00AD0B0000AD0B0600AD0B0A00AD0B41
:1014B000581900202DE9F84350230679284D046877
:1014C00003FB0653D4F80473DA6AC4F8087322B92C
:1014D0002448C4F80473BDE8F88306EB860005F1E0
:1014E0004C024FEA001802EB0012D2E8EFCF4CF0AA
:1014F000080CC2E8E0CF0028F7D10122E26031B346
:10150000D96C01EA02094946204600F010FD002886
:10151000FAD000F0B1FAB9F1000F1CD1D4F82031A3
:1015200053B10123E360D4F85831002BFBD020469F
:1015300005EB080100F072FD00F0A6FA0023C4F8E4
:101540002031D4F82021502202FB0655EB620648D8
:10155000C4F80473BFE7D4F85831002BE7D1EBE7A8
:10156000581900200500AD0B0000AD0B2DE9F84324
:1015700090F80480484F08EB8806360106F14C05C8
:1015800004683D44D5E8EF3F43F48052C5E8E02FBE
:101590000028F7D1DB047BD4480705D5502303FB93
:1015A00008739B69002B75D03C4B3E44C4F808334C
:1015B0000823C4F800350023C4F81031D4F81021F2
:1015C000C4F84C31D4F84C21C4F844310A03D4F89F
:1015D00044318B0303F4804302F400524903134364
:1015E00001F400410B43D5E8EF2F1A43C5E8E12F82
:1015F0000029F8D14FF0500909FB0879D9F80830D3
:10160000BBB9D9F8043063B9D5E8EF3F23F47F03C1
:1016100023F47043C5E8E23F002AF5D12048BDE835
:10162000F8830321304600F08FFCD9F80830002BF6
:10163000EAD0D4F80433590713D5502303FB0873B9
:101640005A6872B1DB6C1A030BD5D5E8EF3F23F46F
:101650000023C5E8E23F002AF7D10621304600F01A
:1016600073FC502303FB0873DB6CDB0401D40D48CF
:10167000D5E7D4F84C310BB901232360502303FB89
:1016800008735B68002BF2D0044BC4F80433EEE718
:101690000548C4E70548C2E75819002010020A00AF
:1016A0000200AD0B0000AD0B0B00AD0B0800AD0B45
:1016B0002DE9F84F056801F06043D5F804A3B3F1B4
:1016C000005F90F804B089461746C5F808A37CD19E
:1016D0005023404E03FB0B639A6852B15B68002BAA
:1016E0005ED1D5F81021002A5AD0C5F81031D5F8AE
:1016F0001031502404FB0B64E269C4E90297002A0C
:101700003CD00BEB8B0897424FEA081824D24FF0DD
:10171000000B3A46A1694846C4E902BB04F0E6F969
:10172000E269A069D21BC119E26104F0A9F96368FA
:101730006BB1B04449463A46404600F016FCE36CB3
:10174000990404D55A4641462846FFF76FFB2248C4
:10175000C5F804A3BDE8F88F4846A16904F0C6F9AE
:10176000E36963620023E3611C4B9844D8E8EF3FD0
:1017700043F40023C8E8E23F002AF7D1502303FBDB
:101780000B63586ADA689968DB6C121A0144C5F871
:101790003415C5F83825DA04D9D501232B60D6E7EE
:1017A000502303FB0B6633698BB9F36CC5F8349592
:1017B0005B04C6E90497C5F83875C8D5D5F800327A
:1017C00043F02003C5F80032C1E70548C0E70548EB
:1017D000BEE700BF581900200000AD0BA41900207F
:1017E0000A00AD0B0B00AD0B50232DE9F0413C4D31
:1017F00090F80480046803FB0853DB6CD4F8000203
:1018000003F48223B3F5805F68D1D4F80463C4F88D
:10181000086309B9830656D4D4F8003223F02003B4
:10182000C4F800324FF4842308EB8801090101F168
:101830004C072F44D7E8EF0F1843C7E8EC0FBCF173
:10184000000FF7D12AB9502303FB08535B68002B24
:1018500041D1244BC4F8083301236360D4F84431E8
:10186000002BFBD00023C4F84C31D4F84C21C4F831
:101870001031D4F81021C4F84431D4F84431502345
:1018800003FB0853DA6C12F400421FD1DA612046E0
:1018900000F07FFB502303FB08550023AB602B6156
:1018A000D7E8EF3F23F47F0323F47043C7E8E23F18
:1018B000002AF5D126F4202626F404760A48C4F836
:1018C0000463BDE8F0814FF48033ADE7204629443E
:1018D00000F071FBDBE701236360EFE70348F0E70B
:1018E0005819002010020A000000AD0B0500AD0BD6
:1018F0002DE9F8432F4A03680679C3F8082343F318
:101900000733002B04460DDB01215A0903F01F03A6
:10191000994002F12003284A42F82310BFF34F8F69
:10192000BFF36F8F012220461146FFF75DFF0121B3
:101930002046FFF7BFFD50212279204D236801FB8F
:101940000252D46CD3F80C05E201D3F81495D3F805
:101950000875D3F8108509D54FF0FF32C3F80C2570
:10196000C3F81425C3F80825C3F81025A30116D51C
:10197000411C01D0FFF762FCB9F1FF3F02D048469D
:10198000FFF75CFC22010AD5B8F1FF3F02D04046C8
:10199000FFF754FC7B1C02D03846FFF74FFC502366
:1019A000002203FB0653DA6483F848205A60BDE83E
:1019B000F88300BF10034A0000E100E0581900203E
:1019C00010B5502402790B4B04FB02335B686BB9F2
:1019D0000368D3F810211AB9D3F80025082A07D0D4
:1019E00011B1D3F83C350B60034810BD0348FCE748
:1019F0000348FAE7581900200000AD0B0800AD0BB2
:101A00000B00AD0BF7B505461646FFF751FE164B1A
:101A10000446984222D1032128462F79FFF7A6FDDC
:101A2000124B984201D0A0421BD15022104B02FB16
:101A300007335B6893B90C4C284601A9FFF7C0FF38
:101A4000A042F9D1019BB34207D301222846114697
:101A500003B0BDE8F040FFF7C7BE064C204603B018
:101A6000F0BD0446FAE700BF0000AD0B0B00AD0B64
:101A7000581900200800AD0B72B6024A13680133F2
:101A800013607047A8190020034A1368013B1360D4
:101A900003B962B6704700BFA81900200722024BA5
:101AA000C3F80423704700BF00300050084BD3F840
:101AB0000801D3F80021003818BF012080000AB1C6
:101AC00040F00100D3F804310BB140F00200704740
:101AD000003000500022074BC3F80021D3F800115A
:101AE000C3F80421D3F80411C3F80821D3F808314E
:101AF000704700BF0030005000231720094A03F54B
:101B0000C0710133202B42F82100F8D100231720A7
:101B1000044A03F5E0710133202B42F82100F8D18B
:101B2000704700BF0030005010B59DF80840C00B52
:101B300043EA0423064CC90B43EA0213884200D946
:101B400010BDC2B202F5C07244F822300130F5E790
:101B50000030005010B59DF8084000F1604043EAA5
:101B6000042301F16041074C400B490B43EA021387
:101B7000884200D910BDC2B202F5E07244F82230AA
:101B80000130F5E700300050C0F30E03C3F5004309
:101B9000B3FA83F3C3F11B03064AC0F3C730DBB2C9
:101BA00040F4807043F48073C2F80005C2F8043535
:101BB000704700BF0030005043030148184470478D
:101BC000FF1FF81F054BC0F30730090241F0300139
:101BD00000F5007043F82010704700BF003000503F
:101BE000044BC0F30730090200F5007043F82010E1
:101BF000704700BF00300050003A18BF0122003982
:101C000018BF012103688900074841EA42011863AF
:101C100059605A6842F001025A60BFF34F8FBFF318
:101C20006F8F0020704700BF04AAFF0008B5FFF7C0
:101C30003DFF044B162118600348BDE8084000F042
:101C40003AB900BFEC1F0020663400000C220149A5
:101C500003F04CBFEC1F002010B501F010FB044650
:101C600090B901F09FFF044680B90A4A2E21D3683B
:101C7000094823F008031B041B0C43F0BF6343F423
:101C80000033D36000F017F9204610BD45F223540D
:101C9000FAE700BF00ED00E07C340000024B186062
:101CA000024B002019607047FC1F0020F81F002025
:101CB0001FB5374C426923685A6282699A62C269C9
:101CC000DA62026A1A63426A5A63826A9A63C26A71
:101CD000DA63026B1A64426B5A60826B9A60C26B61
:101CE000DA60026C1A61426C5A61826C9A61C26C51
:101CF000DA61026D1A62826D5A65C26D9A65026F71
:101D0000DA65026E1A66826E5A66426F9A66EFF361
:101D100088825A64EFF389829A644268DA64EFF346
:101D200094821A65026801A81A67FFF78FFF23687B
:101D3000019ADA6601221A70164B1C686408640066
:101D40002046214622462346B7EE000AF7EE000A57
:101D5000B7EE001AF7EE001AB7EE002AF7EE002AE7
:101D6000B7EE003AF7EE003AB7EE004AF7EE004A57
:101D7000B7EE005AF7EE005AB7EE006AF7EE006AC7
:101D8000B7EE007AF7EE007A03F089FF04B010BDD9
:101D9000FC1F0020F81F002000B5A1B001A8FEF72D
:101DA000C9FD029B63B15B060AD4019B23F00203C9
:101DB000052B05D1044B1B6813B101A8FFF778FF71
:101DC00021B05DF804FB00BFF81F0020BFF34F8F68
:101DD0000549064BCA6802F4E0621343CB60BFF3C7
:101DE0004F8F00BFFDE700BF00ED00E00400FA05E3
:101DF00038B543680C2B30D14B68042B2DD14FF0F4
:101E0000FF3304680D6821682B6031B3A26822B3E8
:101E10000623012001F08BF9F8B96168104B994253
:101E20000DD9A2680F485318834202D9F43883426F
:101E300010D8206803F05AFE0020286038BD0A4BF5
:101E400099420AD9A26809488B188342F1D9073010
:101E5000814202D906488342EBD90220EEE700BF57
:101E6000FF01FF002C02FF002F01FF003801FF00DF
:101E70004C01FF004FF47F03D3F83001D3F8343125
:101E8000BFF34F8FC0F30B00A0F109035842584134
:101E900070474FF47F02D2F83031D2F83401BFF3EB
:101EA0004F8FC3F30B03092B03D1431E58425841F4
:101EB000704700207047FEF7CDBD012070476FF0DE
:101EC00003007047002382B00193019802B070476D
:101ED0006FF003007047002382B00193019802B0B5
:101EE0007047022814BF6FF0030000207047FEF710
:101EF0002DBE30B501EB8202914200D130BD51F8C8
:101F0000044B04F07F037F2B4FEA144408BF4FF0CB
:101F1000FF33032CF0D8DFE804F002040608036066
:101F2000EAE74360E8E78360E6E7C360E4E7034687
:101F3000D0F8580130B931B9D3F82001003818BFB2
:101F4000012070470120704730B504460D4685B02A
:101F500010220021684603F0EEFDD4E90013684624
:101F60008DF80050984705B030BD7FB504460E4649
:101F7000154600211022684603F0DDFD0123684666
:101F80008DF80030CDE90165D4E90013984704B01D
:101F900070BD10B50446FFF76FFDD4F8583133B16A
:101FA000D4F8043313F4800308BFC4F80035BDE847
:101FB0001040FFF769BD70B50D4604460522AA2101
:101FC000D0F83C65A86903F0B6FD0522AB69C4F8FA
:101FD0003435C4F838250022C4F81021D4F8101183
:101FE0000121E162D4F810110029FBD0C4F84C2182
:101FF000D4F84C11C4F81021D4F81021D4F83C25A1
:102000009642EA6109D15A1E043312F8011FAA2927
:1020100003D19A42F9D10023EB6170BDD0F8583159
:1020200033B1CB6CC3F30032DB0458BFC0F80025DA
:10203000704770B5CE6C0D4606F001010446FFF7FF
:1020400076FF38B94FF4800346F00406EE64C4F816
:10205000043370BDD5E90A365AB1296CEA6B761A99
:10206000964228BF164619443246A86B03F03EFD3F
:10207000AB6B4FF0FF326A641BB1C4F84435C4F84F
:1020800048650023C4F82031D4F82021C4F8583121
:10209000D4F85821C4F85031D4F850310823C4F88A
:1020A00000354FF48003C4F804330123A360D0E764
:1020B000C0037047C00300F5FF407F307047002029
:1020C00070471F2070474FF40040704700F57F4075
:1020D000C03040037047402070475F2070474FF486
:1020E000005070474B6830B513F01F052DD10268C2
:1020F0000C681068C0F30720844226D250685560EF
:1021000094600C7C23F01F0304F001041C438B7CBF
:10211000DB0003F018031C434B7C5B0003F0060359
:102120002343D3608B68013B23F01F04CB685B0023
:1021300003F00E03234343F0010313615060BFF328
:102140004F8FBFF36F8F284630BD0120FCE7036837
:1021500000205A68C9B258609960D86018615A6006
:10216000704770B50546002403681E68C6F307264D
:10217000B44201D1002070BD21462846FFF7E7FF99
:102180000134F5E70020704708B5FFF705FE72B689
:1021900020BFFDE7002070470020704770470B46C6
:1021A00070B5114618B1032806D0032070BD18463B
:1021B000BDE87040FFF71CBE5A68082A01D0022013
:1021C000F4E74C68042CFAD11D684FF0FF330E6819
:1021D000296833600029F2D06B68002BEFD02623EA
:1021E0007422012000F0A3FF0028E8D12246232317
:1021F0000120696800F09BFF04460028DFD1D5E983
:102200000001FFF74BFD30602046CFE730B50C46AC
:10221000154685B038B139B1FFF74DFE041E03DA1B
:10222000204605B030BD044640F60D23ADF80E3013
:1022300009230B4901A805F00F028A5C2D091A54E5
:10224000013B012BF7D147F630030C21ADF80430E8
:10225000FFF731FE0028B4BF04462418E0E700BFB2
:10226000AA34000008B5194B83F30A88184800F017
:10227000F1FF40BBFFF7F0FC28BBFFF783FF10BB6B
:10228000FFF788FFD8B9FFF789FF00F067FA35211B
:102290001048FFF710FE17210F48FFF70CFE18211A
:1022A0000E48FFF708FE00F049FC26210C48FFF716
:1022B00002FE00F03FFA00F0D7FE002008BDFFF755
:1022C0006BFF0028DFD000F02BFEEEE700040020BB
:1022D000AC190020BA340000EF34000006350000CD
:1022E0001E3500002DE9F04F93B00093574B814607
:1022F000D3F800B00BB2002B0D461646C1F30268AE
:10230000C1F3024A04DA6FF0800013B0BDE8F08F29
:102310008B42C36001D10020F7E708EB0A03042BCE
:10232000F1D8CC0F64014FEAC80731463A46DBF8D2
:10233000080044F0020300F0FAFE01460028E2D152
:10234000202202A803F0F7FB3A46314602A84FEAE2
:10235000CA0603F0CBFB32460099DBF8080044F0D4
:10236000060300F0E4FE07460028CCD101462022F7
:102370000AA803F0E0FB324600990AA802AE03F077
:10238000B5FB33460137B84514D91A46BC460DE0B3
:10239000D2F808E0D16818687144884203D25968BD
:1023A00008448645AFD30CF1010C0832C445EFD187
:1023B0000833E7E715F0006F18BF202409F118076C
:1023C00007EB880844F00203474513D1202C26D19F
:1023D000002D02DBC5F3C0456C0109F128050AAEEA
:1023E00005EB8A0A44F0060455451AD1009BC9F84A
:1023F0007C3090E77268DBF8080056F8081B019300
:1024000000F095FE00287FF47EAF56F8042C019B67
:1024100047F8042F56F8082C38633A62D4E70024B2
:10242000DBE77268234656F8081BDBF8080000F06B
:102430007EFE00287FF467AF56F8043C45F8043F61
:1024400056F8083C28642B63CEE700BFB019002083
:102450002DE9F0411F461A4B0D461646D3F8008071
:1024600000F05BFF044608B900F05AFDE368002B5A
:1024700001DA00F055FD032D01D900F051FD04EB08
:102480008504E569E36CED1A16D006233A46314619
:10249000D8F8080000F04BFE08B100F041FDBD4245
:1024A00028BF3D46E36CE16B2A461944304603F0F1
:1024B0001DFBE36C2B44E3642846BDE8F08100BFBC
:1024C000B01900202DE9F0411D461A4B0F46164663
:1024D000D3F8008000F021FF044608B900F020FD89
:1024E000E368002B01DA00F01BFD032F01D900F097
:1024F00017FD04EB8704E36AE26E9B1AAB4201D23C
:1025000000F00EFD02232A463146D8F8080000F0FC
:102510000EFE08B100F004FDE36EE06D2A46314680
:10252000184403F0E3FAE36E00202B44E366BDE8B1
:10253000F08100BFB01900202DE9F04105464FF0B1
:1025400001080E4E0E4B37685C681CB92846376090
:10255000BDE8F0812268936813F400700CD1A36980
:10256000012B09D0D368346023B19847002801DAE1
:1025700000F0D6FCC4F81880246AE6E7B019002001
:10258000B419002038B5044610B96FF0800038BD8A
:102590008368002BF9D01A68002AF6D05D68002DF8
:1025A000F3D00B4BE861A8691D6020B92B68DB688C
:1025B00053B90123AB61A36804F10C001B681B69CC
:1025C000984701232360E2E798470028F1DADCE727
:1025D000B01900204268024B08461A60704700BFDD
:1025E000B0190020002330B505680446AA68C0E988
:1025F000063312F4406F85B01CD012F4006202D092
:1026000000F0C2F90246A96A2B6968460B440731FB
:1026100023F0070321F00701CDE902130093002303
:1026200005490193EB6800F0A9FA684600F058FEEE
:10263000024B1C6005B030BD39250000B0190020E8
:1026400001F00C0370B50C2B0CBF154605464A066D
:102650000C461ED58B0658BF2835AB6913F8026CA3
:1026600084F00803C3F3C003C6F38012934201D081
:1026700000F056FC16F0A00F1ED176B1032E17D035
:1026800032461C210E48FFF7C1FD6FF083032B601B
:102690000CE000F045FC2026E2E700F045FB044694
:1026A000FEF70EFA2146074800F014FE204670BDE2
:1026B000284600F049FAF9E732461F210248E2E7CE
:1026C00044350000F80B002060350000EFF308806F
:1026D0007146EFF30982EFF30B830CB406B4FFF7F6
:1026E000AFFF8646009900F0080001F00801401A8B
:1026F00002DC12DB04B070471EF020031CBF2DE982
:10270000F00FBDF1080D0A4C254626462746A04687
:10271000A146A246A34630B4704704B030BC1EF0B8
:1027200020031CBF1DF1080DBDE8F00F04B0704779
:10273000A5EDF5FE084BDA6882F07F4282F47F0255
:1027400042F48042DA6000221A765A76DA76DA7734
:10275000602283F82220704700ED00E0114BD3F88F
:10276000882042F47002C3F88820BFF34F8FBFF374
:102770006F8FD3F88C2042F44062C3F88C20D3F8DA
:10278000342242F08042C3F83422D3F8342242F09B
:102790003C42C3F834224FF0E022D36843F42003D4
:1027A000D360704700ED00E0009A164B9A4227D1A3
:1027B00001229043014641EC100B41EC110B41EC1E
:1027C000120B41EC130B41EC140B41EC150B41ECDB
:1027D000160B41EC170BEFF3148222F0040282F384
:1027E0001488BFF36F8F024603460446054606462B
:1027F000074680468146824683468446864604478D
:10280000FEE70000A5EDF5FE2DE9F041044618B9FC
:1028100043F6DA30BDE8F0810029F9D0836800255D
:1028200013F4406F14BF01230023134F43F002033E
:10283000DFF848800B6000F13006236AAB4201D814
:102840000020E7E71421A369E26906EB830301FB9B
:1028500002330C226A4399188968090709D59B58E5
:10286000BB4201D04345D3D1186810B10121FFF715
:10287000A9F90135E1E700BFB4100020AC10002039
:1028800070B5324C86B03248FFF76BFC23680125E7
:102890005A1C01932F4B2260DA681B694FF4407673
:1028A000039300232A4801A902920495ADF814600D
:1028B0008DF81630FFF716FC18B143F6DA3006B083
:1028C00070BD23688DF816005A1C0193224B2048D6
:1028D0000293224B01A9CDE903352260ADF81460C3
:1028E000FFF700FC0028E8D123688DF816005A1C79
:1028F00001931B4B164802931A4B01A9CDE90335EE
:102900002260ADF81460FFF7EDFB0028D5D12368F5
:102910008DF816005A1C0193134B0D480293134B6C
:1029200001A903930223049340F201132260ADF83E
:102930001430FFF7D7FB04460028BED12A462946AB
:102940000348FFF759F92046B9E700BFBC1900203A
:10295000A8100020F035000020360000C05E000006
:102960002006000020060000000C0020200C0020A3
:10297000014B1868704700BFF0350000014B1B6821
:1029800018687047F0350000014B1B6858687047A5
:10299000F035000008B5FFF749F9FFF79BF80A4B3F
:1029A0005A68103AD3B2120609D401215A0903F029
:1029B0001F03994002F16003044A42F82310BDE866
:1029C000084000F0ADBA00BF00ED00E000E100E01B
:1029D0000020034BD8765A6A42F470225A6270473C
:1029E00000ED00E00349044BCA68002092B2134393
:1029F000CB60704700ED00E00800FA0500224FF0C0
:102A0000FF300D4B02F1A0010132102A43F82100E2
:102A1000F8D1D3F88022002022F00802C3F88022E7
:102A2000D3F88022D3F8802222F40072C3F88022E7
:102A3000D3F88032704700BF00E100E008B5FFF72F
:102A40002DF80822024BC3F880211A60002008BD2F
:102A500000E100E0064BD3F8D02022F00102C3F8D9
:102A6000D020D3F8D02042F00202C3F8D020704723
:102A700000ED00E037B50124FFF73EF8174D224680
:102A8000052347F6FF7100200094FFF74DF822461A
:102A900007234FF0005012490094FFF75BF8D5E987
:102AA0000101072300220094FFF73EF807230022CC
:102AB0000C490D480094FFF74DF82969E868013981
:102AC000FFF762F8062300224FF4782007490094AC
:102AD000FFF72AF8002003B030BD00BFF03500003A
:102AE000FF7F0020FFFF032000800020FF9F0F00DA
:102AF00038B500240E4D002155F8040B0134FFF7C2
:102B00006FF81C2CF7D10020012240F20111094B73
:102B1000C3F88004C3F88424C3F8C004C3F8C424F1
:102B2000054AC2F840154FF48072C3F8402438BDFE
:102B30008035000000300050009003500122014B0E
:102B40001A607047C019002010B50446094B22894D
:102B5000186861680623806800F0E9FA28B9064B16
:102B60001B68012B01D100F087F86FF0860323600A
:102B700010BD00BFB0190020C01900202DE9F84396
:102B800005461E460068134B9046AA68A0F108044B
:102B900040E90233503890420F4601D200F0C0F9AC
:102BA000A4F1480948220021484602F0C4FF00234E
:102BB00044E9073344F8143C4FF0807344F8043C74
:102BC0006FF0020344E9036744F8208CC5E90093E1
:102BD000BDE8F883A5EDF5FE30B5094C0246616805
:102BE0000023084640B105686D68954205D11BB1C8
:102BF000826860609A60816030BD03468068F1E75A
:102C0000441A002038B504462AB10B689B68DB05DE
:102C100012D5002038BD0B4B1D680DB900F080F9AE
:102C200000222B6899692C338A4203D053F8040F91
:102C3000A04204D19142ECD16FF0FC00EAE70132EE
:102C4000F2E700BFB019002070B504460E461546E5
:102C5000002130220C3002F06EFF064B20461B682C
:102C6000A6606360656100F001FA002320612360C3
:102C700070BD00BFB0190020044B1B681BB11B685E
:102C80000BB1586870474FF0FF307047B019002003
:102C9000064B10B51C680CB900F042F923689B681C
:102CA00013F4406F14BF0120002010BDB0190020A4
:102CB0002DE9F843904607460C46FFF7E9FF024628
:102CC00024B96FF080042046BDE8F8836300F8D58E
:102CD000144B04F01F0153F82150002DF1D02B6844
:102CE00029465868FFF78EFFB0B9C4F3072128467C
:102CF00000F001FB04460028E3D1EFF3108972B61F
:102D000000F0C1F9064689F3108840B142462946D1
:102D1000FFF79AFF3E60D6E76FF08104D3E76FF0CC
:102D20008204D0E7C41900202DE9F04100F0AAF98F
:102D30000023134E134F73607B6000F0E5F8DFF85B
:102D40004880304600F022F80446A8B13946802376
:102D5000424600F07FF80546204600F011FB20684F
:102D600004F10801FFF750FD08B100F0D9F8294639
:102D70002046FFF737FCE4E7BDE8F04100F071B909
:102D8000B4190020441A0020C4190020F8B50546E3
:102D900008B900F0C5F82A4E346814F1290F4CD850
:102DA000284B196804F128038B4246D2236AA26992
:102DB00003EB43030C321344606AE269024402EB02
:102DC000820213449B00E31801D2994201D200F021
:102DD000A7F823681C4A1B0C1B04934201D000F087
:102DE0009FF82388B3F5817F01D300F099F86368D9
:102DF000002B01DA00F094F8144A176807F1240355
:102E00001360134A1268934201D900F089F8236ACB
:102E1000A26903EB43030C32616A1344E2693C602C
:102E20000A4402EB82021344326802EB83026B68AD
:102E300032603B626F603846F8BD0027FBE700BF99
:102E4000C41000201436000000005F5FC010002096
:102E5000103600002DE9F74F0F46904606460093C6
:102E600000B109B900F05CF8D6F800A0DAF8182033
:102E70000AF1300303EB820BDAF81C40204B1D688B
:102E800054B10C2202FB04541C601E4B1B689C4274
:102E900001D900F045F82C4625464FF00009DAF834
:102EA0001C204A4500D91CB9002003B0BDE8F08FB2
:102EB000142303FB09B20023C5E900269268AB6026
:102EC000930516D5B8F1000F02D0009B802B03D0DC
:102ED000019200F025F8019A12F0E00FD0B202D171
:102EE00058F820201AB1019000F01AF8019848F81B
:102EF00020507A6809F10109AA607D600C35CEE79F
:102F0000BC1000200C36000008B5FFF731FD034B64
:102F10009860FFF733FD80F3888808BD00ED02E07C
:102F2000FFF732B98230012808B506D8FFF7B0FEA6
:102F300018B9BDE80840FFF7F3BF08BDF8B506466D
:102F40000D4600F0EAF9044608B9FFF7E9FFA76863
:102F50000FB9FFF7E5FFE368991C20D05A1C21D177
:102F6000A5B315F1820F13D102232360EFF310866E
:102F700072B629462046FFF72DFB054686F31088DA
:102F80002368022B24D1204600F086F82846F8BD9D
:102F900015F1830FEAD0FFF7C3FF0025E6E7022310
:102FA0002360FAE7002BF6DB204600F0DAF93B68F5
:102FB0009B689B0501D50223236015F1810FD5D1B4
:102FC0006369002BD2DBFFF7ABFFCFE73546F4E7B1
:102FD00000232360DAE708B5FFF7D6F86FF0830027
:102FE00008BD2DE9F3410E46174698460546FFF702
:102FF0004FFE00F0A6F92946024601A8FFF758FE49
:10300000044660B943463A4631460198FFF76AF9EB
:10301000044640B16B0002D5019800F03DF820460F
:1030200002B0BDE8F0810198FFF7ACFA0446F6E77C
:1030300040F20110704770B50546FFF729FE0646BD
:103040002846FFF7C9FD044608B9002070BD0146B7
:1030500032462846FFF7D6FD0028F6D12368D86807
:10306000F4E76FF00200704700DF70474FF48050C4
:103070007047B0F5805F03D1EFF30B808038704765
:10308000002070477047EFF30B8000F1800383F35B
:103090000B88704700207047EFF30B83803B83F36E
:1030A0000B88704780EA0000E1EE100A00EE100A7B
:1030B00000EE900A01EE100A01EE900A02EE100AEC
:1030C00002EE900A03EE100A03EE900A04EE100AD4
:1030D00004EE900A05EE100A05EE900A06EE100ABC
:1030E00006EE900A07EE100A07EE900A08EE100AA4
:1030F00008EE900A09EE100A09EE900A0AEE100A8C
:103100000AEE900A0BEE100A0BEE900A0CEE100A73
:103110000CEE900A0DEE100A0DEE900A0EEE100A5B
:103120000EEE900A0FEE100A0FEE900A70472DE98E
:10313000F0410E461546002A4AD0C4074BD480F011
:103140000204C4F34004A40003F00602062A4AD194
:1031500044F0010422462946304602F075FBB8BB14
:1031600046E800F205EB0608100E120208F1FF37E0
:1031700047E800F34FEA136166D51B0264D5884225
:1031800062D046E800F547E800F7FEF798FF2D0EFD
:1031900085424FEA176734D3FEF793FF874230D852
:1031A0002846FEF787FF2246C6F10101014430465A
:1031B00002F04AFB002847D00135AF4218D8384604
:1031C000FEF776FF2246A8EB000102F03DFBD8B3E4
:1031D0000020BDE8F081EFF39484A40004F004041F
:1031E00044F01204B0E7990731D544F00804B1E780
:1031F0002846FEF75DFF0646FEF765FF22460146BC
:10320000D5E7FEF768FF85421ED3FEF766FF8742CB
:103210001AD82846FEF7D0FC2246C6F10101014427
:10322000304602F011FB78B10135AF4203D8384681
:10323000FEF74CFFC6E72846FEF748FF0646FEF7B6
:103240004EFF22460146EBE76FF07F00C1E74CF2EC
:10325000DA20BEE710B50446FFF7FCFBFFF70AFCD7
:1032600010B143F6DA3010BDFFF742FC0028F8D168
:10327000FFF706FB0028F4D102232360F3E708B52B
:10328000FFF7A6FB10B143F6DA3008BDFFF7AAFB43
:103290000028F8D100F01CF80028F4D162B6FDF740
:1032A000F9FBFFF7ABFB0028EDD1FFF7C7FB0028C8
:1032B000EBD0E8E7EFF30880EFF309812DE9F00F99
:1032C0006B467246FDF73CFB08B0FFF763FBFEE779
:1032D0000020704704460D46FFF7E4FEA546284748
:1032E0000368283383F30988836883F30B88BFF36B
:1032F0006F8F4068704703689A68DB6812F4806FCC
:1033000005D18B422CBF00206FF0FA0070478B4232
:103310000CBF00206FF0FA00704710B5FFF7A9FE50
:103320000446FFF7B7FE50B9FFF7A6FCA3685B6839
:103330001B685B68834218BF0024204610BD002430
:10334000FBE738B5054648B100F01BF8B5EBD07F78
:10335000044601D0FFF7E4FD204638BDFFF78CFCA2
:10336000F4E7002310B500F1280252F8041F19B148
:10337000C16F146C19444C600833202BF5D110BD7B
:1033800070474FF0FF307047464154414C20455242
:10339000524F523A2000486172644661756C740D58
:1033A0000A004D656D4D616E616765206661756CE3
:1033B000740D0A004275734661756C740D0A0055F0
:1033C000736167654661756C740D0A0053656375BA
:1033D00072654661756C740D0A005265736572768C
:1033E000656420457863657074696F6E2000506C69
:1033F0006174666F726D2065787465726E616C20A1
:10340000696E7465727275707420284952516E2904
:103410003A200000D90A0000BB1E0000890D000000
:103420003D0D0000E31E0000EF1E0000110B000028
:10343000BF1E0000F90A0000050B0000C50B0000CC
:10344000C51E0000D11E0000D71E0000180000009D
:10345000170002000302020200000000000000004A
:103460000338FDD87047506C6174666F726D2045EB
:103470007863657074696F6E3A0D0A00416C6C2058
:1034800070696E732068617665206265656E206381
:103490006F6E66696775726564206173206E6F6E0A
:1034A0002D7365637572650D0A0030313233343522
:1034B000363738394142434445461B5B313B333450
:1034C0006D5B536563205468726561645D2053656C
:1034D0006375726520696D61676520696E697469DD
:1034E000616C697A696E67211B5B306D0D0A00544F
:1034F000462D4D20466C6F6174204142493A204868
:103500006172640D0A004C617A7920737461636B97
:10351000696E6720656E61626C65640D0A001B5BF5
:10352000313B33346D426F6F74696E672054462DA2
:103530004D2076322E302E302D6E6373321B5B3071
:103540006D0D0A00556E6B6E6F776E2053504D20D7
:10355000535643207265717565737465643A200033
:10356000556E6B6E6F776E20535643206E756D628D
:103570006572207265717565737465643A20000028
:1035800000400050005000500080005000A000504B
:1035900000B0005000E0005000F00050000001506A
:1035A00000100150004001500050015000700150C7
:1035B0000080015000B0015000C0015000D0015007
:1035C00000E0015000F001500000025000100250D5
:1035D00000200250003002500040025000600250B3
:1035E0000080025000A0025000900350002584503B
:1035F0000080000000800000FF7F0F00007C0000C2
:103600000080000000800F00FF9F0F002C120020A0
:0836100014120020000200006A
:10362000009A204B9A4208D110B502F0A7FA02F096
:10363000A9F906BC96460C46744702F0E3FA009AD4
:10364000184B9A4208D110B502F0A4FA02F09AF988
:1036500006BC96460C46744702F0D4FA0CB4029AA3
:10366000104B9A420CD14FF0004319430CBC10B5DB
:1036700000F09EF802F086F906BC96460C467447A8
:1036800002F0C0FA009A074B9A4202D10649086834
:10369000744702F0B7FA009A024B9A4200D174477D
:1036A00002F0B0FAA5EDF5FE801000200348044BAF
:1036B000834202D0034B03B118477047A811002082
:1036C000A8110020000000000548064B1B1AD90F66
:1036D00001EBA301491002D0034B03B11847704717
:1036E000A8110020A81100200000000010B5064C11
:1036F000237843B9FFF7DAFF044B13B10448AFF363
:1037000000800123237010BDC018002000000000BD
:10371000AC5E000008B5044B1BB104490448AFF38C
:103720000080BDE80840CFE700000000C41800207A
:10373000AC5E0000A3F5803A704700BF174B002B2A
:1037400008BF134B9D46FFF7F5FF00218B460F4640
:103750001348144A121A02F0EEF90E4B002B00D057
:1037600098470D4B002B00D0984700200021040003
:103770000D000D48002802D00C48AFF3008002F085
:10378000DBF820002900FEF76DFD02F0C1F800BF54
:10379000000008000000000000000000F80B0020FE
:1037A000A8110020B8280020000000000000000040
:1037B0002DE9F84304460D4616461F46EFF30583F0
:1037C000C3F308030BB1FFF7ABFBDFF834903B46C4
:1037D000204632462946D9F80080FFF702FCD9F886
:1037E00000300446984506D0DB6901461869BDE8FB
:1037F000F843FFF7A3BBFFF795FB2046BDE8F8832E
:10380000B019002001680E4A0346914215D1C169E2
:10381000A2F11022A2F1EF1291420ED18268012A88
:103820000BD8C26812B101698A4206D0586928B122
:103830009B691B1A5842584170470120704700BFCE
:1038400055AA00FF0D4B70B59E68A6B13046FFF734
:10385000D9FF044678B9F3686BB935690DB92046CC
:1038600070BD2846FFF7CEFF28B9EB68B34202D1FE
:103870002E462D69F2E70124F1E700BF4C1A002023
:103880002DE9F041394E3468F368D4B1B468C4B15D
:10389000002861D000295FD001FB00F5B5FBF0F0F6
:1038A000884259D1291D57D8AA070DD025F0030207
:1038B00004321C4603E0616891424FD2A469002C97
:1038C000F9D12046BDE8F0812A46F2E7891A23297A
:1038D00004F12007D4E9050C1AD80123A360A0B194
:1038E000C0F818C0A36903B158610023C4E90533C7
:1038F0003369DB0702D5FFF7A5FFA0BB2A460021ED
:1039000038463C4602F017F9DBE7C6F80CC0E9E799
:1039100002F1200804EB08032039C3E9011E2169E4
:10392000DFF84CE0DC60196144F808E0AEF1102EDD
:10393000AEF1EF1EC3F81CE001B1CB60C3E9050C8A
:1039400040B18361996901B14B6101212361C4E9EF
:103950000121CAE7F360F5E70024B2E7D4F808E0F4
:10396000BEF1000FB2D0012001F0D2FF4C1A0020AE
:1039700055AA00FFF8B5054600283AD0364E336800
:10398000002B36D0B268002A33D0834203D8726845
:103990001344984202D3012001F0BAFFA0F12004A1
:1039A0002046FFF72FFF0028F5D155F8183C012BD2
:1039B000F1D145F8180C55E90570DFB1BB68CBB9FA
:1039C00055F81C2C7B68203213447B60386100B1B1
:1039D000C76020220021204602F0ADF8386908B106
:1039E00083682BB333699B0703D5FFF72BFF0028B0
:1039F000D1D1F8BD40B3836833BB426863681344D8
:103A0000203363600369D4E90521236192B9B9B910
:103A1000426981696261A161A2B19461A26902B146
:103A2000546103B1DC602022002102F084F8D9E760
:103A30003C46E2E79161A1690029E9D04A61E7E7E4
:103A4000F160F8E7F460E9E7F36845F8083C03B192
:103A50005C61F460C6E700BF4C1A002038B50D4623
:103A6000142200210446124802F065F81149124858
:103A700000F02CF8232D1AD914F003031FBF043DC6
:103A8000ED18C3F10403E4182A460021204602F091
:103A900052F8074B094AC3E900459C602260A2F135
:103AA0001022203DA2F1EF126560E261DC6038BDBA
:103AB0004C1A0020753900008138000055AA00FF1B
:103AC000014B1B68184700BFC8100020024B18604C
:103AD000024B002019607047CC100020C810002055
:103AE00010B50A46044619B1024B00211B689847DD
:103AF00010BD00BFD0100020054B0A46197819B13F
:103B00000146181D02F0B8B86FF08800704700BF7A
:103B1000601A002010B5074C00F032F8204602F081
:103B2000BCF8201F0821FFF7DBFFBDE8104002F0C2
:103B3000A0B800BF641A002070B50C4D2B787BB97B
:103B400002F095F8044670B90126281D6E7002F047
:103B500091F8044638B900F00BF8044618B92E70F5
:103B60000024204670BDFFF7D5FFFAE7601A002059
:103B70000122024B002083F880257047681A00203C
:103B8000F8B5074C2025264601272046276202F07B
:103B90005DF8013D04F12C04F7D186F88055F8BD9D
:103BA000681A002010B50C4C236813B10B4B1B682E
:103BB0002BB900F089FC30B90122084B1A600123AF
:103BC0002360002010BD0138062801D9044810BD2B
:103BD000044B53F8200010BD0420002000200020DA
:103BE000FE8FFFFF145D0000144B2DE9F043002809
:103BF00014BF04461C46124F236883B0BB4219D041
:103C000016460D4620464FF4147104F1040900F0E5
:103C100047F804F58E78484600F0CEF8404600F0AC
:103C200019FA2B464A4640460649009600F034FBF6
:103C300008B92760002003B0BDE8F0830820002009
:103C4000A5BCC95A3D3E000070B50D4C1D4600286C
:103C500014BF064626460B4B306882B098420DD101
:103C600006F58E70002633460096144600F03EFBA3
:103C7000002818BF34462C6002B070BD0248FBE734
:103C800008200020A5BCC95AE88FFFFF38B131B128
:103C9000002201440346013081421A70FAD1704774
:103CA00038B131B1002201440346013088421A7014
:103CB000FAD170472DE9F043202B1D460646884671
:103CC00091468BB026D8DBB202AF8DF80480B046A7
:103CD00058F8041B8DF8053021B9404601F038F939
:103CE000044640B9012302224046336001A901F095
:103CF00043F9044638B138462021FFF7D1FF20466A
:103D00000BB0BDE8F0832A464946404601F034F93D
:103D10000446F0E702AF1946104600233A4601F088
:103D2000B1FA04460028E6D12023B9461D46CCE767
:103D30002DE9F041D0F8F830A6B0002BD8BF02AE84
:103D400031DD05460027D0F80C4102AEA4F1010890
:103D50009022D5F8FC403146D0F8000101AB019724
:103D6000B8FA88F8A0474FEA5818044620B9019BD2
:103D700053B9B8F1000F16D030469021FFF790FFED
:103D8000204626B0BDE8F081014632462846FFF7BE
:103D900091FF58B9D5F80431019A1344C5F804319C
:103DA000B8F1000FE8D16FF03C04E5E70446204687
:103DB00026B0BDE8F08100BF70B50025044614228E
:103DC00004F588762946C0F8F850FC3001F0B3FEBF
:103DD00008222946304601F0AEFE144B30461B68DF
:103DE0009847204640F8045B01F098F8104B3046A5
:103DF0001B689847C8B9D4F8F830AB420FDC03EB26
:103E0000830204EB82022021C2F800010120C2E9F2
:103E1000421008490133C2F8FC10C4F8F830064BD0
:103E20003046BDE870401B68184770BDF010002098
:103E3000EC100020214E0000E81000202DE9F04792
:103E4000202A88B07AD83F4B00F5887904461B6851
:103E500048461746884698470546F8B940F2011685
:103E6000D4F8F830002B65D02046FFF761FF0546F7
:103E700038B9D4F8F830002B14DC013EF2D16FF0E1
:103E80003B056E4620213046FFF70AFF2E4B484681
:103E90001B689847002818BF6FF01D05284608B01A
:103EA000BDE8F087D4E94132934203D3D4F80C2122
:103EB000012A02D0013ED7D1E1E71F2BFAD96E4685
:103EC00001462022304604F1040A01F034FE314656
:103ED000504601F07BF805460028D3D1504601F04A
:103EE00031F8504601F01AF82946504601F030F8F2
:103EF00005460028C6D150462022314601F03CF844
:103F000005460028BED1034632462021304601F046
:103F1000B9F905460028B5D1D4F8F8303A46002B57
:103F2000C8BF002340463146C8BFC4F8043101F081
:103F3000DDFDA7E76FF03F056E46A3E76FF03B0599
:103F4000ACE700BFEC100020E810002070B590B086
:103F500000287AD03E4C0D464022362106462046A7
:103F600001F0E9FD40225C21A01801F0E4FD2B1DC9
:103F7000A34203D904F144039D4252D32B68226823
:103F8000534023602B68226C534023646B68626843
:103F9000534063606B68626C53406364AB68A268B3
:103FA0005340A360AB68A26C5340A364EB68E26823
:103FB0005340E360EB68E26C5340E3642B69226991
:103FC00053402361226D2B695340236562696B69FD
:103FD000534063616B69626D53406365AB69A2696D
:103FE0005340A361AB69A26D5340A365EB69E269DD
:103FF0005340E361EB69E26D5340E36500213046D5
:1040000000F0A6FF044628B940223046104900F0CF
:10401000B3FF044640216846FFF742FE204610B039
:1040200070BD631E04F13F01013D1F3415F8010FFF
:1040300013F8012F42401A7011F8012F2878A3427B
:1040400082EA00020A70F1D1D8E76FF07304E5E765
:104050005822002010B54FF49A720021044601F056
:104060006AFD42F21072044BC4F8202104F59670E8
:104070001B68BDE810401847F01000202DE9F04FF4
:1040800004468846914695B0002900F0A780002A92
:104090000CBF0126022600238DF80C30002C00F006
:1040A0009F80DFF844A104AF0AF1400B00212046B5
:1040B00000F04EFF034648B1384620210193FFF738
:1040C000EFFD019B184615B0BDE8F08F4022514628
:1040D000204600F051FF03460028EDD104F1F4051D
:1040E00020222946204600F047FF03460028E3D15E
:1040F0000122204603A900F03FFF03460028DBD140
:10410000022E62D020460CA900F060FF0346002872
:10411000D2D10146204600F01BFF03460028CBD138
:1041200040225946204600F027FF03460028C3D10D
:10413000202220460CA900F01FFF03460028BBD117
:104140003946204600F042FF03460028B4D13946E4
:104150002046FFF7FBFE03460028ADD1202229466A
:10416000204600F009FF03460028A5D120460CA9EF
:1041700000F02CFF034600289ED10146204600F0A7
:10418000E7FE0346002897D140225946204600F01A
:10419000F3FE034600288FD1202220460CA900F010
:1041A000EBFE0346002887D12946204600F00EFF8B
:1041B0000346002880D19DF80C200132D2B2B242D1
:1041C0008DF80C20FFF472AF76E74A464146204650
:1041D00000F0D2FE0346002894D06DE701265AE78E
:1041E0006FF0730304AF67E7582200202DE9F04118
:1041F0000446884615461F46D0F81801E0B013B1B2
:1042000000EB40004008B5F5807F3ED82844B0F56B
:10421000C07F3AD84FF4C0720021684601F08BFC91
:104220006946D4F82431D4F81821D4F828019847E5
:1042300070BBD4F8186157B1D4E9493072080DEB5E
:104240000601984720BBD4F8183106EB5306B8F1A5
:10425000000F00D08DB9324669462046FFF70EFFA9
:10426000054610B90123C4F8143131466846FFF7FA
:1042700017FD284660B0BDE8F0810DEB0600414611
:104280002A462E4401F032FCE5E76FF00405F0E722
:104290006FF00805EDE700BF2DE9F047044604F193
:1042A000F4050F4691461E46DDF8208000F036FEEC
:1042B00029462046FFF74AFE08B1BDE8F0872846A8
:1042C0002022012101F037FCD4F81831C4F8247100
:1042D000C4F8289113B92023C4F818314246314656
:1042E0002046BDE8F0470123FFF780BFB2F5806F9D
:1042F00000F295802DE9F04F89B09A46129BB3F5F4
:10430000807F00F29080D0F82431164604460F4694
:104310004BB3D0F81C31012B05D0D0F81421D0F8C4
:1043200020319A421FDD514600232046129AFFF7A2
:104330005DFF014698B900231293002E5ED0DFF88E
:10434000EC9009F1400B0021204600F001FE202EE8
:104350003546014628BF202504F1F40890B10846EF
:1043600009B0BDE8F08FBAF1000FE6D0129B002B28
:10437000E1D051461A462046FFF780FE014600284C
:10438000DBD0ECE749464022204600F0F5FD01462F
:104390000028E4D141462022204600F0EDFD0146F0
:1043A0000028DCD16946204600F010FE01460028B6
:1043B000D5D1204600F0CCFD01460028CFD159468A
:1043C0004022204600F0D8FD01460028C7D16946AA
:1043D0002022204600F0D0FD01460028BFD14146F2
:1043E000204600F0F3FD01460028B8D138462A46A1
:1043F000414601F07BFB761B2F44A4D15146204659
:10440000129AFFF73BFE01460028A8D10846D4F8CF
:1044100014310133C4F8143109B0BDE8F08F6FF0E6
:104420000201084670476FF0040198E75822002007
:10443000002130B58DB0282202A8019101F07BFB4C
:1044400002A800F047FF044610B120460DB030BD71
:10445000174D4FF0FF31286800F042F9044620B1B3
:10446000144800F0D3F9012C18D0002000F068F9AE
:10447000D0B9114A02A901A800F0C4FC04460120E9
:1044800000F05EF960B9286800F032F90028DCD04D
:104490000A4800F0BBF920460DB030BD0524F2E714
:1044A000074800F0B3F9EEE7064800F0AFF9E0E79F
:1044B000D4100020305D0000D8220020885D00006C
:1044C000685D0000485D000030B583B000F05CF826
:1044D00028B100F0ABF80324204603B030BD00F053
:1044E00077F8D8B900F02CF9E0B9224CD4F8283983
:1044F0001B0EF02B0AD1D4F8242A1F4B9A4231D03C
:1045000000F044F8072400F091F8E5E7062400F0F5
:104510003DF800F08BF8204603B030BD042420465F
:1045200003B030BD00F032F800F080F8FFF780FFF4
:10453000044698B9114D2B68002BCDD10246014697
:10454000FFF752FB50B968220D4901ABFFF77CFB26
:1045500020B920460B4B2B6003B030BD052420460C
:1045600003B030BD012000F0EBF80028DAD1C4F828
:104570000C0ADBE7001084500000E020F824002043
:10458000FC2400205AEA5A5A002070470020704745
:10459000430504D54FF0FF32034BC3F80821024B0B
:1045A000C3F8080A704700BF00108450014BC3F8DD
:1045B000040A70470010845008B100F06BB84FF443
:1045C0007500704708B100F04FB84FF475007047A0
:1045D00010B5114800F070F800B110BD0F4800F0A0
:1045E0006BF80028F9D10E4C204600F065F8002841
:1045F000F3D10C4B0C481C6000F05EF8014600281B
:10460000EBD100F02DF8044608B1204610BD00F0B3
:1046100079F82046FAE700BFE4100020E0100020FF
:10462000DC100020D4100020D810002008B5084865
:1046300000F04CF8074800F049F8074800F046F849
:10464000064800F043F8BDE8084000F00BB800BF92
:10465000E4100020E0100020DC100020D810002022
:1046600000207047704700BF024610B4084CD4F8D1
:10467000003A1342FBD021B1D4F804310B60C4F8E6
:104680000831034B0020C3F8082A5DF8044B70473B
:1046900000108450044AD2F8003A1842FBD0C2F805
:1046A000080A0020704700BF0010845001F0E8B9EC
:1046B0000A46002101F03FBA08B5034B02681B68A7
:1046C00010689847002008BD1011002008B5034B62
:1046D00002685B6810689847002008BD1011002030
:1046E000024B02689B681068184700BF1011002039
:1046F00008B5034B0268DB6810689847002008BDC6
:104700001011002070B5094C094D2069AB6898471D
:1047100018B1084B08485B6898470021074AEB68C6
:1047200011602069BDE87040184700BFFC100020F0
:1047300010110020F4100020A05D0000642500206E
:10474000F8B51A4D1A4E0446B26828699047E8B980
:10475000184F3B684CB1A3B1012B19D0013B3B6012
:104760002869F36898470020F8BD43B90121124A2F
:10477000C2F800151149D1F81029002AFBD10133E4
:104780003B60F368286998470020F8BD0C48F8BDE5
:104790000A4AD2F81039002BFBD1074A6FF07E404D
:1047A000C2F80035FFF702FF3B68D7E7FC10002096
:1047B0001011002064250020000084500010845057
:1047C000E98FFFFF014B1B68184700BF1011002045
:1047D000014B9B68184700BF10110020014BDB689C
:1047E000184700BF10110020BFF34F8F0549064B3B
:1047F000CA6802F4E0621343CB60BFF34F8F00BF7F
:10480000FDE700BF00ED00E00400FA0530B44FF012
:10481000FE320025074B084C08494968C3F80024BC
:10482000C3F80424C3F80824C3F80C24C4F80055C2
:1048300030BC08470010845000008450F410002061
:1048400010B5044650B1636813F0685F05D0064A9E
:10485000934202D000236260236010BD034B0448E2
:104860005B689847EFE700BF2C5F5CA9F41000205D
:10487000C05D0000C8B143680D4A934213D013F0E5
:10488000685F0ED0012350E8002F194640E8001C55
:104890009CF0000FF7D1012AF5D0BFF35F8F002005
:1048A000704704487047044870476FF4E040704711
:1048B0002C5F5CA9E98FFFFFEA8FFFFF034680B101
:1048C000426809498A420AD012F0685F05D0BFF3F6
:1048D0005F8F002210461A607047044870470448F2
:1048E00070476FF4E04070472C5F5CA9E98FFFFFD1
:1048F000EA8FFFFF10B5044620B10023034A23606E
:10490000626010BD0248FFF781FFF6E73A00003A07
:10491000E85D00002DE9F047002878D00C4600291A
:1049200075D01D46002B72D007461AB10122002314
:104930002A6003602B68002B64D02946204600F0D3
:10494000B7FD804600285FD12146286800F096FD1B
:104950008046002858D12B68082B6CD0042B6DD0D2
:10496000A3F10209B9FA89F94FEA59190121354E23
:10497000C6F8C411C6F84011C6F8C411636AC6F877
:104980003031D6F830219342F6D14FF0000A4FF083
:10499000FF30C6F82CA1FFF7FBFD6FF01B0350465C
:1049A000C6F80031FFF702FEC6F80C91D6F8040AEB
:1049B00040F48060FFF7FAFD0A23C6F83831089BFF
:1049C000012B29D02369204AA2FB03231B09626A19
:1049D000404602FB03F303EB43031A4ADB039B0944
:1049E000C2F8D8310123C2F82C313B682A6823F081
:1049F0007F4343EA02633B602A6843EA02233B6049
:104A0000BDE8F087DFF844804046BDE8F087DFF876
:104A100040804046BDE8F0874FF47F03D3F80C2C6C
:104A2000013206D0D3F80C3C074AA2FB03231B0932
:104A3000CDE71623CBE74FF0030997E74FF00209C4
:104A400094E700BF00108450ABAAAAAA310CF10071
:104A5000350CF10058B34B1EB3F5047F27D230B5A7
:104A60004FF0000ECD00744671464B0901F01F0C4B
:104A700050F82330BCF11F0F23FA0CF306D003F0DB
:104A8000010319B901211C468E46EEE79C4201F153
:104A9000010106D01C464FF0010EA942E5D10020CD
:104AA00030BD0EF1010E9645F7D1024830BD0148E8
:104AB000704700BF360CF100C0B32DE9F0434C1E27
:104AC000B4F5047F1DD2E3B1DAB100252E46A84625
:104AD0002C46CF0003F1FF394FEA541C04F01F0E9F
:104AE00050F82C10BEF11F0F21FA0EFC0CD00CF068
:104AF000010C4CB90126E04634463546ECE79642B7
:104B000016D90C48BDE8F083AB420BD0C44508BFB2
:104B10000136A945F3D001350134BC42DCD1002077
:104B2000BDE8F0830125E0462E46F5E701487047D1
:104B30001D46F1E7370CF1002DE9F04F91B08346A7
:104B4000DDE91B460D46002E6ED10F691C60002367
:104B50001A990B60002A00F02F819D4B6A6AD3F8E6
:104B60003811D3F830319A4269D10A2967D19BF8BC
:104B70000330089304F10803079304230593954B2E
:104B8000934CA3FB07239B0803EB4303A7EB4303CF
:104B9000039306971A9B069E1E60002E00F0EA8083
:104BA00000F096FC00230993BBF1000F00F0D580C4
:104BB00098464FF0010ADDF81C90002D00F0CD80E2
:104BC000089B002B3DD0284608A900F071FC002866
:104BD00039D0814B984220D0089B082B00F0E4800C
:104BE00000225B000893294608AB58460092FFF765
:104BF00091FE7A4B984200F0D38070B9DBF8002028
:104C0000130A03F47F03134323F07F43CBF80030F0
:104C1000059B013B0593BDD10020039000F058FC9B
:104C2000039811B0BDE8F08F4FF47F01D1F80C0C60
:104C300001300CBF4FF40477D1F80C7C86E768484C
:104C4000EBE76648C5E72946089800F017FC0028FE
:104C5000BFD1089B082B00F0A980042B00F0A9808D
:104C6000A3F10203B3FA83F35B090493C4F8C4A16C
:104C7000C4F840A1C4F8C4A16B6AC4F83031D4F8B8
:104C800030219342F6D100234FF0FF30C4F82C318D
:104C9000FFF77EFC002318466FF01B03C4F80031B9
:104CA000FFF784FC049B4B4FC4F80C31D4F8040A82
:104CB00040F48060FFF77AFC0A23C4F838312B698E
:104CC00009A8A7FB03236A6A1B0902FB03F303EB92
:104CD0004303DB039B09C4F8D831C4F82CA1DBF8EB
:104CE0000030089923F07F420B0243EA016313432B
:104CF000CBF8003000F0B2FB099B03F01A0303432A
:104D00007FF46AAFA7FB0637D4F81431B8EB970FDE
:104D10000A93D4F818310B93D4F81C310C93D4F8BF
:104D200020310D93D4F824310E93D4F828310F9309
:104D300001D1039B9BB9484618220AA9183EFFF7E8
:104D4000B5FC09F1180908F101089EB100F0C0FB9B
:104D500000230993002D7FF433AF224839E74846FA
:104D60001A46F61A0AA9994408F10108FFF79EFCB1
:104D7000002EEBD1069F079E6A6939463046FFF741
:104D800069FEAA6940B94FF4806339463046FFF79F
:104D900093FE00283FF440AF00231A9A136018E7EF
:104DA0002B6A002B3FF439AF0F4836E703230493F7
:104DB0005CE70223049359E70122294658460096EE
:104DC00008ABFFF7A7FD00283FF4D4AE25E700BFEE
:104DD00000108450ABAAAAAA020CF100310CF10019
:104DE000300CF100350CF100320CF10030B4DDE98B
:104DF000023402940024049DCDE9035430BCFFF733
:104E00009BBE00BF30B51546012487B005AB0093AB
:104E10000022CDE9015404ABFFF78EFE07B030BD90
:104E2000F0B587B0002966D01E46002B63D014462B
:104E3000002A60D0314F0D4638684FF0FF31FFF740
:104E40004FFC00284DD10020FFF77AFC002844D108
:104E50002B4800F03FFAD8B101204FF0FF35FFF7A3
:104E60006FFC002835D14FF408712648FEF70EFF7D
:104E700004212548FEF70AFF21482821FEF706FFF6
:104E80003868FFF735FC00282FD1284607B0F0BD61
:104E90001C4A0346029205AA019204AA03900092BA
:104EA000174902461848FFF7A1FF03460028D3D14F
:104EB00028461D46059B22469C4228BF1A46049957
:104EC00032600831FFF7F2FB0120FFF739FC0028C0
:104ED000C9D00E48FFF79AFCC5E70D48FFF796FCCE
:104EE000B6E70C48FFF792FCADE70B48FFF78EFCE6
:104EF000284607B0F0BD4FF0FF35C6E7D4100020BC
:104F00007C250020A425002078250020685D000075
:104F1000485D0000305D00000C5E000010B50446E6
:104F200028B12046BDE81040F421FFF7C1BB04487A
:104F3000FFF76CFC2046BDE81040F421FFF7B8BB3A
:104F4000245E000010B1F421FEF7A0BE704700BF40
:104F500008B521B1012908D06FF0360008BD012144
:104F600000F058F80028F7D108BD022100F052F8EF
:104F70000028F9D0F0E700BF30B505468818B0F535
:104F8000801F0B461446A1B001D8802A0CD9B3F576
:104F9000801F17D922461946284600F07DF804469E
:104FA00084B9204621B030BD6846FFF77FFB22461A
:104FB0006946284600F070F8802104466846FFF7ED
:104FC00077FBEDE76FF03604EBE700BF70B5E8B1B3
:104FD0000E46D9B1044600F031F80546B0B9236851
:104FE000012B0BD0022B01D0284670BD1C2230466D
:104FF00004F10801FFF75AFB284670BD2022304615
:1050000004F10801FFF752FB284670BD6FF036052A
:10501000EAE700BF78B138B50D46F0210446FFF746
:1050200047FB402320462560E36500F091FA0038F5
:1050300018BF012038BD0120704700BFF0B5056ED4
:10504000A5B0044604AEE5B900230127019330461C
:105050006760294602AA009300F046FA10B10120C9
:1050600025B0F0BD2A46204602A900F099FA002892
:10507000F5D1204600F0AAFB0028F0D1206625B02B
:10508000F0BD802D2A46304628BF802204F16401FD
:10509000FFF70CFB256ED7E7002800F0AE802DE966
:1050A000F04F1446A5B0002A3DD00F46002949D044
:1050B000B2F5803F0546006E20D34FF6FF7805F12C
:1050C000640AEB6D1A1AB2FBF3F103FB1122002AFA
:1050D00065D18342B9464FF6FF7672D0B6FBF3FB3B
:1050E00003FB0BFBBBF1000F30D1002E45D1A4F523
:1050F0007F44FF3CB4F5803F4744E2D2EA6D161A84
:10510000B6FBF2F302FB1366A64228BF2646002E2A
:1051100075D1824200F08D80B4FBF2F602FB06F6F8
:105120002EB9002C79D1002025B0BDE8F08F0023E6
:1051300031463846CDE9003302AA00F0D5F90028FF
:1051400000F09580012025B0BDE8F08F002359467E
:105150004846CDE9003302AA00F0C6F90028F1D193
:105160005A46284602A900F01BFA0028EAD1A6EB0D
:105170000B06286ED944002EB9D019304946324664
:1051800005EB8000FFF792FAA4F57F44286EFF3C00
:105190003044B4F5803F4744286692D2AEE742459A
:1051A00028BF4246164639465044FFF77FFA286E1C
:1051B000EB6D3044834207EB06092866A8EB060630
:1051C0008CD1802B28BF802351461A4604A8FFF7B4
:1051D0006DFA0023E96D02AACDE9003304A800F0BE
:1051E00083F90028AED12846EA6D02A900F0D8F96B
:1051F0000028A7D1EB6D286670E70120704705F104
:105200006403394632461844FFF750FA286EEA6DB7
:105210003044A41B374428667BE72B6E22461933A3
:1052200005EB83003946FFF741FA2B6E23442B66CA
:1052300079E7802A28BF802205F1640104A8FFF7DE
:1052400035FA0023E96D04A8CDE9003302AA00F085
:105250004BF900287FF476AF2846EA6D02A900F0EA
:105260009FF900287FF46EAFEA6D286654E7324656
:10527000284602A900F094F900287FF463AF374470
:10528000A41B4EE7F8B51C460546114816460F46C6
:10529000FFF744FE21460E48FFF75AFE044620B1B0
:1052A0000B48FFF74FFE2046F8BD3A46294608480E
:1052B000FFF762FE04460028F2D131460448FFF7AA
:1052C00085FE04460248FFF73DFE2046F8BD00BFBC
:1052D000C42700201C2370B582B001A905460193A4
:1052E00000F032F8044638B9019B1C2B07D0144C4F
:1052F0001C212846FFF7DCF9204602B070BDD5E935
:105300000112131E18BF0123003918BF0121012605
:1053100028689B00EA6843EA4103002818BF43F06D
:105320000103EE612AB9C5E90834002BE4D1054C2C
:10533000DEE7204643F00803C5E9083402B070BD3B
:10534000370CF0000E0CF0000346002866D0002950
:1053500064D00A681C2A61D14FF47F023B49D2F81D
:10536000100C88425CD0D2F8101C013158D0D2F811
:10537000101C4FF47F021960D2F8140C3449884293
:1053800060D0D2F8141C01315CD0D2F8141C4FF458
:105390007F025960D2F8181C11F5947F4FD0D2F8D3
:1053A000181C01314BD0D2F8181C4FF47F029960C1
:1053B000D2F81C0C274988423ED0D2F81C1C01317F
:1053C0003AD0D2F81C1C4FF47F02D960D2F8001CEE
:1053D00070312FD0D2F8001C01312BD0D2F8001C34
:1053E0004FF47F021961D2F8041CAF3120D0D2F8FB
:1053F000041C01311CD0D2F8041C4FF47F02596107
:10540000D2F8080C144988420DD0D2F8081C01319A
:1054100009D0D2F8082C00209A617047012070470B
:1054200040F6FC01A5E740F2373200209A61704750
:105430005121E2E79021D3E742F60411C3E740F699
:10544000D861B2E742F2D001A1E700BFFCF8FFFF4C
:10545000D020FFFF0429FFFF37F3FFFF014608B507
:105460004FF48060FFF7AEF80022034BC3F8C82169
:10547000C3F82C2108BD00BF001084500138072854
:1054800005D8DFE800F0100E040A040404060748FB
:105490007047CB6800204B6270478B6800204B62DE
:1054A00070474B68F6E70B68F4E700BF310CF1007A
:1054B0000B6802E0082B0B6006D8026A13424FEA21
:1054C0004303F7D00020704700487047310CF100CB
:1054D0000022044B4FF48060C3F82C21C3F8C42190
:1054E000FFF756B800108450F0B5002483B0B0F137
:1054F000005F8DF8074025D38C468444BCF1804F73
:1055000004461FD817461D4601220DF1070300F07F
:1055100097F90646B0B99DF80730099A3C603B718F
:1055200092B14DB10246089928460DF1070300F0EB
:1055300087F938B99DF807303046099A156013711C
:1055400003B0F0BD4FF47506304603B0F0BD00BFA8
:10555000D8B108B50368012B04D0022B0FD043B19A
:105560000B4808BD20220B490830FFF79FF80020A8
:1055700008BD142208490830FFF798F8F7E7202201
:1055800006490830FFF792F8F1E74FF473007047CF
:105590000100F300345E0000745E0000545E000001
:1055A0002DE9F843002900F0F9800446002800F0B6
:1055B000F98003680F469046002B00F0C380013B42
:1055C000012B00F2D7804FF0FF3178484FF00209ED
:1055D000FFF786F8002840F0BF800020FFF7B0F802
:1055E0000646002840F0C280714AD2F81C39002BD0
:1055F000FBD16F4DD5F8203C002BFBD14FF0FF3095
:10560000FEF7C6FFD5F8040A20F04000FEF7CEFFF3
:1056100001230722C5F81838C5F80029C5F8C43792
:10562000A36CC5F8CC37E36CC5F8D037C5F8C09784
:1056300023685BB1013B012B18D8636AC5F85C365F
:10564000236AC5F85836E369C5F85436A269584B41
:10565000C3F850266269C3F84C262269C3F848266D
:10566000E268C3F84426A268C3F84026504AD2F83C
:105670001039002BFBD1B8F1000F5FD063684020D8
:10568000012B08BFC2F884363A68494BC3F8282C6E
:10569000C3F82C8CFEF790FF0646454AD2F8103925
:1056A000002BFBD1424AD2F8203C002BFBD12368CF
:1056B0005BB1013B012B18D8D2F85C366362D2F89B
:1056C00058362362D2F85436E361394BD3F850266A
:1056D000A261D3F84C266261D3F848262261D3F840
:1056E0004426E260D3F84036A36000230121304A0B
:1056F000D2F8CC07A064D2F8D007E064C2F8C4178F
:10570000C2F88436C2F8C837D2F81039002BFBD162
:10571000C2F81838002E3BD1254BD3F8040A40F0CC
:105720004000FEF743FF0120FFF70AF860BB1F4867
:10573000FEF7DEFF10BB3046BDE8F8830423C2F855
:10574000C837AAE74FF0FF3118484FF00109FEF7BC
:10575000C7FF00283FF441AF1648FFF757F8002075
:10576000FEF7EEFF064600283FF43EAF1248FFF773
:105770004DF839E7114E3046BDE8F8831048FFF781
:1057800045F83046BDE8F8830E48FFF73FF8CEE70E
:10579000102104F10800FEF78BFFBDE70A4E3046EA
:1057A000BDE8F8834FF47306C5E700BFE41000209E
:1057B00000108450305D0000485D00000100F300DF
:1057C000885D0000685D00000300F300A0B303469D
:1057D00070B4D0E90240D3E9041226BA05BA0CBA73
:1057E00010BAC3E90440D3E90612986A09BAC3E9BA
:1057F000026512BA996100BAD3E9084125BA0CBA18
:10580000C3E90725D3E90B12C3E9094009BAD86BEC
:1058100012BAD962D3E90D4125BAC3E90C250CBAF5
:1058200000BAD3E9101209BA12BAC3E90E401964DA
:1058300000205A6470BC70474FF47300704700BF7B
:1058400000201870704700BF431810B501D21F2AFE
:1058500001D9002010BD013902F014030144102BBE
:1058600080EA01043CD009DC8BB1042BF1D11F2C60
:1058700040E840F315D941E840F10EE0142BE8D19F
:105880001F2C40E8C0F30CD941E8C0F105E01F2C03
:1058900040E800F305D941E800F11C460B468C4274
:1058A000D7D122F01402013A0A2AD2D801A151F824
:1058B00022F000BF03590000FD580000EF5800001F
:1058C000535800005358000053580000535800002C
:1058D0000959000003590000F7580000EF58000074
:1058E0001F2C40E880F3DCD941E880F1D5E713F4C0
:1058F000001FAFD1ADE713F4801FFAE75B02A9D513
:10590000A7E713F4002FF4E713F4802FF1E700BFAB
:1059100008B5074B044613B10021AFF30080054BD7
:105920001868836A03B19847204600F029F800BF41
:1059300000000000885E000070B50D4D00260D4C83
:10594000641BA410A64209D10B4D00260B4C00F09D
:10595000D5F9641BA410A64205D170BD55F8043BCF
:1059600001369847EEE755F8043B01369847F2E7D1
:10597000A0110020A0110020A0110020A4110020DF
:10598000FEE700BFB7EE000AF7EE000AB7EE001A16
:10599000F7EE001AB7EE002AF7EE002AB7EE003A4B
:1059A000F7EE003AB7EE004AF7EE004AB7EE005ABB
:1059B000F7EE005AB7EE006AF7EE006AB7EE007A2B
:1059C000F7EE007AF1EE10CA40F29F01CFF200012B
:1059D0003CEA010CE1EE10CA002383F30088704713
:1059E000FDF79EBAEFF30880EFF309812DE9F00F80
:1059F0006B467246FAF7A4FF08B0FFF7F1FFFEE727
:105A0000FDF78EBAEFF30880EFF309812DE9F00F6F
:105A10006B467246FAF794FF08B0FFF7F1FFFEE716
:105A2000FDF77EBAEFF30880EFF309812DE9F00F5F
:105A30006B467246FAF784FF08B0FFF7F1FFFEE706
:105A4000FDF76EBAEFF30880EFF309812DE9F00F4F
:105A50006B467246FAF774FF08B0FFF7F1FFFEE7F6
:105A6000FDF75EBAEFF30880EFF309812DE9F00F3F
:105A70006B467246FAF764FF08B0FFF7F1FFFEE7E6
:105A8000814270B40546144602D370BC00F02EB8B3
:105A9000821821443CB141EA020313F003030FD101
:105AA000E018032812D86FF00300A3084343002036
:105AB00019441A442344984210D1284670BC7047B8
:105AC00011F8013D013C02F8013DE3E7581850F898
:105AD000046C981840F8046C043BE1E70C1A14F8C5
:105AE000016C141A04F8016C0130E4E770B5044647
:105AF0003AB141EA040313F003030CD1D518032D86
:105B00000FD822F003031C441944002302F00302BF
:105B100093420CD170BD11F8013B013A04F8013BEE
:105B2000E6E7CD1A2E68E51A2E60043BE6E75D5CD9
:105B3000E5540133ECE7F0B5044662B922F0030303
:105B4000234402F003021A44934214D1F0BD04F836
:105B5000011B013AF1E7A307F9D115460B0443EA0B
:105B600001630B4343EA01231619032DE6D9771B82
:105B70003B60043DF9E703F8011BE5E708B5EFF3E7
:105B80000583C3F308030BB1FDF7CAF9BDE808406C
:105B9000FDF74EBA10B50446EFF30583C3F30803CF
:105BA0000BB1FDF7BDF92046BDE81040FDF743BA43
:105BB0002DE9F04104460D4616461F46EFF30583D6
:105BC000C3F308030BB1FDF7ABF93B463246294658
:105BD0002046BDE8F041FCF73BBC2DE9F04104460E
:105BE0000D4616461F46EFF30583C3F308030BB1BA
:105BF000FDF796F93B46324629462046BDE8F0417E
:105C0000FCF760BC08B5EFF30583C3F308030BB1E1
:105C1000FDF786F9BDE80840FDF7DDB900207047C3
:105C2000704710B5044608B1FDF75AFF2046BDE89D
:105C30001040FDF745BF10B50446406A10B1A16A97
:105C4000FFF7EFFF0020C4E9090010BD38B5044696
:105C5000FFF7F1FF236A2C22012B0CBF05466FF0E2
:105C6000960500212046FFF766FF284638BD002034
:105C7000704770470020704713B5002001AB1446F1
:105C8000FDF7E2FF30B9019BA34218BF6FF093000C
:105C900002B010BD6FF09200FAE7002070472DE9C6
:105CA000E04F2746A046A146A246A346A4462DEDB6
:105CB000108B4FF0000545EC185B45EC195A45EC8C
:105CC0001A5A45EC1B5A45EC1C5A45EC1D5A45EC3A
:105CD0001E5A45EC1F5AF1EE105A4FF66076C0F688
:105CE000FF763540E1EE105A84F3008825462646BB
:105CF000A447BDEC108BBDE8E08F0000F8B500BFF5
:105D0000F8BC08BC9E467047F8B500BFF8BC08BC9C
:105D10009E467047FF8FFFFFFF8FFFFFFE8FFFFF45
:105D2000FE8FFFFFFD8FFFFFFC8FFFFFFC8FFFFF4C
:105D30004661696C20746F206163717569726520BA
:105D40006D757465780A00004661696C20746F2077
:105D5000696E63726561736520504D20636F756E67
:105D60007465720A000000004661696C20746F203F
:105D7000646563726561736520504D20636F756E55
:105D80007465720A000000004661696C20746F201F
:105D900072656C65617365206D757465780A0000C5
:105DA000436F756C64206E6F74206C6F636B207032
:105DB0006F7765722073617665206D757465780004
:105DC0006D757465785F667265652063616C6C657E
:105DD000642077697468204E554C4C207061726164
:105DE0006D6574657200000043616E277420696EF2
:105DF000697469616C697A65206D757465782C20A9
:105E0000776173204E554C4C0D0A00004661696C59
:105E100020746F20756E6C6F636B206D7574657880
:105E20000A0000000A637478206973204E554C4CB8
:105E30000A00000067E6096A85AE67BB72F36E3C34
:105E40003AF54FA57F520E518C68059BABD9831F45
:105E500019CDE05BD89E05C107D57C3617DD7030C3
:105E600039590EF7310BC0FF11155868A78FF96427
:105E7000A44FFABE0123456789ABCDEFFEDCBA988B
:105E800076543210F0E1D2C34011002054464D5FE9
:105E900043525950544F0054464D5F504C41544664
:105EA0004F524D5F53455256494345000000000094
:105EB00000000000000000000000000000000000E2
:107C00007FE97FE9FBF70CBD7FE97FE9FBF717BD53
:107C10007FE97FE9FBF73FBD7FE97FE9FBF732BDF5
:107C20007FE97FE9FBF71ABD0000000000000000BB
:107C30000000000000000000000000000000000044
:107C40007AFFFFFF00900050000000004C3400005D
:107C50000200000000000000000000000000000022
:107C6000000000000000000090ED00E000A00350C4
:107C70007FA60350009000506F9500501412002012
:107C8000A811002044010000215C00001D5C0000E0
:107C9000375B0000DC1000200C11002004110020D4
:107CA00000110020FC100020DD470000D14700003B
:107CB000C547000000000000E9470000381100201F
:107CC00030110020281100200000000020110020A9
:107CD000F54800004148000075480000BD4800001C
:107CE000682500203A00003A6C2500203A00003A4E
:107CF000702500203A00003A742500203A00003A2E
:107D00000000000000000000000000000000000073
:107D10000000000000000000000000000000000063
:107D20000000000000000000000000000000000053
:107D30000000000000000000000000000000000043
:107D40000000000000000000000000000000000033
:107D50000000000000000000000000000000000023
:087D600015370000ED360000AC
:10800000E86C012089590100E9B5020021590100FD
:108010002159010021590100215901002159010074
:10802000000000000000000000000000815B010073
:108030002159010000000000055B010021590100E9
:10804000CD5D0100CD5D0100CD5D0100CD5D010084
:10805000CD5D0100CD5D0100CD5D0100CD5D010074
:10806000CD5D0100CD5D0100CD5D0100CD5D010064
:10807000CD5D0100CD5D0100CD5D0100CD5D010054
:10808000CD5D0100CD5D0100CD5D0100CD5D010044
:10809000CD5D0100CD5D0100CD5D0100CD5D010034
:1080A000CD5D0100CD5D0100CD5D0100CD5D010024
:1080B000CD5D0100CD5D0100CD5D0100CD5D010014
:1080C000CD5D0100CD5D0100CD5D0100CD5D010004
:1080D000CD5D0100CD5D0100CD5D0100CD5D0100F4
:1080E000CD5D0100CD5D0100CD5D0100CD5D0100E4
:1080F000CD5D0100CD5D0100CD5D0100CD5D0100D4
:10810000CD5D0100CD5D0100CD5D0100CD5D0100C3
:10811000CD5D0100CD5D0100CD5D0100CD5D0100B3
:10812000CD5D0100CD5D0100CD5D0100CD5D0100A3
:10813000CD5D0100CD5D0100CD5D0100CD5D010093
:10814000CD5D0100FFFFFFFF2DE9F04F00224FF052
:10815000090BDFED205A9FED206ADFED206AB1EEBA
:10816000047ADFED1F7A4FF0FF346FF00045DFF83F
:1081700080A0DFF88090DFF88080DFF880E0DFF813
:1081800080C0184F184E1949C0ED015A80ED046A9D
:10819000C0ED056A80ED067AC0ED097AC0E91645A2
:1081A00080F800B0C0F828A0C0F82C90C0F8388043
:1081B000C0F83CE0C0F840C0C76406650166826054
:1081C000C260C26102620263426342648264BDE8CB
:1081D000F08F00BF07F0963D1C7CE13D3480D73F17
:1081E000CDCC0C3E5DFEE33E363C85BF00004040FA
:1081F00067D5273EE63F4CC091ED3CBFFB3A403F80
:10820000B15083402DE9F04786B004AB05AE04467B
:108210000078CDE900360DF10F030D4605F096FE0E
:108220009DF90F00E0B94FF0010A04F1400904F193
:108230002C0804F118075FFA8AF3013B032B24D8BA
:10824000DFE803F01D1711024A463146284602F0C6
:10825000ADFF0AF1010ABAF1060FECD19DF90F004A
:1082600006B0BDE8F08742463146284602F09EFF40
:10827000EFE73A463146284602F098FFE9E73146F3
:108280002846221D02F092FFE3E73146284602F01D
:1082900019FD84ED180ADCE72DE9F0432DED048B80
:1082A00083B0BDF840400546DDE90E89B4F5E16FC5
:1082B00017461E46B0EE408AF0EE608A6BD028D991
:1082C00041F270739C422ED047F230539C4208BF5B
:1082D000012408D1D5E916014FF0FF326FF00043B9
:1082E00006F0D8FA08B39FED309A4FF0FF326FF0E6
:1082F00000433846314606F0CDFA08B9C5E916768E
:1083000038EE490A30EE680A03B0BDEC048BBDE8D4
:10831000F083642C05D0B4F5967F08BF0424D9D02F
:10832000E1E70524D6E70224D4E7D5E91601B8EB46
:10833000000069EB010106F041FC19A3D3E9002319
:1083400006F094FD0B460246CDE9002306F046FFF9
:10835000DDE9002305EB840407EE900AD4ED009AD2
:1083600094ED057A67EEA99A94ED0A9A104619469B
:1083700027EE899A79EE879A06F04EFC06F02EFFDA
:1083800007EE900A94ED0F7A79EE277A77EE877AE6
:1083900089EEA79AA9E790ED189AA6E7AFF30080B7
:1083A0000000000065CDCD41000000002DE9F04740
:1083B000052482B00746904600780DF103020D4671
:1083C0008DF8034005F0E4FD9DF80360019036B39D
:1083D000012407F1400A07F12C09E3B2013B042B09
:1083E0000BD8DFE803F031102A230300414628466A
:1083F00097ED180A01AA02F07DFCA64204F10103E0
:108400000CD01C46E9E701AB4246294607F11800AB
:1084100002F02EFEA64204F10103F2D10198C0F34E
:10842000072328706B7002B0BDE8F08742462946EA
:10843000504601AB02F01CFEDFE7424629464846A3
:1084400001AB02F015FED8E74246294601AB381DC4
:1084500002F00EFED1E700BF2DE9F043012485B004
:108460008046914600780DF10B020E468DF80B40C8
:1084700005F08EFD9DF80B50039035B1002403AF3D
:1084800054B10134A542FBD10398C0F307233070E7
:10849000737005B0BDE8F083D8E916014B4632464B
:1084A000009702F075FCECE770B586B004AB05AE42
:1084B00004460078CDE900360DF10F030D4605F0B6
:1084C00045FD9DF90F0008B106B070BD3146284644
:1084D00002F042FCC4E916019DF90F0006B070BD20
:1084E0002DE9F04F2DED028B4FF0000B99B0259D3B
:1084F0009146C5E900BBC5E902BB85F839B0A5F8CE
:108500003AB0A5F83CB085F83EB0D0F8D62AD0F8FD
:10851000DACAD0F8DE7AD0F8E26A2A61EE61C5F8EC
:1085200014C0AF61D0F8E62A1E462A62D0F8C23ADB
:10853000D0F8CA7AD0F8CE2AD0F8C6CA2A63C5F8CD
:1085400028C0EF626B62D0F8D23A00F6F80A6B638B
:1085500090F8EA3A044685F83830249B00F6C227A2
:1085600083F800B0B0F85C3A059300F0E1FDDAE979
:10857000002352EA030104D094F8BD1A002900F048
:10858000FE8094F8EB3A93B394F8EA3A94F8ED2A23
:10859000013BDBB29A4204D194F8BD3A022B00F0C1
:1085A00059810022012194F8B83A85F83A3094F8BC
:1085B000B60AA34B85F83B0094F8B70A19EB0303FE
:1085C00046EB0202C5E9003285F83C0085F8391017
:1085D00002222946204601F077F90423A4F85A3AEA
:1085E000CAE9009619B0BDEC028BBDE8F08F0DF121
:1085F0003E070DF13D032A4601212046009700F079
:108600009DFD9DF83D30BDF83E803BB194F8B83AF1
:1086100085F83A3094F8B63A85F83B302A460DF1A1
:108620003D0302212046009700F088FDBDF83E3052
:108630009DF83D20984528BF98463AB194F8B73A3E
:1086400085F83C3094F8B63A85F83B302A460DF16F
:108650003D0303212046009700F070FDBDF83E3039
:108660009DF83D20984528BF9846002A40F0CE80CE
:108670002A4604210DF13D032046009700F05EFDDF
:10868000BDF83E300599434528BF4346994228BF6F
:1086900019469DF83D208B46002A40F0718104F573
:1086A0001067B4F8B23AB4F85E2AB3FBFBF10BFBE7
:1086B0001131ABEB010B1FFA8BFB5B449BB2B3FB9D
:1086C000F2F102FB1133CAE900969FED5B0BA4F8AF
:1086D000B23AA4F85ABAADF83E2005F0E1FE51ECEA
:1086E000100B07F0B7FC0B464FF00008A0FB0B0186
:1086F00003FB0B113B687A6810EB090941EB060696
:10870000B9EB0300C5E9009666EB020184F8BA8A6A
:1087100006F084FEDFED4B8A07EE900A9FED4A8A51
:10872000C7EEA87AF4EEC87AF1EE10FA1FD49FEDE6
:10873000477AF4EEC77AF1EE10FA18DCD4F808099B
:10874000D4F80C19B9EB000066EB010106F066FEE7
:1087500007EE900AC7EEA87AF4EEC87AF1EE10FAA6
:108760004ABF662384F8BB8A84F8BB3A3AE765239C
:1087700084F8BB3A19B0BDEC028BBDE8F08FB9EBC1
:1087800002010A914FF00001B4F85A0A66EB0302A5
:108790009FED290B0B92CDE9060105F081FE51EC0E
:1087A000100B07F057FC8C46069B0B9AA0FB0301AD
:1087B0000CFB0311030943EA017302930A9BCDE901
:1087C0001001C31A08934FEA2113039361EB0203CC
:1087D0000993DDE90823DDE902BC93457CEB030343
:1087E000C0F265810A9B1B1A0C930B9B63EB010380
:1087F0000D93DDE90C23DDE90201904271EB0303E7
:10880000BFF6BFAE6423249A1370BAE64FF6FF7228
:108810000F4B94F8B61A5B7B85F83B1004EB4303CF
:10882000B3F8A0389342ADF83E303FF421AFAB68C7
:1088300043F40053AB601BE700000000D01263411B
:10884000C00E1602286B6E4E00007042000070438E
:108850008802030094F8EC3A002B3FF4A2AE94F89F
:10886000BF3A94F8BE0A184406F06CF941EC100BBC
:1088700094F8C00A00F044FB94F8BE2A0130C3B259
:108880009A4284F8C03ABFF48CAE38687968BA6806
:10889000FB680DF14C0CE046ACE80F0038692F4640
:1088A000CCF80000BDF84C0006F03CF902940D46EF
:1088B00004460DF15E0B38F8020F06F033F902465C
:1088C0000B462046294605F0F1FFC34504460D46F8
:1088D000F1D107F0BFFB029C3D4694F8BF7AA7FB9D
:1088E000002301FB07334FEAC20CDF001CEB020C34
:1088F00047EA527743EB07074FEA8C01BF0047EA8C
:108900009C77B1EB020C67EB030E4FEA8E0747EA48
:108910009C77BE4690484FEA8C0CA2FB007800FB87
:10892000038817EB090348EB0602C5E90032294624
:1089300000222046CDE910CE00F0C6FFDDE9107818
:108940000123002F84F8C03A78F10003C0F2D780E9
:108950000A2200233846414606F0EEFD0A2205466B
:1089600000233846414606F0E7FD002B08BF052AE4
:1089700080F0E580A8B2A4F85A0ACAE9009631E668
:10898000012385F8393094F8B52A0DF13D0302F240
:10899000375234F8121010AAA98194F8B70A13A913
:1089A00085F83C0094F8B67A204685F83B7002F0D2
:1089B00097F8DDED137AF5EE407AF1EE10FA0ED16C
:1089C00094F8BA3A5BB994F8B53A04F5106703F233
:1089D000335334F81330EB81C7E9009661E604F5B0
:1089E000106704F60818D7E90023D8E9000182428D
:1089F00073EB010CCDE9102303DA02460B46CDE9F7
:108A00001001B9EB020066EB030106F007FDDFED94
:108A1000537A07EE100A87EE270AF1EE000A8DED71
:108A2000130A08F0B5FCF0EE080AB0EE408A9DED9E
:108A3000130A08F0ADFCDFED4A6ADFED4A7A9DEDDE
:108A4000137A28EE268A20EE270ADFED476A67EEC2
:108A5000077A38EE008A67EEA67ADFED446A78EE90
:108A6000277A27EE267ADFED426A77EE877A9FED46
:108A7000417A77EEA67A67EE877AF8FE677AFCEE9F
:108A8000E77A17EE902A94F8BA3AEA8143BB00934A
:108A90009FED390A4A4633461621204601F02EFF43
:108AA00094F8BA3A002B97D0C8E90096F9E59FED03
:108AB000280BDAE90067B4F85A8A05F0F1FC51ECAA
:108AC000100B07F0C7FA6424A0FB082301FB08334E
:108AD000961947EB0303C5E90063249B1C7081E5ED
:108AE0000023B7EE000A00934A463346162120467B
:108AF00001F004FFAB6843F40013AB60D0E7B8F1BA
:108B0000004F08BF002F1DD07F4268EB48080A22A3
:108B100000233846414606F00FFD0D4602904146BF
:108B200038460A220023039506F006FDDDE902011E
:108B3000002B08BF052A08D2404280B21BE7681C00
:108B400080B218E743F2333015E7C04380B212E732
:108B500000000000D0126341003B5808286B6E4EA5
:108B6000598207B0DFE0C2343767D9B85A8E863CE5
:108B70006A92E43E00007A44000000000000000019
:108B80002DE9F04F2DED048B044600200D461646CE
:108B900098468DB01A9F0DF1080904F6782C04F65A
:108BA000982A3870CE46DCF80000DCF80410DCF8B7
:108BB0000820DCF80C300CF1100CD445AEE80F00A6
:108BC00009F11009EED1DCF80000BCF80430C9F856
:108BD0000000A9F8043076BB0C2384F8EB6A3B70E4
:108BE000204602A900F0D8FA002840F0248197F925
:108BF0000000002856DB0023B94EDFF8F89203E0AE
:108C00005D1C1A2D2B464DD046FA03F2D507F7D539
:108C100013F809200CA901EB420002F23B5130F895
:108C20002A2C34F811005D1C9042E9B2E9D02046AC
:108C300000F068FCE5E72B79013BDAB2012A40D964
:108C400000229FEDA88A9FEDA89ADFEDA88ADFF8A1
:108C500090B205EBC60684F8EB2A0092CDF80480AA
:108C600012E04BFA03F2D20711D5012202FA03F304
:108C7000009A13EA020A00F09380F3233B70083550
:108C8000B54209D02B79013BDBB2192BE9D90A2374
:108C90000835B5423B70F5D197F90030DDF8048016
:108CA000002B9DDA98F80030072B22D8F1234FF0E3
:108CB000000E3B7088F800E00DB0BDEC048BBDE801
:108CC000F08FD5ED007AF5EE407AF1EE10FAB7D1DB
:108CD00047F23053BDF808209A4200F0ED80BDF80D
:108CE0000A209A4200F0E8800B234FF0000E3B7000
:108CF000E0E700259FED7B6AAE46DFED7B5ADFF8AB
:108D0000F8A177497A4FDFF8ECC1DDF86CB002E0EA
:108D10000135182DCED00122AA4012EA0A0FF7D051
:108D20000EF1010E5FFA8EFE0EF1FF360BEBC6065A
:108D3000013586ED006A00234FF6FF7935710CE0AE
:108D4000484507D007EE900AF8EEE77A85EEA77A55
:108D500086ED007A01331A2BDBD041FA03F0C0070D
:108D6000F8D557F823000242F4D0D6ED007AF4EE9D
:108D7000467AF1EE10FA13F80C0000F23B5034F88A
:108D80001000DDD007EE100AB8EEC77AC5EE876A8C
:108D9000F4EEE67AF1EE10FA48BFC6ED006AD9E7C4
:108DA000D5ED007AF5EE407AF1EE10FA009A42EA3B
:108DB0000302009229D1F6233B70D5ED007AF5EE3F
:108DC000407AF1EE10FAB0EE677A1ED1B5EEC07AB5
:108DD000F1EE10FA31DCB5EE407AF1EE10FA14BF84
:108DE0004FF0FF3300231FFA83F897F90030002B70
:108DF0007FF445AF3F4A2B79134413F8013C0CAA8A
:108E000002EB430323F82A8C39E7F4EE487AF1EEBB
:108E100010FA4ED0B2EE047AF4EEC77AF1EE10FA00
:108E200004DCF4EEE87AF1EE10FA4DD5F2233B7053
:108E300095ED007ACAE73870DBE6B4EEC87AF1EE59
:108E400010FAC8D5C9EE077AF8FE677AFCEEE77A21
:108E500017EE903A1FFA83F8264A2B79134413F839
:108E6000013C534403F2A74334F813900AF1130A68
:108E7000484605F057FE18A3D3E9002305F0CCFEC1
:108E800041EC100B05F00CFB51EC100B06F086F9D1
:108E900080B2A9EB00039BB2814443451FFA89F9D4
:108EA00001D8C145A1D2BAF1720FD5D1F4233B70DC
:108EB000E5E6B0EE677A8EE794F9BB3A3BB901225A
:108EC0009E4684F8BA2AF5E6B0EE677A7EE74FF060
:108ED000000E3B70EEE600BF7B14AE47E17A843FA4
:108EE000EF79F20300FF7F470000C8420E74DA3AC0
:108EF000A00203003C0303000F20E000000000007C
:108F00002DE9F84F2DED028B55EC104B074605F07F
:108F1000C7FA51EC100B06F041F9C6B2304605F025
:108F200011FE22462B4606F0DFF840B1BDEC028B65
:108F3000B7FBF6F306FB1370C0B2BDE8F88F3846F6
:108F400005F0F0FD002241EC180B002320462946D5
:108F500006F0CAF8B0BB45EC104B20F09BF9204658
:108F600053EC102B294606F0BFF858BB22462B467F
:108F700051EC180B05F07AFF21F0004700221E4B40
:108F80003946064605F092FC41EC100B20F082F9C0
:108F9000304653EC102B394605F086FC0022804603
:108FA0008946164B3046394605F036FE29F0004B0F
:108FB00002460B464046594606F0AAF810B19FED0E
:108FC0000C0B07E0B0EE480AF0EE680A45EC114BD6
:108FD00020F094F905F064FA51EC100B06F0DEF87D
:108FE000BDEC028BC0B2BDE8F88F00BFAFF30080CC
:108FF00000000000000000000000E03F0000B03C66
:109000002DE9F0470646344D01F010FC334F0023A4
:1090100003E05C1C1A2C234610D045FA03F2D1075A
:10902000F7D5DA5D5C1C02F23B5336F8132030466C
:10903000E1B201F0CBFC1A2C2346EED1304601F010
:1090400079FB0025DFF89090244FDFF8988002E04C
:1090500001351A2D1AD049FA05F3DA07F8D5EB5D78
:10906000334493F89D3A002BF2D0002338F915A031
:1090700002E00B2C2346EBD04AFA03F25C1CD30728
:10908000F7D53046E1B201F069FCF2E7002314495C
:10909000C6F8AA3AC978C6F89E3AC6F8A23AC6F8FF
:1090A000A63AC6F8AD3A86F8B53A06EB41011A463B
:1090B000B1F8A00886F8B93A06F5266333F8021B22
:1090C0000132884203D0042AF8D1BDE8F08786F83F
:1090D000B52ABDE8F08700BFEF79F2033C03030037
:1090E0008802030008030300F0B41468049F04EB33
:1090F000030C8C4516D805998B4216D8002B0CDD35
:10910000791ECE18C7F1010700E014687B1811F82A
:10911000015F2344B142C554F7D10020C2F800C01A
:10912000F0BC70476FF02800FAE76FF02500F7E712
:1091300090F8B93A03B9704762E700BF70B40026EF
:109140004FF6FF75134C0139645C00EB4404B4F82E
:10915000A0481E70039EAC42348013D0B0F8B26AAF
:10916000B6FBF4F504FB1564A4B26CB90120946855
:10917000C9B200FA01F12143187082F83D0082F86B
:109180003E00916070BC704790F8BA0A0028F9D090
:10919000ECE700BF880203000023F0B56FF0004C3D
:1091A0001C464FF0010E4FF6FF772C4D2C4E05E07C
:1091B000BA4218BF012401331A2B0FD045FA03F22B
:1091C000D207F8D59A5D624431F81220B2F5E16F0A
:1091D000EED101331A2B80F8EBEAEFD190F8EB3A9D
:1091E0008BBBB0F85C7A1D4C38461D4D44FA03F237
:1091F000D60706D55A5D013A31F81220904228BFB1
:10920000104601331A2BF1D14FF6FF76B04223D02E
:10921000B7FBF0F300FB13739BB28BB90F4D104FEC
:1092200045FA03F2D20714D5DA5D013A31F812405B
:10923000B4420ED0B4FBF0F200FB124292B242B143
:109240006FF00F00F0BD002C0CBF00206FF00F007E
:10925000F0BD01331A2BE3D10020F0BDEF79F2030A
:109260003C0303002DE9F04340F2BD184FF0000924
:1092700087B004AA044600264FF0040C02271346C8
:109280000D46CDE90289DDE9020182E8030084F898
:1092900002C003CBE77026706060A16066702B6827
:1092A0002046103B2373C3F30721C3F30742C3F3E4
:1092B0000763A273E37361730DEB0C02296805F079
:1092C000C9FA2B689DF8042023441A712B689DF875
:1092D000052023445A712B6823449E712868044456
:1092E000E6712B6808332B6007B0BDE8F08300BF40
:1092F0002DE9F0470D2482B006461746FE200DF1F9
:1093000003020D468DF8034004F042FE9DF80380F1
:109310000190B8F1000F2AD0012406F6D62A06F6ED
:10932000C229E3B2013B0C2B0FD8DFE803F0655DE7
:10933000756D554D453D352E271407003A46294693
:1093400096F8EE0A01AB01F0FBFCA04504F1010325
:109350000CD01C46E5E701AB3A46294696F8EA0AE6
:1093600001F0EEFCA04504F10103F2D10198C0F335
:10937000072328706B7002B0BDE8F0873A46294693
:10938000504601AB02F0A6F9DFE73A4629464846C7
:1093900001AB02F09FF9D8E73A46294601AB06F641
:1093A000BE2001F06FFCD0E73A46294696F8BC0A89
:1093B00001AB01F0C5FCC8E73A462946B6F85C0A9D
:1093C00001AB01F037FCC0E73A46294601AB06F68F
:1093D000342002F03DF9B8E73A46294601AB06F5DC
:1093E000156002F007F9B0E73A46294696F8B70A41
:1093F00001AB01F0A5FCA8E73A46294696F8B60A63
:1094000001AB01F09DFCA0E73A46294601AB06F509
:10941000266002F0B3F898E73A46294696F8B80A6B
:1094200001AB01F08DFC90E7F0B400264FF6FF741D
:1094300000251660C3E9004569B100EB0114417BCA
:10944000182905D1D0E9006781681160C3E9006778
:109450001030A042F3D1F0BC704700BF00B52DED35
:10946000028B85B00DF1030302AA01A9B0EE408A78
:1094700001F02AF99DF803306BB1DDED017AF4EECD
:10948000487AF1EE10FA14BF0120002005B0BDECBF
:10949000028B5DF804FB012005B0BDEC028B5DF88A
:1094A00004FB00BFF0B4002482B0DDE9066C347028
:1094B0008CF800400D6847197F78455D8DF8057080
:1094C0008DF80450BDF80470089D9F422F6004D9A8
:1094D000E023337002B0F0BC70474FB12346541EF6
:1094E0000D68C618755D01339F4204F8015FF7D11E
:1094F00093788CF800300B681F440F6002B0F0BC0A
:10950000704700BF0B4B10B4194411F8013C00EB3D
:109510004301B1F8764A944204D00124013B03444C
:1095200083F89E4A0123A1F8762A5DF8044B80F85F
:10953000B93A70473C0303000139032900D9704749
:1095400010B50446483003F08DFD0121204601F09E
:109550009DFA04F12C0004F051FA2046BDE81040B9
:10956000022101F093BA00BF2DE9F04F0123064616
:1095700000F64E144FF481784FF0050E25464FF655
:10958000FF7C9E4F80F8EE3A0FCFA6F8B68AC6F859
:10959000600AC6F8641AC6F8682A03CFC6F86C3A9F
:1095A00086F8B8EAC6F8700AC6F8741A06F63227C2
:1095B00025F802CFBD42FBD14FF06413642541F280
:1095C000707240F2DC50C6F85839C6F86439C6F8F3
:1095D0007839C6F88439A6F89059894B894D8A495B
:1095E000DFF854C2C6F8F039C6F8F439C6F8C43901
:1095F000C6F8D439C6F8D059844B854DC6F8181A28
:10960000C6F8C8C98349DFF834C2C6F85039C6F86D
:109610005439C6F86039C6F86839C6F88039C6F8D2
:109620005C597D4BC6F87C59C6F88859DFF810E2C2
:109630007A4DC6F874C9A6F8DC29A6F8DA29A6F886
:10964000C229A6F8160AA6F8FC09C6F8CC19C6F86D
:109650008C59C6F89C39C6F8A039C6F8A439C6F8A2
:10966000A8390EF12008C6F8AC3906F5126CA6F838
:10967000D829C6F8B039C6F8B439A6F8FE09C6F834
:109680006C19C6F8701975460FCD4545CCF8000029
:10969000CCF80410CCF80820CCF80C300EF1100EE9
:1096A0000CF1100CEFD1DFED5E7A00234FF080411A
:1096B000DEF80000DFF88CB1CCF8000006F61810D8
:1096C000C0ED007A06F61410036006F51160036021
:1096D00006F61C10C0F800B006F62410036006F66B
:1096E00028100360DFF860A106F62C100360DFF895
:1096F0005C9106F63813C3F800A0DFF8548106F633
:109700003413C3F80090474A06F51363C3F800808A
:1097100006F63C131A6006F6441206F6481311606A
:1097200019603B464FF6FF713F4D06F64C1215602F
:1097300006F6582223F8021F9342FBD147F2305518
:109740003A4B3B4AA6F85C5AC6F8BC3A4FF4A070B4
:10975000052102F10C0506F52C6306F6D42C03E076
:1097600012F9011F35F8020F23F8021F6345988292
:10977000F6D10A2200234FF6FF7186F8EA2AA6F8EE
:109780005E3A34F8023F8B4205D0B6F85E2A9A4220
:1097900038BFA6F85E3ABC42F3D100230127254C1E
:1097A000DFF8B0C044FA03F2D20711D513F80C2049
:1097B00006EB4201B1F8320AB1F8765A013A854215
:1097C0001CBF921982F89E7AA1F8760A86F8B97AB7
:1097D00001331A2BE6D1012106F69D2306F52B62F3
:1097E00003F8011F9342FBD196F8B93A0BB9BDE8D3
:1097F000F08F3046BDE8F04F02E400BFC001030027
:109800007017701708077017DC05DC0530753075A8
:1098100064003075080708072C012C0130756400BE
:10982000000082C2F874C44C000010410000050A18
:1098300018020300EF79F2037017080708076400A5
:10984000E801030000002A430000FA420000C84279
:109850000024F4493C030300F0B400240022002358
:1098600047F230564FF6FF7580F8B54AA0F8B24A75
:10987000214600F6F80700F51064C7E90023C4E9A3
:10988000002300F60814C4E9002300F67623A0F8AC
:109890005A6A00F69D2200F69C2423F8025FA34238
:1098A00002F8011FF9D14FF4CC42F0BC012380F83B
:1098B000B91A80F8B41A80F8EB1AA0F8EC1AA0F8DC
:1098C000BA2A80F8C03A704790F8BD3A934211D056
:1098D0006AB9002380F8B43A8B6081F83D300023E8
:1098E00080F8BD2A80F8EC3A81F83E207047931E3C
:1098F000012BEED9B0F8803A70B4B3F5E16F47D0E0
:109900008B68B0F8824AB4F5E16FB0F8844A04BFBE
:1099100043F001038B60B4F5E16FB0F8864A04BFF1
:1099200043F002038B60B4F5E16FB0F89C4A04BFCA
:1099300043F008038B60B4F5E16FB0F8944A04BFBC
:1099400043F400038B60B4F5E16F10D0B0F8964A91
:10995000B4F5E16F0BD0B0F8984AB4F5E16F06D0DA
:10996000B0F89A4AB4F5E16F01D043B104E043F492
:10997000000343F00F038B60012381F83D30002387
:1099800070BC80F8BD2A80F8EC3A81F83E20704720
:109990004FF6FF76084B8D685C7B45F0040300EBC7
:1099A0004404B4F8A0488B60B442AAD045F40053F4
:1099B00043F004038B60A4E7880203002DE9F04321
:1099C0000C46002189B0109E172C316004D8DB2290
:1099D0001A7009B0BDE8F083944204D9DA221A70F3
:1099E00009B0BDE8F083017842788DF80C108DF84D
:1099F0000D208178C2788DF80E108DF80F20039A13
:109A00000546B2F1017F06D0013204D0DE221A7081
:109A100009B0BDE8F083294606AF3A464FF0000989
:109A200040F2BD1851F8040F496803C204AA82E845
:109A30000300DDE90401494508BF404507D000297E
:109A400008BFB0F1FF3F02D0DD221A70C1E72A7BC8
:109A5000A97B8DF80C20687BEA7B8DF80D008DF8D2
:109A60000F208DF80E10039901F11802A24202D0C6
:109A7000D8221A70ADE7103102AA28462C4401936F
:109A800004F0E8FE14F8042C9DF80810019B9142A4
:109A900002D0DC221A709CE79DF8091014F8032C00
:109AA0009142F6D114F8022C002AF2D114F8012CBC
:109AB000002AEED1102131601A708AE72DE9F047B3
:109AC00086B004AB05AECDE9003604460DF10F03B8
:109AD000FE200D4604F03AFA9DF90F00002862D1ED
:109AE0004FF0010A04F6D62904F6C22804F6BE2770
:109AF0005FFA8AF3013B0B2B00F2A680DFE803F04C
:109B000099928B847D766F625C6956063146284651
:109B100001F010F984F8EA0A0AF1010ABAF10E0F0D
:109B2000E6D100234FF6FF75A4F85E3A04F6322022
:109B300004F64E1333F8022FAA4205D0B4F85E1A89
:109B4000914238BFA4F85E2A9842F3D1002301273E
:109B5000414DDFF808C145FA03F2D20711D513F8D9
:109B60000C2004EB4201B1F8320AB1F8766A013AEE
:109B700086421CBF121982F89E7AA1F8760A84F8F0
:109B8000B97A01331A2BE6D1012104F69D2304F59D
:109B90002B6203F8011F9342FBD194F8B93A002BD2
:109BA0004ED19DF90F0006B0BDE8F0874A46314618
:109BB000284601F03FFAAFE73A463146284601F021
:109BC0004DF8A9E73146284601F0B4F884F8BC0AFC
:109BD000A2E742463146284601F02CFA9CE731467E
:109BE000284601F015F8A4F85C0A95E731462846A6
:109BF00004F6342201F0CCF98EE73146284604F50C
:109C0000156201F07DF987E73146284604F52662A2
:109C100001F018F980E73146284601F08BF884F806
:109C2000B80A79E73146284601F084F884F8B70A83
:109C300072E73146284601F07DF884F8B60A6BE7F2
:109C40002046FFF7DDF9ACE73146284601F072F80F
:109C500084F8EE0A60E700BFEF79F2033C030300EB
:109C6000032906D98378FE2B0CBF00206FF0630018
:109C700070476FF067007047074A0849037F016229
:109C8000426282623BB10022012B026103D0022BAF
:109C9000426118BF826170470AD7233B0AD7A33CB1
:109CA0000023027B0361436102B18360704700BF00
:109CB000034670B44FF6FF7418480139425C03EB59
:109CC0004202B2F89258A54207D000EB4104B4F921
:109CD0000C50D3F89048A54302D0002070BC7047C8
:109CE00000EB8100406AD3F87458A843F5D1B2F86C
:109CF000E458B2F8D668681C85B2B5FBF6F006FBEE
:109D0000105080B2A2F8E4080028E6D1012202FA3D
:109D100001F10C431046C3F89048DFE73802030016
:109D2000F8B5044603F0B6FA04F5CC7003F0E0FE93
:109D300004F12C0003F0F6FC04F1480002F03EFCB4
:109D400004F59870FEF700FA0A2104F5E87003F0B4
:109D5000CFFB04F5F47001F0F3FE0026002000278D
:109D600004F6080304F5E66204F6280143F8040B40
:109D70008B42E2E80267F9D100224FF0000C002686
:109D800000271046C4F8742804F5ED6104F6770244
:109D900004F6740543F804CBAB42E1E9026702F82C
:109DA000010FF7D1012600254FF6FF72C4F88C0889
:109DB000C4F8900804F6940304F6A201A3F84460E2
:109DC000A3F8525023F8022B9942F7D14FF6FF71B6
:109DD000A4F8A228A4F8A428A4F8A628A4F8A828DF
:109DE000A4F8AA28A4F8AC28A4F8AE28A4F8B028AF
:109DF00004F50B6304F6D60223F8021F9342FBD14D
:109E00002046F8BD10B44C1E11461A460A2C07D83D
:109E1000DFE804F00B101506190606061F252B00B7
:109E20006FF063005DF8044B70475DF8044B4830F9
:109E300002F07ABC5DF8044B2C3003F085BC5DF871
:109E4000044B03F033BA5DF8044B00F5CC7003F01B
:109E50006BBE5DF8044B00F59870FEF7D3B95DF862
:109E6000044B00F5E87003F04FBB5DF8044B00F5C0
:109E7000F47001F0CDBE00BF2DE9F04700272DEDB5
:109E8000028B00239EB008EE101AC0F890780521CE
:109E9000044616468DF810708DF811708DF812700A
:109EA000059306930793189319931A931B931C9386
:109EB0001D9308930993FFF7FBFE58B104F62403A2
:109EC00093ED007AF8EEC87AB4EE677AF1EE10FA04
:109ED00000F0F2814FF0FF386FF00049A04D0321F0
:109EE0002046FFF7E5FE58B104F6240393ED007A0F
:109EF000F8EEC87AB4EE677AF1EE10FA00F0268236
:109F000001212046FFF7D4FE58B104F6240393ED57
:109F1000007AF8EEC87AB4EE677AF1EE10FA00F043
:109F2000288202212046FFF7C3FE58B104F624031D
:109F300093ED007AF8EEC87AB4EE677AF1EE10FA93
:109F400000F0548209212046FFF7B2FE58B104F612
:109F5000240393ED007AF8EEC87AB4EE677AF1EE56
:109F600010FA00F0DD82DFED7F0A0A212046FFF7BC
:109F70009FFE58B104F62403B8EEC88AD3ED007AE8
:109F8000F4EE487AF1EE10FA00F0FC820B21204644
:109F9000FFF78EFE002840F0E7804FF6FF726B79E6
:109FA00004EB4301B1F8B018581E914204D0D4F824
:109FB0007428520700F1B6804FF6FF72AB7904EBBC
:109FC0004301B1F8B018581E914204D0D4F8742857
:109FD000D70700F189804FF6FF72EB7904EB43015C
:109FE000B1F8B018581E914203D0D4F874289607DF
:109FF0005CD44FF6FF722B7A04EB4301B1F8B01832
:10A00000581E914203D0D4F87428110730D44FF66B
:10A01000FF726B7E04EB4301B1F8B018581E9142F9
:10A020001ED0D4F8742812021AD5002104F6240296
:10A03000156803F20922ED3304EBC303204404EB5B
:10A04000820204F5ED66D6E900671560C3E9006792
:10A0500080F87818D4F88C3843F00073C4F88C3842
:10A060000023C4F874381EB0BDEC028BBDE8F08745
:10A07000002104F61402D2F800C003F20922ED33E5
:10A0800004EBC303204404EB820204F5E966D6E93D
:10A090000067C2F800C0C3E9006780F87818D4F8F8
:10A0A0008C3843F48073C4F88C38B0E7002104F690
:10A0B0000C02D2F800C003F20922ED3304EBC30313
:10A0C000204404EB820204F5E766D6E90067C2F893
:10A0D00000C0C3E9006780F87818D4F88C3843F0E2
:10A0E0008003C4F88C3884E7002104F60802D2F813
:10A0F00000C003F20922ED3304EBC303204404EB58
:10A10000820204F5E666D6E90067C2F800C0C3E93A
:10A11000006780F87818D4F88C3843F04003C4F80E
:10A120008C3858E7002104F50162D2F800C003F230
:10A130000922ED3304EBC303204404EB820204F54F
:10A14000E866D6E90067C2F800C0C3E9006780F896
:10A150007818D4F88C3843F02003C4F88C382BE7F7
:10A160003C0303000000000004F6080004F60C01A4
:10A1700090ED002AD1ED001A04F50162314604F693
:10A18000240704F6140304F5E960013E92ED001A79
:10A19000D0E9008993ED000AD7ED000A0DF1130311
:10A1A00014AA04F5F470F6B201F0BAFD07EE906A55
:10A1B00097ED007AF8EEE77AB4EE677AF1EE10FAEE
:10A1C0007FF4EBAE4FF6FF73B4F8CE289A4217D067
:10A1D0006B7D149803F2092104EB8101086003F1FF
:10A1E000ED029DF81310234404EBC202C2E900897A
:10A1F00083F87718D4F88C3843F40013C4F88C38FB
:10A200004FF6FF73B4F8D0289A4217D0AB7D15985B
:10A2100003F2092104EB8101086003F1ED029DF8CE
:10A220001310234404EBC202C2E9008983F87718B3
:10A23000D4F88C3843F48003C4F88C384FF6FF739D
:10A24000B4F8D2289A4217D0EB7D169803F2092170
:10A2500004EB8101086003F1ED029DF81310234423
:10A2600004EBC202C2E9008983F87718D4F88C386D
:10A2700043F40003C4F88C384FF6FF73B4F8D428C5
:10A280009A423FF48AAE2B7E179803F2092104EB21
:10A290008101086003F1ED029DF81310234404EBE3
:10A2A000C202C2E9008983F87718D4F88C3843F0E9
:10A2B0008073C4F88C3870E604A904F5E9630DF1E5
:10A2C000120209AD0DF11100D3E90089CDE90105B4
:10A2D0004B4603920091424604F5CC7003F04CFCCF
:10A2E0009DF81030BD4D07EE103A9DF81130B8EED4
:10A2F000477A07EE903AF8EE677AEA7A2B7B02F219
:10A30000092002F1ED01013A04EB800004EBC101E8
:10A31000224480ED007AC1E9008982F87878D4F887
:10A320008C2803F2092003F1ED01013B42F4C052F5
:10A3300004EB800004EBC1012344C0ED007AC1E9C5
:10A34000008983F87878C4F88C28C8E504F60C01F5
:10A3500004F5016204F6140391ED001AD2ED000A2F
:10A3600093ED000A204607AB06AA05A902F0BAFF42
:10A37000C6E504F61C03D3ED007AF5EE407AF1EE63
:10A3800010FA14BF0120002004F50263009008A910
:10A3900018AAD3ED001A04F14800CDE901219DF877
:10A3A00012309DF811209DF810109DED071ADDED7B
:10A3B000060A9DED050A02F037FA00206B7C089F23
:10A3C00003F2092103F1ED02013B234404EB810177
:10A3D00004EBC2020F60C2E9008983F87808D4F860
:10A3E0008C3843F40033C4F88C389AE512A910AACB
:10A3F0000EABCDE9012100930AAA0CAB18A904F118
:10A400002C00DDED090A9DED080A03F0B9F9DDED38
:10A410000B5A9DED0D6ADDED0F6A9DED117ADDEDB4
:10A42000137AF8FE655AB8FE466AF8FE666AB8FE08
:10A43000477AF8FE677AFCEEE55ABCEEC66AFCEE97
:10A44000E66ABCEEC77AFCEEE77A15EE902A16EEC5
:10A4500010EA16EE90CA17EE107A17EE900A2B78D3
:10A46000DDF828A003F2092104EB8101C1F800A066
:10A4700003F1ED0104EBC1012344C1E9008983F834
:10A4800077286B78DDF830A003F2092204EB820212
:10A49000D4F88C18C2F800A0E21803F1ED0AAB78EA
:10A4A00004EBCA0ACAE9008982F877E8DDF838E0E7
:10A4B00003F2092204EB8202C2F800E0EA7803F119
:10A4C000ED0E04EBCE0E2344CEE9008983F877C865
:10A4D000DDF840E002F2092C04EB8C0CCCF800E033
:10A4E0002B7D02F1ED0C04EBCC0C2244CCE900896D
:10A4F00082F8777803F20922129F04EB8202176038
:10A5000041F4801103F1ED0241F00F0104EBC202AE
:10A510002344C2E9008983F87708C4F88C1811E550
:10A5200004F5E86142464B46D1E90089B4F84A7027
:10A53000CDE90089029704F5016104F61800D0ED19
:10A54000000A91ED000A04F59870FDF7A5FE0020C1
:10A550006B7BF0EE400A03F2092103F1ED02013BAF
:10A56000234404EB810104EBC20281ED000AC2E93D
:10A57000008983F87808D4F88C3843F40053C4F881
:10A580008C38F2E404F60C0204F5016392ED001A33
:10A5900093ED000A04F5E87004F5E863D3E9008957
:10A5A00002F0CEFF0020AB7B8DED050A03F20921FE
:10A5B00003F1ED02013B234404EB810104EBC202F1
:10A5C00081ED000AC2E9008983F87808D4F88C3854
:10A5D00043F48043C4F88C38D8E400BF3C03030044
:10A5E00010B44C1E11461A469DF804300A2C07D8A8
:10A5F000DFE804F00A0F1406180606061E242A00D7
:10A6000000205DF8044B70475DF8044B483002F0C1
:10A610000BBC5DF8044B2C3003F074B95DF8044BAF
:10A6200002F0BCBE5DF8044B00F5CC7003F04CBBEF
:10A630005DF8044B00F59870FDF7B8BE5DF8044B6B
:10A6400000F5E87002F0B6BF5DF8044B00F5F47059
:10A6500001F022BD10B44C1E11461A469DF804307C
:10A660000A2C07D8DFE804F00A0F140618060606BD
:10A670001E242A0000205DF8044B70475DF8044B4F
:10A68000483002F065BC5DF8044B2C3003F062B931
:10A690005DF8044B02F0AABE5DF8044B00F5CC70E7
:10A6A00003F056BB5DF8044B00F59870FDF7D4BE7F
:10A6B0005DF8044B00F5E87002F0A4BF5DF8044BB0
:10A6C00000F5F47001F084BD30B400F62404256870
:10A6D000D0F8744800F5ED60C4F3C0540D60D0E9C3
:10A6E0000001C2E900011C7030BC7047F0B4104C8E
:10A6F0000139645C04F2092500EB85052D681560BD
:10A70000012504F1ED0200EBC202D2E90067C3E9C2
:10A710000067044494F87728049B05FA01F11A7045
:10A72000D0F88C38F0BC23EA0103C0F88C387047AD
:10A730003C0303002DE9F04F384E83B0A6F124030B
:10A740000021844640F217774FF6FF7E344CDFF845
:10A75000D8A0009304E001310B2906F104065AD079
:10A7600047FA01F3DB07F6D5009B13F801800CEBE9
:10A770004808B8F89298F145EDD0002301201D4615
:10A78000019600FA03F23A4210D0264E36F911B083
:10A790001BEA020F0AD0009AD25C0CEB4202B2F81C
:10A7A0009228724502D0954238BF154601330B2BD3
:10A7B000E7D100234FF0010B019E0BFA03F2224276
:10A7C0000DD0306802420AD013F80A200CEB420286
:10A7D000B2F8A028724502D0954238BF1546013321
:10A7E000182BEAD1002DB6D0B9FBF5F205FB129972
:10A7F0001FFA89F392B23BB105F0010000EB550559
:10A80000AB42A4BF013292B201310B29A8F8D6287D
:10A8100006F10406A4D103B0BDE8F08F5C0203008A
:10A820000F20E000440203008802030030B44FF61A
:10A83000FF720125002400F6940300F6A201A3F89C
:10A840004450A3F8524023F8022B9942F7D14FF617
:10A85000FF71A0F8A228A0F8A428A0F8A628A0F8C4
:10A86000A828A0F8AA28A0F8AC28A0F8AE28A0F83C
:10A87000B02800F50B6300F6D60223F8021F9342BE
:10A88000FBD130BC704700BF10B44C1E11461A46B5
:10A890000A2C07D8DFE804F00B1015061906060687
:10A8A0001F252B006FF063005DF8044B70475DF8C7
:10A8B000044B483002F078BC5DF8044B2C3003F0B8
:10A8C000DDB85DF8044B02F0B9BD5DF8044B00F54E
:10A8D000CC7003F0E1BA5DF8044B00F59870FDF719
:10A8E000E3BD5DF8044B00F5E87002F0B3BE5DF81F
:10A8F000044B00F5F47001F0C9BC00BF2DE97003F2
:10A900001D461446144B01395B5C9DF8146000EB46
:10A91000C30202F5E562D2E90089A94508BFA04556
:10A9200003F1FF3312D0012603F2022300EB83036D
:10A9300083ED000AC2E90045D0F8743806FA01F147
:10A940000B43C0F87438BDE870037047002EEAD19D
:10A95000BDE87003704700BF880203004B1EDAB2E7
:10A960000A2A00D97047184A114411F8012C00EB4B
:10A970004202B2F89218092BF4D801A252F823F03F
:10A98000B1A90000B7A90000BDA9000065A9000099
:10A99000C1A9000065A9000065A9000065A9000023
:10A9A00065A90000A9A9000000F5E87002F06EBEDC
:10A9B000483002F077BB2C3003F02AB802F05ABDC1
:10A9C00000F5CC7003F02ABA38020300F0B500237A
:10A9D000012640F217751E4C0139645CDFF878C01F
:10A9E00000EB4404DFF874E0A4F8B02806FA03F49E
:10A9F0002C420DD03CF91170274209D01EF80340BB
:10AA000000EB4404B4F89278974288BFA4F89228E7
:10AA100001330B2BEAD1002301260E4DDFF840C095
:10AA2000DFF840E006FA03F42C420DD05CF8217008
:10AA30003C4209D01EF8034000EB4404B4F8A0786F
:10AA4000974288BFA4F8A0280133182BEAD1F0BDA3
:10AA50003C0303000F20E00008030300380203005A
:10AA6000A00203008802030030B400F61404256835
:10AA7000D0F8744800F5E960C4F3C0040D60D0E973
:10AA80000001C2E900011C7030BC70474B1E0A2B4C
:10AA900010D8124A114411F8012C00EB4202B2F80E
:10AAA0009218092B09D8DFE803F0090C0F081108E8
:10AAB000080808154FF6FF71F3E77047483002F0B9
:10AAC000F1BA2C3002F0A4BF02F0D4BC00F5CC7077
:10AAD00003F0A4B900F5E87002F0D8BD3802030015
:10AAE00030B400F61C042568D0F8744800F5EB601B
:10AAF000C4F340540D60D0E90001C2E900011C70AC
:10AB000030BC7047F0B417460A6800F10B050E46DA
:10AB100084B0511E01AB0844154410F8014FA842FF
:10AB200003F8014BF9D101AB07CB38607960BA600B
:10AB300033680C33336004B0F0BC7047F0B51D6867
:10AB4000844605F10C00904285B003D901321A60A9
:10AB500005B0F0BD0F46DCF80000DCF80410DCF8AE
:10AB600008200DF1040E76460024AEE8070000E050
:10AB70001D683A1916F8010B01340C2C5055F7D109
:10AB80001A680C321A6005B0F0BD00BF70B40E46F2
:10AB9000096883B00DF1FF3308440DF1070510F883
:10ABA000014B03F8014FAB42F9D16B4603CB106068
:10ABB000516033680833336003B070BC704700BF26
:10ABC000F0B41C68064604F10800904284B004D931
:10ABD00001321A6004B0F0BC7047EC46674630683A
:10ABE0000D46716804AE03C706E9030000220DF1AB
:10ABF000070100E01C68A81811F8016F0132082A4B
:10AC00000655F7D11A6808321A6004B0F0BC7047D4
:10AC100010B40B6883B0C2185478C25C8DF805403C
:10AC20008DF80420BDF8040002330B6003B05DF81A
:10AC3000044B704730B41C68A51C954203D930BC46
:10AC400001321A60704708551A68C0F30720114492
:10AC500048701A6830BC02321A60704710B40B6832
:10AC600083B0C4186478C35C8DF805408DF8043057
:10AC7000BDF8043013800B6802330B6003B05DF83D
:10AC8000044B704730B41C6882B0A51C954204D9AF
:10AC900001321A6002B030BC7047427805788DF8F6
:10ACA00005208DF80450BDF804200A551868C2F339
:10ACB000072201444A701A6802321A6002B030BC9E
:10ACC000704700BF30B40B6882B0C218C55C5478BE
:10ACD0009078D2788DF804508DF805408DF80600F4
:10ACE0008DF807209DED010A04330B6002B030BCE3
:10ACF000704700BF30B41468251D8D4203D930BCA5
:10AD000001311160704710EE103A03551168C3F31A
:10AD1000072401444C701168C3F3074401448C704C
:10AD20001168C3F307630844C370136830BC04336D
:10AD3000136070470B68C05C01330B60704700BF45
:10AD400030B41C68651C95429CBF08551A6830BC1D
:10AD500001321A60704700BF70B40D460E6885B0AE
:10AD60000DF1070330440DF10F0410F8012B03F827
:10AD7000012FA342F9D104AB13E903006B4683E82A
:10AD800003000836DDE900012E6005B070BC704795
:10AD900070B485B0089DCDE900012C6804F108016C
:10ADA000994204D901332B6005B070BC704704AEE2
:10ADB000DDE90001002306E903000DF1070100E0D1
:10ADC0002C68D01811F8016F0133082B0655F7D104
:10ADD0002B6808332B6005B070BC7047F0B48AB0A4
:10ADE0006B460E4609680AAD0139084410F8014F58
:10ADF00003F8014BAB42F9D16F4614460DF1200C1C
:10AE00003D460FCD654520606160A260E36007F1BB
:10AE1000100704F11004F3D103CF206061603368A0
:10AE2000283333600AB0F0BC704700BF30B41C68F0
:10AE3000651C95429CBF08551A6830BC01321A60E7
:10AE4000704700BFF0B486B00F466B4616460A68DE
:10AE500006AD013A104410F8014F03F8014BAB4224
:10AE6000F9D16C460FCC30607160B260F36003CCF6
:10AE7000306171613B6818333B6006B0F0BC7047CD
:10AE80002DE9F0431C681E4604F1280393428BB061
:10AE900004D9013232600BB0BDE8F0836D460F4635
:10AEA0008446A84600F12009C646DCF80000DCF81C
:10AEB0000410DCF80820DCF80C300CF1100CCC4548
:10AEC000AEE80F0008F11008EED1DCF80410DCF851
:10AED0000000C5F10103A8E803000DF1FF320DF1F8
:10AEE000270100E03468981812F8015F20448A4274
:10AEF0003D54F7D13368283333600BB0BDE8F0839D
:10AF0000F0B504460F4610460A68BBB0013A01ABE3
:10AF10003AAE144414F8015F03F8015BB342F9D16F
:10AF2000E42201A924F04FFC3B68E4333B603BB0D2
:10AF3000F0BD00BFF0B51C681E46034604F11000CA
:10AF4000904289B003D90132326009B0F0BDEE46BB
:10AF5000F4469A6818680F465968DB6804ADACE897
:10AF60000F0085E80F00C5F101030DF10F020DF18F
:10AF70001F0100E03468981812F8015F20448A42EB
:10AF80003D54F7D133681033336009B0F0BD00BFD2
:10AF9000F0B48AB06B460E4609680DF126050139FA
:10AFA000084410F8014F03F8014BAB42F9D16F464A
:10AFB00014460DF1200C3D460FCD654520606160C3
:10AFC000A260E36007F1100704F11004F3D1BB881D
:10AFD0003868A38020603368263333600AB0F0BC41
:10AFE000704700BF30B41C6882B0251D954204D95B
:10AFF00001321A6002B030BC704742880588ADF853
:10B000000620ADF80450019A0A551868C2F30724C7
:10B01000084444701868C2F30744084484701868F0
:10B02000C2F307620144CA701A6804321A6002B09F
:10B0300030BC7047F0B40F4616460A6886B0013A35
:10B0400001AB06AD104410F8014F03F8014BAB42C1
:10B05000F9D101AC0FCC3060206871603061B26012
:10B06000F3603B6814333B6006B0F0BC704700BF30
:10B070002DE9F0431C681E4604F1140393428BB083
:10B0800004D9013232600BB0BDE8F083E8460546D2
:10B09000C146AA68EB6800680F4669680DF1140E96
:10B0A000A8E80F002869CEF1010C0546C8F8000099
:10B0B000B9E80F00AEE80F000DF11302CEF8005012
:10B0C0000DF1270300E034680CEB020012F8015F79
:10B0D00020449A423D54F6D13368143333600BB0A8
:10B0E000BDE8F083F0B484B00F466B4616460A689C
:10B0F00004AD013A104410F8014F03F8014BAB4284
:10B10000F9D16C460FCC30607160B260F3603B687F
:10B1100010333B6004B0F0BC704700BF30B41C6813
:10B12000651C95429CBF08551A6830BC01321A60F4
:10B13000704700BF30B40C6882B00319055D5C78BD
:10B140009878DB788DF804508DF805408DF806006E
:10B150008DF80730019B13600B6804330B6002B05D
:10B1600030BC704770B41C68064604F10800904279
:10B1700083B004D901321A6003B070BC70473068E4
:10B180000D4671686E46002203C60DF1FF3100E0E6
:10B190001C68A81811F8016F0132082A0655F7D16A
:10B1A0001A6808321A6003B070BC7047F0B40F46DA
:10B1B00016460A6886B0013A01AB06AD104410F895
:10B1C000014F03F8014BAB42F9D101AC0FCC306019
:10B1D000206871603061B260F3603B6814333B609B
:10B1E00006B0F0BC704700BF30B41C68E51C954247
:10B1F00003D930BC01321A607047027845788078F4
:10B200000A551A680A4455701A68114488701A68F9
:10B2100030BC03321A6070470B68C05601330B60B4
:10B22000704700BFF0B41C681E46034604F11000CE
:10B23000904284B004D90132326004B0F0BC70474F
:10B240006D469A6818680F465968DB68C5F1010CAD
:10B250000FC50DF1FF320DF10F0300E034680CEB68
:10B26000020012F8015F20449A423D54F6D133683F
:10B270001033336004B0F0BC704700BF10B40C68EA
:10B2800083B00319045D58788DF804408DF80500EB
:10B290009878BDF80430907013800B6803330B600E
:10B2A00003B05DF8044B7047F0B51E461B68ADF562
:10B2B000037D03F50273934204D9013232600DF528
:10B2C000037DF0BD6C464FF402720F4601460F48F5
:10B2D00024F079FA4FF402720C49204624F073FAF4
:10B2E000C4F101030DF1FF320DF207213568981802
:10B2F00012F8014F28448A423C54F7D1336803F5D1
:10B30000027333600DF5037DF0BD00BF08D8002047
:10B31000F0B50446ADF5037D0F466B4610460A684E
:10B3200082AE013A144414F8015F03F8015BB342A2
:10B33000F9D169464FF4027224F045FA3B6803F5EF
:10B3400002733B600DF5037DF0BD00BFF0B51E46F6
:10B350001B68E5B003F5C873934203D9013232602C
:10B3600065B0F0BD6C464FF4C8720F4601460E48FA
:10B3700024F029FA4FF4C8720B49204624F023FA2E
:10B38000C4F101030DF1FF320DF28F1135689818E9
:10B3900012F8014F28448A423C54F7D1336803F530
:10B3A000C873336065B0F0BD10DA0020F0B5044614
:10B3B000E5B00F466B4610460A6864AE013A144485
:10B3C00014F8015F03F8015BB342F9D169464FF409
:10B3D000C87224F0F8F93B6803F5C8733B6065B0A8
:10B3E000F0BD00BFF0B51C681E4604F1A0039342F7
:10B3F000D1B003D90132326051B0F0BDA0220F4666
:10B400000DEB02050146684624F0DDF96946A022ED
:10B41000284624F0D8F9C5F101030DF19F020DF281
:10B420003F1100E03468981812F8015F20448A4206
:10B430003D54F7D13368A033336051B0F0BD00BF45
:10B44000F0B50446A9B00F466B4610460A6828AE10
:10B45000013A144414F8015F03F8015BB342F9D1D7
:10B460006946A02224F0AFF93B68A0333B6029B0C5
:10B47000F0BD00BF30B41C6882B0E51C954204D911
:10B4800001321A6002B030BC704702888078ADF893
:10B4900004209DF804209DF805500A551A680A44B6
:10B4A00055701A68114488701A6803321A6002B025
:10B4B00030BC7047F0B40E4609688EB0013901AB5C
:10B4C0000EAD084410F8014F03F8014BAB42F9D11F
:10B4D000154601AF0DF1340C3C460FCC6445286095
:10B4E0006960AA60EB6007F1100705F11005F3D160
:10B4F000386828603368343333600EB0F0BC70476E
:10B500002DE9F0431C681E4604F1340393428FB0CA
:10B5100004D9013232600FB0BDE8F08301AD0F46AF
:10B520008446A84600F13009C646DCF80000DCF885
:10B530000410DCF80820DCF80C300CF1100CCC45C1
:10B54000AEE80F0008F11008EED1DCF80000C5F1FC
:10B550000103C8F800000DF103020DF1370100E00E
:10B560003468981812F8015F20448A423D54F7D19C
:10B570003368343333600FB0BDE8F0832DE9F04316
:10B580001D681E4605F1180393428DB004D901329F
:10B5900032600DB0BDE8F083EE460446F146A26885
:10B5A000E36800680F4661680DF11808AEE80F0007
:10B5B00020696169C8F1010CAEE80300B9E80F0029
:10B5C000A8E80F0099E803000DF1170488E80300CC
:10B5D0000DF12F0300E035680CEB040214F8010FA5
:10B5E0002A449C42B854F6D13368183333600DB006
:10B5F000BDE8F083F0B51C681E4604F1E4039342F5
:10B60000F3B003D90132326073B0F0BDE4220F46CB
:10B610000DEB02050146684624F0D5F86946E422A0
:10B62000284624F0D0F8C5F101030DF1E3020DF234
:10B63000C71100E03468981812F8015F20448A426C
:10B640003D54F7D13368E433336073B0F0BD00BFCD
:10B650002DE9F0431C681E4604F1260393428BB08B
:10B6600004D9013232600BB0BDE8F0836D460F465D
:10B670008446A84600F12009C646DCF80000DCF844
:10B680000410DCF80820DCF80C300CF1100CCC4570
:10B69000AEE80F0008F11008EED1BCF80420DCF889
:10B6A0000000C5F10103A8F80420C8F800000DF15E
:10B6B000FF320DF1250100E03468981812F8015F9F
:10B6C00020448A423D54F7D13368263333600BB0AF
:10B6D000BDE8F0832DE9F0431C681E4604F1140315
:10B6E00093428BB004D9013232600BB0BDE8F083D5
:10B6F000E8460546C146AA68EB6800680F466968D7
:10B700000DF1140EA8E80F002869CEF1010C0546D2
:10B71000C8F80000B9E80F00AEE80F000DF1130201
:10B72000CEF800500DF1270300E034680CEB020066
:10B7300012F8015F20449A423D54F6D13368143325
:10B7400033600BB0BDE8F083DFED427A91ED000A83
:10B7500038B520EE270A2DED028B0D4604461EF06B
:10B760002FF860EE008A28EEA80A30EE280AB5EE1F
:10B77000400AF1EE10FAB1EEC08A62D438EE680ADF
:10B7800030EE000A84ED000AF7EE007A95ED007ABB
:10B79000B4EE677AF1EE10FA07FE800A84ED000A33
:10B7A000DFED2C7A95ED010A20EE270A1EF008F84D
:10B7B00060EE008A28EEA80A30EE280AB5EE400AAC
:10B7C000F1EE10FAB1EEC08A41D438EE680A30EEDC
:10B7D000000A84ED010AF7EE007A95ED017AB4EEE5
:10B7E000677AF1EE10FA07FE800A84ED010ADFEDB8
:10B7F000197A95ED020A20EE270A1DF0E1FF60EEAE
:10B80000008A28EEA80A30EE280AB5EE400AF1EECA
:10B8100010FAB1EEC08A17D438EE680ABDEC028B7C
:10B8200030EE000A84ED020AF7EE007A95ED027A16
:10B83000B4EE677AF1EE10FA07FE800A84ED020A90
:10B8400038BD23F0AFFF99E723F0ACFFE4E723F026
:10B85000A9FFBAE7DB0FC93F4FF07C51002210B4BB
:10B8600003240160047641605DF8044B8160C2608E
:10B8700002614261704700BF10B401244FF07C5157
:10B880000022047201605DF8044B4260704700BF03
:10B890002DE9F0432DED048B8BB004460D46DDE918
:10B8A0001601164603F052FC204490F83930012B63
:10B8B00011D0022B4CD0002B37D00FCD189C0FC4C9
:10B8C0000FCD0FC495E8030084E803000BB0BDEC76
:10B8D000048BBDE8F0832F46189C0FCF0FC40FCF09
:10B8E0000FC497E8030084E80300002EEED0B8EE02
:10B8F000009AB7EE008AF0EE008A189C05EB8606E7
:10B90000B5EC010A20EE090A1DF034FE30EE080AFB
:10B91000C8EE807A77EEC87AAE42E4EC017AEFD1D5
:10B920000BB0BDEC048BBDE8F08329469FED2C7A6B
:10B93000189B05F12802F1EC017AC7FE277A8A42AA
:10B94000E3EC017AF7D10BB0BDEC048BBDE8F083DA
:10B950006C460FCD0FC40FCD9DED000A0DF104080C
:10B96000B0EE408A47460FC495E8030084E8030020
:10B970000DF12809F7EC017AF4EE487AF1EE10FAAD
:10B9800037FE888A4F45F5D17EB144460DEB8606D9
:10B9900001E0B4EC010A30EE480A1DF0EBFDA642CE
:10B9A00004ED010AF5D19DED000A4346F0EE407A20
:10B9B000B3EC017A4B4577EE877AF9D1189B03F106
:10B9C000280201E0B8EC010A80EE277AA3EC017AA4
:10B9D0009342F7D10BB0BDEC048BBDE8F08300BF00
:10B9E00000000000F0B52DED048B90F83C000C46F3
:10B9F000012816461D4685B00BD002284BD060B3F7
:10BA00000FCC28606960AA60EB6005B0BDEC048BC8
:10BA1000F0BD0F460FCF28606960AA60EB60002E72
:10BA2000F3D0B8EE009AB7EE008AF0EE008A04EB8D
:10BA30008606B4EC010A20EE090A1DF09BFD30EEEB
:10BA4000080AC8EE807A77EEC87AA642E5EC017A59
:10BA5000EFD105B0BDEC048BF0BD91ED007ADFEDC8
:10BA6000377A87FE877A83ED007A91ED017A87FE37
:10BA7000877A83ED017A91ED027A87FE877A83EDEA
:10BA8000027A91ED037AC7FE877AC3ED037A05B097
:10BA9000BDEC048BF0BD6F460FC987E80F009DED2C
:10BAA000000A9DED016AB4EEC60AF1EE10FADDED72
:10BAB000026A54BFB0EE408AB0EE468AF4EE486A9D
:10BAC000F1EE10FA9DED037A36FE888AB4EE487ADC
:10BAD000F1EE10FA37FE088AAEB107EB860601AC2C
:10BAE00001E0B4EC010A30EE480A1DF043FDB44217
:10BAF00004ED010AF5D19DED000A9DED016ADDED31
:10BB0000026A9DED037A70EE067A77EEA67A77EEFA
:10BB1000877AC6EE275A80EE275A86EEA76AC7EEC6
:10BB2000276A85ED005AC5ED015A85ED026AC5ED1B
:10BB3000036A05B0BDEC048BF0BD00BF000000003F
:10BB40000023022230B40B2540F20114002180F8BA
:10BB50003C20A0F8443580F846350570448700F154
:10BB6000400300F1680243F8041B9342FBD100221A
:10BB700000F1900143F8042B8B42FBD14FF07E5132
:10BB8000C0F89020C0F89420C0F89820C0F89C20FD
:10BB900000F1A00300F52A7243F8041B9342FBD185
:10BBA0004FF07E5100F5876243F8041B9342FBD1AE
:10BBB0004FF07E5100F59B6243F8041B9342FBD18A
:10BBC00040F60A2204230021A0F8D82480F8DA34B1
:10BBD00000F2DC4200F5A26342F8041B9342FBD161
:10BBE0004FF07E5100F2445243F8041B9342FBD1C4
:10BBF0000022031D00F12C0143F8042B8B42FBD1E2
:10BC000030BC4FF48073C2620263426303877047A3
:10BC10002DE9F04786B004AB05AE04460078CDE9C7
:10BC200000360DF10F030D4602F090F99DF90F005B
:10BC300008BB4FF0010A04F5A26904F2DC4804F5E0
:10BC40009B675FFA8AF3013B0B2B61D8DFE803F0B7
:10BC500059524B443D362F231D291606314628469E
:10BC6000FFF768F884F845050AF1010ABAF10E0FEA
:10BC7000E7D19DF90F0006B0BDE8F08731462846B0
:10BC8000FFF758F884F84405EEE742463146284667
:10BC9000FFF710FCE8E73A4631462846FFF7EEFA90
:10BCA000E2E74A4631462846FFF704FCDCE7314626
:10BCB000284604F58762FFF7C3FBD5E731462846DF
:10BCC00004F52A72FFF772FBCEE73146284604F1ED
:10BCD000A002FFF71DFBC7E73146284604F190029A
:10BCE000FFF700FAC0E73146284604F16802FFF783
:10BCF00075F8B9E73146284604F14002FFF76EF8BF
:10BD0000B2E73146284604F13A02FFF7B7FAABE74B
:10BD100031462846FFF70EF884F84605A4E700BF31
:10BD2000F8FE600AFCEEE07A2DE9F04F15461E465B
:10BD30000022002717EE903A2A606A60AA60EA6043
:10BD4000377090F8392001330446B9B0DBB222B124
:10BD5000012B7AD039B0BDE8F08F90F8382001324D
:10BD6000D2B24F1CFFB2B2FBF7F007FB1022D2B2E7
:10BD7000934211D00021231D04F12C0243F8041B2F
:10BD80009342FBD100234FF48072E3622363636329
:10BD9000228739B0BDE8F08F5A1E04EB82028B4235
:10BDA00084F8383082ED010AD4D12BAF3B46002213
:10BDB00038A943F8042B9942FBD1231D9C460593D7
:10BDC0000DF1AC0804F12409C646DCF80000DCF8EB
:10BDD0000410DCF80820DCF80C300CF1100CCC4519
:10BDE000AEE80F0008F11008EED1DCF80410DCF822
:10BDF0000000636BD4F83090D4F82CE01EAAA8E8B9
:10BE000003003793CDF8D490CDF8D8E004F5A263C1
:10BE100004F244510FE053ED0E6A97ED007A37EECD
:10BE2000667AC7EE276AC2ED006A994207F10407F5
:10BE300002F104021ED0F3EC017AF5EE407AF1EE45
:10BE400010FAE8D138681060EFE790F8462580F8DE
:10BE500039700AB180ED0B1A94F844250AB1C4ED8B
:10BE60000C1A94F845251AB184ED0D2A012278E7C1
:10BE7000012276E794F8D88494F8D97494F8DA9487
:10BE80000DF1280A04F1400C04F1600BD646DCF8F1
:10BE90000000DCF80410DCF80820DCF80C300CF1B1
:10BEA000100CDC45AEE80F000AF1100AEED1DCF808
:10BEB0000000DCF80410AAE80300B8F1000F1AD063
:10BEC00020460DF1280C04EB880E2BA9BCEC017A5E
:10BED00003461EAAF2EC017AD3ED286A67EEA67A31
:10BEE000914237EE277A03F12803F3D104308645D7
:10BEF0000CED017AEAD10022664B0DF1500ACDE932
:10BF0000002320464246CDF808A00AA9FFF7C0FC4E
:10BF1000002F00F08C8004F188030DF1AC0B04F1CC
:10BF2000680C0493DE46DCF80C30DCF80000DCF82A
:10BF30000410DCF808200CF1100CAEE80F00049B94
:10BF40000BF1100B9C45EDD1A6465B46DCF80000DA
:10BF5000DCF80410444603C30AEB88010020F046D5
:10BF60000DF1AC0C8CB19CED007A52467346F2ECAC
:10BF7000017AD3EDAA6A67EEA67A914237EE277A64
:10BF800003F12803F3D18CED007A013087420CF1E4
:10BF9000040C0EF1040EE5D14FF0804300220AA9F3
:10BFA000CDE9002340463A4602912BA9FFF770FCE9
:10BFB00043460DF1180CE64653F8900F4446596875
:10BFC0009A68DB68AEE80F00B9F1000F1ED0E646B4
:10BFD00000200AAB03EB870708F58761BEEC017A06
:10BFE0000A460AAB9046F3EC017AD8ED006A67EE98
:10BFF000A67A9F4237EE277A02F11002F2D1013081
:10C0000081450EED017A01F10401E7D12B464A4644
:10C0100061462046FFF7E6FC03220021059B3270B3
:10C0200004F12C0243F8041B9A42FBD1AAE62346F2
:10C030000DF1180CE64653F8900F59689A68DB68C2
:10C04000AEE80F00B9F1000FE0D0234604F5876E8B
:10C050000AEB880144466046984694B190ED007A18
:10C06000534672469346F3EC017ADBED006A67EEC5
:10C07000A67A994237EE277A02F11002F2D180EDCA
:10C08000007A0137B94500F104000EF1040EE4D145
:10C090004446BBE70000F03F2DE9F0470D2482B095
:10C0A0000646174600780DF103020D468DF8034051
:10C0B00001F06EFF9DF803800190B8F1000F2AD0C7
:10C0C000012406F5A26A06F2DC49E3B2013B0C2B1F
:10C0D0000FD8DFE803F0655D756D554D453D362F92
:10C0E000271407003A46294696F8460501ABFEF7A5
:10C0F00027FEA04504F101030CD01C46E5E701AB87
:10C100003A46294696F84505FEF71AFEA04504F181
:10C110000103F2D10198C0F3072328706B7002B0BD
:10C12000BDE8F0873A46294696F8440501ABFEF78C
:10C1300007FEDEE73A462946504601ABFFF7E0F935
:10C14000D7E73A462946484601ABFFF7D9F9D0E789
:10C150003A46294601AB06F59B60FFF78BF9C8E725
:10C160003A46294601AB06F58760FFF73BF9C0E781
:10C170003A46294601AB06F52A70FFF7E7F8B8E71B
:10C180003A46294601AB06F1A000FFF78DF8B0E76B
:10C190003A46294601AB06F14000FEF771FEA8E7DA
:10C1A0003A46294601AB06F13A00FFF71DF8A0E731
:10C1B0003A46294601AB06F19000FFF733F898E7BD
:10C1C0003A46294601AB06F16800FEF759FE90E7B2
:10C1D0002DE9F043062483B00646904600780DF121
:10C1E00003020D468DF8034001F0D2FE9DF8037066
:10C1F000019027B3012406F10409E3B2013B052BAA
:10C200000BD8DFE803F02310322A3A0341462846D0
:10C2100096ED0D0A01AAFEF76DFDA74204F1010398
:10C220000CD01C46E9E701AB4246294696F8380097
:10C23000FEF786FDA74204F10103F2D10198C0F395
:10C24000072328706B7003B0BDE8F083424629468F
:10C25000484601ABFEF714FEDFE74146284696ED5F
:10C260000B0A01AAFEF746FDD7E74246294696F893
:10C27000390001ABFEF764FDCFE74146284696ED55
:10C280000C0A01AAFEF736FDC7E700BF2DE9F04111
:10C2900086B004AB05AF05460078CDE900370DF157
:10C2A0000F030E4601F052FE9DF90F00B0B90124B4
:10C2B00005F10408E3B2013B042B2DD8DFE803F0BD
:10C2C000261F1811030039463046FEF7FBFC85EDAA
:10C2D0000C0A0134072CEDD19DF90F0006B0BDE822
:10C2E000F08139463046FEF7EDFC85ED0B0AF0E7AC
:10C2F00039463046FEF71EFD85F83900E9E7394634
:10C300003046FEF717FD85F83800E2E74246394629
:10C310003046FEF763FDDCE739463046FEF7D2FCD7
:10C3200085ED0D0AD5E700BF70B5D0ED017A2DED92
:10C33000028BDFED5A6A0C4667EEA66A15469DF839
:10C3400018609DF81C10002A6DD100EB8302D2ED1D
:10C35000038AD4ED004A76EEA88A4288B0EE087AC5
:10C3600007EE902A00EB8302D2ED065AF4EE475A0C
:10C37000F8EE677A9FED4A5AF1EE10FA87EE856A79
:10C3800030EE648A4CD192ED017ADFED467A37EED9
:10C39000400AB7EE007A80FE270A37EE407AF6EEC2
:10C3A000087A27EE077A9FED405A67EE277ADFED8D
:10C3B0003F5A67EE857A77EEA57AB5EEC08A66EECB
:10C3C000A77AF1EE10FA77EEA67A44DD012B06BFCC
:10C3D00000EB860696ED0A7A9FED357A91B3D0EDA3
:10C3E000017ADFED346A67EEA67A87EE870A20EEDF
:10C3F000060AB4EE408AF1EE10FA30FE088A38EEF2
:10C40000248AB4EEE88AF1EE10FA58BFF0EE488ABA
:10C410000DB1F1EE688AC4ED008ABDEC028B70BDEF
:10C42000DFED257AC9E794ED008AF1EE484AC4EDC4
:10C43000004A00EB8302D2ED018AB1EE400A76EEAB
:10C44000E88A8AE7B4EE678ADFED197AF1EE10FA2E
:10C4500037FE877AC3E731B9B0EEC87AB4EEE77A2F
:10C46000F1EE10FA10DCD2ED337AB1EE460A80EE2E
:10C47000270A1DF07FF8F7EE007A37EEC00AD4EDF8
:10C48000004A28EE008ABAE7012BECD1D0ED346ADD
:10C49000B0EE087AC6EE877AE7E700BFC178C63DFE
:10C4A0000000C84200000000CDCC4C3ECDCCCC3DBD
:10C4B0000000E144CBBECB3E9A99993E00EB81014E
:10C4C000D1ED036AF5EE406AF1EE10FA91ED017AD2
:10C4D00003D077EE667A87FE800A77EE607A9FED6A
:10C4E000097A70EEE60AC7FE877AC0FE870AC7FEA1
:10C4F000E07A77EEA77AF7EE006A87EE807A87FE19
:10C50000660A70470000000000EB820393ED067A94
:10C51000F0EE087AB4EE677AF1EE10FA02F1FF322B
:10C520002AD1B7EE007A77EE600AF6EE087A60EE6E
:10C53000A00ADFED1F6A60EEA77A9FED1E7A67EE14
:10C54000A67A77EE877AD3ED036A93ED017A00EE4F
:10C55000270A77EE667AB4EEE70AF1EE10FA04DC09
:10C56000F5EE406AF1EE10FA09D190F8D830104497
:10C57000B7EE000A03767047DFED0F7AE3E769B99B
:10C580000244137EFF2B0FD00133DBB2137690F8F9
:10C59000D8209A4208D9B0EE000A70470023104410
:10C5A000B0EE000A03767047B0EE080A704700BF8D
:10C5B000CDCC4C3ECDCCCC3D9A99993E00222DE974
:10C5C000F04F4FF07E510127DFED477ADFED470A4C
:10C5D0009FED471AFEEE081A9FED462ADFED462A28
:10C5E0009FED463ADFED463A9FED464ADFED464A7B
:10C5F0009FED465ADFED465A9FED466A4FF00A0B13
:10C600004FF0030AF0EE0C6A9FED437A4FF00009F9
:10C610004FF002084FF6FF7E40F2022C3F4C404D97
:10C62000404EC0ED0E0A80ED0F1AC0ED101A80EDDD
:10C63000112AC0ED152A80ED253AC0ED263A80ED8D
:10C64000274AC0ED284A80ED295A07708264C264E7
:10C6500002658265C2654266C26602678267C0F88B
:10C660008020C0F88420C0F88C2001668166416774
:10C67000C167C0F88810C0F89010C0F8A840C0F892
:10C68000B040C0F8AC50C0ED345A80ED356AC0ED12
:10C69000386A80ED397AC0ED327AC0ED337AC0F86D
:10C6A000B450C0F8B850C0F8BC40C0F8C050C0F892
:10C6B000C4404262C26142608260C2600261426103
:10C6C000026280F83470A0F8DAB0A0F8DCA0A0F81C
:10C6D000289080F8D880A0F802E0A0F818C0C662C0
:10C6E0000663BDE8F08F00BF00006145894100BFCF
:10C6F000CDCCCCBEE17A94BECDCCCCBD52499DBC54
:10C700005F29CB3D76E06C3F9BE67D3FBF0E7C3FD3
:10C7100000C0A8474031774C17B7D1380000A0417E
:10C72000000020420000E1442DE9F04786B004AB50
:10C7300005AE04460078CDE900360DF10F030D4635
:10C7400001F004FC9DF90F0000BB4FF0010A04F159
:10C75000B80904F1A80804F194075FFA8AF3013BD1
:10C760000A2B5BD8DFE803F0534C453E37302922D3
:10C770001B150600424631462846FEF7B3FC0AF177
:10C78000010ABAF10D0FE8D19DF90F0006B0BDE81E
:10C79000F0873A4631462846FEF708FDEFE7314676
:10C7A000284604F18002FEF701FDE8E731462846FD
:10C7B00004F16C02FEF7FAFCE1E73146284604F189
:10C7C0005802FEF7F3FCDAE73146284604F1480246
:10C7D000FEF788FCD3E73146284604F1E002FEF775
:10C7E000D5F9CCE73146284604F1DA02FEF7A2FC7F
:10C7F000C5E73146284604F13802FEF773FCBEE770
:10C800003146284604F1C802FEF7C0F9B7E73146C1
:10C81000284604F1D002FEF7B9F9B0E74A4631469E
:10C820002846FEF75FFCAAE79FEDDE7ADFEDDE7AB1
:10C830002DE9F04720EE877A2DED0C8B70EEA77A6C
:10C84000DFEDDA6A90ED019A88B0B0EE408ADDE95A
:10C850001D5687EE270AF0EE608A29EE269AF0EE42
:10C86000419A0446894690461F46B0EE61AA9DF85B
:10C8700070A01CF07FFEDFEDCE6A9FEDCE6A69EE00
:10C88000A66A9FEDCD7AC6EE867A38EE877A27EED5
:10C89000800ADFEDCA6AC0EE077A9FEDC97A27EEFB
:10C8A000A60AB4EEC70AF1EE10FA00F30A82638812
:10C8B000B8EE00BAB3F5967F2246A44600F00C828B
:10C8C000B3F5E16F00F03282642B00F01A82D4EDF0
:10C8D0000ECAD4ED12BAD4ED2AAA94ED2ECA52F89B
:10C8E000580F05AB5168926807C35CF8640F03AB3F
:10C8F000DCF8041003C39FEDAB0ADFEDAB7A2AEE40
:10C90000800A7AEEA77A80EE270A1CF033FEDFED6C
:10C91000A87A9FEDA8DA2CEE27CADFEDA77A8CEE75
:10C920000D7A7AEEA77A27EE007ADFEDA46A87EE19
:10C93000270A20EE260A1CF0EBFED4ED020AF5EEE3
:10C94000400AF1EE10FA7FD03BEE407A9DED056A89
:10C9500067EE077A9DED060A78EEEAAA27EE007ADE
:10C96000CAEE8D6A67EE867A9DED036A77EE877A66
:10C970009DED070A26EE867ADDED046A77EE807A71
:10C9800037EE267AF7EE086A67EE877AB6EE000A87
:10C99000C7FEE67AC7FE807A68EEABBA9FED857A6D
:10C9A0002BEE2CBA8BEE870A30EE0B0A38EE400ADB
:10C9B00030EE600A20EE270A30EE200A86ED000AEB
:10C9C000B8F1000F40F00481BAF1000F00F0A4802C
:10C9D00094ED027AD4ED037AD4ED076AB5EE407A8D
:10C9E000F1EE10FAF5EE407A08BF96ED007AF1EE1E
:10C9F00010FA08BFD6ED007A85ED007A94ED046A4E
:10CA0000B5EE406AF1EE10FA08BF37EE496AC5ED9F
:10CA1000046A85ED026AC5ED017A94ED057AB5EEFA
:10CA2000407AF1EE10FA08BF37EEC97A85ED037A45
:10CA3000236A6B6194F83430012B00F0288108B030
:10CA4000BDEC0C8BBDE8F087F7EE007AA4E7D4EDDF
:10CA5000027AF5EE407AD4ED047AF1EE10FAF5EEB2
:10CA6000407A04BF84ED020A96ED000AF1EE10FA56
:10CA70000CD1D4ED027A77EEC97AF4EEC07AF1EEF9
:10CA800010FAC4BF84ED040A96ED000A02230022C6
:10CA9000CDE900372046012304F10801FFF744FCEB
:10CAA000D4ED047AF5EE407AF1EE10FA40F081818F
:10CAB000D4ED037AF5EE407AD4ED057AF1EE10FA72
:10CAC000F5EE407A04BF3368E360F1EE10FA0CD162
:10CAD000D4ED037A96ED000A77EEC97AB4EEE70A50
:10CAE000F1EE10FA03D584ED050A96ED000A4FF039
:10CAF000020A002253462046CDE900A704F10C01AA
:10CB0000FFF712FCD4ED057AF5EE407AF1EE10FA5B
:10CB100040F05B8196ED000A94ED026AB4EEC06AC3
:10CB2000F1EE10FAB0EE467A00F28C800123B9F1F2
:10CB3000000F00F09480B8F1000F00F00C81F0EECF
:10CB4000400A01212046B0EE490AFFF7B7FC012256
:10CB5000F0EE400A1946B0EE490AFFF7D5FC84ED25
:10CB6000070AD4ED037AD6ED000AF4EEE07AF1EE8E
:10CB700010FA00F209810221B0EE490A2046FFF7BF
:10CB80009DFCF0EE400A41460222B0EE490A2046E2
:10CB9000FFF7BAFC94ED027AD4ED037AD4ED076A7C
:10CBA00072E000BFC3F58C41B81E7343C178C63D27
:10CBB0008195C3400000C8423393884333B3584340
:10CBC0000AD7233C0000AA42000020C20000000057
:10CBD000BAF1000F7FF4FCAE5FED067AF4EEE78A5F
:10CBE000F1EE10FA98D85FED087AF4EEE78AF1EEEC
:10CBF00010FA91DBF4EEC79AF1EE10FA8CD85FEDE3
:10CC00000D7AF4EEE79AF1EE10FA85DBB4EE67AA3E
:10CC1000F1EE10FA40F0E58094ED097AB4EE677A0F
:10CC2000F1EE10FA3FF413AF238D06EE903AF8EED2
:10CC3000666A37EE667AC7FE877AC4ED097A96EDA2
:10CC4000000A69E7D4ED047AF4EEC07AF1EE10FA46
:10CC5000ACBF01230023B9F1000F7FF46CAF5FED8F
:10CC6000256AC4ED076A94F8D830D4ED037A2376A8
:10CC700096ED005AB4EEE75AF1EE10FAF0EE675A6C
:10CC80007BDB1FED2E0A637684ED080AA6E6F0EE44
:10CC9000087AF4EE676AF1EE10FA0AD14FB1002378
:10CCA000D4F8C810D4F8CC20E162226384F8343080
:10CCB000C5E65B4BE362236308B0BDEC0C8BBDE8BB
:10CCC000F0871CF025FD6388B0EE40BAB3F5967F7F
:10CCD0002246A4467FF4F4AD52F8800F05AB5168AC
:10CCE0009268D4ED10CA07C35CF88C0F03ABDCF874
:10CCF0000410D4ED14BAD4ED2CAA94ED30CA03C3B9
:10CD0000F9E552F8940F05AB51689268D4ED11CA59
:10CD100007C35CF8A00F03ABDCF80410D4ED15BA20
:10CD2000D4ED2DAA94ED31CA03C3E4E552F86C0F9B
:10CD300005AB51689268D4ED0FCA07C35CF8780F51
:10CD400003ABDCF80410D4ED13BAD4ED2BAA94EDA8
:10CD50002FCA03C3CFE5DFED336AC4ED076A94F849
:10CD6000D830D4ED037A237696ED005AF4EEC57AE6
:10CD7000F1EE10FAF0EE675A83D9B0EE467AF0EE93
:10CD8000657AD4ED076A7CE7D4ED057AF4EEE07AB3
:10CD9000F1EE10FA4FF00201B0EE490A2046ACBFA6
:10CDA0004FF001084FF00008FFF788FBF0EE400A53
:10CDB000E9E60123CDE900371A4696ED000A204640
:10CDC00004F11001FFF7B0FA72E601220197009218
:10CDD000534696ED000A204604F11401FFF7A4FA29
:10CDE00098E6FDEECA7A17EE903A04EB4302B2F8E9
:10CDF000D820D4ED098A08EE102AB8EE488A04EB50
:10CE0000830393ED370A1CF0B5FB38EEC88AC8EEF1
:10CE1000007A78EEE78AC4ED098A96ED000A7BE68F
:10CE20000000E144000000002DE9F0470C2482B02E
:10CE30000646174600780DF103020D468DF80340B3
:10CE400001F0A6F89DF803800190B8F1000F27D0FB
:10CE5000012406F1B80A06F1A809E3B2013B0B2B45
:10CE60000DD8DFE803F05C546C644C443C342C2453
:10CE700012063A462946504601ABFEF75BF8A0453C
:10CE800004F101030BD01C46E7E701AB3A46294603
:10CE90004846FEF74FF8A04504F10103F3D101988D
:10CEA000C0F3072328706B7002B0BDE8F0873A46E4
:10CEB000294601AB06F19400FEF7DAF8DFE73A46BF
:10CEC000294601AB06F18000FEF7D2F8D7E73A46D3
:10CED000294601AB06F16C00FEF7CAF8CFE73A46E7
:10CEE000294601AB06F15800FEF7C2F8C7E73A46FB
:10CEF000294601AB06F14800FEF71CF8BFE73A46A9
:10CF0000294601AB06F1E000FDF75AFEB7E73A46C5
:10CF1000294601AB06F1C800FDF752FEAFE73A46DD
:10CF2000294601AB06F1D000FDF74AFEA7E73A46D5
:10CF3000294601AB06F1DA00FEF754F89FE73A46BE
:10CF4000294601AB06F13800FDF7F4FF97E700BF73
:10CF50002DE9F0470B2482B00646174600780DF104
:10CF600003020D468DF8034001F012F89DF803808E
:10CF70000190B8F1000F28D0012406F12C0A06F127
:10CF80001C09E3B2013B0A2B0ED8DFE803F0534B38
:10CF9000635B443C2D25341306003A46294696F837
:10CFA000340001ABFDF7CCFEA04504F101030BD02A
:10CFB0001C46E6E701AB3A4629465046FDF700FE1F
:10CFC000A04504F10103F3D10198C0F307232870B1
:10CFD0006B7002B0BDE8F0873946284696ED010A2D
:10CFE00001AAFDF787FEDFE73A462946308D01ABFF
:10CFF000FDF720FED8E73A46294696F8D80001AB5F
:10D00000FDF79EFED0E73946284696ED090A01AAAB
:10D01000FDF770FEC8E73A462946484601ABFDF7E2
:10D02000CFFDC1E73A46294601AB06F11000FDF7F6
:10D03000C7FDB9E73A46294601AB06F10800FDF7FE
:10D04000BFFDB1E73A46294601AB06F11800FDF7EE
:10D0500019FEA9E73A462946708801ABFDF7EAFDBB
:10D06000A2E700BF002370B440F20221002602258F
:10D070004FF6FF744362C36143608360C360036122
:10D08000436103620123064A068580F8D850448034
:10D09000C2620263018380F8343070BC704700BF05
:10D0A0000000E1444FF6FF73994232D030B52DEDC8
:10D0B000028B43880C468B42054683B025D0B1F5E0
:10D0C000967F418026D0B1F5E16F4ED064294CD0D7
:10D0D00064219FED300A304BA3FB04235A0901FB66
:10D0E000124292B25B09312A88BF01332B851CF0B2
:10D0F0000FFB9FED2A7AB0EEC00AC0EE077AC5EDAD
:10D10000017A5CB9FF2385F8D83003B0BDEC028BFF
:10D1100030BD70470322224B0285436047F23052F4
:10D12000B2FBF4F304FB132292B29BB2AAB907EE4E
:10D13000903AB8EE670AB5EE400AF1EE10FAB1EE99
:10D14000C08A19D438EE088ABBFE488AFCEEC87A39
:10D15000CDED017A9DF80430D5E704F0010101EB33
:10D160005404A242A8BF0133E1E70B4B9FED0D0A27
:10D17000A3FB04235B09B9E722F014FB38EE088A0D
:10D18000FBFE487AFCEEE77ACDED017A9DF804309B
:10D19000B9E700BF304C463F1F85EB51502C633E32
:10D1A00016A85F3F9A99193F2DE9F04786B004AB66
:10D1B00005AE04460078CDE900360DF10F030D46AB
:10D1C00000F0C4FE9DF90F00F8B94FF0010A04F118
:10D1D0002C0904F11C0804F118075FFA8AF3013BDB
:10D1E000092B50D8DFE803F048413B352F28221B9C
:10D1F00014054A4631462846FDF7C8FC0AF1010AE3
:10D20000BAF10C0FE9D19DF90F0006B0BDE8F08727
:10D2100031462846FDF78EFD84F8D800EEE731460A
:10D220002846FDF74FFD84ED010AE7E73146284621
:10D23000FDF7EEFC2085E1E731462846FDF742FD8B
:10D2400084ED090ADAE7424631462846FDF79EFC9E
:10D25000D4E73A4631462846FDF700FDCEE7314691
:10D260002846FDF7D5FC6080C8E73146284604F122
:10D270001002FDF78BFCC1E73146284604F1080295
:10D28000FDF784FCBAE731462846FDF753FD84F8E4
:10D290003400B3E7032310B5044600F8043BFEF75F
:10D2A000DBFA2046FCF7E8FC204610BD70B586B0DE
:10D2B00004AB05AE04460078CDE900360DF10F034E
:10D2C0000D4600F043FE9DF90F0008B106B070BD99
:10D2D0002846314604F12002FDF714FC9DF90F00A9
:10D2E00006B070BDF2EE047AF8B5B4EE670A2DED23
:10D2F000048BD0ED049AF1EE10FAB0EE409AF5EE00
:10D30000409A98BFB0EE679AF1EE10FA04460F46C5
:10D3100016461D46F0EE608AB0EE418A30D0B0EE7F
:10D32000490A94ED019A1CF0F3F9D4ED047A70EEF9
:10D33000677A67EE897A37EEA90A87ED000AD4ED9D
:10D34000057AD4ED020A78EEE78A68EEA08A78EED4
:10D35000A78AC6ED008AD4ED067A94ED031A38EE5A
:10D36000678A28EE018A38EE278A85ED008ABDECAF
:10D37000048B3B682361336863612B68A361F8BD4C
:10D38000B0EE490A1CF0C4F9C4ED058AF0EE409AEB
:10D3900084ED068A84ED040AC1E700BF2DE9F0415F
:10D3A000012482B00646904600780DF103020F4634
:10D3B0008DF8034000F0ECFD9DF80350019035B16D
:10D3C0000024203654B10134A542FBD10198C0F3AA
:10D3D000072338707B7002B0BDE8F08142463946C1
:10D3E000304601ABFDF7AAFBEDE700BF2DE9F041A8
:10D3F000012482B00646904600780DF103020F46E4
:10D400008DF8034000F0C4FD9DF80350019035B144
:10D410000024103654B10134A542FBD10198C0F369
:10D42000072338707B7002B0BDE8F0814246394670
:10D43000304601ABFDF782FBEDE700BF70B586B06B
:10D4400004AB05AE04460078CDE900360DF10F03BC
:10D450000D4600F07BFD9DF90F0008B106B070BDD0
:10D460002846314604F11002FDF74CFB9DF90F00F0
:10D4700006B070BD07EE901ADFED1C6AF8EE677A11
:10D4800086EEA77AF6EE007AD0ED086A27EE277AC4
:10D49000D0ED095AF7EE007A86EE876A90ED0A5AC7
:10D4A000C5EE876AB4EEE76AC5EE075AF1EE10FAE8
:10D4B000F4EEE76A37FE866AF1EE10FAF4EEE75A08
:10D4C00077FEA66AF1EE10FA00B585B077FEA57A70
:10D4D000043001A98DED016ACDED026ACDED037A2C
:10D4E000FEF732F905B05DF804FB00BF0000C8424A
:10D4F00010B5044600F8041BFEF7BEF92046FCF701
:10D50000CFFB204610BD00BF70B586B004AB05AEA2
:10D5100004460078CDE900360DF10F030D4600F00A
:10D5200015FD9DF90F0008B106B070BD28463146C3
:10D5300004F11002FDF72AFB9DF90F0006B070BD43
:10D54000B5EEC01AF1EE10FA08B52BD9DFED177A57
:10D55000B4EE671AF1EE10FA37FE811A90ED027AF6
:10D56000B5EE407AF1EE10FA08BFB0EE407AD0ED99
:10D57000016A30EE470AD0ED047A20EE260A61EE09
:10D58000277AD0ED056A30EE070A77EEA67A80EDAD
:10D59000020A37EE811A01F00DF9DFED047A80FE00
:10D5A000670A08BD9FED021AD8E700BF0000C84215
:10D5B00017B7D1382DE9F041012482B006469046D4
:10D5C00000780DF103020F468DF8034000F0E0FCF7
:10D5D0009DF80350019035B10024103654B1013448
:10D5E000A542FBD10198C0F3072338707B7002B0CD
:10D5F000BDE8F08142463946304601ABFDF7B2FD49
:10D60000EDE700BF2DE9F041012482B007469046C6
:10D6100000780DF103020E468DF8034000F0B8FCCF
:10D620009DF8035001902DB1002454B10134A5425E
:10D63000FBD10198C0F307233070737002B0BDE8CE
:10D64000F0814146304697ED020A01AAFDF752FBF0
:10D65000ECE700BF70B586B004AB05AE04460078B9
:10D66000CDE900360DF10F030D4600F06FFC9DF97A
:10D670000F0008B106B070BD28463146FDF722FB09
:10D680009DF90F0084ED020A06B070BD07EE901AF6
:10D69000DFED216AB8EE677AB6EE006AC6EE877AE9
:10D6A000DFED1E6A67EE867A10B5B7EE007A2DEDD3
:10D6B000048BC6EEA78A9FED1A0AC8FEC78A28EE19
:10D6C000800A04461CF07CF820EE008A28EE089AB6
:10D6D00039EE089AB5EE409AF1EE10FA16D4F7EE4C
:10D6E000007AF4EE678AF1EE10FA0AD0B1EEC90AB8
:10D6F00030EE488A38EE088A84ED018ABDEC048B4E
:10D7000010BDC4ED017ABDEC048B10BDB0EE490A2A
:10D7100022F048F8E3E700BF0000C84299D4503C2B
:10D72000DB0FC93F002230B40225054C05490570C6
:10D730004460416181618260C260026130BC7047B7
:10D74000EC5185420000484270B586B004AB05AE8E
:10D7500004460078CDE900360DF10F030D4600F0C8
:10D76000F5FB9DF90F0008B106B070BD28463146A3
:10D77000FDF7A8FA9DF90F0084ED010A06B070BD0F
:10D78000D1ED007AD1ED026A37EEC07A77EEE67A13
:10D79000C7EE276ADFED527A90ED026A66EEA76A5D
:10D7A000B7EE005ADFED4F7A27EE066A76EEA76AEB
:10D7B0009FED4D7AF4EEC50AF8B536EE276A2DEDE9
:10D7C000028BC7FE266ADFED495AF1EE10FA0C46CD
:10D7D000DDE90816B0EE408AC7FE067AC5FEE66AA5
:10D7E0000A9D5AD4C0ED056AC0ED067AC2ED006A02
:10D7F00027695760C3ED007A22695A6090ED017A7B
:10D80000B4EEE77AF1EE10FA42DBB1EE047ADFED26
:10D81000386A27EE877A37EE267ADFED366A86FE9B
:10D82000877A81ED007A2369B2EE040A4B6090EDAD
:10D83000037AD0ED040A67EE877A77EEA00A03F048
:10D84000A7FD9FED2D7ADFED2D7A87FE000AC7FE3A
:10D85000C07AC6ED007A2369DFED296A7360D4EDE2
:10D86000017A94ED037A37EEC88A37EEC77AC8EEAC
:10D87000077ABDEC028B67EEA67A9FED1B7AC7FE96
:10D88000E67AC7FE277AC5ED007A63696B60F8BD5A
:10D89000B2EE047A27EE877ABFE790ED057AB4EE10
:10D8A000E67AF1EE10FA60EEA00A07D535EE605A7E
:10D8B00066EEA06A25EE075A75EE266A90ED066AB6
:10D8C000B4EEE76AF1EE10FA90D5B7EE007A37EED3
:10D8D000607A67EEA07A67EE060A70EEA77A85E7AF
:10D8E0000000164300004842000000000000FA4318
:10D8F00000007A430000C843CDCCCC3D00007A4400
:10D900000000C8422DE9F041012482B0074690464C
:10D9100000780DF103020E468DF8034000F038FB4D
:10D920009DF8035001902DB1002454B10134A5425B
:10D93000FBD10198C0F307233070737002B0BDE8CB
:10D94000F0814146304697ED010A01AAFDF7D2F970
:10D95000ECE700BF2DE9F041052482B00646904671
:10D9600000780DF103020D468DF8034000F010FB26
:10D970009DF80370019017B30124E3B2013B042B1F
:10D980000BD8DFE803F033102B2303004146284671
:10D9900096ED040A01AAFDF7ADF9A74204F10103CF
:10D9A0000CD01C46E9E74146284696ED060A01AA36
:10D9B000FDF7A0F9A74204F10103F2D10198C0F3E9
:10D9C000072328706B7002B0BDE8F08141462846FD
:10D9D00096ED030A01AAFDF78DF9DEE741462846D8
:10D9E00096ED020A01AAFDF785F9D6E741462846D9
:10D9F00096ED050A01AAFDF77DF9CEE70023034A5B
:10DA0000836042618261C3600361704700004842E5
:10DA10004FF6FF73994220D0B1F5967F10B50446BA
:10DA20001CD0B1F5E16F15D09FED0E0ADFED0E7A37
:10DA3000642907FE800A1BF06BFE9FED0C7AB0EEA6
:10DA4000C00AC7EE007A0A4A0A4BC4ED027AE260C5
:10DA5000236110BD9FED040AEDE770479FED060AB4
:10DA6000E9E700BF304C463F9A99193F0000164342
:10DA70004F57213C841C4BBF0AD7233FF0B587B0DA
:10DA800004AB05AF05460078CDE900370DF10F0373
:10DA90000E4600F05BFA9DF90F0098B90124E3B23D
:10DAA000013B39463046032B1DD8DFE803F017123F
:10DAB0000D02FDF707F985ED030A0134062CEED1BE
:10DAC0009DF90F0007B0F0BDFDF7FCF885ED020AE7
:10DAD000F3E7FDF7F7F885ED060AEEE7FDF7F2F854
:10DAE00085ED050AE9E7FDF7EDF885ED040AE4E7C1
:10DAF000F0B400220024002564264FF0050C084FE6
:10DB00000849C0E90245C0E90845C761866280F856
:10DB100000C0C1620261426182610263F0BC704771
:10DB2000C9B28B5323291D5670B586B004AB05AE20
:10DB300004460078CDE900360DF10F030D4600F0E4
:10DB400005FA9DF90F0008B106B070BD31462846B0
:10DB5000FDF7B8F8314684ED060A2846FDF75CFB70
:10DB6000314684F828002846FDF7ACF89DF90F00EF
:10DB700084ED0B0A06B070BD2DE9F84FD0E902AB79
:10DB800014461D46D0E90823B4EB0A0865EB0B09DF
:10DB9000424573EB090307460B9E03DB544575EBC7
:10DBA0000B037DDA00234FF000093B6187F82A90D0
:10DBB000C7E9024597F82980B8F1000F15D1D7E9D8
:10DBC0000201201A65EB010101F028FCD7ED057A6E
:10DBD00006EE900A97ED067A76EEA77AF4EEC77A0B
:10DBE000F1EE10FAC7ED057A69DA97F82B30CBB968
:10DBF000D7E90201201A65EB010101F00FFCD7ED16
:10DC00000C7A06EE900A97ED0B7A76EEA77AF4EE90
:10DC1000C77AF1EE10FAA8BF0123C7ED0C7AA8BFAE
:10DC200087F82B30B9F1000F19D1D7E90201201A7A
:10DC300065EB010101F0F2FBD7ED047A06EE900AE4
:10DC400097ED077A76EEA77AF4EEC77AF1EE10FA3E
:10DC5000A8BF0123C7ED047AA8BF87F82A30012C9A
:10DC600075F10003BCBF012400250A9BC7E90245EA
:10DC700083F8008097F82A300D9A337097F82B308C
:10DC80001370337833B9D7ED077AF5EE407AF1EEB9
:10DC900010FA0BD14FF07E530C9A1360BDE8F88F49
:10DCA0005AEA0B0390F82A9084D181E7D7ED046AF1
:10DCB00086EEA77A0C9B83ED007ABDE8F88F0123EE
:10DCC000984687F8293090E72DE9F041032482B087
:10DCD0000746904600780DEB04020D468DF8034090
:10DCE00000F056F99DF803600190CEB1012406E0E2
:10DCF000012B24D0A64204F1010310D01C46E3B24C
:10DD0000022B14D0032BF3D14146284697ED0B0A82
:10DD100001AAFCF7EFFFA64204F10103EED101983E
:10DD2000C0F3072328706B7002B0BDE8F081424653
:10DD3000294697F9280001ABFDF7F0F9DAE74146EB
:10DD4000284697ED060A01AAFCF7D4FFD2E700BFE8
:10DD50002DE9F041072484B00646904600780DF185
:10DD60000B020D468DF80B4000F012F99DF80B7078
:10DD700003901FB30124E3B2013B062B0CD8DFE86C
:10DD800003F02C243D35451104004146284696ED0C
:10DD90000C0A03AAFCF7AEFFA74204F101030CD062
:10DDA0001C46E8E703AB4246294696F82B00FDF7F0
:10DDB0003DF8A74204F10103F2D10398C0F3072311
:10DDC00028706B7004B0BDE8F0814146284696ED9E
:10DDD000050A03AAFCF78EFFDEE703AB00932A4691
:10DDE000D6E902014346FCF7D3FFD5E74246294670
:10DDF00096F8290003ABFDF719F8CDE74146284610
:10DE000096ED040A03AAFCF775FFC5E742462946CA
:10DE100096F82A0003ABFDF709F8BDE74FF6FF734C
:10DE200099421FD090F92820174B01FB02F202EB18
:10DE30005202A2FB0323B1F5967FC0E908231ED04E
:10DE4000B1F5E16F09D0DFED117A9FED117A642908
:10DE500047FE277AC0ED077A7047DFED0E7AC0EDF6
:10DE6000077A704710B400210024002200230461C7
:10DE7000C0E902235DF8044B80F82A107047DFEDFB
:10DE8000047AC0ED077A704780969800C9B28B5328
:10DE9000C9B28B5276845F51F0B587B004AB05AF41
:10DEA00005460078CDE900370DF10F030E4600F06E
:10DEB0004DF89DF90F00B8B90124E3B2013B052BE1
:10DEC0003DD8DFE803F0352E271D1303059BF25CD8
:10DED0000133003A18BF0122059385F82B20013445
:10DEE000082CEAD19DF90F0007B0F0BD059BF25C4C
:10DEF0000133003A18BF0122059385F82A20EEE786
:10DF0000059BF25C0133003A18BF0122059385F8A6
:10DF10002920E4E739463046FCF7D4FE85ED040AB3
:10DF2000DDE739463046FCF7CDFE85ED050AD6E73C
:10DF300039463046FCF710FFC5E90201CFE7394604
:10DF40003046FCF7BFFE85ED0C0AC8E770B400242C
:10DF500083B0032ADDE9065634601C702C6004D8B7
:10DF600098221A7003B070BC7047042232604A785D
:10DF70000C788DF805208DF80440BDF804202A6047
:10DF80008A7882421CBF9C221A7003B070BC704712
:10DF900030B415780DB19D4203D230BC0020107012
:10DFA0007047044604208C7030BC70472DE9F04F58
:10DFB0002DED028B00278DB0DDF860A004468AF8B5
:10DFC00000701D7888461646039385B1DDF864C05D
:10DFD0003A4600200027002163460CEB05155A73D2
:10DFE0009F601A739A73E3E804019D42F7D1002EF3
:10DFF00000F06A814FF0000C434661464FF0010982
:10E00000DFF800E328E015F0010539D017EA010533
:10E0100041EA070140F0F380B74FD3ED027A3A446A
:10E0200012F8012C0CF1010C04EB820202F60C1B1D
:10E030009BED007AF4EEC77AF1EE10FA02F62C129C
:10E0400003F1100320D492ED007AF4EEC77AF1EEDA
:10E0500010FA19DCB4451CD05A7B501EC0B21728E8
:10E060004EFA00F509FA00F7CDD9FF2300258AF80A
:10E070000030039B1D700DB0BDEC028BBDE8F08F2E
:10E08000FF238AF80030F4E7FE2300258AF80030E9
:10E09000EFE708AB0DF1280B1A4631468DF81E004C
:10E0A00008EE103A40465B468DF81D50FBF7BCF970
:10E0B000DDE90A2300214FF6FF708B4208BF824240
:10E0C0000AD09DED080A2046FBF7C8F9002840F069
:10E0D000AE80002E44D0884F9DF81DC04546634653
:10E0E000AE46AC464FF000084FF004091D46DEE98D
:10E0F00000019EF80D3008F101083B4413F8013C83
:10E100000EF1100EE53304EBC303D3E9002399426B
:10E1100008BF904202D10DB98AF80090B045E6DB05
:10E120002F46994208BF9042654618BF0123BC465E
:10E1300008BF0023B046002766468DF81F3001E077
:10E140009DF81D6095ED020AD5E90023697B204604
:10E1500001370096FCF7D2FB474505F11005EFDBD0
:10E1600094F8EB3A002B70D194F8BC1A94F8EA2A90
:10E170002046FBF781FE039B1D78002D5BD000231A
:10E180004FF6FF791D461A465C4F5B4603E0561C6E
:10E190001A2E32462CD047FA02F1C907F7D5584952
:10E1A000561C515C04EB4101B1F8B0184945EFD061
:10E1B0004FF00108D4F88C1808FA02F00842E7D0B2
:10E1C00002EB0806F2B2114605920DF11E02009212
:10E1D000204618EE102A0493FCF788FA039B05EBFF
:10E1E00008011A78049BAA420ED803238AF800304B
:10E1F00000232046C4F88C38FAF79AFF39E7FA234F
:10E2000000258AF8003034E71998CDB2089A691EC3
:10E2100000EB01118A6005989DF81E20DDE90ABC1B
:10E220004873C1E900BC81F80C808A73B0E7012310
:10E230008DF81D304DE702238AF800300023204678
:10E24000C4F88C38FAF774FF13E75A4618EE101A20
:10E2500020460DF11D03FCF737FA0DF11F035A4656
:10E26000204609A9FCF700FC9DF81D3013B19DF86C
:10E270001F3033B994F8EA2A511EC9B284F8BC1A87
:10E2800076E7DDED087AF8FE677AFCEEE77ACDED09
:10E29000047A94F8B42A9DF8103001259A421CBFE4
:10E2A00005228AF8002094F8EA2A591CC9B2B1FB69
:10E2B000F2F002FB10118DF81E3084F8ED3A84F86C
:10E2C000B41A84F8EC5AD7E708AB0DF1280B1A46BC
:10E2D0003146404608EE103A5B468DF81D60FBF76C
:10E2E000A3F8DDE90A2300214FF6FF708B4208BF37
:10E2F00082423FF435AFE4E688020300EF79F2038F
:10E300003C0303000F20E0002DE9F04F1D464FF0C5
:10E31000DF0C0023102485B0DDF84080DDF844A038
:10E32000172D88F800C00394CAF800302AD9174680
:10E33000002934D106460C4640F217798B4688F8FE
:10E34000001001E00B2C20D049FA04F3DB0704F1A4
:10E350000104F7D5DDE90E233046CDF800B0E1B277
:10E36000FCF73EF90028EDD00F9B294601930E9B48
:10E3700003AA009303463846FAF7B6FE88F8000071
:10E380000028DFD005B0BDE8F08F98F90030002BF1
:10E39000F8D1DDE90E123046FAF7AAFF78B998F9FC
:10E3A0000040002CEED1039B38465146CAF800309D
:10E3B000FAF758FF88F8004005B0BDE8F08F0F9BD2
:10E3C000294601930E9B03AA009303463846FAF7A9
:10E3D0008BFE044688F80000002CD3D1E3E700BF91
:10E3E0002DE9F04F1D464FF0DF0C0023102485B0BF
:10E3F000DDF84080DDF844A0182D88F800C00394B3
:10E40000CAF8003029D9174651BB06460C4640F2DF
:10E4100017798B4688F8001001E00B2C20D049FAC0
:10E4200004F3DB0704F10104F7D5DDE90E233046E0
:10E43000CDF800B0E1B2FCF70DF90028EDD00F9B4C
:10E44000294601930E9B03AA009303463846FAF728
:10E450004BFE88F800000028DFD005B0BDE8F08F43
:10E4600098F90040002CF8D1039B38465146CAF871
:10E470000030FAF7F7FE88F8004005B0BDE8F08FED
:10E4800000230220042208704A708B70CB70704702
:10E4900000F084B908B5FBF74FF8002008BD00BFB5
:10E4A00038B555EC104B002210EE100A174B25F032
:10E4B000004100F023FED0B1002220462946144B33
:10E4C00000F030FE002250B120462946104B00F0EB
:10E4D000EDF9BDE8384041EC100B1AF087BE20463C
:10E4E00029460C4B00F028FE20B10024002545EC05
:10E4F000104B38BD20462946054B002200F0D4F9C8
:10E50000BDE8384041EC100B1AF014BE0000304357
:10E510000000E03F0000E0BF2DE9F04F07460E4647
:10E520000020002189B0DDF848801C460DF1160955
:10E5300007F6F8030DF1180AC3E900011546114664
:10E54000304642464B46CDF800A0FBF737FA9DF91E
:10E55000160008BB083D0DF11C0B069BAB4228D2F0
:10E560000DF117033046CDE900932246434651464C
:10E57000CDF808B0FAF796FF9DF9160060B99DF83E
:10E580001710FE290BD022463846079BFBF73AFCB2
:10E590008DF816000028E0D009B0BDE8F08F2146C4
:10E5A0003846079AFBF78AFA8DF816000028D4D06F
:10E5B000F2E79DF9160009B0BDE8F08F2DE9F04FA4
:10E5C0000E4689B0129F0DF116080DF1180911467B
:10E5D000154682461C4630463A464346CDF80090E2
:10E5E000FBF7ECF99DF9160008BB083D0DF11C0B7B
:10E5F000069BAB4227D20DF117033046CDE90083CD
:10E6000022463B464946CDF808B0FAF74BFF9DF944
:10E61000160060B99DF81710FE290BD0224650460F
:10E62000079BFCF731F98DF816000028E0D009B0FF
:10E63000BDE8F08F20460799FBF712FB8DF8160016
:10E640000028D5D0F3E79DF9160009B0BDE8F08F9A
:10E6500008B501460248FFF713FF002008BD00BFC0
:10E6600018CD002008B50248FFF712FF002008BDB2
:10E6700018CD002001460148FFF70CBF18CD00203F
:10E6800030B50D4685B00DF10F04014601920448E6
:10E690002A460094FAF774FA9DF90F0005B030BDD0
:10E6A00018CD002030B50D4685B00DF10F040146A0
:10E6B000019204482A460094FFF778FC9DF90F0068
:10E6C00005B030BD18CD002030B50D46144683B0DE
:10E6D000014600932A4623460248FFF71DFF03B078
:10E6E00030BD00BF18CD002030B50D46144683B0B4
:10E6F000014600932A4623460248FFF75FFF03B016
:10E7000030BD00BF18CD0020F0B50F46164687B0CB
:10E710000C9D014605AC0DF11300CDE902040093F8
:10E720003A463346054801950D9CFFF7EDFD059BE4
:10E730009DF91300236007B0F0BD00BF18CD002085
:10E74000F0B50F46164687B00C9D014605AC0DF19D
:10E750001300CDE9020400933A463346054801957B
:10E760000D9CFFF73DFE059B9DF91300236007B04C
:10E77000F0BD00BF18CD002030B50D4685B00DF1BD
:10E780000F0101922B46024600910348F9F7A8FEBB
:10E790009DF90F0005B030BD18CD002010B504461E
:10E7A000FBF7BEFA2046FBF757F82046FAF7DCFEE7
:10E7B000204610BDB5EEC01AF1EE10FA08B52DEDE9
:10E7C000028BF0EE408AB0EE608A38D4DFED1D7A1D
:10E7D000B4EEE71AF1EE10FA2EDC81EE270A02F011
:10E7E000D7FCDFED190ADFED197A68EEA76A78EE3B
:10E7F000A08A86EEA87A37EE000A60EE206A37EE2D
:10E80000C00A86EE807A68EE276A67EE277A38EECD
:10E81000208A37EE207A87EE870AC6EE887A30EEB5
:10E82000670A1AF0A7FEBDEC028BDFED067A20EE38
:10E83000270A80FE670A08BDB7EE000ACFE79FED02
:10E84000040ACCE70000C842B81E7343C3F58C41EC
:10E8500000000000002917DD4FF6FF7330B40138C7
:10E860000B4D441810F8011F4B40D9B235F8111068
:10E87000844281EA1323F5D130BCDB43D9B2C3F320
:10E880000723117053707047002313705370704743
:10E8900058030300994206BF9042012000207047B0
:10E8A00081F0004102E000BF83F0004330B54FEA41
:10E8B00041044FEA430594EA050F08BF90EA020FAE
:10E8C0001FBF54EA000C55EA020C7FEA645C7FEA41
:10E8D000655C00F0E2804FEA5454D4EB5555B8BF64
:10E8E0006D420CDD2C4480EA020281EA030382EAD5
:10E8F000000083EA010180EA020281EA0303362D67
:10E9000088BF30BD11F0004F4FEA01314FF4801C39
:10E910004CEA113102D0404261EB410113F0004F4B
:10E920004FEA03334CEA133302D0524263EB430302
:10E9300094EA050F00F0A780A4F10104D5F1200EA0
:10E940000DDB02FA0EFC22FA05F2801841F10001FB
:10E9500003FA0EF2801843FA05F359410EE0A5F1CF
:10E9600020050EF1200E012A03FA0EFC28BF4CF000
:10E97000020C43FA05F3C01851EBE37101F00045B6
:10E9800007D54FF0000EDCF1000C7EEB00006EEBC3
:10E990000101B1F5801F1BD3B1F5001F0CD349084D
:10E9A0005FEA30004FEA3C0C04F101044FEA4452A4
:10E9B00012F5800F80F09A80BCF1004F08BF5FEA2B
:10E9C000500C50F1000041EB045141EA050130BD0B
:10E9D0005FEA4C0C404141EB0101013C28BFB1F51D
:10E9E000801FE9D291F0000F04BF01460020B1FA68
:10E9F00081F308BF2033A3F10B03B3F120020CDA3B
:10EA00000C3208DD02F1140CC2F10C0201FA0CF018
:10EA100021FA02F10CE002F11402D8BFC2F1200C7D
:10EA200001FA02F120FA0CFCDCBF41EA0C01904033
:10EA3000E41AA2BF01EB0451294330BD6FEA04047C
:10EA40001F3C1CDA0C340EDC04F11404C4F1200267
:10EA500020FA04F001FA02F340EA030021FA04F379
:10EA600045EA030130BDC4F10C04C4F1200220FAD0
:10EA700002F001FA04F340EA0300294630BD21FA0E
:10EA800004F0294630BD94F0000F83F4801306BFD4
:10EA900081F480110134013D4EE77FEA645C18BFC8
:10EAA0007FEA655C29D094EA050F08BF90EA020F5F
:10EAB00005D054EA000C04BF1946104630BD91EA57
:10EAC000030F1EBF0021002030BD5FEA545C05D15A
:10EAD0004000494128BF41F0004130BD14F5800499
:10EAE0003CBF01F5801130BD01F0004545F0FE410D
:10EAF00041F470014FF0000030BD7FEA645C1ABF42
:10EB0000194610467FEA655C1CBF0B46024650EA78
:10EB1000013406BF52EA033591EA030F41F40021A4
:10EB200030BD00BF90F0000F04BF0021704730B52A
:10EB30004FF4806404F132044FF000054FF00001FF
:10EB400050E700BF90F0000F04BF0021704730B5C0
:10EB50004FF4806404F1320410F0004548BF404295
:10EB60004FF000013EE700BF42004FEAE2014FEAEA
:10EB700031014FEA02701FBF12F07F4393F07F4FC5
:10EB800081F06051704732F07F4208BF704793F0C8
:10EB90007F4F04BF41F40021704730B54FF46074DB
:10EBA00001F0004521F000411CE700BF50EA0102DE
:10EBB00008BF704730B54FF000050AE050EA010287
:10EBC00008BF704730B511F0004502D5404261EBF7
:10EBD00041014FF4806404F132045FEA915C3FF438
:10EBE000D8AE4FF003025FEADC0C18BF03325FEAD5
:10EBF000DC0C18BF033202EBDC02C2F1200300FA86
:10EC000003FC20FA02F001FA03FE40EA0E0021FAAA
:10EC100002F11444BDE600BF70B54FF0FF0C4CF498
:10EC2000E06C1CEA11541DBF1CEA135594EA0C0F4A
:10EC300095EA0C0F00F0DEF82C4481EA030621EA85
:10EC40004C5123EA4C5350EA013518BF52EA0335C0
:10EC500041F4801143F4801338D0A0FB02CE4FF072
:10EC60000005E1FB02E506F00042E0FB03E54FF0A2
:10EC70000006E1FB03569CF0000F18BF4EF0010E9A
:10EC8000A4F1FF04B6F5007F64F5407404D25FEA96
:10EC90004E0E6D4146EB060642EAC62141EA555149
:10ECA0004FEAC52040EA5E504FEACE2EB4F1FD0C8B
:10ECB00088BFBCF5E06F1ED8BEF1004F08BF5FEA09
:10ECC000500E50F1000041EB045170BD06F00046BB
:10ECD00046EA010140EA020081EA0301B4EB5C0468
:10ECE000C2BFD4EB0C0541EA045170BD41F4801160
:10ECF0004FF0000E013C00F3AB8014F1360FDEBF85
:10ED0000002001F0004170BDC4F10004203C35DA60
:10ED10000C341BDC04F11404C4F1200500FA05F3E3
:10ED200020FA04F001FA05F240EA020001F0004284
:10ED300021F0004110EBD37021FA04F642EB0601FA
:10ED40005EEA430E08BF20EAD37070BDC4F10C0424
:10ED5000C4F1200500FA04F320FA05F001FA04F2E8
:10ED600040EA020001F0004110EBD37041F10001D4
:10ED70005EEA430E08BF20EAD37070BDC4F12005DF
:10ED800000FA05F24EEA020E20FA04F301FA05F247
:10ED900043EA020321FA04F001F0004121FA04F2EF
:10EDA00020EA020000EBD3705EEA430E08BF20EABF
:10EDB000D37070BD94F0000F0FD101F000464000F9
:10EDC00041EB010111F4801F08BF013CF7D041EA7B
:10EDD000060195F0000F18BF704703F0004652007F
:10EDE00043EB030313F4801F08BF013DF7D043EA50
:10EDF0000603704794EA0C0F0CEA135518BF95EA06
:10EE00000C0F0CD050EA410618BF52EA4306D1D18C
:10EE100081EA030101F000414FF0000070BD50EAAB
:10EE2000410606BF1046194652EA430619D094EA35
:10EE30000C0F02D150EA013613D195EA0C0F05D11F
:10EE400052EA03361CBF104619460AD181EA030173
:10EE500001F0004141F0FE4141F470014FF000002B
:10EE600070BD41F0FE4141F4780170BD70B54FF0C6
:10EE7000FF0C4CF4E06C1CEA11541DBF1CEA135546
:10EE800094EA0C0F95EA0C0F00F0A7F8A4EB050428
:10EE900081EA030E52EA03354FEA013100F088801F
:10EEA0004FEA03334FF0805545EA131343EA1263E8
:10EEB0004FEA022245EA111545EA10654FEA00269D
:10EEC0000EF000419D4208BF964244F1FD0404F556
:10EED000407402D25B084FEA3202B61A65EB0305B2
:10EEE0005B084FEA32024FF480104FF4002CB6EB6F
:10EEF000020E75EB030E22BFB61A754640EA0C00EF
:10EF00005B084FEA3202B6EB020E75EB030E22BF2E
:10EF1000B61A754640EA5C005B084FEA3202B6EB6F
:10EF2000020E75EB030E22BFB61A754640EA9C002E
:10EF30005B084FEA3202B6EB020E75EB030E22BFFE
:10EF4000B61A754640EADC0055EA060E18D04FEABC
:10EF5000051545EA16754FEA06164FEAC30343EA5C
:10EF600052734FEAC2025FEA1C1CC0D111F4801F29
:10EF70000BD141EA00014FF000004FF0004CB6E722
:10EF800011F4801F04BF01430020B4F1FD0C88BFC1
:10EF9000BCF5E06F3FF6AFAEB5EB030C04BFB6EBCC
:10EFA000020C5FEA500C50F1000041EB045170BDBF
:10EFB0000EF0004E4EEA113114EB5C04C2BFD4EBEC
:10EFC0000C0541EA045170BD41F480114FF0000E70
:10EFD000013C90E645EA060E8DE60CEA135594EAEC
:10EFE0000C0F08BF95EA0C0F3FF43BAF94EA0C0FEF
:10EFF0000AD150EA01347FF434AF95EA0C0F7FF464
:10F0000025AF104619462CE795EA0C0F06D152EAB7
:10F0100003353FF4FDAE1046194622E750EA41069B
:10F0200018BF52EA43067FF4C5AE50EA41047FF4AC
:10F030000DAF52EA43057FF4EBAE12E74FF0FF3C11
:10F0400006E000BF4FF0010C02E000BF4FF0010CE2
:10F050004DF804CD4FEA410C7FEA6C5C4FEA430C5B
:10F0600018BF7FEA6C5C1BD001B050EA410C0CBFAA
:10F0700052EA430C91EA030F02BF90EA020F00200C
:10F08000704710F1000F91EA030F58BF994208BF73
:10F0900090422CBFD8176FEAE37040F00100704730
:10F0A0004FEA410C7FEA6C5C02D150EA013C07D187
:10F0B0004FEA430C7FEA6C5CD6D152EA033CD3D0D2
:10F0C0005DF8040B704700BF8446104662468C46CC
:10F0D0001946634600E000BF01B5FFF7B7FF0028FF
:10F0E00048BF10F1000F01BD4DF808EDFFF7F4FF28
:10F0F0000CBF012000205DF808FB00BF4DF808EDB3
:10F10000FFF7EAFF34BF012000205DF808FB00BFD5
:10F110004DF808EDFFF7E0FF94BF012000205DF8F7
:10F1200008FB00BF4DF808EDFFF7CEFF94BF0120AC
:10F1300000205DF808FB00BF4DF808EDFFF7C4FFA5
:10F1400034BF012000205DF808FB00BF4FEA4102F8
:10F1500012F5001215D211D56FF47873B3EB625229
:10F1600012D94FEAC12343F0004343EA505311F050
:10F17000004F23FA02F018BF404270474FF00000E2
:10F18000704750EA013005D111F0004008BF6FF020
:10F19000004070474FF00000704700BF4A0011D296
:10F1A00012F5001211D20DD56FF47873B3EB6252E1
:10F1B0000ED44FEAC12343F0004343EA505323FAED
:10F1C00002F070474FF00000704750EA013002D162
:10F1D0004FF0FF3070474FF0000070474FEA410298
:10F1E000B2F1E04324BFB3F5001CDCF1FE5C0DD9A5
:10F1F00001F0004C4FEAC0024CEA5070B2F1004FEF
:10F2000040EB830008BF20F00100704711F0804FF1
:10F2100021D113F13872BCBF01F00040704741F4B6
:10F2200080114FEA5252C2F11802C2F1200C10FABA
:10F230000CF320FA02F018BF40F001004FEAC1239E
:10F240004FEAD32303FA0CFC40EA0C0023FA02F342
:10F250004FEA4303CCE77FEA625307D150EA013318
:10F260001EBF4FF0FE4040F44000704701F00040E8
:10F2700040F0FE4040F40000704700BF80F00040C6
:10F2800002E000BF81F0004142001FBF5FEA41037E
:10F2900092EA030F7FEA226C7FEA236C6AD04FEA7E
:10F2A0001262D2EB1363C1BFD218414048404140C3
:10F2B000B8BF5B42192B88BF704710F0004F40F475
:10F2C000000020F07F4018BF404211F0004F41F491
:10F2D000000121F07F4118BF494292EA030F3FD05D
:10F2E000A2F1010241FA03FC10EB0C00C3F1200370
:10F2F00001FA03F100F0004302D5494260EB4000FF
:10F30000B0F5000F13D3B0F1807F06D340084FEA69
:10F31000310102F10102FE2A51D2B1F1004F40EB5E
:10F32000C25008BF20F0010040EA030070474900C6
:10F3300040EB0000013A28BFB0F5000FEDD2B0FA63
:10F3400080FCACF1080CB2EB0C0200FA0CF0AABF86
:10F3500000EBC25052421843BCBFD0401843704724
:10F3600092F0000F81F4000106BF80F4000001322A
:10F37000013BB5E74FEA41037FEA226C18BF7FEA01
:10F38000236C21D092EA030F04D092F0000F08BF43
:10F390000846704790EA010F1CBF0020704712F02A
:10F3A0007F4F04D1400028BF40F00040704712F169
:10F3B00000723CBF00F50000704700F0004343F0CE
:10F3C000FE4040F4000070477FEA226216BF084604
:10F3D0007FEA23630146420206BF5FEA412390EAC7
:10F3E000010F40F4800070474FF0000304E000BFBD
:10F3F00010F0004348BF40425FEA000C08BF70476E
:10F4000043F0964301464FF000001CE050EA010231
:10F4100008BF70474FF000030AE000BF50EA010246
:10F4200008BF704711F0004302D5404261EB410133
:10F430005FEA010C02BF84460146002043F0B64358
:10F4400008BFA3F18053A3F50003BCFA8CF2083A7D
:10F45000A3EBC25310DB01FA02FC634400FA02FC86
:10F46000C2F12002BCF1004F20FA02F243EB02008D
:10F4700008BF20F00100704702F1200201FA02FCEF
:10F48000C2F1200250EA4C0021FA02F243EB0200E2
:10F4900008BF20EADC7070477BB972B90029BEBF93
:10F4A00000204FF0004106E008BF00281CBF6FF0AD
:10F4B00000414FF0FF3000F075B8ADF1080C6DE978
:10F4C00004CE002909DB002B1ADB00F0DAFDDDF8A1
:10F4D00004E0DDE9022304B07047404261EB4101E2
:10F4E000002B1BDB00F0CDFDDDF804E0DDE902239D
:10F4F00004B0404261EB4101524263EB4303704769
:10F50000524263EB430300F0BCFDDDF804E0DDE9AB
:10F51000022304B0404261EB41017047524263EB69
:10F52000430300F0AEFDDDF804E0DDE9022304B0A2
:10F53000524263EB4303704753B94AB9002908BFED
:10F5400000281CBF4FF0FF314FF0FF3000F02AB809
:10F55000ADF1080C6DE904CE00F093FDDDF804E098
:10F56000DDE9022304B07047D0B500220B4B0646FC
:10F570000F46FFF751FBFFF711FE0446FFF7D2FAE3
:10F580000022074BFFF748FB02460B463046394640
:10F59000FFF78AF9FFF702FE2146D0BD0000F03DDB
:10F5A0000000F041704700BF03685A004CBF43F0B1
:10F5B000004323F00043184470472DE9F047064606
:10F5C000174641B301394FF00009884609EB08049A
:10F5D00004EBD474641006EBC4054FEAC40A284651
:10F5E000FFF7E2FFA14204D1B84204D82846BDE8A3
:10F5F000F087B84204D9A1450DD004F1FF38E5E702
:10F600000AF108003044FFF7CFFF0138B842EDD2CD
:10F6100004F10109DAE70025E8E7012806D002280D
:10F6200006D00028034818BF0020704702487047E2
:10F630000248704735FC000039FC00003DFC00002A
:10F640001F4B37B504468D1E4BB101A92846AFF3B9
:10F65000008048B900230920236103B030BD194858
:10F66000194B1B1ADB10019301992A46FFF7A5FFDE
:10F6700001460028EED0FFF797FF4B68A064012BEE
:10F680001AD0002B01F1040010DBFFF78DFF0023DF
:10F69000C4E913030368002B0ADAC3F30360FFF71E
:10F6A000BCFF03460028D5D00020D5E70123EFE7B3
:10F6B000FFF77AFF0346F7E700230520CCE700BFFA
:10F6C0000000000020FA0200A8FB02000368DA072D
:10F6D00010B5044605D49B0700F1480018D500F08A
:10F6E000F7FB2368590703D404F1D00000F0F8FBBE
:10F6F00023681A0703D404F5A87000F0F9FB236807
:10F70000DB0608D404F5E870BDE8104000F034BC16
:10F7100000F0D6FBE5E710BD0920704703460068FE
:10F7200000B118447047704770B505460C46216C0F
:10F730002846FFF785FF064608B106F005FE236C54
:10F740002246294601206B612B6998470828EED094
:10F750000728F2D13046216CFFF7E5FF201D00F0AD
:10F76000A3FB2DE9F0470C1DADF5727DD0F80C9090
:10F770000746D0F818A0164603AD0DF108080FCCC7
:10F780000FC50FCC0FC50FCC0FC594E80F0085E84F
:10F790000F000025C8F800500936D8F84010384648
:10F7A000FFF74EFF0446F6B268BBD8F840304FF47E
:10F7B000F07241467AA87B6120F005F83B697AAA8D
:10F7C000394630469847889B0546C8F844303A4643
:10F7D0003B4631460120CDE9008AC847C0B9C4B9CB
:10F7E0004FF4F0727AA9404626461FF0ECFF082D30
:10F7F000D2D0072D0CD12046D8F84010FFF793FF48
:10F8000003A800F051FB46F01006D8F83830DCE7CA
:10F81000092420460DF5727DBDE8F087406C7047E5
:10F82000F0B5CB6BF9B00D1D06460B640F4601AC6D
:10F830000FCD0FC40FCD0FC40FCD0FC495E80F002F
:10F8400084E80F004FF0FF33009310993046FFF724
:10F85000F7FE78B933696A46314698470828044666
:10F86000F3D06846FFF732FF062C03D13946304605
:10F87000FFF75AFF092079B0F0BD10B48261DA6B4E
:10F88000C16019461A64002210BC6AE770B543696A
:10F890000446C6680D460B6426B10122FFF761FFDE
:10F8A00006F052FD03690A460146022098470728E0
:10F8B00005D00828F4D129462046FFF735FF304609
:10F8C000296CFFF730FF281D00F0EEFAC26802B97C
:10F8D000A6E7CA6B0A64002243E7704783680146C3
:10F8E0000BB1012018477047012910B5044608469E
:10F8F00005D005D9C81E01288CBF0220012010BDEB
:10F9000043B90F2A06D804EB8204029A18466168AC
:10F910001160F4E70220F2E71FB503AB0A4600933B
:10F9200000231946FFF7E0FF039805B05DF804FBDC
:10F93000012910B50446084605D005D9C81E01287E
:10F940008CBF0220012010BD43B90F2A06D80299AE
:10F9500004EB8204184609686160F4E70220F2E7CC
:10F960001FB503AB03920A46009300231946FFF725
:10F97000DFFF05B05DF804FBF0B5D36BADF50F7D8F
:10F98000141D064613640F4617AD0FCC0FC50FCCE0
:10F990000FC50FCC0FC594E80F0085E80F004FF09E
:10F9A000FF33169326996846FFF74AFE90B90C215B
:10F9B00016A86A46FFF7D4FF394616A8B04748B9DB
:10F9C000049B16AA6946082098470528044602D0D9
:10F9D0000928E7D1092416A8FFF778FE20460DF57F
:10F9E0000F7DF0BD2DE9F04FCD6C87B017460C466A
:10F9F00055F8042B00F003099A4604953BBB12020C
:10FA00008DF8153003230392B9F1020F8DF81430ED
:10FA1000236D08BFA56B13F0010322D100F0080885
:10FA200000932B6843BB03A9384600F0B7FC0028BD
:10FA300040F0FB80009BDBB10F213846FFF76CFFE5
:10FA40000E2102463846FFF78BFF794A55E0130C2A
:10FA500012048DF81530DBB2039205EB8305022307
:10FA6000D2E703A9384600F099FC002840F0DD8079
:10FA7000082007B0BDE8F08FBAF1020FA26C4FF07A
:10FA80000F01384607BFD5F804B005F10806B5F8F0
:10FA900002B02E1D18BF2B882BF0010501931544D1
:10FAA000FFF73AFF019B854229D823F001022A443F
:10FAB000824294BF002201224FEA4B0003F001036F
:10FAC00000F0020040EA0305012D1AD0022D5ED09D
:10FAD000002D40F0AA80351DB9F1000FA1D0002AF9
:10FAE0009FD03046FFF760FDA563064620461FF015
:10FAF00021FB002800F0998032460F213FE00022D0
:10FB0000DAE7B9F1000F26D1002A3DD073683268D8
:10FB1000991C4FEAD27200F0888004F15801013339
:10FB2000029109D0301DFFF7F9FD02AB01462046D6
:10FB300017F096FA054638B30D213846FFF7ECFE6C
:10FB4000022D029B206202D1E36204F12C03062005
:10FB5000C4E909368DE7256A0D213846FFF7DCFE3A
:10FB6000854211D1A36A9E420ED13046FFF71CFD9B
:10FB70000F2102463846FFF7F3FE224600213846A1
:10FB8000FFF7EEFE072074E706F1080549E7356840
:10FB900025F00045B9F1000F2AD1A2B1B8F1000F4C
:10FBA00019D085B9CB4617E00BF1010B019B002260
:10FBB00006EB8B000293FFF7B1FD02AB0146204636
:10FBC00017F04EFA58B13368002B00DA04360135CD
:10FBD00006EB850525E7C34604F158030193AB45C1
:10FBE000E2D10D213846FFF797FE029B2062AEE777
:10FBF000D4F820B00D213846FFF78EFE8345E2D1C0
:10FC0000A36A9E42DFD14FF0000B0423A562C4E932
:10FC10000BB3F318636333685B4503DA681C06EBC8
:10FC20008000A3E701230093D1E7092021E700BF6B
:10FC3000017102000023D5E60123D3E60223D1E6B9
:10FC40002DE9F0410546C2B014461E46042925D8C8
:10FC5000DFE811F005001C002400D6000301EEB916
:10FC6000836B92B20121043001FA06F717421CBFE0
:10FC700053F8047B40F826700136102EF4D1A60408
:10FC800000D4AB63002042B0BDE8F081012E4FEA02
:10FC9000124794B204D13B19102B41D90220F2E74C
:10FCA000052EFBD107EB0408B8F1200FF6D80F2F73
:10FCB0004DD9002CE6D00368A046580708D523F09C
:10FCC0000403284640F8D03B00F00EF90F2F48D926
:10FCD000684600F009F9AB6B102F3A4642A94FEA8B
:10FCE000480838BF10221C4608F1FF3801EBC20259
:10FCF0004FEA8801A2F5C472101F02EB880254F883
:10FD000004CB40F804CF8242F9D10A1D012E1344DE
:10FD100017D00F2FAB636FD9684600F0E1F8B1E759
:10FD2000102FBBD00368DA0705D523F0030340F892
:10FD3000483B00F0C9F820A800F0C6F8AB6B002CD7
:10FD40003FD1043320A8AB6300F0BAF89AE7B8F1CA
:10FD5000100F03682DD9DC07A8F1100842D458070A
:10FD6000ADD420A8C7F1100400F0B6F8684600F042
:10FD7000BBF820AA6400AB6B02EBC702013C101F6A
:10FD8000A10002EB84021C4654F804CB40F804CFD7
:10FD90009042F9D10A1D1344B8F1000F9CD1012EF5
:10FDA000CFD00F2FAB633FF66DAF20A800F090F8D7
:10FDB00068E7D9070DD420A800F08EF8AB6B002CB3
:10FDC000F3D0640020AA4FF0000802EBC702013C08
:10FDD000D5E723F0010343F0020340F8483B00F06D
:10FDE0007BF8E8E723F0010343F0020340F8483BC7
:10FDF00000F072F82B68B2E720A800F069F88BE7F2
:10FE0000032E7FF44BAF97B2160C07EB1244102C65
:10FE10003FF644AF0368190706D523F008030360D3
:10FE200000F5A87000F086F820A800F083F820AB59
:10FE3000AA6BF90003EBC60303EBC707D41ABB4256
:10FE400003EB040005D10A4420A8AA6300F050F88F
:10FE500018E7006843F8040BF1E7002E7FF41EAFAB
:10FE6000102A3FF61BAF0368DA0606D523F010030D
:10FE7000036000F5E87000F089F820AE304600F02D
:10FE800085F8AB6B0022012101FA02F020421CBF71
:10FE900053F8040B46F822000132042AF4D130460C
:10FEA000AB6300F069F8EDE600F1340191E8380049
:10FEB0009C46A6464CF8045D90E8FF0FE54600BD61
:10FEC00090EC210B704700BF80EC210B704700BF06
:10FED00090EC200B704700BF80EC200B704700BFF8
:10FEE000D0EC200B704700BFC0EC200B704700BF68
:10FEF000F0EC0201F0EC0211F0EC0221F0EC023126
:10FF0000F0EC0241F0EC0251F0EC0261F0EC027115
:10FF1000F0EC0281F0EC0291F0EC02A1F0EC02B105
:10FF2000F0EC02C1F0EC02D1F0EC02E1F0EC02F1F5
:10FF3000704700BFE0EC0201E0EC0211E0EC0221AE
:10FF4000E0EC0231E0EC0241E0EC0251E0EC026155
:10FF5000E0EC0271E0EC0281E0EC0291E0EC02A145
:10FF6000E0EC02B1E0EC02C1E0EC02D1E0EC02E135
:10FF7000E0EC02F1704700BFB0FC0181B0FC0191E0
:10FF8000B0FC01A1B0FC01B1704700BFA0FC018131
:10FF9000A0FC0191A0FC01A1A0FC01B1704700BF31
:10FFA000EC4600B52DE900502DE9FF1F4FF000038E
:10FFB0002DE90C0001A9FFF733FCDDF840E012B099
:10FFC000704700BFEC4600B52DE900502DE9FF1F3A
:10FFD0004FF000032DE90C0001A9FFF757FCDDF8F5
:10FFE00040E012B0704700BFEC4600B52DE900506C
:10FFF0002DE9FF1F4FF000032DE90C0001A9FFF7C9
:020000040001F9
:1000000065FCDDF840E012B0704700BFEC4600B57B
:100010002DE900502DE9FF1F4FF000032DE90C00E2
:1000200001ABFFF72AFCDDF840E012B0704700BFDB
:10003000EC4600B52DE900502DE9FF1F4FF00003FD
:100040002DE90C0001AAFFF797FCDDF840E012B0A3
:10005000704700BF38B50022002304460D46FFF765
:100060004DF828B920462946BDE83840FFF77CBA4C
:10007000204605F10041FFF777FA404261EB41016C
:1000800038BD2DE9F04786468C460846089E154641
:1000900074461946002B40F0C1808542B2FA82F2C4
:1000A00045D94AB1C2F1200300FA02FC95409440C0
:1000B0002EFA03F343EA0C0C4FEA154EA8B2230CB8
:1000C000BCFBFEF80EFB18CC08FB00F943EA0C431E
:1000D000994528D9EB1808F1FF3704D2994502D980
:1000E000A8F102072B44A3EB0903A4B2B3FBFEFC67
:1000F0000EFB1C330CFB00F044EA0344A04214D96D
:100100002C190CF1FF3304D2A04202D9ACF1020346
:100110002C44241A43EA07401EB1D4400023346023
:100120007360BDE8F0874746DDE76346F1E792BBC1
:10013000431B01214FEA154EAFB2200CB3FBFEFC6E
:100140000EFB1C330CFB07F840EA0343984561D9CA
:10015000EB180CF1FF3004D2984502D9ACF1020043
:100160002B44A3EB0803A4B2B3FBFEFC0EFB1C3331
:100170000CFB07F744EA0344A7424DD92C190CF1B4
:10018000FF3304D2A74202D9ACF102032C44E41B92
:1001900043EA0040C0E7C2F120039540944020FAB2
:1001A00003F12EFA03F34FEA154E9040AFB203432A
:1001B000B1FBFEFC0EFB1C10190C0CFB07F841EA0E
:1001C0000041884522D969180CF1FF3004D28845D6
:1001D00002D9ACF102002944A1EB08019BB2B1FBAA
:1001E000FEFC0EFB1C110CFB07F743EA01439F4288
:1001F0000ED9EB180CF1FF3104D29F4202D9ACF1B9
:1002000002012B44DB1B41EA004193E76046E3E730
:100210006146F7E76046A4E76346B8E7834206D93C
:1002200016B9002108467CE7C6E900E0F9E7B3FA11
:1002300083F78FB9834201D3724508D8BEEB02041D
:1002400060EB030301209C461EB9002169E7384694
:10025000FAE7C6E9004CF8E7C7F1200CBB400EFAFC
:1002600007F522FA0CF42EFA0CF1BA401C4320FADE
:100270000CF3B8404FEA144901431FFA84FEB3FB64
:10028000F9F809FB18300B0C08FB0EFA43EA00439F
:100290009A4540D9E31808F1FF3004D29A4502D9B3
:1002A000A8F102002344A3EB0A0389B2B3FBF9F8D7
:1002B00009FB183308FB0EFE41EA03418E452CD999
:1002C000611808F1FF3304D28E4502D9A8F1020368
:1002D000214443EA0040A1EB0E01A0FB02984145F6
:1002E000CE46434602D306D14D4504D20138B9EB80
:1002F000020E68EB0403002EA7D0B5EB0E0261EBF3
:10030000030101FA0CFC22FA07F3F9404CEA03035B
:10031000C6E9003199E74046C5E74346D9E710F8FA
:10032000012B11F8013B012A28BF9A42F7D0D01ABD
:100330007047034611F8012B03F8012B002AF9D16D
:100340007047034613F8012B002AFBD1181A013815
:100350007047027A03467AB9427A82B1013A427210
:100360004268111D12680260032241601A721A6805
:10037000100E12021A607047013AD2B2F6E7B020AE
:1003800070471FB503AB0C22009300231946FFF7FB
:10039000ABFA039805B05DF804FBF2E72DE9F043F2
:1003A000054685B00E464FF000083046FFF7D1FFF6
:1003B000B028044615D1B8F1000F0ED103AC434666
:1003C0000E22414628460094FFF78EFA43460F223C
:1003D000414628460094FFF7ABFA002005B0BDE87F
:1003E000F08302061DD44FEA8009002303AF0D22DB
:1003F0005FFA89F9194628460097FFF775FA09F15F
:100400000409039B14F0400F14BFA3EB09034B44F2
:100410000393002300970D2219462846FFF788FA18
:10042000C3E700F0F003802B18D104023046FFF739
:1004300090FF0443B4F5004F01D10920CEE7240119
:1004400000232846A2B21946FFF7FAFB0028F4D190
:1004500014F4004F18BF4FF00108A6E7902B0DD100
:1004600000F00D030D2BE8D003AF002300F00F02C6
:10047000284619460097FFF737FACAE7A02B13D191
:10048000C3434FF47F6203F007031A41030702F4EA
:100490007F6201D542F48042002319462846FFF7C7
:1004A000CFFB002881D0C8E7B02B46D1B12808D1B6
:1004B0003046FFF74EFF431E0246DBB20E2BEBD950
:1004C000BBE7B22820D1002303AC0D2228461946F1
:1004D00000940227FFF708FA3046FFF73AFF00F0D2
:1004E0007F0110F08003039A01FA07F105D102F5AC
:1004F000017200940A4403928DE70A44304607379C
:100500000392FFF726FFEAE7B3280BD13046FFF747
:1005100020FF0123020300F00F0002F470220130DB
:100520000243BAE700F0FC03B42B86D000F00702C8
:100530000123013242F40022AFE7C02B44D1C62888
:100540000AD13046FFF705FF0323020300F00F0036
:1005500002F470220130E3E7C7280BD13046FFF7E1
:10056000F8FE431E0246DBB20E2B3FF666AF0023B9
:10057000042193E700F0F803C02B06D100F00F022E
:100580000323013242F4202287E7C8280DD13046E8
:10059000FFF7DFFE00F0F00200F00F00052310323D
:1005A000013040EA0232012178E7C9287FF445AFE3
:1005B0003046FFF7CEFE0523020300F00F0002F4E1
:1005C000702201300243EEE700F0F803D02B7FF4F5
:1005D00034AF00F007020523013242F40022E2E7C3
:1005E0001FB503460846DA6C5368083219020292B6
:1005F0001B0E0322019101A98DF80C208DF80D30FE
:10060000FFF7CCFE05B05DF804FB08B5FFF7C5FEAB
:10061000806C08BD08B5FFF7C0FEC06CC37902331B
:1006200000EB830008BD000001282DE9F041884659
:1006300008D01FF0EFF916223B4B1A504FF0FF3055
:10064000BDE8F0818A68394B9A42F2D81EF057F91A
:1006500005460F461EF053F9354CD8F80030D8F84F
:100660000420A3FB043604FB0266D8F808209B187C
:1006700046EBE276EA0B42EA4742A2FB0421FF0B7B
:100680009B1AC0F30E0204FB0711A2FB04244FEADD
:10069000D23242EA444266EB0101981A61F100014C
:1006A0001FA3D3E90023FEF7F7FE06460D461446C6
:1006B000EFF31187202383F31288BFF36F8F1D4858
:1006C00015F0DEF968B988231B4A1C491C481AF04A
:1006D00050F818491B481AF04CF8882116481AF0AF
:1006E0003FF8144815F0F0F9174B1248C3E90065BC
:1006F0009C6015F0D3F968B940F231130E4A1349E2
:100700000F481AF036F80B4911481AF032F840F247
:100710003111E3E787F31188BFF36F8F00208FE774
:1007200000CA9A3B000000000C000000FFC99A3B81
:1007300000CA9A3B28050120D61D0300031E0300B2
:1007400009190300181E030038E200202E1E0300C2
:10075000451E030000000000032973B5054614463A
:1007600071D8002A40D0072A5CD15A681C68134609
:100770003948D117C4FB0031012B71F1000225DB90
:1007800000F56E1000F65D70181841F1000130A3FD
:10079000D3E90023FEF780FE80B202281ED0042891
:1007A0001ED008281ED0102833D103232B492A69D4
:1007B00051F8231028461161526823211469302210
:1007C000A4461B0102B0BDE87040604724481818D9
:1007D00061F100011EA3D3E90023DBE70023E5E775
:1007E0000123E3E70223E1E71A881E4B33F8021BDB
:1007F0008A420BD12E692021736828469B680DF12F
:1008000007029847002807DA02B070BD01340B2CAC
:10081000ECD16FF01500F7E79DF80720130704D41B
:10082000082C05D16FF08500EEE70A2C08BF0924DB
:10083000736802F00F0242EA041220212846DB68A6
:10084000D2B29847E0E702B0BDE8704008F0BEB908
:100850003AA395000000000040420F0028C7002086
:10086000632EB5FF741603002DE9F0412DED028BC8
:100870001F46002386B0CDE9043304230D4690467D
:1008800006460193002800F0D780002900F0D480AC
:10089000062104A81BF0A9FF044658B10346012114
:1008A000694A6A481CF0F0F8204606B0BDEC028B9D
:1008B000BDE8F081014604AA30461BF093FF0446D0
:1008C00048B10346624A012160481CF0DDF804A8E3
:1008D0001BF09EFFE8E76A46012104A81CF04CF8D3
:1008E000044610B103465B4AEDE7009BB3B1042B0D
:1008F0001DD0052B0CBF0923FF232B70032101AB57
:1009000002AA04A81CF066F8064690B10346524AB3
:1009100001214E481CF0B8F83446D8E7DFED4F7A95
:100920000023C5ED017A2B70C5ED027ACFE70723CE
:10093000E3E7019B002BF1D018336B4403F8100C54
:10094000B8F1000F0BD146494FF4BC73454A4648F5
:1009500019F00FFF4FF4BC71424819F001FF02A9D2
:100960004046FFF7E6FC0222314602A816F006FEDA
:100970002B78C0B2092B06D10F2825D96FF01504AA
:1009800023463A4A9FE70F28F8D8072B24D19FED3A
:10099000388A384B33F81000E0B1FEF7D3F828A3BB
:1009A000D3E90023FEF738F9FEF718FC042168604C
:1009B0000DEB010302AA04A801911CF00BF80646F6
:1009C00068B103462C4AA3E72C4B9FED2D8A33F8E0
:1009D0001000E1E72B48E9E76FF07F04D0E7019BC7
:1009E00018336B4403F8100C4FB9274940F29913A0
:1009F0001C4A1D4819F0BDFE40F29911ACE702A94E
:100A00003846FFF796FC0222314602A816F0B6FDE2
:100A1000C3B20F2B07D901211C4A0C481CF034F833
:100A20006FF0150453E70133DBB207EE903AF8EEAE
:100A3000E77A67EE887A77E76FF0150434E700BF4E
:100A40007B14AE47E17A2440344D03007800030064
:100A50005D4D0300864D0300A84D0300000000001B
:100A60000A4E0300D44D030009190300224E03006F
:100A70000AD7A33FAA160300464E03008A160300B6
:100A80000AD723400AD7A340714E0300884E0300C3
:100A90002DE9F04FE9B083464022002106A81EF060
:100AA0009FFE1DF02CFF04460E461DF028FFE40BB0
:100AB000BF4A44EA4644A4FB0247C0F30E05A5FB27
:100AC0000253DDE90601F60B02FB0677ED0B45EA62
:100AD00043452D1947F10007854277EB010327D2E3
:100AE000B94208BFA8421ED0AFA3D3E90023401BE0
:100AF00061EB0701FEF720FDCD03D903AD4B41EAC1
:100B00005241D20345EA5045C403D01841F10001D7
:100B1000A5A3D3E90023FEF70FFD201845EB010143
:100B200014F09EFDBDE70024254620462146F4E74B
:100B30004022002106A81EF053FE2846394606AA88
:100B4000FDF71AFE864630B103469B4A01219B48B9
:100B50001CF04EFAA5E748AC0DF1180CBCE80F00EC
:100B60000FC4BCE80F000FC4BCE80F000FC49CE822
:100B70000F00DBF8106084E80F0028AC71461422E7
:100B80002046CDF858E08DF85CE01EF029FE0121EA
:100B9000BDF82C3121706380BDF82E31A3804CABA1
:100BA000A36051ABE3609DF8583123749DF85E312A
:100BB0008B421DD0022B0DD0002B40D106F5905159
:100BC0009DF85E0118311CF0C0F9034600283AD0A8
:100BD0007B4ABBE706F590521846183216A90DF06D
:100BE00033FC4FF47A73B0FBF3F0C0F18C006082F9
:100BF00006F5905808F11808414616A81CF07EF931
:100C0000034608B16F4AA1E79DF85C3141468DF873
:100C100058309DF85B3116A88DF859309DF85A313F
:100C20008DF85A300DF074FB034608B1664A8DE723
:100C3000424621469DF85E010DF050FEBEE7634A34
:100C40005E481CF0D5F99DF8553053B39DF85660B9
:100C50003EB34FF000088022414620468DF81680B2
:100C60008DF817801EF0BCFD8022414648A81EF07A
:100C7000B7FD4822414616A81EF0B2FDDBF8103041
:100C8000304603F5905318330DF1160216A90DF0F6
:100C90001DFC30B916AE02909DF81630029A9A42A9
:100CA0002DD34B4815F0A6F84FF47A72A0FB02033F
:100CB00002FB0131C00B50EA414040F06981DBF892
:100CC0001040DD2204F5E87301934FF4805304F1E2
:100CD000F0050093294604F21523FDF731FD0028A5
:100CE00000F02D813B497C233B4A3C4819F041FDF3
:100CF0003B4819F03EFD7C21374819F031FD0823AF
:100D0000089A9DF856C012F004018DF817300DD0E6
:100D10000E2363734FF07E53A36003230221637796
:100D2000C4E90057B368C4E90457A36190070DD51F
:100D30004FF0020E04EB011383F80DE0D6F810E03B
:100D40000801C3F808E0013125505F6002F0080097
:100D500002F40003D20749D54FF0010804EB011259
:100D600082F80D80D6F80C804FEA011EC2F8088088
:100D7000013144F80E505760002838D1002B46D17D
:100D80002046C9B20DF1170348AAFDF78BFC824635
:100D9000002858D003460121124A08481CF028F9BF
:100DA0004CE000BFAFF3008000CA9A3B0000000097
:100DB00000CA9A3BFFC99A3B105F03002000030062
:100DC0005C5F03002C5F0300445F0300775F030058
:100DD00050CA0020F35F0300BC5F03000919030041
:100DE000026003008B5F03000000000070B14FF051
:100DF000040E04EB011282F80DE0D6F814E00801AD
:100E0000C2F808E0013125505760B7E7A3B11820B8
:100E100004EB0113BCF1010F587317BF70785FED3D
:100E20000E7A07EE900AF8EE677A0A01C3ED027AAD
:100E30000131A5505F60A3E70029A1D1029B1836BC
:100E40000133029328E79DF81730DBF810900393E5
:100E50004FF0FF324FF0FF334F4812F02DFF0DF5EA
:100E60009078039B9A450BD34B4812F0E3FED9F8D8
:100E70002030002BE2D05846D9F824109847DDE7FF
:100E800098F80D305A1E0E2A53D8DFE802F00852A7
:100E90001922525248525252522B37434D00D8ED2C
:100EA000027AFCEEE77A17EE903AA9F80C3098F83F
:100EB0000E3089F818300AF1010A08F11008D0E75D
:100EC000D8F80830C9F8103098F80E3089F8193081
:100ED000F1E7D8F80830C9F8143098F80E3089F8DE
:100EE0001A30E8E7D8ED027AF5EE407AF1EE10FA22
:100EF00014BF0123002389F81C30DCE7D8ED027A07
:100F0000F5EE407AF1EE10FA14BF0123002389F8C0
:100F10001B30D0E7D8F80830C9F80030CBE7D8F854
:100F20000830C9F80830C6E7D8F80830C9F80430E6
:100F3000C1E70221194A1A481CF05AF8BBE7D4F855
:100F4000D021DD2A0AD917497D23174A174819F0FD
:100F500010FC174819F00DFC7D21CDE629461548F7
:100F600003F06EFD50B1144981230F4A0F4819F068
:100F700000FC124819F0FDFB8121BDE60022002390
:100F80000F48CDE900234FF0E162002315F03AF954
:100F90004FF4C0300021C3E5B8CB0020A15F0300AF
:100FA000200003001B600300BC5F0300091903005D
:100FB0004960030069600300E12C030074600300D2
:100FC00050CA0020000000002DE9FF478046164669
:100FD0000F46002900F0A280B1FA81F4341B002EE4
:100FE00004F10A04C0F2A280304617F087FF0444DF
:100FF000304617F089FFA4EB0609054669463046DE
:1010000017F0AAFFA9EB05036A4640467D3339462F
:101010001EF0D7F9A64282460D4600F38380B9F14F
:101020003F0F00F381804FF0FF33A9F12000C9F199
:10103000200103FA00F003FA09F223FA01F103FA9E
:1010400009F3024328EA03030A4327EA020213438F
:101050000CBF01200020002D00F08A80B5FA85F336
:10106000E31A40F2FE7203F23E43934200F389809A
:10107000002B23EAE376D4BF01223246121BA2F2F0
:101080003341A2F23447A2F25344C1F1200C2AFAB0
:1010900001F325FA04F4C7F1200E05FA0CFC25FA39
:1010A00001F105FA0EFE43EA0C03A2F2544CA2F23F
:1010B000544223432AFA07F425FA0CFC44EA0E04AE
:1010C00044EA0C04C7F1200C14F0010F54D0A8B16D
:1010D0004FF0FF3000FA02F200FA07F4144320FA4E
:1010E0000CF2B840144303F001022AEA000A25EA90
:1010F00004054AEA020A5AEA050A3DD0013341F1E1
:101100000002C2F3130253EA020138D0184642EA41
:10111000065141EC100B04B0BDE8F087B0FA80F442
:1011200020345BE7012096E7002094E7C6F1000930
:10113000484617F0E9FE241A484617F0E5FEA61BBC
:101140000546694648462E4417F078FF6A464046F1
:1011500006F17C0339461EF034F982460D464046BE
:10116000394617F0E1FE81458CBF0020012072E76F
:10117000BAFA8AF3203373E7C1F31302C6E70136E4
:10118000C4E79FED010BC6E7000000000000F07F00
:1011900010EE103A33F0004210B52DED028B06D15F
:1011A0000120BDEC028BBDE8104018F0D9BB002B2C
:1011B00005DABDEC028BBDE8104018F0DFBBB3F1DF
:1011C000FF4F06DB30EE008AB0EE480ABDEC028B22
:1011D00010BDB3F5000F6049BBBFDFED607A6FF063
:1011E0001802002260EE277AB8BF17EE903AF7EEA9
:1011F000007ADC15C3F316037F3C1944144401F450
:10120000000282F07E5204EBD15403F10F011A4325
:1012100007EE102A524A0A4037EE678AB2BBB5EE93
:10122000408AF1EE10FA0FD1002C00F08C8007EE0E
:10123000904A9FED4C0A9FED4C7AF8EEE77A27EE44
:10124000808A07EE878ABFE741A1D1E90001FDF757
:10125000C5FFB6EE007A07EE900A07EEC87A68EE90
:10126000087A27EE277A14B938EE478AACE707EEFA
:10127000904ADFED3C6AF8EEE77A07EEE67A37EE61
:10128000488A9FED397A17EE878A9DE7F0EE007A5B
:101290009FED365ADFED364A364A78EE277A1A4401
:1012A000C3F5571388EE276A07EE904A03F52273B9
:1012B0001343F8EEE76ADFED307A002B66EE065A4C
:1012C00025EEA57A07EE275ADFED2C7A45EE077A50
:1012D0009FED2B5A07EE875ADFED2A7A47EE274A11
:1012E000DFED297A44EE877A67EE877A45EE257A34
:1012F0001ADDB6EE007A28EE077A27EE087A77EE46
:10130000877A67EE867A14B937EE677AACE79FED95
:10131000156A46EE867A37EE677A37EE488ADFED51
:10132000127A16EEA78A4FE778EE677A67EE867A2A
:1013300014B938EE678A47E79FED0A7A46EEC77A16
:1013400037EEC88AEBE79FED118A3DE7AFF30080E7
:10135000555555555555D53F20FB4A000000004CCA
:10136000F0FF7F00D1F717378071313F25333A3EC8
:10137000298E633E305CCFFF9788173E2549923E09
:10138000ABAA2A3F4FD01C3ECDCCCC3E0000000083
:10139000F8B510EE904A10EE103A34F000472DEDFB
:1013A000048BB0EE609A0DD183F480035B0013F5DB
:1013B000000F40F20A8230EE098AB0EE480ABDEC16
:1013C000048BF8BD23F00040B0F1FF4F02D8B7F115
:1013D000FF4F08D9B3F17E5FEDD184F4800464003F
:1013E00014F5000FE5E7002B01462DDAB7F1974F12
:1013F0000CD3B7F1FF4F2AD00225B4F17C5F3ED168
:10140000002BC0F28C80B1EEC08AD6E7B7F17E5FC8
:101410002ED3FA15C2F1960247FA02F505FA02F246
:10142000BA423AD1B7F17E5F47D1002C80F2D38126
:10143000B5EE400AF1EE10FA4DD1D80FBDEC048B99
:10144000BDE8F84018F08CBAB7F1FF4F3AD1B0F1CF
:101450007E5F00F0BA8105D9002CDFED957A29FE78
:10146000278AAAE7002C80F2B381B1EE498AA4E76B
:10147000B4F1804F34D0B4F17C5F5CD0002523F010
:101480004042B0EEC08AB2F17E5F3FD1002CBCBFBB
:10149000B7EE007A87EE088A29E0B7F17E5FC4D004
:1014A0000025B4F1804FEAD1B0F1BF4F1AD2B0F1AC
:1014B000D05F29D920EE008A7FE705F00105C5F14C
:1014C0000205EEE7B7F17E5FAFD0B4F1804F4FF089
:1014D0000005E9D091E7B7EE007A87EE008A6CE765
:1014E0000025E1E7B0F1FF4FB0EEC08A34D1002B08
:1014F000BFF663AFA0F17E50284316D1BDEC048B3C
:10150000BDE8F84018F03ABAB0EEC08A20BB002C13
:101510001EDA002B92DA6B1E584258418EE7B0F16A
:10152000FF4FB0EEC08A40F05981012D7FF445AFE6
:10153000B1EE488A41E7B0F1FF4FB0EEC08A3FF408
:101540003CAFB0F17E5FD9D000283FF436AFD5E78D
:10155000012D00FE088A30E7DE0F013E55EA060243
:10156000CCD0B7F19A4F40F24581524B984208D8FF
:10157000002C0BDA0020BDEC048BBDE8F84018F01D
:10158000E1B94D4B984208D9002CF3DC0020BDECAA
:10159000048BBDE8F84018F0C7B9B7EE007ADFED6C
:1015A000477ADFED479A38EE478A3FA1D1E900013B
:1015B00068EE278AFDF712FEB5EE007A07EE900A74
:1015C000DFED406A68EE299A48EE477AB6EE007A77
:1015D00007EEC87A68EE087A27EE277AF0EE687A86
:1015E00047EE667A39EEA77A17EE103A23F47F6356
:1015F00023F00F0307EE103A77EE699A77EEE97A57
:10160000013D24F47F64B7EE007ABFEE008A3543D3
:1016100024F00F0467EE890A07EE903A08FE078A65
:1016200007EE104A39EE477A47EE270A07EE104ACE
:1016300067EE877A30EEA77A17EE101A002921F0AC
:1016400000431ADDB3F1864F09D9B5EEC08AF1EE39
:1016500010FA4CBF012000208DE70120E9E037D1CE
:10166000DFED196A37EE677A70EEA66AF4EEC76AA4
:10167000F1EE10FAE9DC86232EE0144A934207D9F2
:10168000B5EEC08AF1EE10FA4CBF012000207EE7D3
:101690001ED137EE677AB4EEE07AF1EE10FAEADBAB
:1016A000EEE700BFAFF30080E13D55555555D53FFE
:1016B00000000000F3FF7F3F0700803F70A5EC367D
:1016C00000AAB83F3BAAB83F3CAA383300001643F3
:1016D000B3F17C5F74D9DB157E3B4FF40000A44A64
:1016E000002940FA03F00844C0F3C753A3F17F0375
:1016F00042FA03F2C3F1170302EA0002C0F3160034
:1017000040F4000007EE102A40FA03F077EEC77AA3
:10171000B8BF404237EEA07ADFED966ADFED965A09
:10172000B7EE000A9FED956A17EE103A23F47F6337
:1017300023F00F0307EE103A77EE677A67EE266A1A
:1017400070EEE70ADFED8E7A67EE277A9FED8D7AED
:1017500040EE877A36EEA77A77EE666A77EEE67A1B
:1017600067EE076A47EE277A16EEA56ADFED865A1E
:1017700046EE265A9FED856A15EEA66ADFED845A7D
:1017800046EE265AB0EE476A05EEE66AF0EE006ACB
:1017900067EE065A36EE666AC5EE866A76EEE77A38
:1017A00077EEC77A30EE670A10EE103A03EBC053BB
:1017B000B3F5000F06DA18F071F820EE088AFCE5A0
:1017C0000020A7E700EE103AF7E7B7EE008AF4E54D
:1017D0009FED708AF1E5B0EE408AEEE5B0F17E5FF4
:1017E0003FF488AE00283FF4B3AE002D3FF486AE40
:1017F0000225002613F0FF4F674805BF9FED677A6B
:101800006FF01703002368EE077A08BF17EE901AEF
:10181000CA157F3A1A44C1F31603834243F07E513E
:1018200006DD5F4883427FF718AF0132A1F5000162
:1018300000205C4B06EE101AF7EE006A491003EB2D
:10184000800341F00051D3ED005A01F58021564B41
:1018500075EE867A36EE657A01EB4051C6EEA74A00
:1018600007EE901A27EE245A15EE107A1F4006EE66
:10187000907A06EEE77A77EEE57ADFED4C5A36EEAF
:10188000676A65EE057A06EE667A9FED496A47EE6D
:10189000865A9FED486A27EE247A66EEA64A05EE40
:1018A000A76ADFED455A46EE275A9FED446A05EEDA
:1018B000A76ADFED435A46EE275A36EE856A67EE91
:1018C000A77A26EE076A05EEA76AF0EE085A74EECC
:1018D000A57A77EE867A17EE901A194007EE901ADD
:1018E00077EEE55A27EE277A66EEA76A75EEE45A98
:1018F00036EE656A06EE057A9FED326A76EE877AF5
:1019000017EE901A194007EE901A2F4977EEE66A03
:1019100001EB800127EE866A37EE667ADFED2B6AEF
:1019200067EEA67ADFED2A6A47EE267A91ED007A15
:1019300077EE877A07EE102A264AB8EEC77A02EBCE
:10194000800276EE276AD2ED005A76EEA56A76EE30
:10195000876A16EE902A134006EE903A36EEC77A62
:1019600037EE657A37EE467A77EEC77A48E600BFFB
:10197000000080FF0072313F4CBB31330EEADD3591
:101980008CBEBF351872313F55B38A38610B363B78
:10199000ABAA2A3E0000000071C41C000000804B6E
:1019A000D6B35D009C12030000F0FFFF55326C3E81
:1019B00042F1533E05A38B3EABAAAA3EB76DDB3E78
:1019C0009A99193F0038763F8C120300A0C39D36C8
:1019D0004F38763F9412030008B517F039FF9FED9A
:1019E000020B08BDAFF30080000000000000F87F8C
:1019F000014B0360704700BF400803000EB417B5E9
:101A000005AB53F8042B80210446019316F0BCFF6C
:101A1000002200232146044811F0EEFD03B0BDE88A
:101A2000104003B0704700BF90FB0020014812F047
:101A300001B900BF10FB0020032307B58DF8043067
:101A40000022002301A9034811F0D6FD03B05DF880
:101A500004FB00BFF8FB002010B50446FFF7C8FFE9
:101A6000014B2046236010BD5408030010B5044606
:101A7000024B036018F00DFC204610BD5408030013
:101A800010B50446044B036008F094FA2046FFF7B3
:101A9000EDFF204610BD00BF70080300F7B50378C6
:101AA0000446042B14D8DFE803F0032E3646530017
:101AB000037A13B19A1E022A0CD8274C274818F033
:101AC00033FE206803681B699847052223681A7152
:101AD00003B0F0BD03F0FB03012BF9D11E4D2048EC
:101AE00018F022FE28680368DB6898471D4A1E4BE1
:101AF000217A1E48012914BF1146194618F014FE18
:101B000004222B68E3E7D0E90212194803B0BDE8CC
:101B1000F04018F009BEC068FDF726F806462069B7
:101B20000F46FDF721F83246CDE900013B4611484A
:101B300018F0FAFDCCE7017A0F4A104B1048012942
:101B400014BF1146194603B0BDE8F04018F0ECBDD3
:101B5000D0E904120B48D9E768FC00200517030000
:101B60001E170300E1160300D0160300341703000C
:101B70005517030089170300FF160300F51603002D
:101B8000BB170300C917030010B50446FFF764FF35
:101B9000024B20462360024B1C6010BD70080300FE
:101BA00068FC002008B508F0C7F9014620B10848D4
:101BB000BDE8084018F0B8BD06481AF049FF0146D4
:101BC00008B10548F4E70548BDE8084018F0ACBD89
:101BD000FB1703009D1A0100221803004F18030091
:101BE00010B50A2330220F490F481CF0A9FD0A2323
:101BF00080220E490E481CF0A3FD01230D4C1A460D
:101C000021460D481CF09CFD012321461A460B4835
:101C10001CF096FDBDE810400A230122084909483E
:101C20001CF08EBD84010120C4FB002078FC002044
:101C300090FB00207801012028FB00205CFB0020A5
:101C40006CFC00202CFC002030B51C4D89B0FFF747
:101C5000C7FF2B683BB9802014F072FF044608B11F
:101C600018F01CFB2C602868154D1649FFF7C6FEBE
:101C70002B683BB9012014F063FF044608B118F04B
:101C80000CFB2C60082014F05BFF044608B1FFF742
:101C90007BFF00220023CDE9062300230A22CDE9A1
:101CA0000133CDE9032308494FF48062074B0094C8
:101CB000074812F083FC09B030BD00BF64FC00206F
:101CC00060FC002083180300200E012095A2020072
:101CD000A0DB002010B403460A46044881680C6962
:101CE000194623465DF8044B184700BF9CFD0200CF
:101CF000034610B50A4619790123006803FA01F179
:101D0000436804691B6819420ED10E494FF4CB6336
:101D10000D4A0E4818F02DFD0D4818F02AFD4FF41D
:101D2000CB61094818F01CFD2368194218BF82F0E6
:101D3000010222B18368DB68BDE810401847836860
:101D40001B69F9E7CB1803009A180300091903006F
:101D50002619030003462DE9F04119790068DB8854
:101D600003F03002302A0669D0E901470ED121493B
:101D700040F2D333204A214818F0FBFC204818F0E9
:101D8000F8FC40F2D3311C4818F0EAFC03F00602DC
:101D9000042A09D11B4940F2DA33174A174818F0D0
:101DA000E8FC40F2DA31EEE701252468DA0705FAAB
:101DB00001F554BF43F4B01383F4D013254223F448
:101DC00080120CD1104940F2ED330B4A0B4818F049
:101DD000D0FC0E4818F0CDFC40F2ED31D3E734686A
:101DE000DB074CBF2C43AC4334603B68BDE8F0419B
:101DF000184700BF381903009A1803000919030097
:101E000071190300AE190300CB1803002619030053
:101E100008B50548FFF79EFF0448FFF79BFFBDE8A4
:101E200008400348FFF796BF68C6002060C6002040
:101E300058C6002008B500210648FFF759FF0021C9
:101E40000548FFF755FFBDE8084000210348FFF7AC
:101E50004FBF00BF68C6002060C6002058C60020E3
:101E600008B505281BD8DFE800F003170D0910138B
:101E700001210B48BDE80840FFF73ABF012108489F
:101E8000FFF736FF01210748F4E701210648F7E78D
:101E900001210348FFF72CFF01210348EAE708BDB1
:101EA00068C6002058C6002060C600202DE9804882
:101EB000DFF8209185B0DFF8F8A000AF4FF0FF32D7
:101EC0004FF0FF33484611F04FFC0020FFF7C8FFEA
:101ED000DAF808303B21DB6835489847354BDFF8A6
:101EE000F88019460D20344EFFF7F4FEDFF8ECB011
:101EF00041460E20FFF7EEFE304D31461020FFF731
:101F0000E9FE2F4C59463D20FFF7E4FE29461B20F1
:101F1000FFF7E0FE21461D20FFF7DCFED8E90008B0
:101F2000D6E900162268234BFA606268C7F804D02D
:101F300092B0BA60D3E900EC6A46D5E90035DBF827
:101F400000B0C2E90D35FB681E4CD363BB68C2E923
:101F5000054E13640D23C2E907C0C2E90981C2E935
:101F60000B6B42F8103F002346F6C001164802F002
:101F7000C9F8164AD7F804D0138801339BB2062B50
:101F800081BF002313800122114B94BF13801A706C
:101F9000484611F0B9FC00214FF4004013F060FBFB
:101FA000FFF748FF00214FF4003013F059FB85E79D
:101FB0009CFD0200A003012090030120800301206A
:101FC00078030120E119030010000300180E01201E
:101FD00020120120640301209803012088030120BE
:101FE00008B5084818F0A0FB07481CF051FB30B9B1
:101FF000BDE808400121054A054819F02BB9FFF753
:1020000055FF00BF371A03009CFD0200733A03001E
:102010001000030010B588B0FFF7FAFEFFF714FEBA
:10202000002200230024CDE9062302234FF480522E
:10203000CDE90334CDE90144064B07490094074834
:1020400012F0BCFA0321064A064819F003F92046AB
:1020500008B010BDE11F0100A817012068DC0020B6
:10206000501A03001000030010B5094C0A449142B5
:1020700000D110BD11F8013B58400309E35C000199
:10208000C0B243401809205C1B01DBB25840EEE7A8
:10209000601A0300F8B50F4600293BD006680122FC
:1020A000304618F04EF901460446304618F011F952
:1020B000C3070DD4AF23184A1849194818F059FB23
:1020C0003946184818F055FBAF21134818F048FB63
:1020D0002146304618F013F92518294600223046CB
:1020E00018F0F7F82D1AAC420BD0B7230A4A0E4964
:1020F0000B4818F03EFB39460C4818F03AFBB72164
:10210000E3E72146304618F000F92146BDE8F840E3
:1021100018F03CBAF8BD00BF701A0300931A030010
:1021200009190300A41A0300DC1A0300021B0300B0
:102130002DE9F8430F4606681446B2684B1EB2F507
:10214000004F34BF042108213B4010D0C7F10009E3
:1021500009EA0709494503F1FF3028BF49461842FB
:102160000CD11F46DCB900252846BDE8F8838F4214
:1021700013D82146BDE8F84318F04ABA2E494FF467
:10218000A2732E4A2E4818F0F4FA2E4818F0F1FAED
:102190004FF4A271294818F0E3FA9946E2E7B2EB4E
:1021A000D40FE0D9E319591A104618F0D4F80146B3
:1021B000304618F02AF980460028D4D0B36809EBDD
:1021C000C005B3F5004F34BF042308231D44354434
:1021D0007B1E1D44B5FBF7F57D43A5EB090529469C
:1021E000304618F0AEF82C44073424F00704A41B42
:1021F000804507464FEAE40408D20246414630468D
:1022000018F03DF94146304618F07EF9394630461F
:1022100018F075F83844844208D2394630462246D0
:1022200018F02DF92146304618F06EF90122394692
:10223000304618F06AF897E73E1B0300701A030057
:1022400009190300591B0300B2F5802F2DE9F04155
:1022500010D2042A28D843494FF4F973424A43481C
:1022600018F087FA424818F084FA4FF4F9713E48A2
:1022700018F076FA0823D21ACC1D114424F0070472
:1022800021F00701091B17294FEAD1060ED8394959
:1022900040F2FB13344A354818F06BFA344818F012
:1022A00068FA40F2FB11E2E70423E4E70027046048
:1022B00031463046A660E76018F056F80121421D0D
:1022C0008046304618F047F89200D51DED082844A6
:1022D000B0423AD8B8F1FF3F3946A2F1100204F1FA
:1022E0001000B8BF3A461DF07BFA2A463946204610
:1022F00018F023F83B463A463946204617F0F4FFDB
:10230000A6EB050820463946012217F0FEFF42469B
:10231000294618F012F82B463A462946204617F06F
:10232000E3FF3146204618F008F843463A46314666
:10233000204617F0D9FF31462046012217F0E5FF6D
:102340002946BDE8F04118F0DFB80B494FF403739C
:10235000054A064818F00DFA054818F00AFA4FF435
:10236000037184E7761B0300701A03000919030048
:10237000971B0300B01B0300D91B03002DE9F04F8E
:1023800091B0009302F004030293C2F3C20301333D
:10239000840705460E46DDF868800392059340F0F9
:1023A000F881041D30B1072909D86FF01B0011B066
:1023B000BDE8F08F01F00706341DC6F108064FF0A6
:1023C00000094FF0040B009B4FF0FF32591E4F469F
:1023D0004B46DA46CDF8109001920DB1009820607E
:1023E0000598002800F3D7809948009A824203D3C9
:1023F00098488242C0F0CF80039AA4EB050E920762
:102400004FEA9E0040F1E2804FF0000CCCE07A28C9
:102410005CD84B280CD8472858D829282AD82528F2
:1024200051D053D8202877D023384342434173E01A
:102430004C382E284AD8DFE800F06F49494949490D
:102440004949494949494B494949494949494959EA
:10245000494B4B5959596F4B6C496F49184B1849A7
:1024600049807D4B49494B497D00002000234FF0B6
:10247000040B39E001222A38C0B202FA00F010EA57
:102480000E0F49D110F0625C30D110EA020343D044
:102490006046013C5C44B4FBFBF40BFB04F4002DF0
:1024A00060D0AAEB050CA444B4453FF67EAF0028EB
:1024B0006AD1BAF1040F45D158F8040B20604FF0EF
:1024C000040A043428E0019B013B0193002323E02C
:1024D00011F8013C6C2B32D1002011F8023C6C2B1E
:1024E0000346C4D14FF0080BDA46D2E708F10708DB
:1024F00028F00708073424F00704F8E802AB35B1E8
:1025000006982044B0423FF650AFC4E900AB002328
:1025100008344FF0080BDA4611F8010F002800F0DC
:10252000C080002B7FF473AF2528F5D1019B0133C8
:10253000019301234FF0040BEDE7184696E70020C6
:102540000346A6E7BAF1080F40F09D8008F107089E
:1025500028F00708B8EC027B84ED007B4FF0080AF6
:102560000834D9E780B9BAF1040F02D108F10408A0
:10257000A5E7BAF1080F40F0868008F1070828F0B7
:10258000070808F10808E9E705980138059058F8A8
:10259000040B009021E7039A90074CD54FF0010CF3
:1025A000A4EB050E4FEA9E00BEF5007F1FD32A491B
:1025B00040F27B23294A2A4818F0DBF8294818F012
:1025C000D8F840F27B21254818F0CAF80F2F10D810
:1025D000002D4BD007F140020DEB020C019A0CF8D4
:1025E000200C0CF8102C04980130049022E00F2FDE
:1025F0000CD919494FF42073184A194818F0B9F842
:10260000194818F0B6F84FF42071DCE7D5B107F19E
:1026100040020DEB020E019AC0B20EF8200C0EF82B
:10262000102CBCF1000FDED060F07F000EF8200C03
:1026300009F101090137C5F108024FF6DA7E0434C9
:10264000069269E7BCF1000F10D00136F2E700BF37
:10265000A8FB0200D47E0300552E0300041C0300D7
:1026600009190300321C0300531C0300029A0236AE
:10267000002ADFD10098CDE90631FDF762FEDDE9E1
:1026800006310644D6E740F2C523434A434944484D
:1026900018F06FF85146434818F06BF840F2C52126
:1026A00091E7631BB3F5806F0CD33C4940F2D12313
:1026B000394A3B4818F05DF83B4818F05AF840F2A8
:1026C000D12180E71DB9A6F10804E0186FE6029A4F
:1026D0009B0828602B709DF81030C2B1EB7085F814
:1026E0000290B9F1000F05D0002208A8C5F1010C35
:1026F00097420ED14FF0000AC5F101030DF12008F9
:1027000001930DF1300B574512D1601B4FE66B70F2
:10271000E5E710F8013B190608D504EB0C0EB645A9
:1027200003F07F033FF641AE04F8013B0132DFE7DF
:10273000B9F1000F03D098F90020002A17DB029BA3
:10274000D3B11AF80B2004F8012B0022019B981832
:102750002044B0423FF629AE98F80000009904F8F2
:10276000010B204603921DF02EF8039A14440AF13F
:10277000010A08F10108C6E798F8002055F8223050
:102780000093029B009845F82230FDF7DAFD421CC9
:10279000DCE76FF00D000AE6041C0300552E030071
:1027A000091903006D1C0300821C03002DE9F04F82
:1027B00097B000AF89460446D7F880B0FA623B6212
:1027C00058B9A9494FF46573A84AA94817F0D1FF31
:1027D0004FF46571A54817F0C3FFCBF3C00390F821
:1027E00002A0BB6141B9457800780AEB8000204423
:1027F0004D4517D8A0EB0409E378FB61BAF1000F4F
:1028000002D01BF0010F16D1FB6953BBFB6A1BB151
:10281000494620463A6A98474D4628465C37BD46A9
:10282000BDE8F08F461C3046FDF78BFD013030448B
:1028300009F10109DCE7626823787A62FA6A990093
:10284000796104EB8301002A40F002810E464FF0CB
:1028500000084D4601EB0A094E454CD101EB0A0632
:1028600010E01BF0020FD1D023789A007A616268E1
:1028700004EB83017A62FA6A002A77D14D469046CA
:1028800001EB0A061BF0050F0CBF02230123FB62BC
:10289000FB6906EB430A0BF00203BB625645BCD052
:1028A00016F8021B16F8013C54F82390714B994519
:1028B00002D3714B994536D3BB69002B40D0786A5F
:1028C00017F009FF00283BD0E9468AB06A466B4BF7
:1028D00053617B6AC2E906314FF400731384684B7D
:1028E00042F8103F00234FF41251664801F00AFCF1
:1028F000023DCD46D2E716F8013BF96254F82300B9
:10290000FDF71FFDD7F88430F96A01304BB1D7F8D5
:10291000883098453EBFD7F8843023F8180008F176
:102920000108054498E7BB6923B1786A17F0D3FE24
:102930000028C9D11BF0010F05D1FB6AED1AADE7E4
:10294000BB6A002BAAD04846FDF7FBFCD7F88430C1
:1029500053B1D7F8883098453FBFD7F88420431C3F
:1029600022F8183008F10108054497E7BAF1000F82
:1029700074D01BF0040674D0D046002607F148003E
:1029800052463B61B9621CF01EFFB96A3B6901EB1C
:102990000A02BA62FA69F9695200FA60BA6A02EB8D
:1029A00041023A610BF00202BA60BA6A39698A429E
:1029B0006AD162781BF0020F18BF00217A6208BF4B
:1029C0004FEA5801B2181BF0010FD2B240F0E58077
:1029D0001BF0040F14BF40460020BB616270A07062
:1029E000E17020463A6A7969FB6A9847051EFFF64E
:1029F00014AFBB69414623707B6A3A6A6370FB6916
:102A000084F802A0E37007F14800FB6A9847B0F130
:102A10000008C0F2F0807B69A9EB0A01C91AFB68C3
:102A20003A6AC91AD7E90A0398470028C0F2E58034
:102A30004FF0000BA84408EB000507F1380AB34536
:102A4000C0F0AD8000213A6A0846FB6A9847E4E688
:102A500056464FF0000807F1380091E75646D04639
:102A600095E7B04693E700BF991C0300041C0300E0
:102A700009190300A8FB0200D47E0300B41C030064
:102A80000400000128000300BA6A12F8021B12F8C1
:102A9000015CBA6254F82500594A904202D3594A5F
:102AA000904218D3BA693AB1786A7B6017F013FE86
:102AB0007B6800287FF479AFBA68002A4CD00F2ECB
:102AC00040D951494FF48963504A514817F051FE9B
:102AD0004FF489617EE6BA693AB1786A7B6017F093
:102AE000FAFD7B6800287FF460AF1BF0010F0BD06C
:102AF0000F2E27D9444940F23E43444A444817F038
:102B000038FE40F23E4165E61BF0040F3FF44DAF46
:102B1000B8F10F0F09D93F4940F241433B4A3C48C5
:102B200017F027FE40F2414154E608F1280207F170
:102B3000300008F1010102EB000808F8105C5FFAB0
:102B400081F832E706F1280207F13000711C1618EF
:102B500006F8205CCEB228E7B8F10F0F09D92D494D
:102B600040F24B43294A2A4817F003FE40F24B41FA
:102B700030E608F1280207F1300C08F10100944416
:102B800007F1580208F1020852FA80F00CF8101C04
:102B90005FFA88F800F8105C07E700201DE71BF8D3
:102BA0000A3054F8239087F83730D7F88430FBB1D7
:102BB00033F81B8001213A6AFB6A07F13700984716
:102BC00000281ADB0544B8F1000F06D14846FDF78E
:102BD000B8FB00F101081FFA88F8414648463A6AF6
:102BE000FB6A9847002808DB05440BF1010B26E738
:102BF000D7F88480DEE745460FE605460DE600BFC0
:102C0000A8FB0200D47E0300571D0300041C030030
:102C100009190300761D0300014B1860704700BFBF
:102C200070C6002080B505460E461746984612F03D
:102C30006BFD03461CF0EEFE0446DFF8189042469A
:102C400049F8003039463046A84754F8090002F0E8
:102C500003FF00BF08000000032800B508D91CF0DE
:102C6000D9FE0922074B1A504FF0FF305DF804FBE4
:102C70002822054B02FB0033D3E8AF3F002BEED0F8
:102C80000020F3E70C000000B003012038B5044633
:102C90001546FFF7E1FF00280DDB28236343074AB1
:102CA000D0184068086015B10C3313442B602823FA
:102CB0005C43105938BD0020FCE700BFA803012089
:102CC00070B500254FF0FF334FF0FF32174810F07A
:102CD0004BFD174BD3E8AF2F82B10135042D03F123
:102CE0002803F7D11CF096FE17224FF0FF35114B49
:102CF0001A500E4810F008FE284670BD28246C4378
:102D0000D3E8EF0F0130C3E8E10F0029F8D10A4EF4
:102D1000331932515A6004F10C0030441BF02CFD81
:102D200004F1200030441BF088FDE2E7CCCA00200B
:102D3000B00301200C000000A803012010B40446D9
:102D4000104628225443094B1A191951506048B1B2
:102D5000C2683AB10C34234440F205125DF8044BCA
:102D600017F0EFBC5DF8044B704700BFA8030120CB
:102D70002823434330B50D4908330B44D3E8AF2F24
:102D800092B1541ED3E8EF5F954204D1C3E8EC4FF3
:102D9000BCF1000FF6D1F1D1012A05D12823584307
:102DA00000230A180B50536030BD00BFA803012058
:102DB00038B50D460446202200211CF011FD0022EA
:102DC000EB68E361AB68A3612B6823626B68A26266
:102DD00063622A6923B1591E194208BF42F00102F9
:102DE00022610122002104F12C001BF0E3FC48B118
:102DF000054906482E23064A17F0BBFC2E2104483D
:102E000017F0AEFC38BD00BFCD1D0300091903004B
:102E1000A71D03002DE9F04F002789B0CDE901235C
:102E2000436A04468B428846BA460597079755D3AE
:102E30004FF0200B00F11406EFF3118300938BF396
:102E40001288BFF36F8F3046DDF8009012F018FE45
:102E500058B988234A4A4B494B4817F08AFC3146F7
:102E60004A4817F086FC882160E0304612F02CFEBC
:102E7000079A2AB13946204617F05CFD00230793D4
:102E800006A9204617F082FC0699054641452ED337
:102E90002268236A204613F8221003EB820A21F0ED
:102EA000030103F822102168424617F093FCE368FF
:102EB0002060984216D00025304612F0EFFD40B356
:102EC00089F31188BFF36F8F059929B1A2690AB1FF
:102ED0002046904700230593002DADD1504609B000
:102EE000BDE8F08F236943F008032361E3E718B1DD
:102EF000204617F089FCDFE7DDE90132134337D0C4
:102F000003911BF09EFC039990BB304612F0C6FD66
:102F100078B940F231131A4A1D491B4817F029FCB1
:102F200031461C4817F025FC40F23111144817F0C7
:102F300017FC009B83F31188BFF36F8F04F12C0003
:102F4000DDE9012310F0B8FE0546EFF311898BF39C
:102F50001288BFF36F8F304612F092FD00283FF4C5
:102F600078AFB5FA85F5304612F0AEFD6D09A3E7EE
:102F7000204607AB05AA276817F065FC05469BE7C6
:102F8000D61D0300031E030009190300181E0300C9
:102F90002E1E0300451E03002DE9F0410446C369BF
:102FA00008460E46984704F114050746EFF31188CA
:102FB000202383F31288BFF36F8F284612F060FD41
:102FC00068B988231A4A1B491B4817F0D2FB2946C7
:102FD0001A4817F0CEFB8821154817F0C1FB284688
:102FE00012F072FD33783A4643F0010333706168A2
:102FF000204617F0EFFB6060204617F0B6FC28462D
:1030000012F04CFD68B940F23113094A0C490A48E4
:1030100017F0AFFB29460B4817F0ABFB40F231111C
:10302000DAE788F31188BFF36F8FBDE8F08100BF46
:10303000D61D0300031E030009190300181E030018
:103040002E1E0300451E03002DE9F843044600F13F
:103050001407EFF31188202383F31288BFF36F8FD7
:10306000384612F00DFD054668B98823344A3549C3
:10307000354817F07EFB3946344817F07AFB882133
:103080002F4817F06DFB384612F01EFD2369A26829
:1030900013F0080F02D163689A4200D9636A9B1A41
:1030A000002B3FD0216A11F8223001EB820913F086
:1030B00003003AD0022803D151F82260B60805D1A6
:1030C000D8071FD44846E36998470646A1683246A8
:1030D000204617F07FFB3146A060204617F088FBA2
:1030E000384612F0DBFC10BB40F23113144A184989
:1030F000154817F03EFB3946164817F03AFB40F2E8
:103100003111BDE743F0020301F82230E36948467C
:10311000A568984729460246204617F05BFB002524
:10312000A060DDE71D46A946DAE70546FBE788F320
:103130001188BFF36F8F002D8BD14846BDE8F8830F
:10314000D61D0300031E030009190300181E030007
:103150002E1E0300451E03002DE9F0410446C369FD
:1031600008460D46984704F114060746EFF3118808
:10317000202383F31288BFF36F8F304612F080FC58
:1031800068B98823274A2849284817F0F2FA3146B7
:10319000274817F0EEFA8821224817F0E1FA304666
:1031A00012F092FC2B786FF300032B7023699B07BE
:1031B00005D5E268236A03EB82039D4222D12B7876
:1031C0006FF341032B70D4E90231994204D13A469E
:1031D000204617F0FFFAA0603946204617F008FB9A
:1031E000304612F05BFC90B940F231130D4A1149A0
:1031F0000E4817F0BEFA31460F4817F0BAFA40F2FF
:103200003111C9E72B6867F39F032B60E8E788F368
:103210001188BFF36F8F04F12C00BDE8F04110F06E
:1032200009BD00BFD61D0300031E030009190300DA
:10323000181E03002E1E0300451E03002DE9F8434F
:1032400040F26C7344690569E1170135E41841F1F6
:103250000001022D8CBF00230123E41AC76861F12D
:1032600000010029064607F1FF374EDA6FF4C770F8
:103270004FF4C8720023201861F10001FCF70CF92B
:10328000244B4FF03C0E03FB0044D6E900834FEA89
:10329000E37C99466346022D02468CBF6FF0020024
:1032A0000920B6680544C6FB0E93A9FB0EC60EFBAB
:1032B000036640F26D1E9920A3080EFB04333B44C5
:1032C000642745430520B4FBF7F40235B5FBF0F560
:1032D0001B1B114C1CEB080CA2FB042004FB01017E
:1032E0002B4446EBE87698180C4A41F1000380180D
:1032F0000B4A63F10003A0FB020102FB031110EB78
:103300000C0041EB0601BDE8F8834FF4C8720023BE
:103310002046B3E770FEFFFFB13A02009405F5FFC7
:10332000805101002DE9F84F0446A38B0846190788
:10333000154612D4022803F0070165D1204617F084
:103340007EFB88B10138042800F23781DFE810F0F5
:103350005C0035018200D400040101280CBF43F059
:10336000100143F02001A1831434204612F096FB93
:10337000002840F09D819A4940F23113994A9A48B9
:1033800017F0F7F92146B1E003F00702501F0128BA
:103390001ED80020062A2768C4E9000014D13A4646
:1033A00003E0E08B0130E0831268002AF9D123F0BA
:1033B000070343F002022046A28317F040FB90B3BC
:1033C00042F02002A2832EE023F007039AB2F2E734
:1033D000042A33D123F007039AB22046A28317F0C0
:1033E0002EFB10B142F02002A283A38B03F0070949
:1033F000894540F0EC80A18BCA0640F1508121F054
:103400001003A38301F00701D4F81880A38BB8F14F
:10341000000FB9DA0022276823F00703C4E900226D
:1034200043F00103A383A38B03F00709894540F010
:10343000CF80002FDFD00026B24644E06B4940F237
:103440001B136B4A684817F094F940F21B11684847
:1034500017F086F949B167494FF4AB73644A624883
:1034600017F087F94FF4AB71F1E723684BB9624964
:1034700040F257135E4A5C4817F07BF940F257114F
:10348000E5E723691E684EB95C494FF4AD73584AAD
:10349000554817F06EF94FF4AD71D8E70F468846DE
:1034A0004FF00609A38B23F0070343F006039BB2FA
:1034B000A383A268002A40F08D80002F40F08D8009
:1034C000002E98D0BA4643F0080304F1140B584676
:1034D000A38312F0E3FA002840F09A80404940F2BA
:1034E0003113404A404817F044F95946444817F010
:1034F00040F940F23111ADE0022909D0414940F2D2
:103500005D133B4A384817F034F940F25D119EE7ED
:10351000E78B4FB13C494FF4AF73354A324817F04F
:1035200028F94FF4AF7192E723695E684EB93349C9
:1035300040F261132E4A2C4817F01BF940F261113A
:1035400085E7A38BB84623F0070343F004039BB23F
:103550004FF00409A383ACE7012909D02B494FF4AC
:10356000B273234A204817F004F94FF4B2716EE7A2
:1035700023684BB9204940F265131D4A1A4817F0D9
:10358000F8F840F2651162E723699E684EB91B495D
:103590004FF4B473164A144817F0EBF84FF4B471B3
:1035A00055E70027A38BB84623F0070343F0050334
:1035B0009BB24FF00509A3837BE70C4940F26B13E4
:1035C0000B4A094817F0D5F840F26B113FE7002786
:1035D00000266EE74FF0010A75E7924673E700BFD9
:1035E0002E1E0300D61D030009190300552E0300EB
:1035F0005A1E03007F1E03008B1E0300AE1E030035
:10360000451E0300C51E0300DB1E0300EA1E030067
:1036100085F31188BFF36F8FBAF1000F1CD177BB10
:1036200016B120462549B047EFF31185202383F3D7
:103630001288BFF36F8F584612F022FA38BB8823E6
:103640001F4A2049204817F094F859461F4817F0A0
:1036500090F888211A48FBE6A1680029DFD00D68A0
:103660000029DCD043464A462046D1F804A0D04782
:103670001DB12B6829461D46F2E72B46FAE739466D
:1036800043464A4620463F6817F005FAC7E75846C2
:1036900012F01AFAA38B23F00803A383ABE68B0680
:1036A0007FF562AE21F02003A38301F0070145E618
:1036B00085F31188BFF36F8FBDE8F88FD136010015
:1036C000D61D0300031E030009190300181E030082
:1036D000F8B504460D4600F11406EFF311872023D8
:1036E00083F31288BFF36F8F304612F0C9F968B9BF
:1036F00088230C4A0C490D4817F03BF831460C481A
:1037000017F037F88821074817F02AF8304612F0EA
:10371000DBF9A5613A462046BDE8F8400121FFF7F4
:1037200001BE00BFD61D0300031E030009190300DC
:10373000181E03002DE9F04704460F4617F09BF9C9
:10374000051E68DB04F11409EFF3118A202383F3CB
:103750001288BFF36F8F484612F092F9804660B925
:103760008823384A3849394817F003F84946384819
:1037700016F0FFFF8821334842E0484612F0A4F9D2
:103780004FF6FF72E38BA68B934206F0070645D0F7
:10379000022E15D135460133E383484612F07EF9F7
:1037A000002841D140F23113264A2A49274816F011
:1037B000E0FF4946284816F0DCFF40F23111DAE715
:1037C000062E13D8DFE806F0092D121209040900AD
:1037D0006FF085054FF00008DFE700233B6063686A
:1037E00083B9C4E9007786B13546F3E71B4917482A
:1037F0004FF4E4731A4A16F0BCFF4FF4E471184812
:1038000016F0AEFF1F606760EDE7524602212046CA
:10381000FFF788FD35462846BDE8F0876FF00A05BA
:10382000D8E76FF00405D5E78AF31188BFF36F8FEF
:10383000B8F1000FEFD0002332463946204617F08A
:103840002AF9E8E7D61D0300031E03000919030047
:10385000181E03002E1E0300451E0300EA1E03006F
:103860005A1E030008B54268034602F00302022A0A
:1038700081600AD0032A4FF0000103D0012A0AD147
:10388000596006E01868596008BD186800225A603F
:1038900058B90020F8E7064906484523064A16F0BD
:1038A00068FF4521044816F05BFF13F065F8F0E768
:1038B000552E030009190300001F03002DE9F04FE6
:1038C00085B090F836800446B8F1080F38BF4FF045
:1038D0000808894608F1070303F4FC7302AFADEB57
:1038E000030D02AB90F83C101646184642467B602A
:1038F0001BF076FF4A462046796817F0BDF9B0F113
:10390000000A7BDB94F836B01FFA8AF1584617F0AC
:1039100000F949460546584617F0FBF80121814653
:10392000584617F0F6F8A84581441FFA89F909D2DC
:103930003A493B484E233B4A16F01BFF4E2139487B
:1039400016F00EFF04F10C084FF0FF324FF0FF337A
:1039500040460FF009FF824600285CD1D4E90912E5
:1039600048682A444A44824234D9D346A279204640
:103970003A6017F039FB0146BBF1000F08BF8346E0
:10398000206A814241D03A680AF1010052453ADC8E
:10399000BBF1000F39D0082194F8360017F0B9F8C0
:1039A000DBF804A04844284482452ED3A28E594611
:1039B0000132204692B217F09EF98246D8B908210A
:1039C00094F83600C4F824B017F0A3F8A38EA062D0
:1039D0000133A38600952046D4E909127B6817F0CD
:1039E00015F98246A0B9636A3360A36A1D44B560C5
:1039F0004D447360A56240460FF086FF50460C3779
:103A0000BD46BDE8F08F8246B1E76FF01B0AF2E7D2
:103A10006FF0040AEFE76FF0150AEFE7541F030099
:103A200009190300261F030030B5002289B00F4991
:103A30000F481AF0ABFF002200230024CDE9062333
:103A40000E230C4DCDE903344FF400622846CDE936
:103A50000144094B0949009410F0B0FD084928467B
:103A60001AF0F5FE204609B030BD00BFC93B010089
:103A700000E2002030DD0020A13E0100A827012047
:103A80006B1F03002DE9F047044607464FF001097C
:103A9000DFF8508014B93846BDE8F08794FAA4F5F1
:103AA000B5FA85F509FA05F32E0108EB05156FEA5D
:103AB000030A24EA03042B7B002BEBD058F80630D2
:103AC0001B694BB94644736804222846196807EA03
:103AD0000A0700F0F1FADDE7284698470028D9D117
:103AE000F0E700BFF00003002DE9F047DFF8D490C5
:103AF0002D4C8046A9EB04038F2B0F460BD92B4985
:103B000040F23F132A4A2B4816F033FE40F23F1191
:103B1000274816F025FE284817F01AFB064660B322
:103B200000252846BDE8F087237B6BB12368DB685E
:103B30000BB12046984723681B69B3B96368042218
:103B40002046196800F0B8FA013610344C4518D9EF
:103B50001A494FF4A673164A164816F00AFE18487A
:103B600016F007FE4FF4A671D2E7204698470028CA
:103B7000E4D00AFA06F31D43E6E705464FF0010AD2
:103B8000E4E7D1D3B8F1000FCBD0002DC8D0284640
:103B9000FFF778FF0546002FF7D000214FF4A470FF
:103BA00011F05EFDF1E700BFF0000300A01F03006D
:103BB000731F0300091903005C040120D01F0300D8
:103BC000F11F030000010300014810F033B800BFEB
:103BD00088CB0020014B53F8200070479808030061
:103BE00008B5034608462BB1044A136000F098FD5F
:103BF000002008BD6FF01500FBE700BF74C6002071
:103C000010B5044C237813B9034810F013F80123BE
:103C1000237010BD2112012088CB002010B504466E
:103C2000064817F095FA3CB1054BD3E8EF1F013970
:103C3000C3E8E21F002AF8D110BD00BF54040120E0
:103C40005804012000200146034BD3E8EF0FC3E8DE
:103C5000E21F002AF9D170475404012070B5FFF724
:103C6000F1FF05460F4C104EB44219D90F4940F2EE
:103C7000FF130F4A0F4816F07CFD0F4816F079FD30
:103C800040F2FF110A4816F06BFD63685B792BB1B7
:103C900023685B6813B12946204698471034E3E750
:103CA000F3D370BDF000030000010300D01F030038
:103CB000731F030009190300F11F030010B5044C22
:103CC00004492046FFF774F8034B1C6010BD00BF89
:103CD00008CA0020840803004C04012008B5002312
:103CE000074A4FF400411370064A07481360074A19
:103CF0001360FFF775FFBDE80840FFF7DFBF00BFA7
:103D000022120120540401204DB102005804012068
:103D10000146002200230148FFF77CB808CA0020B2
:103D20000148FFF791B900BF08CA0020024B0146C5
:103D30001868FFF711BA00BF4C040120014816F0C3
:103D400021BE00BF08CA002070B52E4B187800288D
:103D500057D0FFF7E5FF054640B32B4BD3E8EF1FE5
:103D60000139C3E8E21F002AF8D1284C284EB4429A
:103D700018D9284940F2F313274A284816F0F9FCCD
:103D8000274816F0F6FC40F2F311234816F0E8FC41
:103D900063685B7923B12368294620461B689847EE
:103DA0001034E4E7F4D32846FFF7C0FF1D4B1E4C48
:103DB0001B68002B19DD1AF0A2FD4FF47A72A0FBEC
:103DC000020302FB0131C30B43EA4143D4E9002063
:103DD0009B1A40F2E9324FEAD13161EB0001934284
:103DE00071F1000101D3FFF739FFD4E9003213F577
:103DF0007A7342F10002C4E90032BDE87040FFF777
:103E00009DBF70BD2112012058040120F000030065
:103E100000010300D01F0300731F030009190300F2
:103E2000F11F030054040120F8E1002070B5154D86
:103E3000297829BB0120FFF757FE134C134EB442DB
:103E400017D913494FF4DC73124A134816F091FC4A
:103E5000124816F08EFC4FF4DC710E4816F080FC10
:103E600063685B791BB1236820469B6898471034D0
:103E7000E5E7F5D3FFF768FF0028FBD101232B709E
:103E800070BD00BF22120120F000030000010300FA
:103E9000D01F0300731F030009190300F11F030063
:103EA0002DE9F047304B314FFB1A1B090BD130493C
:103EB00040F28D332F4A304816F05BFC40F28D31D2
:103EC0002C4816F04DFC00210846FFF70DFE044675
:103ED00050B340F267684FF000091BF09BFD274B81
:103EE000274A1B58136033B1264B1B68092B02DD90
:103EF00025480FF09FFE0025DFF88CA044B1204636
:103F0000FFF7C0FD044618B94FF0FF384FF0FF39F6
:103F1000FFF71AFF064628B95DB942464B465046A0
:103F20000FF0CAFE3546E9E74FF0FF384FF0FF3992
:103F3000D3E70D4D08E0F0D22B689B691BB100223E
:103F40002846114698471035BD42F4D90F4940F232
:103F50008133084A084816F00CFC0D4816F009FC9D
:103F600040F28131ACE700BFF00003000001030024
:103F700010200300731F030009190300080000004C
:103F8000500401205804012088CB0020D01F0300DA
:103F9000F11F030013B52C4817F0DAF82B4B1B78F0
:103FA000002B35D0EFF31184202383F31288BFF365
:103FB0006F8F274811F064FD68B98823254A264988
:103FC000264816F0D6FB2249254816F0D2FB882158
:103FD000204816F0C5FB1E4811F076FDFFF7B4FE31
:103FE0001B4811F05BFD68B940F23113194A1D49B5
:103FF0001A4816F0BEFB16491B4816F0BAFB40F2F1
:104000003111E5E784F31188BFF36F8F02B010BD63
:10401000164B1B68002BF9D050B90022002314481E
:10402000CDE900234FF40042002312F0EBF8EDE756
:104030000928EBD10E481AF0B5FC0E4802B0BDE8D5
:1040400010400FF0F7BD00BF5804012022120120DC
:1040500048040120D61D0300031E030009190300B4
:10406000181E03002E1E0300451E030050040120ED
:1040700000E2002088CB002010B5064B04461B68E8
:1040800098472146A0600448FEF786FFBDE810402F
:10409000FFF780BF74C6002008CA0020044A054B01
:1040A0009B1AB1EBD30F34BF52F831000020704798
:1040B000F8FF0200F00003000E4B10B5C31A1B11ED
:1040C0000133DBB248B90C490C48DF230C4A16F027
:1040D00050FBDF210A4816F043FB44682371436814
:1040E0009A7101224368196043685A71BDE8104013
:1040F000FFF786BDF0000300B0200300091903009C
:10410000782003002DE9F04F8FB0C1F34A2804AFA7
:104110000D469146B8607B600C0DB8F1000F68D079
:1041200000264FF0040B4FF00A0A07F11403C7F8FA
:104130000C80C7E907667E620193CDF808B0CDF820
:1041400000A007F11C0332464846F968FEF72EFB33
:10415000B0F5006F03461CD36C468AB0D9F8041042
:1041600004AB2C481A46C3E9050140F2FF71D9613E
:104170004FF400711984284B42F8103F4FF412514C
:1041800033462648FFF7BEFFA5462C37BD46BDE89F
:10419000F08FC0F30A0804F11700184420F007005C
:1041A00080083B60FFF7B4FD68F35325044640B335
:1041B0003B6800F11001C7E9083607F11403F96103
:1041C000CDE900A3CDF808B04846154AF96807F1D3
:1041D0001C03FEF7EBFA002813DA124912484FF4D9
:1041E000A273124A16F0C5FA4FF4A2710F4816F0E6
:1041F000B7FA04F1170020F007008008FFF788FDE8
:10420000044668F353252A4620467B68B96816F0B1
:10421000D1FFBAE7D02003000400000160000300D2
:1042200089B102003C210300091903000F2103009A
:104230002DE9F04F87B00446DDE9105ADDE9126937
:104240000F4693469846BEB1102133465246002091
:10425000CDF80090CDF81490FEF790F8011E0CDA1E
:10426000214940F26313214A214816F082FA40F2B4
:1042700063111E4816F074FA314605F11700084420
:104280001C4B04F007040BF0070BE40020F00700C0
:1042900003EA412344EA8B1480081C430391FFF78F
:1042A00037FD44EA05540546A0B19EB13346524657
:1042B0000399CDF800901030FEF760F8002809DA75
:1042C000094940F27D13094A094816F052FA40F2B2
:1042D0007D11CEE7434622463946284607B0BDE861
:1042E000F04F16F067BF00BF3B2103000F21030012
:1042F0000919030000FE0F00406820B1034BC01AEB
:1043000040F3CF0070474FF0FF307047F8FF0200D6
:104310000EB403B503AB53F8042B014604480193D4
:1043200001F0F6FF02B05DF804EB03B0704700BF88
:1043300051430100CA0605D48B064CBF024903490C
:10434000FFF7E6BF704700BF3E300300AD560300E5
:1043500038B54B6805461A68CB680C469A4202D1BC
:10436000084616F0A4FF6368D3E8EF2F511CC3E89A
:10437000E01F0028F8D1A3689D5463681A68E368B9
:104380009A4209D9054906487A23064A16F0F1F9F6
:104390007A21044816F0E4F9002038BD74210300A6
:1043A00009190300452103002DE9F04F8BB09B460E
:1043B000169B9DF854A00693179B04460593189BE3
:1043C0000D469046199E0493BAF1000F00F0AE809E
:1043D000BAF1040F0BD9A44940F26223A34AA448BE
:1043E00016F0C7F940F26221A04816F0B9F906F0BC
:1043F0000103089306F00803079306F480730993FA
:1044000016F0C0FE06F00209024600283CD0204605
:104410009849FFF77DFF0746B9F1000F08D016F065
:10442000440F33D12A4620469349FFF771FF0744D2
:10443000089B53B1914B204653F82A20904B914949
:10444000002A08BF1A46FFF763FF099B002B49D0DB
:10445000079B002B63D1B8F1000F65D04246204680
:104460008949FFF755FF0546069B3D44002B6CD15B
:10447000049B002B40F08180F30700F1EE80314671
:104480002046FFF757FFE2E00746C5E77F4B186875
:104490000028CCD07E4B4FF47A791B684FF46161D1
:1044A000B5FBF3F5B5FBF0F300FB135509FB05F580
:1044B000B3FBF1F2B5FBF0FE4FF03C0C01FB123107
:1044C00000FB1E55B1FBFCF309FB05F5B5FBF0F550
:1044D0000CFB131120460091CDE901E56D49FFF772
:1044E00017FFA4E7079BEBB16B4B204653F82A203C
:1044F0006A49FFF70DFF0546B8F1000F05D04246A7
:1045000020466149FFF704FF0544BBF1000FABD023
:104510005A4620466249FFF7FBFE0544A4E74FF0E8
:10452000000BE1E7079DE7E745469DE7BBF1010F7B
:10453000069B06D1DBB9049B002B00F08880002588
:104540001BE0002BF7D0574812E057482246069B45
:10455000564916F08FF800280CDA55494FF42F739E
:10456000424A434816F005F94FF42F713CE74E4894
:104570005546EBE7049B002B65D0DFF84481DFF85C
:104580004491049F3146102F204628BF10274FF03A
:10459000000BFFF7CFFE5D4542DC059B49462046F8
:1045A0001A78FFF7B5FE4FF0010B1BF0070F03D190
:1045B00041462046FFF7ACFE5F4538D9059B49468A
:1045C000204613F80B20FFF7A3FE0BF1010BBBF104
:1045D000100FEAD14FF0000B20463649FFF798FE46
:1045E0005A46059B20469A5CA2F120015F2928BF0C
:1045F0002E223149FFF78CFE0BF1010BBBF1100F9E
:104600001AD01BF0070F03D141462046FFF780FE6A
:104610005F455A46E5D841462046FFF779FEEBE76D
:1046200041462046FFF774FE0BF1010BB3E720462D
:104630002249FFF76DFEC8E7059B3B440593049BA9
:10464000DB1B04939DD1BAF1000F7FF415AF204618
:104650000BB0BDE8F04F16F02ABE2046084A0949C3
:10466000FFF756FE0BE700BFA92103004521030019
:1046700009190300B5210300B9210300A8080300AC
:10468000A4210300C9590300DE21030064040120B2
:1046900060040120C2210300BC080300E2210300E2
:1046A000E8210300C9B20200514301001163010077
:1046B000ED21030000220300574B0300FC210300FF
:1046C000FE210300F621030042F20F7373B58B4203
:1046D00028BF0B4605680446052168460D4A12F0BE
:1046E0001BFE0646636828460B225B680A4916F0E3
:1046F000D0FD63683246694628465B6816F0C9FDFE
:1047000063681B2228465B68044916F0C2FD02B0AC
:1047100070BD00BF555B03001E2203000222030090
:1047200000210123064A904206D8064A01B9012316
:104730001360054B18607047012140085B00F2E7E9
:1047400040420F006004012064040120F8B50D46CA
:104750000446064F4618B44201D12846F8BD14F865
:10476000011BBB6801485B689847F4E7FCFC02004A
:1047700010B543681C68094819F08AFF48B9084910
:1047800008489923084A15F0F4FF9921064815F0C6
:10479000E7FF23685B685C6010BD00BFFCFC0200A3
:1047A00088220300091903004A220300014B036019
:1047B000002070470409030070B5114B0D461C68BA
:1047C000DCB1104B196800238B4202DB6FF0010053
:1047D00070BD224612F8106B864202D01446013397
:1047E000F2E7E06810B96FF01200F1E719F050FF3E
:1047F0000028F8D000202C60EAE76FF00C00E7E713
:10480000C8C600201809030070B588B005460C46DC
:10481000C0B269461646FFF7CFFF00281BDB0098A1
:10482000C8B143682268029383680195CDE90336D5
:104830000023CDE906230593C56816F0AAFD6DB1E6
:104840002846084901AA17F080FC079808B9059B7B
:10485000236008B070BD6FF01500FAE76FF012002A
:10486000F7E700BF23B4020070B50D4616460446B4
:1048700038B331B3202200211AF0B2FF2888112268
:10488000022101F0DDFE0028E06005DA1BF0C2F82D
:104890000D4B1858404270BD3246294601F04AFF80
:1048A0000028E06802DA01F01DFFEFE70121A368AC
:1048B00044F8330004EBC3020B4491800020A36052
:1048C000E9E76FF00D00E6E70C000000F0B50446E4
:1048D0009BB00F4615460021302202A81AF080FF37
:1048E000002C00F0A180002D00F09E809DF8083083
:1048F00023F03F0343F01B038DF8083019F0FFFF4E
:104900004B4A0026A0FB020302FB013110F5804058
:1049100041F10001C00B40EA41400023444AC90B69
:10492000FAF7BAFD41F2C6034FEA106C5A4303028C
:104930004CEA012C03F47F0343EA0C03C4E90401AD
:1049400043EA0063000A00F47F400343A26112BA05
:10495000E0680C930D9230223346CDE9006602A93F
:1049600001F014FF002810DB314630220EA81AF0A7
:1049700037FFA1683A46204616F0E0FEB04206DA5C
:104980001BF048F82B4B185840421BB0F0BD42D0EA
:10499000E06830223346CDE900660EA901F058FFE9
:1049A0000028EDDB302839D1D4E90412149B1BBA5E
:1049B000964208BF8B4202D06FF01500E5E7159BC9
:1049C000A2691BBA9342F7D19DF8383003F0070370
:1049D000042BF1D19DF839301BB3189B199A1BBADF
:1049E00012BA53EA0201E7D0AA60002293420DDA1C
:1049F00011498B4202D8C5E90032DDE70F4A9B1806
:104A000062EB02020020C5E90032BEE70B495B18E9
:104A100042F10002F6E76FF07300B6E76FF079003D
:104A2000B3E76FF00F00B0E76FF00D00ADE700BF28
:104A300040420F000C0000007F7EAA838081557CDD
:104A40002DE9F0410F4B05461C680E461746ACB1E8
:104A50004FF0FF324FF0FF330B480EF085FE6368D6
:104A60003246D3F8088029463B462046C0470446D4
:104A700005480EF049FF2046BDE8F0816FF00104C3
:104A8000F9E700BF9404012030CB0020002303602D
:104A9000044B5A6812B9C3E90000704710605860AF
:104AA000704700BF98040120014B1860704700BF99
:104AB000940401201FB5CDE9010103924FF0FF33AB
:104AC0004FF0FF3209480EF04FFE094B1C682CB91D
:104AD00006480EF019FF204604B010BD636820465A
:104AE0001B6801A998472468F1E700BF30CB00207C
:104AF000980401200022024BC3E90022704700BF46
:104B0000980401200022024BC3E90022FFF7F2BF04
:104B1000A00401202DE9F74307460C4609B1002304
:104B20000B600026254DDFF8AC904D4524D9244973
:104B30009423244A244815F01CFE244815F019FE3D
:104B40009421204815F00CFED5F8008038464146E7
:104B500001AA16F08DFC50B116B954B92E4606E0E4
:104B600000224046316816F083FC0028F5D1143548
:104B7000DBE7019B2360F1E7E6D3154B1D68C5B168
:104B800055F8148C3846414601AA143D16F070FCC5
:104B900050B116B954B92E4606E00022404631689D
:104BA00016F066FC0028F5D16D69E8E7019B2360EB
:104BB000F1E7304603B0BDE8F08300BF0001030019
:104BC000FB220300C922030009190300F11F03009F
:104BD000A0040120000103002DE9F04784B002AFDA
:104BE000D7F8289004460D46164698467860B9F1E5
:104BF000000F07D0D9F8001031BBD9F804A0BAF1E2
:104C0000000F28D12046391DFFF784FF08B3D0F8E4
:104C100008904346324629467868C847C8B16D4671
:104C20008AB002AA124BD061C2E905344FF4007376
:104C30001384104B42F8103F00234FF411510E48DB
:104C4000FFF760FAAD4604E03A1D16F011FC0028AB
:104C5000D3D1002007E0D9F8083032460093294626
:104C600043467868D0470837BD46BDE8F08700BFA7
:104C70002323030004000001C000030038B50C4DDD
:104C80004FF0FF334FF0FF320A480EF06DFD2B78E6
:104C90003BB9FFF737FF00F0B1FA044610B9012322
:104CA0002B70002403480EF02FFE204638BD00BFB5
:104CB0002412012030CB00202DE9F04FDFF8B0A006
:104CC0008FB002939AF80C30064689461546019338
:104CD000002A46D0904620230593019BDAF8004035
:104CE00096FBF3F75F431998394605AB06AAA04730
:104CF0000446002838D1059BF71BDA1B424528BF24
:104D00004246009306AB1F44189B93462BB338468C
:104D100019781AF04AFD10B30123A0EB070B5A468D
:104D20003946484603931AF04EFD009BA8EB0B084A
:104D30001F2B039B05D923B9D9445E44B8F1000F5A
:104D4000C9D1029AA5EB08051560189A0AB183F03B
:104D5000010420460FB0BDE8F08F189BDFE7234623
:104D6000DDE76FF01504F4E76FF00404F1E700BF2E
:104D7000A80401202DE9F04F8BB0824688461546E5
:104D80000193FBF7DEFADFF8C090524699F80C70F9
:104D90000199B0FBF7F407FB1404A0EB040B5B468E
:104DA0001498D9F80460B047019B5B4401932CB17F
:104DB00022460AEB0B0102A81AF005FD3D2204F180
:104DC00028036B4403F8202C04F1010ABAF11F0FE9
:104DD00001D9002410E005BBBAFBF7F407FB14A4CB
:104DE0004CB10AF108033C1B224629460DEB030097
:104DF0001AF0F6FCA2440124534601991498D9F8FC
:104E0000046002AAB047C8B9D4B9019B0124534435
:104E10000193AA46002DEFD08246CAF12004AC428D
:104E200028BF2C460AF10803414622460DEB030039
:104E30001AF0C9FCA0442D1BA244C7E76FF0040080
:104E40000BB0BDE8F08F00BFA804012010B5034BE4
:104E500004469B6808469847001B10BDA804012023
:104E60002DE9F04780468A4691461D466FF01500B1
:104E700086B00E9E134F16B906B0BDE8F087102E0F
:104E8000334628BF10232946019348463C6801ABAE
:104E900002AAA0470028EFD1019B397BB3FBF1F2B6
:104EA00001FB12320AB10B449B1A514640467C6802
:104EB00002AAA0470028DFD1019B1D449A44F61A9C
:104EC000D9E700BFA804012010B5034CC4E90001D4
:104ED000A260237310BD00BFA804012030B50446B2
:104EE00085B010461D46CDE90212FFF7AFFF044A18
:104EF00001460095204602ABFFF76EFE05B030BDBF
:104F0000D9B402002DE9F04F0446B3B00D46164661
:104F10000021102202A81F461AF062FC236CDFF861
:104F2000B8A0DFF8B890DFF8B8B0069304F108082D
:104F3000404602A916F09DF818B1002033B0BDE834
:104F4000F08F02AB6A464A210CA816F0D4FA034649
:104F500028B101215A46484616F085F9E6E7009A3D
:104F600002F1C801694401F8980CAFB1BDF81430E2
:104F700001329A42DADA0DF11C0C0DF1080EBEE88E
:104F80000F00ACE80F00DEF80030CCF800304046EF
:104F900007A916F06EF830B1009A3346013202A923
:104FA0000CA8A847C2E74A2107AB01AA1FA816F020
:104FB000A2FA28B101215246484616F04BF9E6E71D
:104FC000019B1FA9C8336B4403F84C0C0CA8FBF7DA
:104FD000A6F90028DBD1A9E76E230300C000030077
:104FE000512303000A4601230149FFF78BBF00BF8D
:104FF000DD4E01002DE9F04F05460F4691469846DB
:10500000BFB003B17AB10024284623465B4905AA04
:10501000CDE90579CDE90784FFF774FF089B012BE3
:1050200000F0A78017B96FF01504A2E0414638469A
:1050300016F042FA83466B7B9C42F4DA05F10806CF
:105040000DF1240A524630461FFA8BF1FEF736FC6A
:1050500010F11C0F034676D16B7B013BA3421ADD96
:10506000304615F062FD8246A8B9286C16F0D2F9D8
:105070002B6CCDE90EAA129330460EA915F0F9FF5C
:1050800058B1304616F00FF8034620B101213C4AD2
:105090003C4816F0E8F80134CDE7AB6A0E9A9A4224
:1050A000EFD149210EAB03AA18A816F024FA002864
:1050B000E2D1039BBDF8442001339342DCD00DF1D3
:1050C0004C0C0DF1380EBEE80F00ACE80F00DEF816
:1050D0000030CCF80030304613A915F0CAFFF8B103
:1050E0003046BDF8441013AAFEF7E8FB034600283B
:1050F000C2D1BDF844200146009213A80EAAFFF7C2
:10510000AFFE0028B8D1304613A915F030FD034694
:105110000028B1D001211C4A1A4816F0A4F8ABE7C8
:10512000492113AB04AA2BA816F0E5F90028D2D127
:10513000DDE903239A42CED12BA918A81AF05CF816
:105140000028C8D198E700287FF46DAF2A6C494643
:105150000D9238464246CDF800A0FFF70BFE431DE6
:10516000044606D05146304615F001FD002C08BF1C
:10517000044620463FB0BDE8F08F00BF17B50200DF
:10518000A3230300C000030082230300012370B5A2
:1051900004460373837300F1080616F01FFA3146C4
:1051A00015F0E9FD0546B0B9304615F053FD00286D
:1051B0000ADCE36A206CD3E9001216F015F9002826
:1051C000EBD06FF0040504E0044B20466360FFF76A
:1051D0005DFC284670BD6FF01505FAE70409030071
:1051E00090F83E30024A03490348FFF76DBE00BF06
:1051F00091B5020099B50200ADB50200092337B59B
:10520000009316F0EBF969461A4AFFF7FDFA0446D7
:1052100010B110F10C0F0FD1174D009B28466B7386
:10522000FFF7B4FF58B9154B13486B60FFF73CFC10
:105230001148FFF7D5FF0024204603B030BD16F01B
:10524000CDF901A9C0B2FFF7B7FA04460028F3D19F
:1052500001982146826816F0C7F80446019816F0B6
:1052600098F8002CE8D12846FFF790FF0446002864
:10527000D9D0E1E7B804012080C60020040903006A
:1052800008B5044815F050FABDE80840024815F08A
:105290004BBA00BFBD230300F22303002DE9F84FF2
:1052A00080460C4600AF002965D0D1E90012E946DE
:1052B0008AB0A3686D464FF0050A2E463748C5E907
:1052C0000723C5E9050146F810AF002332464FF425
:1052D00021513348FEF716FFD4E90312CD46636926
:1052E000AD463048C5E90723C5E90501C5F810A05A
:1052F000002332464FF421512948FEF703FFCD46E3
:10530000E3690121284A264815F0ADFF264600250D
:105310004FF00A0ADFF8A0B0E946D6E908E0D6E97E
:105320000A138EB06A46C2F81CE005F1010EC2E90C
:1053300008E0A81CC2E90A01E91CC2E905B5C2E9F6
:105340000C1342F810AF002345F240011448043515
:10535000FEF7D8FE102DCD4606F11006DCD1236EE7
:105360000121124A0E4815F07EFFA3690121104A5F
:105370000B4815F078FFB8F1010F07D1EFF3058363
:105380000C4A41460648103B15F06DFF2146404649
:105390000DF0F4FDBD46BDE8F88F00BF20240300EA
:1053A000B00003004F2403007E240300D024030038
:1053B000DF2403000D2503008D24030030BFFFF719
:1053C000FDBF00BF2DE9F04105460B4EDFF83080F0
:1053D000324606EB0807CC1B204608491AF0F3F9C1
:1053E000A01942460021083C1AF0FAF96C6707F14F
:1053F0000800BDE8F08100BF00000000300103009C
:1054000008000000074A936893F90E10002907DB93
:10541000926993421FBF044A536843F0805353601C
:10542000704700BF9C0D012000ED00E070B5344CCA
:1054300006460D463348344916F0DDF8A36AD9060E
:105440004DD53048314916F0D6F81120A36A1A0715
:1054500004D52C482E4916F0CEF81220284CA36A09
:105460009B0712D52B49274816F0C5F8636BA26A33
:10547000110609D50121284A224815F0F4FE1EB173
:10548000A36A23F08003A36213201D4CA36ADA07EA
:1054900004D51C48214916F0AEF81420A36A9B06D7
:1054A00004D518481E4916F0A6F81520144B9A6A20
:1054B000D60602D49A6A940713D59B6AD90610D5EA
:1054C000184940F26313184A184815F052F9184861
:1054D00015F04FF940F26311134815F041F910200F
:1054E000B4E7074B9A6A920642BF5A6A22F4005206
:1054F0005A629A6A42F0FF029A6200232B7070BDD2
:1055000000ED00E0B0000300202503003625030075
:10551000692503007C25030094250300AA250300C8
:10552000C92503002A260300F825030009190300F2
:105530007426030010B5244C2449254816F05BF866
:10554000A36A99013ED52248224916F054F81E203C
:10555000A36ADA0104D51E481F4916F04CF81F2033
:10556000194CA36ADB0204D519481C4916F043F80C
:105570000220A36A1C0304D51548194916F03BF80C
:105580002120114CA36A590304D51148154916F07E
:1055900032F82220A36A9A0304D50D48124916F066
:1055A0002AF82320084CA36ADB0304D508480F49D6
:1055B00016F021F82420A36A6FEA03436FEA13432D
:1055C000A36210BD1D20C3E700ED00E0D826030054
:1055D000B0000300F0260300032703001D2703008B
:1055E00047270300652703008A270300A427030039
:1055F00070B5294C06460D462848294915F0FBFF91
:10560000A36AD9043CD52548264915F0F4FF172094
:10561000A36A1A0504D52148234915F0ECFF182088
:105620001D4CA36A9B0512D51C48204915F0E3FFC9
:10563000A36BA26A100409D501211D4A174815F071
:1056400012FE1EB1A36A23F40043A3621920124C78
:10565000A36A590504D51148164915F0CCFF1A2044
:10566000A36ADA050ED50D48134915F0C4FF1B20B7
:10567000094A936A43F47F43936200232B7070BD01
:105680001620C5E7A36A9B04F2D504480B4915F020
:10569000B2FF1C20ECE700BF00ED00E0B00003000B
:1056A000CF270300E527030069250300F627030041
:1056B0000F280300242803003F280300C925030006
:1056C0002DE9F0479CB07C4B0546D3F804A08846F2
:1056D0001646002300AFCAF3080983F31188BFF30D
:1056E0006F8F02F07F43B3F17F4F0ED073494FF4B9
:1056F0008B63734A734815F03CF8734815F039F81A
:105700004FF48B616E4815F02BF812F00104EDD1C7
:10571000530604D4100708D44FF0010808E06B4981
:105720006B4815F068FF710700D545464FF000083B
:10573000002DDBD00023FB71A9F10303092B00F23C
:105740009880DFE803F0058E917196969696969470
:1057500060495F4815F04FFF0023574EFB71F36A15
:105760009A0704D55C495A4815F045FF32E0F36AC0
:10577000002B01DA5949F6E7F36A5B0064D5584912
:10578000534815F038FF7369AA6943F48073736155
:10579000BFF34F8FBFF36F8F736932F8022C23F47E
:1057A00080737361BFF34F8FBFF36F8F4DF602733A
:1057B0009A4208D0B36ADBB24BB30120F91DFFF760
:1057C00035FE044606E02B680121464A404815F0A4
:1057D0004AFD2C68FB79B3B96822294607F1080015
:1057E00019F0F1FF7B6AB8F1000F5FD0C3F3080234
:1057F00022B96FEA53236FEA43237B62204607F105
:105800000801FFF74BFD7037BD46BDE8F087B36A6E
:1058100013F47F4F04D00120F91DFFF7E9FED0E714
:10582000B36AB3F5803F02D3FFF784FEC9E72E4980
:1058300040F22A33224A234814F09BFF2B4814F0ED
:1058400098FF40F22A315DE7274940F22E331C4A87
:105850001C4814F08EFF264814F08BFF40F22E31C6
:1058600050E70020F91DAAE70020F91DD5E72149DE
:1058700079E7214A6E461AF4F87F8AB01F4B18BFA9
:1058800013466A461E49C2E90513A9F11003D36104
:105890004FF4007313841B4B42F8103F00234FF466
:1058A00011510B48FEF72EFCB54693E723F4FF7326
:1058B00023F00103A1E700BF00ED00E0852803000D
:1058C000F82503000919030098280300D6280300CF
:1058D000B0000300F9280300102903003129030058
:1058E0003F2903005E290300552E03007A29030097
:1058F0009E290300CE2903006C28030057280300CB
:10590000F229030004000001044B5A6942F010021E
:105910005A615A6942F480625A61704700ED00E0B2
:10592000EFF30880EFF3098101B57246FFF7C8FE77
:1059300001BD00BF08B548B9104911481423114AE8
:1059400014F017FF14210F4814F00AFFEFF314832B
:105950005A0712D500F1400280EC100A82EC108A3E
:10596000F1EE102AC0F88020012223F0040380F811
:10597000842083F31488BFF36F8F08BD352A03009A
:1059800009190300052A0300002080F31488BFF3DF
:105990006F8F002080F30A8880F30B8809F008FBE2
:1059A00000200E490860BFF34F8F0D4880F3088830
:1059B00000F02CF8202080F311880A484FF4006191
:1059C000401880F30988EFF314800221084380F324
:1059D0001488BFF36F8F00F045F9000094ED00E0EC
:1059E000E86C0120A8530120002318460649D1F88D
:1059F0009020C2F30722934200DB7047C1F8983031
:105A0000C1F8A0000133F6E700ED00E010B572B672
:105A1000002484F31388FFF7E7FF23464FF0FF309D
:105A20000C4A03F120010133102B42F82100F8D178
:105A300000234FF0FF30074A03F160010133102BC0
:105A400042F82100F8D162B6BFF34F8FBFF36F8FDA
:105A500010BD00BF00E100E0084B9B6883420BD102
:105A6000EFF3058343B1064B5A6842F080525A6007
:105A70005A6A22F400425A620FF04CBE9C0D01207B
:105A800000ED00E06FF00A01084A9368D967084901
:105A900098674B6843F080534B60002383F3118871
:105AA000BFF36F8F9368D86F704700BF9C0D0120C4
:105AB00000ED00E0104A936883F8C100EFF3118312
:105AC000202383F31288BFF36F8F4FF00061936937
:105AD00020F0FF009360094A5160596F084A116035
:105AE000002193F8C12010439A6F996782F31188BF
:105AF000BFF36F8F704700BF9C0D012000ED00E0E9
:105B0000000501201D498A6882F8C1E04FF030008D
:105B10001044EFF3098C80E8F01F1EF0100F03D142
:105B200002F1800080EC108A74467046FFF7C2FFD5
:105B3000A64612498A6886461EF0100F03D000233D
:105B4000E1EE103A03E002F1800090EC108AEFF3EE
:105B5000148323F0040383F31488BFF36F8F02F1DF
:105B6000300090E8F01F8CF3098802F1000004B5C2
:105B700015F05FFDBDE80440704700009C0D01205A
:105B80001EF0040F0CBFEFF30880EFF3098081696A
:105B900011F8021C0229FFD001B515F021FD01BD4D
:105BA00040B2002807DB01234109034A00F01F002F
:105BB000834042F82130704700E100E040B2002805
:105BC0000CDB01220649430900F01F00824020330C
:105BD00041F82320BFF34F8FBFF36F8F704700BF93
:105BE00000E100E0054B420953F82220012300F0B8
:105BF0001F0003FA00F01040704700BF00E100E012
:105C000038B54B1C072B04460D460FD95823104AB4
:105C10001049114814F0ADFD2946104807232246CB
:105C200014F0A7FD58210A4814F09AFD40B200284C
:105C3000ACBF00F160400A4A4FEA4313DBB2ABBF8E
:105C400000F5614000F00F0080F80033135438BDB8
:105C50004B2A0300822A0300091903009D2A03002E
:105C600014ED00E0144A08B5144B22F07F029A604C
:105C7000BFF34F8FBFF36F8FD3F8882022F47002E9
:105C8000C3F88820D3F8882042F4A002C3F8882003
:105C90004FF04042C3F83422BFF34F8FBFF36F8FF2
:105CA0000023E1EE103A0DF08FFA0FF015FF00F02F
:105CB00081F80DF0C9FA00BF0080000000ED00E09F
:105CC00042F8203C009B0D4942F81C3C019B21F00E
:105CD000010142F8183C029B42F8081C42F8143CAF
:105CE0004FF0807342F8043C002383674FF43C4339
:105CF000203A0265C0F8C030704700BF252C010073
:105D0000104B9B6883421AD1EFF30580B8B9EFF3CB
:105D10001181202282F31288BFF36F8F1A7B22F049
:105D200002021A73EFF3148323F0040383F314883D
:105D3000BFF36F8F81F31188BFF36F8F70476FF0E0
:105D4000150070479C0D01200E4615460023E1EE1C
:105D5000103AEFF3148323F0040383F31488BFF3A2
:105D60006F8FBFF36F8F0C4B426F98600B4B1A60B5
:105D7000436E83F30B882C4686F309884FF00000AE
:105D8000074B984720464FF000014FF000024FF0BC
:105D90000003044C204700BF9C0D0120000501209A
:105DA0003BB60200252C01001022014B1A617047FE
:105DB00000ED00E0002320210348C2180133412BED
:105DC00082F80013F9D1704700E100E008B5EFF365
:105DD0000583064A103B02EBC30152F833004968C1
:105DE0008847BDE80840FFF70DBB00BFB0FD0200CB
:105DF0001FB5094C094A23460121094800F012F950
:105E000000230393074B0121E41A01A80193029494
:105E100000F02CF904B010BD0000042080C5002063
:105E20008C09030018CD002010B50C7A0B6804F023
:105E30001F0223F01F031A43CB68640923F01F03DA
:105E4000054943EA440343F00103C1F89800C1F84F
:105E50009C20C1F8A03010BD00ED00E010B50A4B49
:105E6000D3F89030C3F30723013B984208D90121AE
:105E70000346064A064815F0F6F96FF0150010BD06
:105E8000FFF7D2FFFBE700BF00ED00E0E12A0300CF
:105E9000880003002DE9F04F8946144606464FF06E
:105EA0000008514D85B0C84527DAD6F804A0BAF1EC
:105EB000000F44D0BAF11F0F17D91AF01F0F14D1D9
:105EC000D6F800B01BF01F0F0FD1584615F0D8FBC5
:105ED00007460AEB0B00013815F0D2FB874210D0C1
:105EE0006FF01507414A3B4601E04346404A012115
:105EF000404815F0B8F96FF01504204605B0BDE82C
:105F0000F08F17F1160FEDD0BC42EBDDC5F898709D
:105F1000D5F89C10C5F89870D5F8A03021F01F0175
:105F200043F01F0BD6E900321A44994202F1FF3ABE
:105F30001DD1D34507D13146F8B215F0AAFB08F1BF
:105F400001080C36AFE73146C5F89870D5F89C309B
:105F500022F01F0203F01F031343C5F89C30E0B288
:105F600015F097FB10F1160FC5D0441CE7E7C5F8F4
:105F70009870D5F8A020013B23F01F0302F01F0208
:105F80001343D3453146E0B2C5F8A030E8D015F050
:105F900080FB10F1160FAED0C5F89870D5F89C2094
:105FA0009DF808300BF1FF3B62F304038DF80830D5
:105FB000D5F8A0309DF808205B0863F347128DF8F0
:105FC0000820D6E900321344009323F01F035B44FA
:105FD000A3EB0A03013023F01F036946C0B2039309
:105FE000FFF73CFFBEE700BF00ED00E02A2B0300F7
:105FF000072B0300880003000522044BC3F89420FC
:10600000BFF34F8FBFF36F8F704700BF00ED00E00D
:10601000BFF35F8F0022024BC3F89420704700BF8C
:1060200000ED00E038B50C4D0C462A78FFF732FF42
:10603000287016300FD140F26713084A0849094802
:1060400014F097FB2146084814F093FB40F26711C7
:10605000024814F085FB38BD251201204D2B0300AA
:10606000552E0300091903007C2B03002DE9F74F7F
:10607000314E894605464FF00008B3462F4FC845BC
:1060800002DB03B0BDE8F08FD5F804A0BAF1000F31
:106090004CD029680846019115F0F2FA019904469E
:1060A0000AEB0100013815F0EBFA84424FF01402BC
:1060B000234B15D002FB08F36FF015024BF80320B9
:1060C00040F277131F4A2049204814F052FB4946FA
:1060D0001F4814F04EFB40F277111A4814F040FBB1
:1060E00014F1160F3460EBD01978A142E8DD02FB01
:1060F00008B0C7F89840C7F89840D7F89C4000F11E
:106100000801007B64F304000871D7F8A0000C7943
:10611000400860F347140C71D7F89C1021F01F0160
:106120007160D7F8A01021F01F01316108F101085A
:1061300014360C35A3E700BF0405012000ED00E094
:10614000251201204D2B0300552E030009190300D1
:10615000A82B03002DE9F041574C584ED4F890304D
:106160003568C3F307239D4286B013D94FF4CF732C
:10617000534A5449544814F0FCFAD4F89020294664
:106180005248C2F3072214F0F4FA4FF4CF714C488E
:1061900014F0E6FA0020FFF73BFF4D4BC4F8C03087
:1061A00085421AD14B4C01A82570FEF7FFFA002555
:1061B00006464FF04108484FAE4215D100202378E3
:1061C0003D49D1F89020C2F3072293426DDB0020B5
:1061D000FFF712FF06B0BDE8F081716801EB001116
:1061E000FFF722FE0130DBE7019A290102EB0513DC
:1061F000D3F80CC00CEA0700B0F5001F27D0B0F5AB
:10620000800F40D0B0F5801F4DD1586852589B6820
:10621000CDE902022122013B20F01F010B4423F0B3
:106220001F038DF810200593207802A9FFF716FEB2
:10623000002835DA23494FF4E473214A224814F048
:1062400098FA264814F095FA4FF4E4719FE75868DD
:106250009B685258013B20F01F010B4423F01F03A1
:106260001CF0010FCDE902028DF810800593DBD000
:106270001B496C23124A144814F07BFA194814F095
:1062800078FA6C2183E758689B685258013B20F0EC
:106290001F010B44CDE9020223F01F030222C0E7D5
:1062A000237801332370013586E7C1F89830C1F8AF
:1062B000A000013385E700BF00ED00E0980903006E
:1062C0004D2B0300552E030009190300D72B0300A3
:1062D000AAFF4400251201200000F0FF602C0300FB
:1062E0000B2C0300312C030008B5024B1B689847A8
:1062F000002008BD18050120034B044A186093785C
:1063000043F002039370704718050120CCC60020AB
:10631000F0B587B007460E461446002110226846A5
:106320001D4619F05DFA02238DF80230054B2A460E
:1063300021466846CDE90476019311F01FFA07B0B3
:10634000F0BD00BFC5B6020008B5054814F0ECF971
:10635000002383F31188BFF36F8F0423184602DFF5
:10636000992C030008B50649064821F00701C1F140
:10637000005202F58022FBF767FF002008BD00BF36
:10638000EF7C01201C05012008B54FF0FF324FF0D3
:10639000FF3307480DF0E8F948B1064906488D2358
:1063A000064A14F0E6F98D21044814F0D9F908BD25
:1063B000DCC60020DC2C030009190300A22C03001A
:1063C00001480DF0A1BA00BFDCC6002038B5054673
:1063D000FFF7DAFF2A4608210748FBF7A9FE044623
:1063E00028B925B119F016FB0C22044B1A50FFF7FF
:1063F000E7FF204638BD00BF1C0501200C0000004F
:1064000010B50446FFF7C0FF21460348FBF742FEE4
:10641000BDE81040FFF7D4BF1C0501200122024B4C
:106420000020C3F8402570470090034020B1034B83
:10643000800143F001031847704700BF9005030037
:106440002DE9F04112F0FC6F1346D0E901470669CF
:106450000ED042494FF47473414A424814F089F90E
:10646000414814F086F94FF474713D4814F078F9FE
:1064700002F03002302A0CD13C4940F2D333384A82
:10648000384814F076F93A4814F073F940F2D331F1
:10649000EBE7384A384D1A40AA420CD1374940F24E
:1064A000D7332F4A2F4814F064F9354814F061F9B6
:1064B00040F2D731D9E703F00602042A09D1314965
:1064C00040F2DA33264A274814F053F940F2DA3121
:1064D000CBE713F4402216D09D030CD42A4940F296
:1064E000DD331F4A1F4814F044F9284814F041F9DD
:1064F00040F2DD31B9E7B2F5402F18D0244A9A4373
:1065000001D183F44023012524688D40254223F4E2
:10651000801219D11F4940F2ED33114A114814F08D
:1065200028F91D4814F025F940F2ED319DE71B498B
:1065300040F2E1330A4A0B4814F01BF9184814F0F2
:1065400018F940F2E13190E73468DB074CBF2C4387
:10655000AC4334603B68BDE8F0411847FA2C0300B7
:106560009A18030009190300572D03003819030076
:106570007119030002000300020001007B2D0300DB
:10658000C22D0300AE190300112E0300572E030085
:1065900001001000CB18030026190300922E0300FF
:1065A000D32E030008B51D4818F072F8F0B9012188
:1065B0001B4A1C4814F04EFE6FF0120301211A4AC8
:1065C000184814F050FE154818F062F8D0B90121AF
:1065D000164A144814F03EFE12486FF012030121CF
:1065E000134A14F040FE6FF0120008BD4FF4202251
:1065F00008210A48FFF724FF03210E4A094814F036
:1066000029FEE0E707210C4A0448FFF719FF054877
:1066100003210A4A14F01EFE0020E6E7C0FC020037
:10662000FF2E030000000300242F0300622F03004D
:106630008B2F0300512F030001000600BC2F030025
:106640002DE9F04105460E4617461D4CDFF89080B7
:1066500044452BD91B49DB231B4A1C4814F089F8FD
:106660001B4814F086F8DB210FE02368AB4200D012
:10667000D3B9A36863B91749E323134A134814F045
:1066800078F8154814F075F8E3210F4814F068F80D
:106690003A4631462846984730B13A463146284670
:1066A000E368BDE8F04118471034D1E7DDD319F0B5
:1066B000B1F96A22094B1A504FF0FF30BDE8F08162
:1066C000E8FF02008E300300403003000919030088
:1066D000F11F0300743003003D3003000C00000084
:1066E000F8FF020037B5694601AA0546FCF7CEFA65
:1066F000044648B919F08EF909224FF0FF340C4BCB
:106700001A50204603B030BD4FF0FF3201984FF0D1
:10671000FF3315F00FF8009B20469B68984704460E
:10672000019815F009F82846FCF722FBE9E700BFBD
:106730000C00000073B50D461646694601AAFCF729
:10674000A5FA0446B0B1009B9B69DBB14FF0FF3264
:106750004FF0FF33019814F0EDFF009B20463246C6
:1067600029469B6998470446019814F0E5FF2046A6
:1067700002B070BD092319F04DF9034A4FF0FF3400
:106780001350F4E75F23F6E70C0000002DE9FF410A
:106790000D46164602A903AA1F46FCF777FA0446DF
:1067A000E8B1029B5B6A13B34FF0FF324FF0FF3347
:1067B000039814F0BFFF0B9B204601930A9B3246BF
:1067C0000093029B2946D3F824803B46C0470446E9
:1067D000039814F0B1FF204604B0BDE8F08109230E
:1067E00019F018F9034A4FF0FF341350F3E75F2311
:1067F000F6E700BF0C00000073B50D46164669466B
:1068000001AAFCF743FA0446B0B1009B5B6BDBB115
:106810004FF0FF324FF0FF33019814F08BFF009BD5
:106820002046324629465B6B98470446019814F08F
:1068300083FF204602B070BD092319F0EBF8034A2C
:106840004FF0FF341350F4E75F23F6E70C0000002D
:106850002DE9FF410D46164602A903AA1F46FCF783
:1068600015FA0446E8B1029B9B6A13B34FF0FF325E
:106870004FF0FF33039814F05DFF0B9B204601930C
:106880000A9B32460093029B2946D3F828803B4658
:10689000C0470446039814F04FFF204604B0BDE8FB
:1068A000F081092319F0B6F8034A4FF0FF34135072
:1068B000F3E75F23F6E700BF0C0000002DE9F04F7F
:1068C0004FF00008C24646469DB0CDE9050108A834
:1068D00014461D4618F015F8DDE90823DDE9059B8F
:1068E000CDE902230DAB0A93BBF1000F22D1002E9C
:1068F00072D0B5F1FF3F08BFB4F1FF3F17BF4FF4AF
:106900007A724FF0FF34A4FB024302FB05331CBF35
:10691000E40B44EA4344069B4FF4827200934146E1
:106920005046059B019414F0F6FE074638461DB00C
:10693000BDE8F08FD9F80000002829DB0CAA0BA9CC
:10694000FCF7A4F9074618B34FF0FF324FF0FF33BE
:106950000C9814F0EFFE1CAB01930AAB00934FF4BC
:1069600081724B4639460B9814F0D5FE10F1780F22
:10697000034612D10022002308A817F0C2FFDDE968
:106980000834CDE9023400240C9814F0D5FE2546D5
:1069900009F108090BF1FF3BA6E713F1120F0C9860
:1069A0000CD1BAF1000F03D014F0C6FE0126EFE7B8
:1069B000DDF82CA0B84614F0BFFEF7E7079314F0FB
:1069C000BBFE079B002BE3DA19F024F85B42384A40
:1069D0004FF0FF371350A9E7DDE9022308A817F0AD
:1069E000B4FFDDE9084522462B46DFF8CC800A9942
:1069F0000DAC091B891008FB01F120460FF08AFE3F
:106A000000F10B020B2A0346DED82A4F174117F07C
:106A10000107D9D1B9460A94DDE9054585B9B9F12F
:106A2000000F83D0002F81D1DDE9022308A817F0E1
:106A30008CFFDDE908452B4625432246D7D175E773
:106A40002068E68000282CDB0CAA0BA9FCF71EF9B5
:106A5000824618B92023E380013722E04FF0FF324D
:106A60004FF0FF330C9814F065FE0AAB514640F22C
:106A7000031200930B98234614F04DFE82460C98A7
:106A800014F05AFE1AF10B0F0ED0BAF1000F04D019
:106A900018F0C0FFCAF1000399E7B4F90630002BE3
:106AA000DAD10834013DB9E74FF00109F9E700BF39
:106AB0000C0000007EF7FFFFCDCCCCCC08B548B968
:106AC0000B4913230B4A0C4813F053FE13210948BA
:106AD00013F046FE094B1A683AB109491423054AD6
:106AE000054813F046FE1421F1E7186008BD00BF09
:106AF0001F720300BB300300091903002C0501209D
:106B0000F630030010B50D4C24684CB90C491D2318
:106B10000C4A0D4813F02DFE1D210A4813F020FEEB
:106B200024683CB909491E23064A074813F021FE90
:106B30001E21F2E7A446BDE8104060472C05012065
:106B400011310300BB300300091903001D3103009C
:106B500010B50D4B1B684BB90C4925230C4A0D4849
:106B600013F007FE25210A4813F0FAFD5B683BB9D4
:106B700009492623064A074813F0FBFD2621F2E7C0
:106B8000BDE81040184700BF2C050120113103005B
:106B9000BB300300091903003631030010B570B98A
:106BA00013494FF46B73134A134813F0E2FD134873
:106BB00013F0DFFD4FF46B710E4813F0D1FD036845
:106BC00063B90F4940F2AD330A4A0B4813F0D1FDC7
:106BD0000A4813F0CEFD40F2AD31EDE71B689B682B
:106BE00023B15B6813B1BDE810401847002010BD09
:106BF0007F31030050310300091903003D300300C9
:106C00008531030008B570B9114940F2F533114AD6
:106C1000114813F0AEFD114813F0ABFD40F2F53111
:106C20000C4813F09DFD036863B90D4940F2F6333B
:106C3000084A094813F09DFD084813F09AFD40F2F8
:106C4000F631EDE7D869003818BF012008BD00BF54
:106C50007F31030050310300091903003D30030068
:106C60008531030008B570B90F4940F232430F4A2D
:106C70000F4813F07EFD0F4813F07BFD40F23241C8
:106C80000A4813F06DFD006860B90B4940F23343C8
:106C9000064A074813F06DFD064813F06AFD40F2FE
:106CA0003341EDE7103008BD7F3103005031030060
:106CB000091903003D3003008531030008B570B9A0
:106CC0000F494FF46B730F4A0F4813F052FD0F48F2
:106CD00013F04FFD4FF46B710A4813F041FD036848
:106CE00063B90B4940F2AD33064A074813F041FD42
:106CF000064813F03EFD40F2AD31EDE7186808BDDF
:106D00007F31030050310300091903003D300300B7
:106D10008531030008B570B9124940F24233124A76
:106D2000124813F026FD124813F023FD40F24231C1
:106D30000D4813F015FD036863B90E4940F2433363
:106D4000094A0A4813F015FD094813F012FD40F2F4
:106D50004331EDE70C33D3E8AF0F084100F00100F9
:106D600008BD00BF7F310300503103000919030043
:106D70003D3003008531030008B570B914494FF464
:106D80004073144A144813F0F4FC144813F0F1FC57
:106D90004FF440710F4813F0E3FC036863B91049E6
:106DA00040F201330B4A0C4813F0E3FC0B4813F09C
:106DB000E0FC40F20131EDE701220C3302FA01F16F
:106DC000D3E8EF0F0843C3E8E20F002AF8D108BD6B
:106DD0007F31030050310300091903003D300300E7
:106DE0008531030008B570B915494FF44873154A49
:106DF000154813F0BEFC154813F0BBFC4FF4487166
:106E0000104813F0ADFC036863B9114940F2213317
:106E10000C4A0D4813F0ADFC0C4813F0AAFC40F2EC
:106E20002131EDE7012202FA01F1C9430C33D3E825
:106E3000EF0F0840C3E8E20F002AF8D108BD00BFF9
:106E40007F31030050310300091903003D30030076
:106E50008531030010B570B90B494FF434730B4AF8
:106E60000B4813F086FC0B4813F083FC4FF434718D
:106E7000064813F075FC4FF0FF32BDE810404FF0AC
:106E8000FF33103014F084BC7F3103005031030015
:106E9000091903003D30030008B570B9094940F2F3
:106EA000D723094A094813F064FC094813F061FC30
:106EB00040F2D721044813F053FC1030BDE80840DD
:106EC00014F074BC7F310300503103000919030032
:106ED0003D30030038B503680021044693F8205084
:106EE000FFF718FF88B90220236823BB2D494FF410
:106EF00056732D4A2D4813F03CFC2D4813F039FCF5
:106F00004FF45671284813F02BFC2046FFF7D6FEAD
:106F100017F0BEFB68B109212046FFF7FBFE0028F1
:106F2000E1D00A212046FFF7F5FEC0F10600C0B20D
:106F3000DAE70320D8E783F82000236893F82030AD
:106F400098422ED1062825D1062D2AD02046FFF7BB
:106F500059FE90B92046FFF785FE03686BB91549C5
:106F600041F2BE33144A114813F003FC104813F0E9
:106F700000FC41F2BE311048C5E708212046FFF76A
:106F8000FBFE2046FFF73EFE58B92046BDE83840DC
:106F900014F000BC062D04D108212046FFF722FF83
:106FA000EFE738BD853103005031030009190300B4
:106FB0003D300300BD3103009331030038B5054671
:106FC000FFF748FF00212846FFF7A4FE88BB2846AC
:106FD00014F0D9FB044600B38468F4B12846FFF7E7
:106FE0006DFE70B9164941F26743164A164813F010
:106FF000C0FB164813F0BDFB41F26741114813F086
:10700000AFFB17F045FBB8B1284614F0BCFB0121DB
:10701000836828469847041E06DB28460021FFF7B0
:10702000ABFE2846FFF756FF2846FFF735FF204600
:1070300038BD6FF07704F7E76FF00504F4E700BFA1
:107040008F31030093310300091903003D30030021
:107050002DE9F8430C46054678B371B30846F9F7B5
:1070600070F9082806462BD8184FDFF8748000F115
:107070000109474518D9164941F2E853154A1648FF
:1070800013F077FB154813F074FB41F2E8511148F7
:1070900013F066FBAF4205D04A462146381D18F072
:1070A000ABF880B13C37E4E7F4D32146721C281DCD
:1070B00018F089FB0020BDE8F8836FF01500FAE7AF
:1070C0006FF05A00F7E76FF07700F4E7ECCB0020A1
:1070D000083203009331030009190300F11F030074
:1070E00028CC00202DE9FF47404C4FF0FF324FF0F5
:1070F000FF333F4814F04CFB0026A0463D4D3E4F69
:10710000DFF81891AC4254D93C4941F265633C4ADE
:107110003C4813F02EFB3C4813F02BFB41F2656119
:10712000374813F01DFB00222046C4E901222273D8
:10713000FFF7C4FDD0F808A0BAF1000F14D0DAF8B8
:1071400000308BB104F1100017F016FB04F124009D
:1071500017F012FBDAF800302046984794F83830E0
:1071600023F0030384F838302379FBB92046CDE9B6
:1071700001338DF80C3014F01BFB40B1234A01A8F9
:107180001368591C11600821214A10F0C5F89DF8B8
:1071900004303BB93B6808215A1C3A6001A84A46B2
:1071A00010F0BAF8204601A9FFF752FF01363C342F
:1071B000A8E7B8D39EB13C23A5EB0805B5FBF3F5D2
:1071C000AE420CD0134941F285630D4A0D4813F0CD
:1071D000D0FA114813F0CDFA41F28561A0E70448D6
:1071E00004B0BDE8F04714F0E1BA00BFECCB0020DA
:1071F00008CB002028CC002030050120EE31030010
:107200009331030009190300F11F03003405012025
:1072100028320300353203003D3003002F320300D3
:1072200038B50F4C0F4DAC4218D90F4941F29D6350
:107230000E4A0F4813F09DFA0E4813F09AFA41F2E5
:107240009D610A4813F08CFA03212046FFF762FD86
:1072500010B92046FFF7B2FE3C34E4E7F4D338BD62
:10726000ECCB002028CC0020EE310300933103004A
:1072700009190300F11F0300D0E900239B1A012B19
:1072800081BF054B1B881380036883BF02334360B3
:1072900000206FF00B0070474A32030038B5456B91
:1072A0000446288806220121FFF7CAF90028A062B7
:1072B00005DA18F0AFFB0A4B1858404238BD2B884E
:1072C000616B012B0CBF08221822FFF733FA00284C
:1072D00003DAA06AFFF706FAEBE70020EEE700BF4B
:1072E0000C0000002DE9F341002406460F46154628
:1072F000A046AC4201D300200EE0B06A0023CDE9E5
:1073000000882A1B3919FFF741FA031E07DA18F023
:1073100081FB044B1858404202B0BDE8F0811C4488
:10732000E7E700BF0C0000002DE9F041002507460B
:107330002B460C46C9688B4211D10026B046AE429E
:1073400017D2B86A00222146FFF756FA031E0DDA5B
:1073500018F060FB144B18584042BDE8F081A26859
:1073600002EBC302526801331544E4E71E44B54200
:1073700017D80020F1E71B1AC1F804800132E16838
:107380009142DCD9A16801EBC20148689842F2D968
:10739000C01A4860A06850F83210194440F8321002
:1073A000CDE70022EBE700BF0C00000013B5806AB8
:1073B000002483F00103CDE900449B01FFF748FA64
:1073C000002804DA18F026FB024B1858404202B09D
:1073D00010BD00BF0C00000008B5806AFFF782F9FD
:1073E000002805DA18F016FB024B1858404208BD79
:1073F0000020FCE70C00000030B4142590F8244075
:10740000024B05FB043330BC5B681847C00903001E
:1074100070B4142690F82450034C06FB0544E4682D
:10742000A44670BC604700BFC009030010B50CF053
:107430006BFA044668B13D23064A0749074813F032
:1074400098F92146064813F094F93D21014813F0BC
:1074500087F910BD4C320300E12C03000919030029
:107460007D32030010B54FF0FF324FF0FF330CF0C8
:107470007BF9044668B13323064A0749074813F0ED
:1074800078F92146064813F074F93321014813F0C6
:1074900067F910BD4C320300E12C03000919030009
:1074A0009F32030013280ED8084A12F8103053B147
:1074B00002EB4002527832B10868434393FBF2F387
:1074C00000200B6070476FF015007047BF3203005B
:1074D0000122054BC3F8002590F8861009B1DA6047
:1074E00070471A605A60704700E00040F8B50B79A9
:1074F0008D7903F01F02072A1DD80C780B2C15D8A4
:10750000DFE804F007070707140614140E1014121E
:1075100004244878032811D0042821D02A4A06E000
:107520000524F6E70624F4E70724F2E7274A0121B9
:10753000274813F08FFE6FF01500F8BD012644F2C6
:107540000A074888B84239D00CD844F20307B84239
:1075500016D044F20507B8422ED078B31D4AE6E7AC
:107560000026ECE744F21407B84229D044F2280779
:10757000B84227D044F20F07B842EFD1032000E011
:107580000020C3F340131B0543EA042343EA0633F8
:1075900043EA004300204F790F49114481F8A0705D
:1075A000110101F1804101F56041C1F81835C1F8C0
:1075B0001455C1F81005C0E70120E2E70220E0E71A
:1075C0000420DEE70520DCE706330300E732030092
:1075D000080003002A33030080C50020F7B50D46DC
:1075E0004FF0FF334FF0FF3260480CF065FB6E68E0
:1075F000731EFE2B05D95E4A01215E4813F02AFE58
:1076000012E000231A465C485C4F26FA03F111F0A1
:10761000010134D017F803C0BCF1000F0CD1584A57
:107620000121544813F01FFE6FF015044F480CF071
:1076300001FB204603B0F0BD6C7C00EB031E003C58
:1076400018BF0124DEF81815013221F0807141EADB
:107650000461CEF8181503F15101090140F801C089
:10766000D2B20133082BD0D12B7CA3F1080106291B
:1076700016D8DFE801F0171519150915130003F1E5
:10768000510424010151ECE702233B49012AC1F8CE
:10769000F0356B7C0AD95BB13A4AADE70323F4E7D6
:1076A000394ABDE70023F0E70123EEE7082B10D8A5
:1076B000C1F8F4352B6851006BB9EB688B420ED2E0
:1076C000324A00912B48012113F0D7FD6FF00B04D3
:1076D000ACE72F4AA4E79B8903FB0111EDE72F4696
:1076E000A968254B2B4CC3F82C1604F17406C3F87B
:1076F00030260FCF0FC63B6827463360002626672B
:107700002B687BB30FCB04F1880585E80F00656714
:10771000A4F8986030B3D7E8EF3FC7E8E26F002ADB
:10772000F9D11D494FF400400F463146D4F8885036
:107730000023E5FB0071194A3846F7F7FDFE0022E9
:10774000CDE90001002304F108000EF05BFD4FF0CD
:10775000FF324FF0FF3312480CF0AEFA00B1206751
:10776000246F63E70B48FFF7B3FEF0E7C0C50020C6
:10777000553303000800030000E0004020C600204D
:1077800073330300B23303008D3303000734030067
:10779000E433030080C500203F420F0040420F0049
:1077A000D8C5002010B500240D4B0E20C3F80441AD
:1077B000D3F80421C3F81041D3F810211222C3F8E2
:1077C0000423FEF7EDF9224601210E20FEF718FAF8
:1077D0000448836C13B940300CF02CFA002010BD23
:1077E00000E0004080C5002038B52D4BD3F80421BF
:1077F000002A48D00022C3F80421D3F80411012143
:10780000284C9960C3F80025636F2546B3B3D4F8BC
:107810008C30B4F8982033B104F1740198470128F2
:1078200014D0022824D0B4F89830B4F894209A42A6
:107830001ED90133A4F89830194BD3F82C26D3F86D
:10784000341689B202EB4102C3F82C26D4F88830F2
:1078500023B9BDE838401348FFF73ABED5E8EF3FFB
:107860005A1EC5E8E12F0029F8D1012BF1DC38BD03
:10787000D4F8883013B10C4817F094F8BDE83840BC
:107880000A480CF0D7B9D3F810110029EFD0C3F88B
:107890001021D3F8102101229A601A605A60E6E79D
:1078A00000E0004080C5002088C50020D8C5002029
:1078B00037B540230C460A490093411A4911054641
:1078C0002346084A084814F04AFA011E05DA2846F9
:1078D000234603B0BDE83040184703B030BD00BFB9
:1078E0004C050120C7BD0200ACFC0200C9B2012951
:1078F00008B509D9084909487A23094A12F039FF1D
:107900007A21074812F02CFF0C22036901FB023395
:10791000986C00F0070008BD8134030009190300CA
:107920004434030070B5C9B2012903690BD9184961
:10793000184840F25D13184A12F01BFF40F25D1127
:10794000154812F00DFFEFF31185202484F31288FF
:10795000BFF36F8F0C2606FB0134A46C14F0C00437
:1079600008D0A24206D085F31188BFF36F8F4FF085
:10797000FF3070BD012271430B449A6485F3118876
:10798000BFF36F8F43680B445B6898470020F0E7B4
:1079900081340300091903004434030070B50D4617
:1079A00006490446411A491140220548FFF7BAFF2B
:1079B0002B4601462046BDE8704018474C05012083
:1079C000ACFC020070B50022012104460520FEF740
:1079D00017F90F4807F0DEFB0E4B984215D107F060
:1079E000E9FB26690C49304613F06BF800280BDBE5
:1079F0000125B5642469084904F1200013F061F8F9
:107A0000002801DB0020656570BD6FF00400FBE716
:107A1000D97A01000000AD0BE00903007FB5002218
:107A20000123CDE9022304ABCDE90433094A6B46B7
:107A3000CDF800D0CDF804D014F0BEF9002805DB55
:107A40004FF48042002368460CF036F907B05DF829
:107A500004FB00BFDFBD020010B5EFF3118420234B
:107A600083F31288BFF36F8F074A136823F0020174
:107A7000DB07116002D4012007F03EFC84F311887B
:107A8000BFF36F8F10BD00BFA40501200C22104B67
:107A9000014602FB0033002030B4D3E910521864D1
:107AA000EFF31180202484F31288BFF36F8F9C6C56
:107AB00004F0C00444F002049C6480F31188BFF316
:107AC0006F8F1DB12B4630BC0248184730BC704741
:107AD0004C050120ACFC0200012808B506D00428A2
:107AE00008D098B90F4B9B6C5B0719D1BDE80840D3
:107AF000FFF7CCBF0C4940F26E230C4A0C4812F041
:107B000038FE40F26E21094812F02AFE064940F282
:107B10007223064A064812F02CFE40F27221F2E768
:107B200008BD00BF4C050120552E0300443403005E
:107B30000919030010B4EFF31182202383F3128894
:107B4000BFF36F8F1848016841F002040460C80752
:107B500008D482F31188BFF36F8F01205DF8044BC6
:107B600007F050BB1149D1F80C04D1F80C14C90727
:107B7000EFD5EFF3118083F31288BFF36F8F0C49B9
:107B80008B6C03F0C00343F002038B6480F3118815
:107B9000BFF36F8F82F31188BFF36F8F00205DF802
:107BA000044BFFF773BF00BFA40501200050004045
:107BB0004C0501202DE9F041012206464149D1E85A
:107BC000EF3FC1E8E02F0028F9D1A3B93E493F4873
:107BD0004B60CB608A60FBF7ADFD00280BDA3C49B7
:107BE0004FF40C733B4A3C4812F0C3FD4FF40C7148
:107BF000384812F0B5FD5EB3731E012B57D8012E25
:107C000006D1364BD3F81C3403F00303022B1FD0EC
:107C100016F017FE0546E8B9314B1B78D3B10222A6
:107C200007462E4BC3F808232C4CDFF8BC80D4F851
:107C30001824D4F81834D20315D503F00303022B0B
:107C400001D0012E0FD16DB387F31188BFF36F8F71
:107C5000BDE8F081EFF31187202383F31288BFF38F
:107C60006F8F0125E0E7C5B1384613F0FAFCD4F870
:107C70001835DBB2012BDAD1D4F80421002AD6D092
:107C80000022C4F80421D4F804210222C4F81825E3
:107C90002022C8F88021A360C9E7002121200DF02F
:107CA000DFFCE4E702220D4BC3F80423D0E70D49C3
:107CB00040F24223074A084812F05BFD40F242219D
:107CC00096E700BF48050120380501206C0501201A
:107CD000ED21030044340300091903000050004063
:107CE000A2170120552E030000E100E008B5074867
:107CF00016F0CEFC38B10648FEF7FEFA0448FAF753
:107D00008BFF002008BD6FF01200FBE7FCFC0200B7
:107D1000157D01000A2838B50446074D04D1AB682B
:107D20000D2128465B689847AB6803485B68E1B261
:107D30009847204638BD00BFFCFC02000048704751
:107D4000700A03002DE9F74F43680F1E05461646DB
:107D5000D3F818A077DBBB18534574D847EA02095B
:107D6000C9F30B09B9F1000F6DD1006914F057F890
:107D70004946284614F09BF84FF0FF3B0446002E7E
:107D80005AD10121284614F092F8002C08BF04466D
:107D9000286914F042F8204603B0BDE8F08F23466E
:107DA000802206212846CDE9004414F03EF8B24571
:107DB0000FD123468022C7212846CDE9004414F084
:107DC00034F8264640F267620023284614F00CF986
:107DD000D5E72146A0461D4B5A7882B10BFA02F036
:107DE00037EA00000BD101209040B04207D8B8F12B
:107DF000000F1CD098F80100904238BF984601311E
:107E0000042903F10203E7D1B8F1000F11D03B467A
:107E1000812298F800102846CDE9009914F005F861
:107E2000012398F8012093401F44F61ACAE79846A8
:107E3000E5E76FF01504C5E7002CB0D00121284616
:107E400014F035F8A4E76FF01504A4E7A735030094
:107E50002DE9F04385B0044602AF00694FF0FF32D0
:107E6000012116F0A7FC6668306816F011FCB0B16D
:107E7000F06880B9206913F0D2FF204614F065F84D
:107E8000031E13DA0121874A874813F0ECF92069B1
:107E900013F0C3FF03E016F0FBFB0028EAD16FF0FC
:107EA000120528460C37BD46BDE8F083204614F085
:107EB0001BF800280BDDC50709D57C4A7A4802214A
:107EC00013F0C8F900220023204614F08DF8206931
:107ED00013F0A3FF206913F0A2FF4FF00309002362
:107EE00007F104081A469F212046CDF80490CDF8EA
:107EF000008013F09AFF0546206913F08EFF35B11C
:107F00002B466B4A0121684813F0ADF9C7E740469C
:107F10004A4606F1240117F06FF9804618B36C4603
:107F20008CB097F8048097F805E097F806C096F8AB
:107F3000240096F8251096F8263002AAD36208236A
:107F40005C4EC2E907ECC2E90568C2E9090142F8E2
:107F5000103F44F240012B465348FCF7D3F86FF032
:107F60001505A5469DE796F8283083B3206913F0E0
:107F700056FF204613F0B8FF051E23DD96F8283083
:107F8000802225EA0305FD70434606212046CDE9FF
:107F9000008813F04AFF054628B1206913F03DFF21
:107FA000454A2B46AEE70121FB1C8022009301913C
:107FB0000346204613F039FF0022054600232046E1
:107FC00014F012F8206913F028FF002DE8D196F87C
:107FD00027506B1EDBB2FD2B2AD8A80732D02069B0
:107FE00013F01DFFA9070FD400238022B7212046DC
:107FF000CDE9003313F019FF054688B1206913F06D
:108000000CFF2E4A2B467DE70023802206212046C6
:10801000CDE9003313F009FF05460028E4D0EDE771
:108020002269137F43F001031377206913F0F5FEF3
:10803000206913F0F4FE636893F83030DA0704D453
:10804000206917E06FF08505DBE700238022B92166
:108050002046CDE9003313F0E8FE054618B120694B
:1080600013F0DBFE1DE76368256993F83030DB070A
:108070000AD4284613F0D1FE206913F0D0FE204622
:1080800013F063FF0546EAE716F039FC4FF47A7205
:10809000A0FB020302FB0131C00B40EA4140A86192
:1080A000CEE700BFD2340300D0000300EA3403005F
:1080B00007350300203503005E35030073350300E8
:1080C000024B0B6001231360704700BFC8050120FD
:1080D000004870478C0A030007B50346054A009123
:1080E0000548012113F0C9F86FF0150003B05DF8E1
:1080F00004FB00BFAF3503004000030010B50122B0
:108100000648114616F056FB15F07BF8044C20602B
:1081100015F074F86060002010BD00BFD00501208C
:10812000C8050120F7B50E46144615F067F821463C
:108130000546304613F0DAFF374660B3B6FBF5F379
:1081400005FB136323B9B4FBF5F305FB13434BB1F4
:108150003346134A00941348012113F08EF86FF050
:10816000150002E0A54202D9002003B0F0BD4FF097
:10817000FF324FF0FF330C480BF09EFD15F03EF838
:108180000546384607F04AFF641B2F44F9D10648DC
:108190000BF050FDE8E7054A33460094DBE700BFEB
:1081A000CC35030040000300D0050120AF350300AB
:1081B000F7B50E461946304617461C4613F096FF93
:1081C00050B93346174A00941748012113F055F867
:1081D0006FF0150003B0F0BD46EA040515F0030585
:1081E00003D0124A33460094EEE7A4B14FF0FF32B9
:1081F0004FF0FF330E480BF05FFD24F00304A5425F
:1082000005EB060009D10B4AD2F80034DB07FBD599
:1082100007480BF00FFD0020DCE7795907F030FF2D
:108220000435ECE7AF35030040000300EB350300F5
:10823000D00501200090034010B5036961B92049C1
:108240003A23204A204812F094FA204812F091FA7A
:108250003A211C4812F084FA486850B91C493B2363
:10826000184A194812F085FA1A4812F082FA3B218E
:10827000EFE75868F8B1884219D19C680868A142B4
:10828000586000D19860002008602AB15A680A60DE
:108290009A68596002B99960002010E0814206D1C5
:1082A0000868206098688142EDD19C60EBE7044645
:1082B00000680028F2D1002AE8D16FF0150010BD47
:1082C000663603002A360300091903006F360300DF
:1082D0007E3603009036030038B545682B69B3B18C
:1082E0001035284607F0C6FC044680B901462846EA
:1082F00007F068FC084B98420BD1224628460749F4
:1083000007F024FC224605213120FDF779FC0020EE
:1083100038BD6FF00400FBE70000AD0B45840100A1
:1083200008B50268530904D14FF0FF33D340DB078F
:108330000BD40749074840F26933074A12F019FA8B
:1083400040F26931044812F00BFA044808BD00BF3E
:10835000DA36030009190300A7360300002584401C
:10836000F0B5406801F01F04057B87B044EA45146E
:108370000569002D5BD0B2F5001F00F1100506D194
:108380002146284614F033FF002007B0F0BD002737
:10839000B2F5800F01AE0197776033D1B3F1007F62
:1083A00014BF052304238DF804300023CDE90463B2
:1083B00003938368CB40D90716D4B2F1A07F13D1C1
:1083C00068460094FFF7ACFF04F1800350F82330B7
:1083D000DB0709D46A462146284607F0C5FB174B40
:1083E00098421AD0CDF808D02146284603AA07F0B3
:1083F0002DFA134B98421DD101222146284607F041
:108400005FFCC1E7B3F1C06F05D0B3F1007F14BFCB
:1084100001230223C7E70323C5E76946284607F07F
:1084200043FC074B9842DDD06FF00B00ADE76FF0D7
:108430008500AAE76FF01500A7E700BF0400AD0BA9
:108440000000AD0B430970B507D1124B596821B13B
:1084500001250C68104E854001B970BD8A682A401C
:1084600010D04B6863B90D495D230D4A0D4812F0D9
:1084700080F90D4812F07DF95D21094812F070F97C
:10848000304698471CB1236821461C46E4E7234642
:10849000FAE700BFE8050120C0FC020027670300DF
:1084A0002A36030009190300903603002DE9F04332
:1084B000466840F20635337BD00601F01F0747EAD5
:1084C000431748BF032302EA050558BFC2F3401310
:1084D00087B0B5F5837F14468DF8033042D00FD8AE
:1084E000062D18D007D8B5B1022D3DD06FF015007C
:1084F00007B0BDE8F083B5F5807FF7D101250AE02C
:1085000040F20222954231D0B5F5407F30D0B5F52A
:10851000007FEBD1022522032CD5012372688B400A
:10852000936033696BBB03A80397FFF7F9FE84F4EC
:10853000803300EB8700C3F30043C4F34044D0F81A
:10854000002244EA43049DF8033022F4E16244EA45
:10855000830422F0070244EA05231343C0F80032E3
:108560000020C5E70725D6E70425D4E70525D2E78F
:108570000325D0E7630341BF012372688B40D360BA
:10858000CFE71036394630460DF1020207F0ECFA1B
:1085900014F4403F804617D13946304614F025FE8A
:1085A000244B9845DCD130469DF8021007F070FB53
:1085B0004045D5D020492148AB23214A12F0D9F8B3
:1085C000AB211F4812F0CCF84FF0000901AB39463F
:1085D000304603AACDE90439CDE90199CDF80C90D4
:1085E00007F034F9134B984280D114F4003315D0BE
:1085F0009DF8033084F48034C4F300448DF80E30C9
:1086000039464B46304603AA8DF80C508DF80D4084
:1086100007F00CFA074B9842C2D067E7CDE9043364
:1086200039460DF10303304603AA039307F00EF910
:10863000F0E700BF0000AD0B293703000919030064
:10864000FD36030008B5CA0743680AD4C1F34201E6
:10865000012909D002290ED00121094A094812F046
:10866000F9FD6FF0150005E04FF0CC721B6800209B
:10867000C3F8242508BD4FF0C8621B68F7E700BFA8
:108680004D37030050000300F8B5446800AFE369BC
:10869000054606699847206A13F0ACFD00281FDBE9
:1086A00033462046124A04F1080108F0BBF8114B8A
:1086B000984217D06C4688B02B686A460E49C2E9CA
:1086C00005134FF4007393830C4B42F8103F0C4892
:1086D00000234FF4E251FBF715FD6FF00400A546AF
:1086E000BD46F8BD204608F0E1F80020F8E700BFDD
:1086F000418701000000AD0B5F370300030000015C
:108700005000030070B5446823682046D3F808552C
:10871000D3F80C6508F0F0F83146284608F00CFC58
:108720000546206A13F066FD204608F0BFF8034BAB
:108730009D4214BF6FF00F00002070BD0000AD0B14
:108740000378012B08D0022B08D04BB9054B0B63E3
:1087500001F118000BF06EBA034BF8E7034BF6E794
:10876000034BF4E70000AD0B0100AE0B0200AE0BB3
:108770000100AD0B2DE9F04F8DB002AF7A601422ED
:108780001D46D0F804B0D0F81080BBF8183006466B
:108790000C46B8180021D8F834A0BB6017F020F8B8
:1087A0007D754FF0FF324FF0FF3340460BF084FAF7
:1087B00008F11803FB604FF0000900220023F8685D
:1087C0000BF07AFA4D467B68994501D300243FE0CF
:1087D000207A020700F1AB807B6809F10109994515
:1087E000D4F800E00AD2830708D4237D80EA03028C
:1087F00002F0010203F004031A4307D025B90EF07A
:108800006043B3F1005F36D0002300E001236268CB
:10881000B96805EB020C8C451ED96C468CB03168EA
:1088200002ABDA61BA684348C3E9082140F2035257
:108830001A851A46C3E905053F4B42F8103F00234D
:108840004FF451513D48FBF75DFCA5466FF01B040A
:1088500040460BF0EFF923E0C10706D471460AEB5E
:1088600005003B6016F0AFFF3B6862682A4495B292
:10887000002B47D1CDB9002523683B626368227A7B
:10888000BB6102F001013975BBF82410994210D286
:108890002B4A00912948012112F0EFFC6FF01B04D4
:1088A00020462C37BD46BDE8F08F2B46C7F820A0E8
:1088B000E5E782F00202C2F340025846520107F196
:1088C000140108F04DF81F4B984205D00B33984225
:1088D0000CD16FF00F04BBE74FF480420023F8681F
:1088E0000BF0EAF928B13046FFF70CFF6FF00404F3
:1088F000AEE7D8F83030134A9342F7D1237ADB073A
:1089000002D400250C345EE73B6A9A45F9D1234630
:1089100008E0A91AD8688DB21AFA81F13B6016F006
:1089200052FF3B685A680C3B9542F2D2E9E76FF080
:1089300085048DE77F370300060000015000030027
:108940004A3803000000AD0B08B50268530904D192
:108950004FF0FF33D340DB070BD40749074840F201
:108960006933074A11F005FF40F26931044811F0FC
:10897000F7FE044808BD00BFDA36030009190300FA
:10898000A7360300002584402DE9F04F15468246A6
:1089900040F2FF19DFF84CB185B000EB8108D045FB
:1089A00003D1002005B0BDE8F08FDAF800305A049A
:1089B000C3F3C321C3F3080400F18C80484A5B0C65
:1089C0004C4508BF4FF0FF34575C192B00F28580EF
:1089D000DFE803F00D141A1D20261D8383838334E2
:1089E0006083838383838383838363777A7DC5F8FE
:1089F0000C45631C5BD10AF1040AD0E7C5F81445A5
:108A0000661CF8D000265AE0C5F80845F1E7C5F81D
:108A10001045F5E7601CC5F80845ECD0002604E0D9
:108A2000611CC5F80C45E6D0012603A80394FFF7A6
:108A30008BFF012101FA04F3C36008E0C5F8084583
:108A4000002FDDD1631CD6D0002606273146DAF888
:108A50000030039403F40040002818BF002103A84D
:108A600018BF012601930091FFF76EFF019B00EBF9
:108A70008400D0F80042C3F3412C00993B0243EA42
:108A80008C030B4304EA0B04234343EA4603C0F878
:108A90000032B0E7C5F80C45D2E7C5F86045621C66
:108AA000DAF80030A7D0C3F30043002BBCD0012676
:108AB00003A80394FFF748FF06FA04F383603146E6
:108AC000C5E7C5F86445EAE7C5F86845E7E7C5F8CE
:108AD0006C45E4E76FF0150064E76FF0850061E72F
:108AE000A8380300F0F8FCFF70B5032904691CD80E
:108AF0000F4B58560F4B5E560F49B04202F1080219
:108B000001DD002070BD031D04EB4303B3F9013008
:108B100025691B116B4393FBF1F501FB153342F8FB
:108B2000085C42F8043C0130E7E76FF08500E9E7B4
:108B3000363A0300323A030040420F0038B5056967
:108B400027216B6805F108021C680723A047041E53
:108B500006DA0221054A064812F07CFB204638BDA1
:108B60002B7A13F00F0F18BF0024F7E7B03803007B
:108B7000580003003B2908B503D1BDE80840FFF7C2
:108B8000DDBF0329F9D00C290CD00A49B4230A4AC5
:108B90000A4811F0EEFD0A4811F0EBFDB421064839
:108BA00011F0DEFD0221074A074812F053FB6FF077
:108BB000850008BD552E0300F03803000919030095
:108BC00025390300CF3803005800030008B50221FF
:108BD000034A044812F03EFB6FF0850008BD00BF59
:108BE00047390300580003002DE9F04184B0D0F864
:108BF000048000AFD8F80030054606699847041E87
:108C000017DB73680F2128469B68FA1D9847041EDE
:108C100005DA384A0121384812F01CFB09E0FB79DB
:108C2000332B0BD00121354A334812F01CFB6FF077
:108C3000150420461037BD46BDE8F08198F80C2099
:108C4000D3070BD544F6161142F28B4C49F22D2E68
:108C50002B4BC3E900C12B49C3E902E194070AD5B4
:108C600073681E211C69802328461A46A047041EEB
:108C700001DA254ACEE74FF000080723C7F809803C
:108C800087F80D803B72736820215C6828460623B4
:108C900007F10802A047041E01DA1C4ABAE7184B84
:108CA00042461B682321336173682846DB68984776
:108CB000041E01DA164AADE76C468AB06A4633698B
:108CC0001449C2E908835161022004210623C2E944
:108CD000060142F8103F4FF4435143460648FBF764
:108CE00011FA7368A546472220212846DB68984779
:108CF00004469EE7713903005800030089390300D8
:108D000028C7002094B60100A0390300C63903002B
:108D1000E63903000E3A030010B543680469586849
:108D200015F0B6FC38B906480121064A12F092FA4D
:108D30006FF0120010BD044B00206360FAE700BF23
:108D4000580003006F3A0300580B0300F7B51546AF
:108D5000446803694AB92B492B4836232B4A11F042
:108D600008FD3621294811F0FBFC1F2947D1A27AC2
:108D70009B8A12F0200101D01BB202E0227C0F2A54
:108D8000FAD962792AB3E279277C042A09BF2268DA
:108D9000E2899268128909B1013FFFB25A43A07972
:108DA00001A90192FEF77EFB0646A0B9019941FA9E
:108DB00007F06769C7B94FF47A7390FBF3F203FBCE
:108DC00000F1134B2A6091FBF3F203FB121169606F
:108DD00007E06FF08506012133460E4A0E4812F077
:108DE00042FA304603B0F0BD4FEAE07CA0FB070139
:108DF000334607FB0C11A269F6F74EFBDBE76FF079
:108E00008506EEE7C33A030009190300873A030019
:108E100040420F00D63A0300E80003000B4610B5AD
:108E20001F2B4268016901D03B2B0DD1106883686C
:108E30005B689847044628B101210346044A054867
:108E400012F011FA204610BD6FF08504FAE700BF5A
:108E5000E43A0300E8000300F8B5446806692068B6
:108E600015F016FC40B94A4A01214A4812F0F2F9BD
:108E70006FF012052846F8BDE069002859D015F0BA
:108E800007FC08B9444AEFE7E06994F82010638CC6
:108E900003F03002302AD0F810C0D0E9015E0ED1C4
:108EA0003E4940F2D3333E4A3E4811F062FC3E4810
:108EB00011F05FFC40F2D331394811F051FC03F05E
:108EC0000602042A09D1394940F2DA33344A3548D6
:108ED00011F04FFC40F2DA31EEE701272D68DA0796
:108EE00007FA01F754BF43F4D01383F4B0132F42B1
:108EF00023F480120CD12E4940F2ED33284A294840
:108F000011F037FC2B4811F034FC40F2ED31D3E77F
:108F1000DCF80050DB074CBF3D43BD43CCF80050AC
:108F2000DEF80030984720B10121234A194812F099
:108F300091F9637973B1214651F8060B83681B6878
:108F40009847054648B101212B461C4A114812F0AA
:108F50008AF98FE76FF08505F5E763796BB1012337
:108F6000227993407360237C3374637C737406F1BD
:108F70001403B3600223F3607CE76FF085030121E3
:108F80000F4A044812F06FF96FF0850572E700BFD1
:108F9000F13A0300E8000300023B03003819030024
:108FA0009A1803000919030071190300AE19030090
:108FB000CB180300261903001A3B03003E3B0300B5
:108FC000483B03002DE9F7434FF000084768056967
:108FD0003C680646C4F800852860D7F80C904146E6
:108FE000484601AA13F016F9002837DB019BD9F88F
:108FF000002019791868FFF7C7FC00282EDB6B7A70
:109000003169012B03D0032B26D14FF01008AB7A26
:10901000032B21D195F80BC0BCF1000F02D0BCF19D
:10902000010F19D12A7A12B1022A15D10E226B68CA
:109030007068B3F5164F00687BD02DD8B3F5165F76
:109040007AD016D8B3F5966F78D00AD8B3F5967F54
:1090500077D0B3F5167F77D06FF0850003B0BDE809
:10906000F083B3F5166F72D0B3F5965FF4D15C4B15
:109070003EE0B3F5E14F6DD007D8B3F5615F6BD03B
:10908000B3F5964FE8D1574B32E047F6122E7345B1
:10909000E2D14FF400032BE0B3F5613F5ED013D86B
:1090A000B3F5963F5DD009D84DF6C02E73455AD022
:1090B000B3F5614FD0D14FF46B0319E0B3F5E13F45
:1090C000CAD14FF0EB7313E0B3F5612F4ED009D83E
:1090D000DFF830E173454CD0B3F5E12FBCD14FF050
:1090E000E86305E0DFF820E17345B5D14FF0805328
:1090F000C0F82435736848EA0C081B6842EA080285
:10910000C3F86C250B1DD5E9010183E803007B68DA
:1091100099073DD505F1180006F03CF9324B98420D
:109120002AD032480121324A12F094F86FF004003C
:1091300094E74FF41D03DBE72E4BD9E74FF49E2352
:10914000D6E74FF4A033D3E74FF41C33D0E74FF406
:109150001D23CDE7284BCBE7284BC9E74FF06C73B5
:10916000C6E7274BC4E74FF46503C1E74FF07063D0
:10917000BEE74FF08063BBE7287E04F10C0204F5E4
:10918000907113F06FFF01202B7E984005F05AFF7D
:109190000823C4F800353B7A53B9C4F81031D4F829
:1091A00010316B69C4F834350123C4F838352360B5
:1091B0007B6800209A075CBF4FF48073C4F80433C7
:1091C0007B68DB0644BF4FF48003C4F804332B698B
:1091D000C4F844350123C4F84805A360E3603DE7C3
:1091E00000B0130000A04E000000AD0BE000030033
:1091F000683B03000050270000C0750000F03A00F3
:1092000000903A0190D0030040420F002DE9F04158
:1092100004460D46076915F014FB4FF02008B0B95D
:109220002C4B1B789BB16426606813F0CDF8F0B925
:10923000012013F015FF013EF6D1002121200CF092
:109240000FFAF0E786F31188BFF36F8FF5E7EFF3BE
:109250001186314688F31288BFF36F8F606813F070
:10926000B3F880B986F31188BFF36F8FEFE7EFF3A0
:109270001186314688F31288BFF36F8F606813F050
:10928000A3F80028DED03B691D7062683869136856
:10929000C3F844050120C3F848050020C3F82001A5
:1092A000D3F82051C3F858015268D3F85801D206B8
:1092B00008D5082062681268C2F800054FF48002E1
:1092C000C3F8042301229A6081F31188BFF36F8FE2
:1092D000BDE8F081A217012008B50268530904D146
:1092E0004FF0FF33D340DB070BD40749074840F268
:1092F0006933074A11F03DFA40F26931044811F030
:109300002FFA044808BD00BFDA360300091903002C
:10931000A736030000258440012310B503FA01F1AC
:10932000436804691B6819420ED10E494FF4CB63A0
:109330000D4A0E4811F01DFA0D4811F01AFA4FF4BB
:10934000CB61094811F00CFA2368194218BF82F06A
:10935000010222B18368DB68BDE8104018478368CA
:109360001B69F9E7CB1803009A18030009190300D9
:10937000261903002DE9F04383B0456800AFD5F806
:1093800034800669002140463A1D12F043FF041E56
:109390001ADB7B68D8F8002019791868FFF7F4FA0F
:1093A000041E11DBA96B481C1BD005F13C0000F02A
:1093B0006FFB10F1130F04460BD10121494A4A48B3
:1093C00013F067F86FF0120420460C37BD46BDE875
:1093D000F083411D05D10121444A434813F059F857
:1093E000F2E74FF00108EB6A9847B568D6E9023218
:1093F00003EBC2039D4204D3304613F085F80024EA
:10940000E2E7286815F044F90346B0B92A686C46CB
:109410008AB0106829796A46D1614FF40071344DE1
:1094200011843449C2E9055042F8101F4FF411511C
:109430002D48FAF767FEA546C4E728682979EB8826
:1094400003F03002302AD0F810E0D0E901490ED103
:10945000294940F2D333294A294811F08AF9294889
:1094600011F087F940F2D331244811F079F903F073
:109470000602042A09D1244940F2DA331F4A20485F
:1094800011F077F940F2DA31EEE72468DA0708FAEA
:1094900001FC54BF43F4B01383F4D0131CEA040F4F
:1094A00023F480120CD1194940F2ED33134A1448C9
:1094B00011F05FF9164811F05CF940F2ED31D3E795
:1094C000DEF80040DB074CBF44EA0C0424EA0C043D
:1094D000CEF80040D9F800309847041EFFF674AF6C
:1094E000083583E7AB3B0300D8000300D63B0300FD
:1094F000F33B030004000001381903009A1803002D
:109500000919030071190300AE190300CB180300F9
:10951000261903002DE9FF4105690646D0F80480AD
:10952000A86D2B6E002835D1002B53D0B8F83040F1
:109530006A6D9C4228BF1C46EF6DEB6D53B1296EDE
:1095400041B107F06041B1F1005F03D0082C28BFA2
:1095500008246F6F00926A6DAC661AB1AA6D002A7A
:1095600018BF2246CDE901271BB12B6E002B18BF77
:109570002346002269464046039306F08DFF184BB0
:10958000984229D06FF00401304604B0BDE8F041A4
:1095900012F0DCBF696DEF6D0A46B8F83040ABB130
:1095A000834228BF03469C4228BF1C460029C4D0E2
:1095B00001F06043B3F1005FBFD0082C28BF08243E
:1095C000286F224616F0FFF82A6FB6E7844228BFBC
:1095D0000446EBE71946D7E704B0BDE8F08100BFC9
:1095E0000000AD0B10B502780346002A5FD10C696C
:1095F000A26E32B9606E6FF07301BDE8104012F0D8
:10960000A5BFE06D40B1216E31B1DB6823B183426B
:1096100002D0616F16F0D7F8A36DA26E33B19A42F3
:1096200013D90121224A234812F033FF236EA26E80
:1096300033B19A4222D901211D4A1E4812F029FF56
:10964000606EBDE81040FFF765BF9B1AA3657BB94C
:10965000636C04F1580208336364A36C04F148019D
:10966000013BA36404F1440012F01AFF6065DDE7DA
:10967000636D002BDAD013446365D7E79B1A23662A
:109680007BB9E36C04F160020833E364236D04F1F9
:109690005001013B236504F14C0012F001FFE0652D
:1096A000CEE7E36D002BCBD01344E365C8E710BDD4
:1096B000173C0300D80003002DE9F04F8FB000AF36
:1096C000FB6043688846BB608B88054699049146D9
:1096D000046933D44FF0FF324FF0FF3304F1100030
:1096E0000AF0EAFAC4F80480D5F804B0D5F810A05E
:1096F000DBF808303B609AF86D3023B1DAF80030BF
:10970000984500F0CA80B8F804E01EF400631CD04D
:109710000121B04AB04812F0BCFE6FF08506236804
:109720009B8813F4005304D1636004F110000AF025
:1097300081FA30463C37BD46BDE8F08FA369002B67
:10974000C8D163689845C5D1CEE71EF0010F15D08A
:1097500029686D4688B06A46A048C2E905014FF401
:10976000007191839E4942F8101F4FF4E2519A48CC
:10977000FAF7C8FCAD466FF01506D0E71EF0080FEB
:1097800005D0984A0121944812F083FEF3E7CEF306
:109790004513082B01D0944AF4E7D8F800307B60D9
:1097A0007A68924B9A4201D8914AEBE707F1180682
:1097B0000BF10C0CBCE80F000FC69CE80F0086E80C
:1097C0000F00D7E900239A4228BF1A46894B9A42D4
:1097D00011D2894B9A4249D8884B9A4248D8884B33
:1097E0009A4247D8874B9A4246D88748874B884940
:1097F000824288BF0B461EF0020FFB620EF004038C
:109800003CD0002B14BF0323022387F83030CEF363
:10981000001387F83130DBF800301EF0020FD3F868
:10982000086507F114007E612CD1FFF755FD012377
:10983000B340C3609AF86D302BB1584606F0DAFD9C
:1098400000238AF86D302B46724A584607F11801FA
:1098500006F090FD704A0346904219D001216F4AEC
:109860005D4811F000FD6FF0040658E76C4BC2E74D
:109870006C4BC0E76C4BBEE76C4BBCE7003B18BFC2
:109880000123C2E7FFF728FD0123B3408360D1E73E
:109890000123CAF800808AF86D30012384F86C3007
:1098A000BB68996B4A1C0AD003F13C0000F020F918
:1098B000743004D102215E4A474812F0EAFDB9F142
:1098C000000F68D1C4F844900023A36404F1580247
:1098D00004F1480104F1440012F0E2FDFB68606508
:1098E000002B60D1E3640023236504F1600204F1DE
:1098F000500104F14C0012F0D3FD00260121324644
:10990000E0652664204612F0DEFD2846FFF702FEE1
:1099100032463346A06C83424DD100231946266D52
:10992000B1424FD1934238BF1346A0464FF4FA528A
:1099300002FB03F658F8283B4FF4004C1B6840F23A
:10994000E730B6FBF3F60021C8364FF47A720023F5
:10995000E6FB0C01F5F7F0FD02460B4640460AF027
:10996000ABF90246002867D00121324A1A4812F0AA
:1099700090FD0026B868A66606F03CFD6FF0730106
:10998000284684F86D6012F0E1FD40460AF00EFAB8
:109990006FF07306C3E6D9F800306364002B93D0F0
:1099A000D9F8043091E7FB681B68E364002B9AD078
:1099B000FB685B6898E7616C01EBC30149680133A0
:1099C0000A44A8E7E06C00EBC100406801310344A1
:1099D000A6E700BF353C0300D80003004F3C03005E
:1099E00003000001713C0300903C030047E80100C4
:1099F000BF3C030000127A00FF083D007F841E0078
:109A00003F420F001FA107008FD0030048E801006C
:109A100090D00300E59501000000AD0BF03C030081
:109A200000093D0080841E0040420F0020A1070075
:109A3000173D0300413D0300266C16F1740F98D0CA
:109A4000002E3FF46CAE0146286912F03CFD66E63C
:109A500008B50268530904D14FF0FF33D340DB0748
:109A60000BD40749074840F26933074A10F081FEDA
:109A700040F26931044810F073FE044808BD00BF8D
:109A8000DA36030009190300A736030000258440D5
:109A90000123F0B587B08DF80230022300248DF841
:109AA00004306B4403930F4601AB0DF103010493A3
:109AB00005460291059406F0F7F80C4B06469842CD
:109AC0000FD13946284603AA05F0C0FEB0420BD09C
:109AD00028469DF8031006F0DBF86FF0040007B08D
:109AE000F0BD6FF01200FAE72046F8E70000AD0B7A
:109AF0002DE9F3410C46054613F07BFB002221467D
:109B00000746284606F0DCF801A80194FFF7A0FFFD
:109B100000EB8402D2F80012154BA6000B4043F074
:109B20000C03C2F8003212F022FD80462B68DB598C
:109B3000ABB100272146284613F059FB01A8019438
:109B4000FFF786FF3044D0F80022094B134043F062
:109B50000403C0F80032384602B0BDE8F08112F0CC
:109B600006FDA0EB08000628E0D96FF07307E1E7D7
:109B7000F0F8FCFF70B40E4922F07F46D1E90034C2
:109B8000D01AC31844F10004C1E90034A6F500134B
:109B9000B3F5400F09D2074B1B681A0A1B069C1924
:109BA000054B42F10005C3E9004570BC0CF076B9E5
:109BB00058E200202806012060E200200D4B1868C2
:109BC000010A0006BFF35F8F0B4BD3F8043518185A
:109BD00041F10001B3F5801F0AD2084BD3E90023FD
:109BE000904271EB030303D210F1807041F1000148
:109BF000704700BF280601200050014060E20020AD
:109C00002DE9F7432E4BD3F8042390070BD5D3F857
:109C1000042142B10022C3F804212A4AD3F80431B6
:109C2000136801331360264AD2F80433D90326D5CA
:109C3000254BD3E8EF1F21F00100C3E8E40F002C0F
:109C4000F7D1CB0702D4D2F84031C3B100251C4C68
:109C5000C4F84051D4F84031FFF7B0FFEFF3118260
:109C6000202383F31288BFF36F8F184BD3E9026769
:109C7000B042B94106D282F31188BFF36F8F03B0AF
:109C8000BDE8F0834FF0FF38D3E900104FF0FF3903
:109C90001D60C3E902894FF48033C4F84833C4F827
:109CA0004051D4F8403182F31188BFF36F8F0029FF
:109CB000E5D0009032463B4628468847DFE700BFA4
:109CC00000500140280601202006012048E2002023
:109CD0002DE9F84F04460D46434FD7E8EF8F28F0A3
:109CE0000103C7E8E23F002AF7D14FF480393F4E25
:109CF000C6F80893BFF35F8FBFF36F8FFFF75EFF68
:109D0000A04271EB050308F0010840D2384B201A3D
:109D100065EB0101984271F1000148D2354BD3E95E
:109D200002239D4208BF94423AD04FF0000C24F029
:109D30007F40834603216FF0020EC6F84893C6F8B1
:109D400040C1D6F84031DFF8BCA02BF07F43C6F805
:109D50004035C6F84493D6F80425AEEB02035B44C5
:109D600023F07F4353451BD9D6F840315BB1D6F879
:109D70000425131A23F07F43B3F5000F10D9C6F85A
:109D800040C1D6F8403101EB020B0131DDE71A4B3F
:109D9000D3E8EF1F41F00101C3E8E21F002AF7D129
:109DA000144B164AC3E902451A6000225A60B8F102
:109DB000000F16D0D7E8EF3F43F00103C7E8E23FBA
:109DC000002AF7D14FF48032084BC3F804230A4B22
:109DD000D3E8AF3FDB0742BF4FF40012084BC3F894
:109DE0000021BDE8F88F00BF24060120005001408B
:109DF0000100800048E2002020060120759B010040
:109E000000E100E0FDFF7F0070B54FF0FF3000255E
:109E10004FF0FF31164C174B0226C4F80833C4F834
:109E20004833154BC4F80855C3E902014FF4803399
:109E30004FF40012C4F80433104B0121C4F804633A
:109E40001520C3F880212A46FBF7DAFE1520FBF720
:109E5000A7FE01230A4AA36000212360094813607A
:109E6000FFF736FF3046FDF7A5FE284670BD00BF60
:109E70000050014003000F0048E2002000E100E034
:109E800024060120FFFF7F00431C10B50F4C05D0B6
:109E90008442A8BF0446012CB8BF0124FFF78EFE00
:109EA0000B4AD2E90031C01AB0F5000F074A0AD2B6
:109EB0002044904228BF1046BDE81040C01841F130
:109EC0000001FFF705BF1046F6E700BFFFFF7F0068
:109ED00058E2002008B5FFF771FE024B1B68C01A5C
:109EE00008BD00BF58E2002070B505460C4C0D4E71
:109EF000B44212D90C497A230C4A0D4810F039FCAF
:109F00000C4810F036FC7A21084810F029FCD4E9FE
:109F10000031284698470834EAE7F8D370BD00BFFF
:109F2000BC7E0300BC7E0300B03D03007E3D030009
:109F300009190300F11F030070B5002201212A2036
:109F4000FBF75EFE124808F077FE044628B10121B7
:109F50000346104A104811F086F9104D104EB542D4
:109F600012D910499A23104A104810F002FC1048E8
:109F700010F0FFFB9A210C4810F0F2FBD5E90031FC
:109F8000204698470835EAE7F8D3204670BD00BF61
:109F9000840C0300D43D0300A8000300BC7E030032
:109FA000CC7E0300003E03007E3D03000919030040
:109FB000F11F030037B5194C194DAC4211D919499D
:109FC000AD23194A194810F0D4FB194810F0D1FB01
:109FD000AD21154810F0C4FBD4E90030984708348F
:109FE000EBE7F9D3134914480DF1060207F0E0FC42
:109FF00001280DD1BDF8063023F004039BB23BB11C
:10A000000E4802210E4A11F025F90E4807F0A6FB72
:10A0100008F078FE002003B030BD00BFCC7E030006
:10A02000D47E0300253E03007E3D03000919030092
:10A03000F11F03004E3E0300593E0300A800030039
:10A04000623E0300BD3E0300F0B50F4B01461A68A7
:10A050000E4B0B25002618461F46B84201D3013D82
:10A0600004D11846013A19605A60F0BD04688C4268
:10A07000FBD03CB14468141BA642BCBF0346264635
:10A080000830EAE70346ECE7E8060120F406012081
:10A090000020054BC3E90000044BD3E8EF2FC3E8D1
:10A0A000E10F0029F9D17047EC060120E8060120F4
:10A0B0002DE9F04F89B005460E4614F0E3FA20B9B9
:10A0C0006FF06D0009B0BDE8F08F14F018FC336834
:10A0D0000446002B0F4604D10BF07EF96FF00A0006
:10A0E000F0E7BCBF4FF0FF3333600122002101A82D
:10A0F00014F060FBE8460795EFF3118B202383F300
:10A100001288BFF36F8F15F085FCDFF82CA1DFF804
:10A110002C915AF80000FFF797FFD9F800304268F9
:10A120009A426ED10023434D00936B68002B6FD190
:10A13000C5E900888BF31188BFF36F8F33685A1C11
:10A140006BD04FF4004E40F2E730002123EAE37C6D
:10A150004FF47A720023CCFB0E01F5F7EDF90246BD
:10A160000B4601A809F0A8FDEFF3118B202383F320
:10A170001288BFF36F8F00222B685BB1434556D125
:10A180000099002A4DD16A6829609A4200D169601D
:10A190000023009315F03EFC5AF80000FFF754FF2F
:10A1A000D9F8003043608BF31188BFF36F8F14F040
:10A1B00069FA002884D035686B1C27D014F09FFB07
:10A1C0004FF47A7EA0FB0E320EFB0121A4FB0E425F
:10A1D0000EFB0722DB0BE40B43EA414344EA424413
:10A1E0001B1B4FEAD1314FEAE57C61EBD231ED1A0E
:10A1F0006CEB010CBCF1000FB8BF002535602DB928
:10A200006CE743608BF31188BFF36F8F002059E731
:10A21000C3F80080C5F804808CE74FF0FF32134686
:10A220009FE711606968994208BF6A60B0E71A4603
:10A230001B68A2E7EC06012008000000E8060120E8
:10A2400010B5041E0DDCEB23084A0949094810F03B
:10A2500090FA2146084810F08CFAEB21034810F0E0
:10A260007FFA15F0D7FB054B1C5010BDC73E03000D
:10A27000F83E030009190300053F03000C0000002D
:10A2800070B50368124C2BB1A34203D304F1A805A7
:10A29000AB4217D30F4D2B78062B0CD90E49FF2359
:10A2A0000E4A0F4810F065FA0E4810F062FAFF21CE
:10A2B0000A4810F055FA5E1C03EB430304EBC30499
:10A2C0002E7004600068BDE8704014F073BA00BFDF
:10A2D000400601204B1201202C3F0300C73E030023
:10A2E00009190300353F030008B528B10C4A904214
:10A2F00002D3A83290420ED30A494FF487730A4A18
:10A300000A4810F036FA0A4810F033FA4FF4877111
:10A31000054810F025FABDE8084009F08BBC00BFE5
:10A32000400601205B3F0300C73E030009190300FC
:10A33000E140030070B5054628B1194B984202D39D
:10A34000A83398420ED317494FF48C73164A174816
:10A3500010F00FFA164810F00CFA4FF48C711248F6
:10A3600010F0FEF94B1C17D021EAE1744FF40046BF
:10A3700040F2E73000214FF47A720023C4FB06015B
:10A38000F5F7DAF802460B46284609F095FC002856
:10A3900018BF6FF00A0070BD4FF0FF321346F3E7AD
:10A3A000400601205B3F0300C73E0300091903007C
:10A3B000E140030008B50268104B2AB19A4203D36A
:10A3C00003F114018A4214D30D4A117871B10D4979
:10A3D0004FF499730C4A0D4810F0CBF90C4810F06B
:10A3E000C8F94FF49971084810F0BAF901210360D7
:10A3F00011700068BDE8084014F0BEB92C060120B9
:10A400004A120120FB400300C73E03000919030064
:10A410000441030008B528B10C4A904202D314321B
:10A4200090420ED30A4940F241130A4A0A4810F0FA
:10A43000A0F90A4810F09DF940F24111054810F0CA
:10A440008FF9BDE8084009F05FBA00BF2C06012073
:10A4500027410300C73E030009190300CB42030054
:10A4600070B5054628B1194B984202D3143398426F
:10A470000ED3174940F24B13164A174810F079F9DA
:10A48000164810F076F940F24B11124810F068F9B6
:10A490004B1C17D021EAE1744FF4004640F2E7303C
:10A4A00000214FF47A720023C4FB0601F5F744F84B
:10A4B00002460B46284609F057F9002818BF6FF0EE
:10A4C0000A0070BD4FF0FF321346F3E72C0601205F
:10A4D00027410300C73E030009190300CB420300D4
:10A4E00038B505460A4BD3E8EF1F0131C3E8E21F38
:10A4F000002AF8D1074B1C6804B938BDE369AB42A8
:10A5000001D005B113B9201D09F094FB2468F3E7CD
:10A51000E8060120EC060120014600220023014844
:10A5200014F0EEB8440701200146014808F0C4BF0A
:10A5300044070120014600220023014814F0E0B83E
:10A540005C0701200146014808F0B6BF5C07012006
:10A5500008B54FF480620649064814F0C8F8BDE813
:10A5600008404FF402520449044814F0C0B800BF38
:10A570004C12012044070120E88400205C070120E0
:10A5800010B5044B1C6804B910BD201D09F052FB26
:10A590002468F8E7EC060120014807F0D9B800BFAD
:10A5A000A5A5010070B505460C4C0D4EB44212D95C
:10A5B0000C4913230C4A0D4810F0DBF80C4810F03E
:10A5C000D8F81321084810F0CBF8D4E90031284618
:10A5D00098470834EAE7F8D370BD00BFA47E0300B3
:10A5E000BC7E03001A430300EB4203000919030079
:10A5F000F11F0300292800F099800ADC01284FD0C0
:10A60000062800F09580002800F08E804FF0FF3083
:10A610007047B0F58D7F04D0B0F5007FF6D11E29CC
:10A6200048E04B1E142BF1D801A050F823F000BFD6
:10A6300087A6010087A6010087A6010087A6010062
:10A6400087A6010087A601000DA601000DA6010046
:10A650000DA601000DA601000DA6010087A60100B0
:10A6600087A601008DA6010091A601000DA601009C
:10A670000DA6010085A6010095A6010099A601007E
:10A680009DA601000E210020116070470F21FAE7FE
:10A690001021F8E71121F6E71221F4E71321F2E780
:10A6A00036293FDC202907DC1429ECD038DC0229CC
:10A6B000E9D00429E7D0A9E7A1F12103152BA5D8FA
:10A6C00001A050F823F000BF87A6010087A6010073
:10A6D0000DA601000DA601000DA601000DA60100AA
:10A6E0000DA6010087A601000DA601000DA6010020
:10A6F0000DA601000DA601000DA601000DA601008A
:10A700000DA601000DA601000DA6010087A60100FF
:10A7100087A6010087A6010087A6010087A6010081
:10A720001529C7E73D29C5E71F29C3E72029C1E748
:10A730003729BFE74FF0FF32064B00201A609A61BD
:10A740001A639A641A669A67C3F89020C3F8A8201F
:10A75000704700BF780701202DE9F0411446002220
:10A7600086B001290D461E46CDE90422DDF8308071
:10A77000076803D1192C12D15F2307E02146284630
:10A7800003AAFFF737FF002824DA6D2315F042F9FA
:10A79000144A13504FF0FF3006B0BDE8F081214657
:10A7A000284603AAFFF726FF0028EEDB143C012C05
:10A7B00007D836B14FF008083268B36804920593A1
:10A7C00004AE334629463846039ACDF8008007F098
:10A7D000F3FDE1E7B5F58D7FF3D10C2C08BF4FF009
:10A7E0000408EEE70C0000002DE9F0411C460023B0
:10A7F00086B00F461546CDE904330823066829467E
:10A8000038460DEB0302DDF830800393FFF7F2FECC
:10A8100000280ADA15F0FEF86D224FF0FF361A4BC9
:10A820001A50304606B0BDE8F081012F1DD1A5F1C8
:10A830001403012B19D803AA04AB30460092394601
:10A84000029A07F0E7FE06460028EAD1012FE8D178
:10A85000042D0DD120680028E3D0FFF7F1FC15F09E
:10A86000D9F8094B1B582360DBE742462346E4E74F
:10A87000143D012DD5D8049BC4E90030059BA3608D
:10A880001023C8F80030CCE70C0000000B49034649
:10A89000087880B90A49097839B1A2F5807102298E
:10A8A0000AD9A2F58872012A06D9013B022B8CBF76
:10A8B0000020012070470020704700BFCD16012006
:10A8C000CC16012070B4002318250168084C05FB44
:10A8D00003F2A658B14206D1B0F906100832A0180A
:10A8E00070BC0CF049B80133082BF0D170BC704734
:10A8F000780701202DE9F04389B00546D0E90090A2
:10A900000E4617469846109C08B111F064FEA4B993
:10A91000CDE9004443463A463146484613F02DFA05
:10A920000446686828B14FF0FF324FF0FF3311F052
:10A9300050FE204609B0BDE8F0832388012B0BD1DF
:10A94000ADF808306368628803930823ADF80A20E5
:10A9500001936B440093DDE7022B18D16288ADF8B8
:10A960000830ADF80A20231D0DF10C0C04F1140E73
:10A97000624618685968083303C273459446F7D194
:10A98000237D8DF81C301623019302ABE2E715F00E
:10A9900041F86A22024B4FF0FF341A50C1E700BF62
:10A9A0000C0000002DE9F347074690460C4679B3AA
:10A9B00000231A46C868834235D1802A72D8002500
:10A9C0004FF0FF324FF0FF33394811F002FEA94635
:10A9D000384EE368AB422DD800263546DFF8D4A0C8
:10A9E000B14511DD85B96368384601932368A9EB49
:10A9F000060200930AEB06014346FFF77BFF051EA4
:10AA0000EEDD2E44B145EEDC294811F0E4FD06E010
:10AA100015F000F816224FF0FF35274B1A50284644
:10AA200002B0BDE8F087A16801EBC30149680133BA
:10AA30000A44C0E7A36806EB090003EBC50253F81C
:10AA40003510526814F0BFFEA3684FEAC50A53449C
:10AA50005B6801359944BCE7A3684FEAC60A03EB7B
:10AA6000C6035B683BB14FF00009A36803EB0A0221
:10AA70005268914504D30136E368B342ECD8CEE77F
:10AA800053F80A10636849440193236838460093D9
:10AA9000A2EB09024346FFF72DFF011E05DB8944A7
:10AAA0000D44E2E700263546E6E70D46B7E700BF6E
:10AAB0001CCB00204C1601200C0000004FF0FF3290
:10AAC0004FF0FF3370B505460B4811F082FD0023AF
:10AAD00018200A4A00FB03F156588C18013605D19C
:10AAE0005550054811F077FD204670BD0133082B05
:10AAF000F0D10024F5E700BFB8CA00207807012094
:10AB000038B5094D04464FF0FF3228464FF0FF3369
:10AB100011F05FFD00234FF0FF32C4E90023284607
:10AB2000BDE8384011F057BDB8CA002010B5044642
:10AB3000114B124A186003681148DA61FBF7BEFF37
:10AB4000236873B90F4940F201330F4A0F480FF0E1
:10AB500010FE0F480FF00DFE40F201310A480FF0D1
:10AB6000FFFD0C33D3E8EF1F41F00801C3E8E21FFB
:10AB7000002AF7D110BD00BF74070120A9AC010065
:10AB8000B00C0300853103005031030009190300A4
:10AB90003D300300F0B5A1F58173046887B0032B45
:10ABA00058D8DFE803F002417A540127D2E9016165
:10ABB00013683B4AB3F904300492ADF814308DF8B1
:10ABC00016703368994205D114F024FF0C22354BDE
:10ABD0001A5014E000F10805284613F076FF2B46C2
:10ABE0000022394630680BF053FD082320460093BD
:10ABF0003C22394604AB07F0DFFB044610B14FF0AE
:10AC0000FF340EE0336814333360CDE90200284688
:10AC100002AA03A913F05EFF039B002B18BF6FF07D
:10AC20007704204607B0F0BDD2E900421368143320
:10AC300013600023CDE9033303AA04A9083013F0FD
:10AC400049FF049B0BB1039BE3800024E9E71368F1
:10AC50004360FAE7032913D0042919D1126832F4AA
:10AC6000804304D014F0D6FE16210E4B1950042157
:10AC70002046C2F3803207B0BDE8F04013F0E7BAD7
:10AC80002046002213F0E3FA840304F48044C8E76A
:10AC900014F0C0FE1622034B9AE76FF05E04C0E783
:10ACA000C5A801000C0000002DE9F0410D1E07466B
:10ACB000904612DA0AF09EFA1C4E01233370424687
:10ACC000384625F04041FBF7BBFC002333700446B7
:10ACD0000AF0FEFA2046BDE8F0816B0003D50AF0C9
:10ACE00089FA134EE9E7F7F7EBFF041E09DB294663
:10ACF0004246384612F02AFE051E05DA2046F8F7CD
:10AD000037F84FF0FF34E5E7FFF7D8FE014640B9CA
:10AD100014F080FE0C22074B1A50284607F01AFB4D
:10AD2000ECE72046044AF8F709F8D3E7CD160120EE
:10AD3000CC1601200C000000B80C03002DE9F04FE8
:10AD400014460E4600218BB00546202202A81F465D
:10AD5000019114F045FD5CB163680293E3680493CC
:10AD6000A368039323690593236A03B1089302AC94
:10AD70004FF0FF324FF0FF333B4811F02AFC3146D1
:10AD80002246284601AB06F0F9FF064648B9804640
:10AD900081464FF0180A019D38604DB9019812F0B4
:10ADA000B7FD314811F017FC30460BB0BDE8F08F0D
:10ADB000542013F09BFE044600284FD0C0F80090AA
:10ADC000C0F820902B684360AB68C3606B688360F9
:10ADD000EB680361D5F804B0BBF1010F15D1082071
:10ADE00013F084FEE061002835D00823A3616B696D
:10ADF0005A88A0F800B042805B684360B8F1000F49
:10AE00002FD13C60A046ED69C7E7BBF1020F09D026
:10AE100013F065FE6FF00506386811F0CDFB0023D6
:10AE20003B60BBE7182013F061FEE06198B1C4F805
:10AE300018A06A695388111D4380034602F1140C5F
:10AE400023F804BB51F804EB614543F804EBF9D156
:10AE5000137D0375D2E7204613F041FE6FF009061B
:10AE6000DAE7C8F80040CDE7E0CA00202DE9F0435A
:10AE700089B007460C461546F7F722FF0646002E16
:10AE800038681EDB04B315B32B6801AA082B18BF62
:10AE900016230DF108090193494612F0D1FEB0F1D5
:10AEA00000080BDBFFF70AFE074698B914F0B2FD65
:10AEB0000C22274B1A50404607F04CFA3046F7F761
:10AEC00057FF4FF0FF3618E02246A146E4E72A4636
:10AED000A946E1E764B15DB1B9F80020012A10D1BB
:10AEE00008232B60BDF80A3022806380039B6360D7
:10AEF00039463046174AF7F721FF304609B0BDE81A
:10AF0000F083022A17D118232B60BDF80A3003AD55
:10AF1000638023460DF11C0C23F8042B2A4603CA38
:10AF2000624518605960154603F10803F6D19DF893
:10AF30001C302375DCE714F06DFD8622044B1A509B
:10AF4000404607F007FA3846FFF7DAFDB6E700BFDC
:10AF50000C000000B80C0300F0B50A880B46012A6B
:10AF6000066887B00DD1ADF80020082249885B68DB
:10AF7000ADF8021001936946304612F0E7FD07B0C4
:10AF8000F0BD022A15D14988ADF80020ADF80210B5
:10AF90001A1D01AD03F114072C46106851680832E0
:10AFA00003C4BA422546F7D11B7D16228DF8143012
:10AFB000E1E714F02FFD6A22024B1A504FF0FF30E8
:10AFC000DDE700BF0C00000007B5D0E90032012129
:10AFD00000920348034A10F050F903B05DF804FBF7
:10AFE000A80003004F43030008B5064806F0AAFB7B
:10AFF000034620B10121044A044810F034F900202E
:10B0000008BD00BF19B10100784303001800030018
:10B010002DE9F84304460026314DDFF8F89000AFE3
:10B020004D4521D92F4939232F4A30480FF0A1FB34
:10B030002F480FF09EFB39212B480FF091FB95F81C
:10B04000088018F0010F0BD1296819B1204614F0BF
:10B050003BF928B118F0020F04D020466B689847DE
:10B060000C35DDE70126FBE7E9D3002E34D020467E
:10B07000F5F767F90022411D00231E4813F040FB3D
:10B080000546F0B96E4688B06A461B4BC2E90534E6
:10B090004FF400739383194B42F8103F4FF4E4517F
:10B0A00003461748F9F72EF84F23B5460E4A1549BF
:10B0B0000E480FF05EFB214613480FF05AFB4F215C
:10B0C000BAE721460430F5F734F91048294613F061
:10B0D00066FB0F4809F026F9BD46BDE8F88300BFBE
:10B0E0008CC90020D1430300A543030009190300C4
:10B0F000F11F0300A0CA0020F14303000300000178
:10B10000180003001D44030026440300D0CB002098
:10B11000F4C70020ECC9002008B548B90649074823
:10B120003623074A0FF025FB362105480FF018FBA0
:10B13000BDE80840FFF76CBF544403000919030041
:10B14000A54303002DE9F8431A4E1B4FDFF880801A
:10B1500000220023304608F001FD0546F8B9BDE89D
:10B16000F883237ADA070AD49B0708D4216819B137
:10B17000484614F0A9F810B14846636898470C3463
:10B18000BC4210D90D4960230D4A0E480FF0F1FA68
:10B190000D480FF0EEFA602109480FF0E1FA0B4C70
:10B1A00005F10409ECE7DCD32946404608F084F9B0
:10B1B000CEE700BFD0CB0020ECC90020D143030074
:10B1C000A543030009190300F11F03008CC90020E7
:10B1D000A0CA0020A0F12C03DBB2112B9DBF0348B5
:10B1E000D84000F001000020704700BF014002007D
:10B1F000F8B505460024094E56F8047B3846F5F7A5
:10B20000A0F839460246284614F030F820B101343F
:10B21000042CF1D10020F8BD0120FCE7FC0C030058
:10B220002DE9F0430468A3B0237880460F46164604
:10B230000094002B00F0DD806F4B1B78062B1BD198
:10B240000021621C009210781346A0F16105192DAF
:10B2500002F101020ED9A0F14105192D0AD95F288A
:10B2600008D001B100932246394630461B1B11F02D
:10B2700007FB50E00121E6E7013B082B4BD8DFE854
:10B2800003F06C5162AA0E4A1F47050022460021B6
:10B29000134612F8010B0028E3D00121F8E72046FD
:10B2A000002102780346A2F13005092D00F10100CA
:10B2B00004D922F02002413A052AD2D80121F0E730
:10B2C000684611F058FA002200980378054623F0EA
:10B2D00020014139192900F1010013D9303B092B14
:10B2E00010D902B100952B1B22463946304611F089
:10B2F000C7FA2B783D2B07D16B783F2B0BD102354A
:10B30000009508E00122E0E73F2B04D10135F7E783
:10B31000304611F08BFA0020009BC8F8003023B0B3
:10B32000BDE8F08325462A78104611F01BFA2B461B
:10B33000013508B9002AF6D12246394630461B1B92
:10B3400011F09EFADCE725462A782B46222A05F1E1
:10B350000105F1D0002AF7D1EEE720460A2201A923
:10B360000CF00CF90124019B02900093009B1878CB
:10B37000292825D020B303F10109FFF72BFFCDF8D1
:10B38000009008B9254619E00A2201A948460CF0A8
:10B39000F5F822AB651C03EB840444F8800C4846A6
:10B3A000F4F7CFFFDDF8049004464846F4F7C9FFF0
:10B3B000844206D0202DCDF8009002D02C46D5E74F
:10B3C0002546AB003946304602AA11F07CFA009BB4
:10B3D000013300939FE70A22204602A90CF03EF8B1
:10B3E0000B460299024600913046394611F033FA75
:10B3F00091E74FF0FF3092E7CF1601202DE9F041A1
:10B4000007460468DFF8A48100293DD1207811F0B7
:10B410009DF95F4E054660B30623052220465D492F
:10B42000337013F023FFF8B1052220465A4913F078
:10B430001DFFC8B10B222046584913F017FF98B1E1
:10B440000A222046564913F011FF68B10B2220460C
:10B45000544913F00BFF38B107222046524913F02C
:10B4600005FFB0FA80F56D0988F8005000203C60B7
:10B4700048E098F8003053B9204611F08AF90028C6
:10B4800042D007233370F1E798F800301BB1022255
:10B490003F4B1A70EAE700293DDD22461578164633
:10B4A0002846013211F05EF90028F7D13046F4F752
:10B4B00048FF03282AD92B46A5F16102192A98BF13
:10B4C000A5F12003412B21D17378A3F16102192A40
:10B4D00098BF203B542B19D1B378A3F16102192AEC
:10B4E00014D92B2B09D0252B10D1F378A3F16102AD
:10B4F000192A98BF203B582B08D009226FF0010071
:10B50000234B1A70BDE8F0810223BBE7207811F0CD
:10B510001DF9002839D12278A2F12B03DBB20E2BC2
:10B5200018D847F6E57121FA03F3DB0719D4104662
:10B5300011F018F910B316490B78042B1BD12246D1
:10B54000144612F8010B11F00DF90028F8D105236B
:10B550000B708BE7222A07D103220D4B01341A709E
:10B5600084E704220A4B94E7282AE0D10122084B01
:10B5700014441A707AE7082B3FF478AF1046FFF7AF
:10B5800029FE10B10822024B83E74FF0FF30B9E7E4
:10B59000CF160120744403007A4403008044030062
:10B5A0008C44030097440300A3440300CE160120FB
:10B5B0002DE9F347894616461F468046002800F0CD
:10B5C0009780002A00F094805368002B00F0908050
:10B5D0000024104600F0FCF842463368CDF80480A1
:10B5E0009F4228BF1F46444B1C70444B1C701146A1
:10B5F000087811F0B7F82546013204460028F6D144
:10B6000005B101910025019A1378002B50D0AF426B
:10B610004ED9202B02D0093B042B01D801320192D4
:10B62000294601A8FFF7EAFE431C41D0023008BFBB
:10B6300000253246294601A808BFCDF80480FFF74F
:10B64000EFFD013034D0019A1078FFF7C3FDB0B19F
:10B65000507811F087F878B10135BD4241D02946C4
:10B6600001A8FFF7CBFE013022D03246294601A8BF
:10B67000FFF7D6FD01301BD0019B01330193019AE6
:10B68000107811F06FF838B30132117892460846FD
:10B69000013211F067F80028F7D139B1084611F0EE
:10B6A00055F818B95046FFF7A3FDA8B1CDF804A08E
:10B6B000019DC4B92B78CBB12846FFF799FD00282E
:10B6C00014BF00206FF00A00B9F1000F01D0C9F8D3
:10B6D000005002B0BDE8F0870135BD4208BF01242B
:10B6E00091E70446E4E76FF00600EDE72046EBE75C
:10B6F0006FF01500EDE700BFCF160120CE16012038
:10B7000008B560B90A492B230A4A0B480FF031F8F3
:10B710000A480FF02EF82B2106480FF021F8036895
:10B720008B428ABF4068002000EB011008BD00BFBB
:10B73000FC440300CE440300091903001045030034
:10B7400008B560B90C4939230C4A0D480FF011F8BF
:10B750000C480FF00EF8392108480FF001F8037873
:10B76000012B04D0023B012B03D8406808BD082000
:10B77000FCE70020FAE700BF31450300CE44030098
:10B78000091903004645030010B5044660B90C4989
:10B790001D230C4A0C480EF0ECFF0C480EF0E9FF9C
:10B7A0001D2108480EF0DCFF0378023B012B02D874
:10B7B000806813F094F900220023C4E9022310BD2D
:10B7C00031450300CE440300091903004645030038
:10B7D00070B5044628B143681BB1002623689E4219
:10B7E00000D370BD656805EB06152846FFF7CCFF52
:10B7F00065B90A4914230A4A0A480EF0BAFF0A48F2
:10B800000EF0B7FF142106480EF0AAFF1022002107
:10B81000284613F0E5FF0136E0E700BF314503009D
:10B82000CE440300091903004645030010B5044641
:10B8300092B048220021684613F0D2FF0D4B2168D8
:10B840001A6891421A4603D161685B6899420ED02A
:10B8500094E80300012382E803008DF8003002AB76
:10B8600094E8030083E80300684600F07FFE12B00E
:10B8700010BD00BF3C0801202DE9F74F052304222D
:10B880006E460025CDE90023154FDFF86880DFF80C
:10B89000689056F804BB134BBBF1040F14BF3C4631
:10B8A0004446204614BFCA469A46F4F74AFD042887
:10B8B00010D121465046F4F732FD58B12246594680
:10B8C000094805F04BFF034620B10121074A08480B
:10B8D00011F0BCF815B103B0BDE8F08F0125D8E731
:10B8E0008717012078170120624503007345030084
:10B8F000780003008C1701207317012008B50B484E
:10B9000005F02CFF034638B10121094A094811F01E
:10B910009DF86FF00D0008BD074805F01FFF0028D7
:10B92000F9D003460221054AF0E700BF9D45030018
:10B93000A845030078000300064D0300DE45030020
:10B940000023064A13601371054A13601371054AF8
:10B9500013601371044A136013717047821701203A
:10B96000781701207D1701207317012010B50446B8
:10B9700092B048220021684613F032FF5CB91349A7
:10B9800013484FF4DA73134A0EF0F3FE4FF4DA71F2
:10B9900010480EF0E5FE204602A901F045F80346E6
:10B9A00030B101210C4A0D4811F050F812B010BD11
:10B9B000029B039AA3F59C53083B1343F6D106233D
:10B9C00068468DF8003000F0D1FDEFE742460300F5
:10B9D00009190300144603005A46030078000300C7
:10B9E00010B5044692B048220021684613F0F8FED4
:10B9F0005CB91A491A4840F239231A4A0EF0B9FEC6
:10BA000040F2392117480EF0ABFE204602A901F0A2
:10BA100059FC034630B10121134A144811F016F8BD
:10BA200012B010BD9DF808305A1E032A01D9072B09
:10BA3000F6D1DDE90421A2F59C53083B0B4308D065
:10BA40000A4308D00A2368468DF8003000F08EFDC6
:10BA5000E6E70823F7E70923F5E700BF42460300BE
:10BA600009190300144603008E4603007800030002
:10BA70001FB50024074B4FF48062029302AB009382
:10BA800005490E230548039408F052FC204604B0F3
:10BA900010BD00BFCA460300A830012098E2002074
:10BAA00010B5044692B048220021684613F098FE73
:10BAB0005CB9104910484FF4BF73104A0EF059FE9C
:10BAC0004FF4BF710D480EF04BFE0122204602A933
:10BAD00000F042FE034630B10121094A094810F046
:10BAE000B5FF12B010BD032368468DF8003000F09A
:10BAF0003DFDF6E742460300091903001446030022
:10BB0000D846030078000300072810B5144605D076
:10BB100009280CD0BDE81040FFF712BF0748F4F722
:10BB200008FC21460648BDE81040F4F702BC054871
:10BB3000F4F7FFFB21460448F5E700BF8217012018
:10BB4000781701207D1701207317012010B596B0DA
:10BB500004464822002104A813F042FE002300936B
:10BB60008DF8043002938DF80C305CB917491848F1
:10BB70004FF4CD73174A0EF0FCFD4FF4CD7115480C
:10BB80000EF0EEFD02AB6A46204606A9F4F76CFE05
:10BB9000034630B10121104A104810F057FF16B08B
:10BBA00010BD69469DF8180002AAFFF7ADFF9DF889
:10BBB00018301BB10A490B4812F02DFE022304A8CD
:10BBC0008DF8103000F0D2FCE9E700BF42460300D8
:10BBD0000919030014460300FF4603007800030020
:10BBE00014C8002098E2002008B550B9054B1B7816
:10BBF0003BB1FFF7A5FEBDE808400349034812F03A
:10BC00000ABE08BD9117012004C8002098E2002058
:10BC100010B5044692B048220021684613F0E0FDBA
:10BC20005CB91049104840F26323104A0EF0A1FDA0
:10BC300040F263210D480EF093FD204602A901F069
:10BC40009FFB034630B10121094A0A4810F0FEFE6D
:10BC500012B010BD0B2368468DF8003000F086FC52
:10BC6000F6E700BF4246030009190300144603002B
:10BC70001B4703007800030008B50121034A04486C
:10BC800010F0E2FE6FF0150008BD00BF4B47030047
:10BC9000780003002DE9F0410446A4B002AF482229
:10BCA000002107F1400013F09BFD4CB95149524867
:10BCB000FF23524A0EF05DFDFF2150480EF050FD6B
:10BCC00000253022294607F11000BD7113F088FDD0
:10BCD0004FF0FF3307F10808C7E90233FB1D00935B
:10BCE00001212046CDF8048007F11003BA1D00F0B1
:10BCF0007FFDB8B16E468AB002AA414BD461C2E959
:10BD0000053040F2013313843E4B42F8103F4FF4AC
:10BD100011512B463C48F8F7F5F9B5468837BD4632
:10BD2000BDE8F081BB7903F0FB03012B04D1BB69B3
:10BD3000013356D10423BB7100F0E4FB0028EDD1A0
:10BD4000324ABB791178994208D087F8400007F150
:10BD50004000137087F8483000F008FC2C4BB9699C
:10BD60009A68914203D1DB68FA699A421DD0042394
:10BD7000274D07F1100487F840300FCC0FC50FCCCA
:10BD80000FC594E80F0085E80F0007F1480607F19A
:10BD900010050FCD0FC60FCD0FC694E80F0086E833
:10BDA0000F0007F1400000F0E1FB1A4AFB7911781F
:10BDB000994209D01370052207F1400087F840200E
:10BDC00087F8483000F0D2FBBB7903F0FB03012B6E
:10BDD000A4D1BB68013308D10F49104812F01BFDF4
:10BDE0009CE70F4807F026FFA6E74046FFF71EFD39
:10BDF00094E700BF424603000919030014460300FC
:10BE0000614703000400000178000300701701205F
:10BE100068E200209217012024C8002098E2002048
:10BE200070CB002030B50546A5B0482200216846F9
:10BE300013F0D6FC5DB9404940484FF4FF73404AC7
:10BE40000EF097FC4FF4FF713D480EF089FC00F0B6
:10BE500059FB0146A0B93B4C2378032B3AD9482221
:10BE60000DEB020013F0BCFC607870B1302112F0D1
:10BE700041FE044650B9344A0121344810F0E4FD33
:10BE8000334807F0D7FE25B030BD044629462D487B
:10BE900014AA239400F098FFC11D034607D001287F
:10BEA0000BD901212B4A294810F0D0FD0BE00A23C1
:10BEB0000221294A254810F0C9FD072312A88DF850
:10BEC000483000F053FB204612F009FE219812F092
:10BED00006FED5E7284600F0FBFD044630B11021F0
:10BEE00012F008FE044608B91C4AC5E7284602A914
:10BEF0000F9400F00DFEC21D034607D0012810D993
:10BF00000121144A114810F0A1FD10E00221144A49
:10BF10000E4810F099FD0A230221124A0B4810F036
:10BF200095FD072368468DF8003000F01FFB002CBC
:10BF3000A6D02046CBE700BF424603000919030004
:10BF400014460300711701208D4703007800030099
:10BF5000A0CB00201B480300B9470300454803005D
:10BF600072480300E147030020B90321024A034855
:10BF700010F06ABD00F0CEBA9948030078000300C3
:10BF800038B50C46054640B931B30846F4F7D9F93F
:10BF9000082816D06FF0150012E0F4F7D2F908283F
:10BFA000F8D18CB12046F4F7CCF90828F2D1294613
:10BFB0000B48F4F7BEF921460A48F4F7BAF9002015
:10BFC00038BD074B1D70F6E729460548F4F7B1F96F
:10BFD0000022044B1A70F2E7014B1970F8E700BF1A
:10BFE0006EC9002077C9002010B538B31448F4F7A3
:10BFF000A8F904461348F4F7A4F9082C15D1082829
:10C000000ED1104A0E49104805F0A8FB38B103467E
:10C0100001210E480E4A10F019FD6FF00D0010BD01
:10C0200007490C4805F09AFBF0E7082802D10549BA
:10C030000948F7E7094805F091FBE7E70848FAE700
:10C040006EC9002077C900200B4903007800030067
:10C0500052490300224903003449030047490300C1
:10C06000114D03000023F0B58DB00D460646CDE915
:10C070000333CDE90633CDE909338DF814308DF85B
:10C0800020308DF82C3000285ED000295CD0304C58
:10C09000A02120462F4A237005F0C4FB034648B177
:10C0A00001212D4A2D4810F0D1FC6FF00D042046DF
:10C0B0000DB0F0BD20462C2113F0AEF8044648B96F
:10C0C0006FF04C04F3E734B90121254A234810F0FE
:10C0D000BBFCF5E70C27601C2C2113F09DF8013FF9
:10C0E0000446F0D10028EFD0811C082203A813F0E9
:10C0F000CFF8601C2C2113F08FF804460028E3D001
:10C10000811C082206A813F0C3F82C21601C13F030
:10C1100083F80028D8D0811C082209A813F0B8F8A9
:10C1200001AB09AA06A903A800F088FA044630B1B9
:10C13000034601210B4A094810F088FCB7E7019B30
:10C140003360029B2B60B2E76FF01504AFE700BFCE
:10C15000D0160120814903008E49030078000300B6
:10C16000AB490300C54903004FF0FF3307B56846EC
:10C1700001A9CDE90033FFF775FF48B14D300AD072
:10C180000121064A064803B05DF804EB10F05CBCE0
:10C190006846FFF74BFB03B05DF804FBF249030070
:10C1A00078000300002208B511460346034805F055
:10C1B000D5FA002818BF6FF00D0008BD104A030023
:10C1C0002DE9F74F05230422CDE90023224B1870F7
:10C1D00090B9224805F0C2FA034648B1204A2148E6
:10C1E000012110F033FC6FF00D0003B0BDE8F08FBB
:10C1F000FFF7A6FB0020F8E76D4600241A4E1B4F00
:10C20000DFF87C8055F8049B194BB9F1040F14BF7B
:10C21000B246BA46504614BFC3469B46F4F791F85F
:10C22000042813D151465846F4F779F840B15246E4
:10C230004946104805F092FA034618B10E4ACEE777
:10C24000FFF71AFB002CD5D10124DBE749460B4848
:10C2500005F084FAF0E700BF91170120254A03009A
:10C26000314A03007800030080C9002085C90020FE
:10C27000821701205C4A03007F4A0300704A0300D2
:10C280007D170120014B1878FFF79ABF9117012005
:10C29000002313B504460193D0B101AB0E490F48FA
:10C2A0000DF1020205F084FB031E08DC0C4801219D
:10C2B0000C4A10F0CBFB6FF00D0002B010BD019BDB
:10C2C000002001330CBF04239DF802302370F4E7F3
:10C2D0006FF01500F1E700BFA94A0300C64A03004A
:10C2E00078000300D04A030038B5431E062B0546EC
:10C2F0000C4608D90346124A1248012110F0A6FB49
:10C300006FF0150038BD042902D90B460E4AF3E739
:10C310000E4B5A5C0E4B53F820100E4805F01EFAD7
:10C3200040B10346012107480B4A10F08FFB6FF024
:10C330000D00E7E7094B1D70094B1C70E2E700BFD9
:10C34000FD4A0300780003001F4B0300014D03006A
:10C350000C0D0300444B03005A4B03006DC9002031
:10C360006CC9002013B50446B0B10D490D480DF15C
:10C37000060205F01DFB0128034608D00A480121EA
:10C380000A4A10F063FB6FF00D0002B010BDBDF85B
:10C39000063000202370F8E76FF01500F5E700BFC6
:10C3A0004E3E0300593E0300780003007F4B03001C
:10C3B000042838B5044619D804281CD8DFE800F052
:10C3C000240A241B24000123154AAB4013421BD12D
:10C3D000012D10D1FFF792FA0346A8B10121114AAD
:10C3E000114810F033FB6FF00D0038BDA0F11405BB
:10C3F000EDB2182DE7D90C48234601210B4A10F065
:10C4000025FB6FF01500F0E72146094805F0A6F975
:10C410000028EAD00121074A034810F015FBE2E7A3
:10C42000010C3001BA4B030078000300E44B030019
:10C43000004C03000B4C0300F7B507460124294EBE
:10C44000D6E8EF3FC6E8E24F002AF9D1002B46D1EB
:10C450000DF10700FFF71CFF054660B12146224A97
:10C46000224810F0F1FA6FF00D049DF80600FFF776
:10C470009FFF254629E09DF8073003F0FB03012BC1
:10C4800023D00DF10600FFF76DFF0028EBD118480F
:10C4900007F08CFC2046FFF78BFF04460028E4D110
:10C4A0009FB14FF096720023114807F005FC10F180
:10C4B0000B0F044607D103210E4A0C4810F0C4FAB2
:10C4C0006FF07304D1E70028CFD10023D6E8EF2F17
:10C4D000C6E8E13F0029F9D1284603B0F0BD6FF06E
:10C4E0007605F9E738080120444C03007800030082
:10C4F00070CB00206E4C0300014807F005BA00BF66
:10C50000F4CA0020024B1868B0FA80F04009704766
:10C510004408012070B50646124D4FF0FF324FF02F
:10C52000FF33114807F020F92C6844B9082012F0B5
:10C53000DDFA48B9FFF7E0FF6FF068000DE06368CF
:10C540009E4207D02468F0E7046046606B682BB910
:10C55000C5E90000FFF7D0FF002070BD18606860DB
:10C56000F8E700BF44080120F4CA002038B50F4C9A
:10C5700005462368C3B14FF0FF334FF0FF320C483C
:10C5800007F0F2F823680BB11C681BB9BDE838400E
:10C59000FFF7B2BF28465B6898471CB12268234664
:10C5A0001446F2E72246FAE738BD00BF44080120EE
:10C5B000F4CA002070B50E461446054600B132B9E3
:10C5C00001210A4A0A4810F05DFA002070BD1046A9
:10C5D000F3F7B7FEB042F8D832462146284612F0AB
:10C5E0000BFEB0FA80F04009F0E700BF1B4D0300DE
:10C5F00078000300F7B50023054613F00BFA0E4F41
:10C600001646C3510A46044601A928460AF0B0FE60
:10C61000019AAA420DD012785AB900F10042013AAB
:10C62000033202D9E259222A03D03060002003B03D
:10C63000F0BD6FF03C00FAE70C0000002DE9F3417B
:10C640001D46002307460E4614460193F3F779FE74
:10C6500008281CD13046F3F774FE082817D124B1FE
:10C660002046F3F76EFE082811D13288B378ADF872
:10C6700004200021022201A88DF806300AF07EFF76
:10C68000072809D92C4A01212C4810F0FBF96FF03A
:10C69000150002B0BDE8F081294B022253F820803A
:10C6A0000021F01C0AF06AFFB8F1000F12D14FF020
:10C6B000FF332B609CB12288A378ADF804200021C1
:10C6C000022201A88DF806300AF058FF072815D974
:10C6D0001C4AD8E700FB08F028600130EAD03A880D
:10C6E000BB78ADF804200021022201A88DF80630A5
:10C6F0000AF044FF07280FD9134AC4E7134B53F835
:10C7000020600EB9124ABEE702220021E01C0AF0A6
:10C7100035FF70432860E2E70E4B022253F82040B9
:10C720000021F81C0AF02AFF1CB1444300206C6071
:10C73000AFE74FF0FF34F9E7A54E030078000300A0
:10C74000540D0300DA4E0300264F0300740D03005E
:10C75000064F0300740D03000023F0B585B00746B3
:10C760000D4602A804211646CDE9023310F03DF82B
:10C77000044640B103460121184A194810F084F9D3
:10C78000204605B0F0BD014602AA384610F02AF84E
:10C79000044648B10346134A0121114810F074F9C8
:10C7A00002A810F035F8EBE7314601AA02A810F014
:10C7B000E3F8044610B103460B4AEDE7019B1BB1B9
:10C7C000012B03D12B70EBE70346FBE70121074A5E
:10C7D000034810F059F96FF01504E1E7344D0300F8
:10C7E00078000300494F0300744F03009D4F03007E
:10C7F0002DE9F0471D46002390B00393ADF81030AB
:10C800008DF812301646DDE9189807220923824672
:10C810000F4605A80B21CDE900230FF0E6FF0446E3
:10C8200048B103460121784A784810F02DF9204696
:10C8300010B0BDE8F087014605AA50460FF0D2FFC0
:10C84000044648B10346724A0121704810F01CF9B1
:10C8500005A80FF0DDFFEAE701466B4603AA05A82D
:10C8600010F0B8F8044610B103466A4AECE76A4A89
:10C87000009903A8FFF79EFE00284BD00DAAC7F130
:10C88000020105A810F078F8041E6AD10D9C052C51
:10C8900044DC002C5ADB002E3ED1002D68D1254609
:10C8A0000024B9F1000F43D125F00405012DCFD1AB
:10C8B000B8F1000FCCD000230825CDE90733CDE92E
:10C8C0000A338DF824308DF830304FF0FF33029565
:10C8D000C8E90033002F40F08D8029460DEB050399
:10C8E00007AA05A810F076F8092104460AAA02ABA7
:10C8F00005A810F06FF850EA04020BD143460AA9CC
:10C9000007A8FFF79BFE034620B10121434A3F4899
:10C9100010F0BAF800249BE73470BEE75A2C15D10A
:10C9200006B13470002D5AD1B9F1000FF2D05A255A
:10C930000AAAC7F1050105A810F01EF8002857D172
:10C940009DF82830002489F80030ADE72346012106
:10C95000334A2E4810F098F86FF015042346314AF8
:10C9600072E7FBDB06B13470002D98D05A2C36D01C
:10C9700005A810F052F8032836D9C7F1030101AB1E
:10C980000DAA05A810F026F80146D0B9019B102287
:10C9900040336B4403F80C0C0DA80AF0EFFD09239B
:10C9A000E8600193C7F1040101AB0DAA05A810F0DE
:10C9B00011F8014640B14FF0FF33AB602546044605
:10C9C0006FE74FF0FF30EAE7019B102240336B44E2
:10C9D00003F80C0C0DA80AF0D1FDA8605FE74FF03A
:10C9E000FF33C5E902339FE74FF0FF30E860F4E71B
:10C9F0000023A7E7072102AB07AA05A80FF0EAFF6B
:10CA00002946044672E700BF344D03007800030056
:10CA1000B94F0300E64F0300C94C0300C5490300AA
:10CA20000F500300D04A0300002373B506460D469D
:10CA3000CDE9003300293BD0002839D004216846D5
:10CA40000FF0D3FE044640B1034601211A4A1B48A9
:10CA500010F01AF8204602B070BD01466A46304612
:10CA60000FF0C0FE044648B10346154A01211348A1
:10CA700010F00AF868460FF0CBFEEBE72A460221D9
:10CA800068460FF092FF044610B103460D4AEDE7E9
:10CA90000D49D5E9003299424FF008039341E9D29C
:10CAA00002210A4A05480FF0EDFF6FF01504E1E797
:10CAB0006FF01504CEE700BF344D0300780003008B
:10CAC000375003006450030000E099509150030078
:10CAD00008B530B901210C4A0C480FF0D3FF0020F3
:10CAE00008BD0023013810F8012F2C2A01D1013391
:10CAF000F9E7002AF7D10A2BF1D9A3F109000523A0
:10CB0000B0FBF3F0ECE700BFBE5003007800030079
:10CB10002DE9F0430B230D46002107468DB0CDE9EA
:10CB200009110493CDF82B10421E12F8013F2C2B53
:10CB300001D10131F9E7002BF7D185F830304FF002
:10CB4000FF330331AB6007A80FF04FFE044648B136
:10CB500003460121974A98480FF096FF20460DB0F2
:10CB6000BDE8F083014607AA38460FF03BFE0446B5
:10CB700058B1C31D15D00346904A01218E480FF0CD
:10CB800083FF07A80FF044FEE8E70646002104AB48
:10CB900009AA07A80FF01EFF044620B10346884AE1
:10CBA000EBE70126F2E7874A049909A8FFF702FD9F
:10CBB000002800F0A580012101AA07A80FF0DCFEE3
:10CBC00004460028DDD1019B002B40F0F0800221BB
:10CBD00002AA07A80FF05AFF04460028D1D1029BF1
:10CBE0004FF00708B3F1805FA4BF4FF0FF3302930B
:10CBF000029B0321AB6005AA03AB07A8CDF80C800C
:10CC00000FF0E8FE04460028BBD1039B0A21303315
:10CC10006B4403F81C0C2A1D0DF11700FFF7EAFC0A
:10CC200004460028ADD18DF817002A460A2105A830
:10CC3000FFF7E0FC04460028A3D1042102AA07A8BC
:10CC40000FF024FF044600289BD1029B0521EB60D6
:10CC500002AA07A80FF090FE0446002891D1029B7B
:10CC60000621AB8205F1100207A80FF085FE0446ED
:10CC7000002886D1414605F1280207A80FF046FE9C
:10CC8000044600287FF47DAF082102AA07A80FF010
:10CC900073FE044600287FF474AF029B09216B8564
:10CCA00002AA07A80FF068FE044600287FF469AFC7
:10CCB000029B0A21AB8505F1200207A80FF075FE43
:10CCC000044600287FF45DAF3846FFF701FF85F882
:10CCD0003000C0B200EB800000F10B0407A80FF099
:10CCE0009CFE84420ED2214605F1180207A80FF0DF
:10CCF0005CFE044600287FF444AF95F8303033B929
:10CD000000243EE700220023C5E90623F5E76B6B0C
:10CD1000002BF5D00F274FF0000895F830309845DC
:10CD200004D3002EECD06FF006042AE76A6B391F9B
:10CD300002EB081207A80FF01FFE4FEA081904467D
:10CD400000287FF41EAF6A6BF91E4A44083207A818
:10CD50000FF0DCFD044600287FF413AF02AAB91ED1
:10CD600007A80FF009FE044600287FF40AAF6B6B9A
:10CD7000029A4B445A81791E02AA07A80FF0FCFDC3
:10CD8000044600287FF4FDAE6B6B029A4B449A81F7
:10CD90006A6B39464A44043207A80FF0EDFD0537A7
:10CDA000044600287FF4EDAE08F10108B5E7012440
:10CDB000E7E600BF344D030078000300E8500300AD
:10CDC000E64F0300A74C030000232DE9F04F164661
:10CDD0000B220D469946A1B002AFC7E90F33BA62E4
:10CDE000F860C7F843304A1E12F8013F2C2B02D1DD
:10CDF00009F10109F8E7002BF6D14FF0FF3230249A
:10CE000009F1030886F8383086F83030B260F968E6
:10CE10004978994215D8414607F134000FF0E5FCF6
:10CE20000446C0B10346AF4A0121AF480FF02CFEC3
:10CE300007F134000FF0ECFC20467C37BD46BDE81E
:10CE4000F08F04FB03F0F16B013301448A60F16B56
:10CE500001448A82DBE7014607F1340228460FF0DD
:10CE6000C1FC044648B3C31D02D003469F4ADBE71A
:10CE7000EA468AB002AA9E4BC2E90705C2E9053814
:10CE800040F2024393849B4B42F8103F00234FF43F
:10CE900032519548F7F736F90123D5467B610021D9
:10CEA00007F1280307F13C0207F134000FF092FD6F
:10CEB000044620B10346904AB6E77861EFE78F4A0F
:10CEC000B96A07F13C00FFF775FB386130B9012101
:10CED0008B4A85480FF0D6FD0024A9E7012107F110
:10CEE0001C0207F134000FF047FD044600289FD1D3
:10CEF000FC69012C9CD0022C04D12146814A7A483D
:10CF00000FF0C0FD4FF0000A0125D046A9F10A0339
:10CF10007B607B68AB4203D9FB685B7843450CD8E8
:10CF20007B69002BD8D06FF006030121764A6E484A
:10CF30000FF0AAFD6FF006047AE705F101094946F2
:10CF400007F1200207F134000FF0A0FD044690B174
:10CF50006D468AB002AA6D4BC2E90780C2E9053965
:10CF6000052342F8103F00234FF421515E48F7F7A4
:10CF7000C9F8AD465CE73B6AB3F1805F07DB02218D
:10CF8000634A59480FF080FD4FF0FF333B623B6A24
:10CF900007F12C023B650723A91C7B6207F13400D3
:10CFA00007F124030FF016FD044610B10346594A59
:10CFB0003AE77B6A07F118026033134403F84C0C1C
:10CFC0000A2107F14C0207F12F00FFF713FB04467B
:10CFD00010B12346504A27E787F82F000A2107F1AE
:10CFE000480207F12C00FFF705FB04460028F0D1AA
:10CFF00007F12002E91C07F134000FF047FD044659
:10D0000038B1012100904346444A37480EF035F9C3
:10D010000EE73B6A07F12002291D07F134007B650A
:10D020000FF0AAFC044610B103463D4AFCE63B6AF9
:10D0300007F16002691D07F13400A7F85C300FF0BA
:10D04000B4FC044610B10346364AEDE607F1580237
:10D05000A91D07F134000FF08FFC044610B1034600
:10D06000314AE1E607F17002E91D07F134000FF0E3
:10D070004DFC044610B103462C4AD5E607F1720276
:10D0800005F1080107F134000FF040FC044610B12F
:10D090000346274AC8E607F1740205F1090107F1C2
:10D0A00034000FF033FC044610B10346214ABBE6BE
:10D0B00007F1680205F10A0107F134000FF075FC71
:10D0C000044610B103461C4AAEE607F11A0205F108
:10D0D0000B0107F134000FF019FC044680B303463E
:10D0E000164AA1E61A51030078000300E850030035
:10D0F0005151030005000001E64F0300A74C030057
:10D100008E510300AD51030065550300E451030047
:10D110001652030059520300795203009252030041
:10D12000C8520300F2520300265303004853030081
:10D130007053030090530300B0530300D553030012
:10D140000C35294607F11A0207F13400B7F91A9095
:10D150000FF0DCFB044610B10346514A64E6B9F116
:10D16000000F00F08580B44607F1480EBEE80F00BE
:10D17000ACE80F00BEE80F00ACE80F009EE80F001F
:10D1800097F81A908CE80F00B9F1000F1DD0B9F193
:10D190000A0F15D90A240A230221424A42480FF0F5
:10D1A00073FC3B697B611021204611F0A3FC48B958
:10D1B00002213E4A3C480FF065FC08F10108A8E650
:10D1C0004C46F0E7706386F830404FF00009BC60D1
:10D1D000BB684B45F1D0726B691C02EB091207F179
:10D1E00034000FF0C9FB4FEA091B044610B1034697
:10D1F0002F4A19E6726BA91C5A44083207F1340011
:10D200000FF084FB044610B103462A4A0CE607F1EE
:10D210002002E91C07F134000FF0AEFB044610B108
:10D220000346254A00E6736B3A6A5B445A81291D1E
:10D2300007F1200207F134000FF09EFB044610B105
:10D2400003461E4AF0E5736B3A6A5B449A81726B3F
:10D2500005355A442946043207F134000FF08CFB9F
:10D26000044610B10346164ADEE509F10109AFE7AD
:10D270003023F46B07F1480C03FB0A44BCE80F00B1
:10D280000FC4BCE80F000FC49CE80F0084E80F0037
:10D2900096F838300AF1010A013386F838308CE705
:10D2A000F853030022540300780003007A5403006B
:10D2B000AE540300D2540300FC5403001E55030077
:10D2C000405503007FB5002306460D46CDE90233E5
:10D2D000002947D0002845D0042102A80FF085FA84
:10D2E000044640B103460121204A21480FF0CCFBFF
:10D2F000204604B070BD014602AA30460FF072FA13
:10D30000044630B103461B4A012119480FF0BCFB0B
:10D3100018E001210DF1060202A80FF014FB0446EB
:10D3200010B10346144AEFE7BDF8063002A82B708F
:10D330000FF073FB022809D84FF0FF324FF0FF3394
:10D34000C5E9022302A80FF063FAD1E7022105F133
:10D35000080202A80FF029FB04460028F2D0034679
:10D36000064AD1E76FF01504C2E700BF344D030051
:10D370007800030091550300C3550300EC550300EA
:10D38000F8B50E460446F0B1E9B108210F4AFFF79F
:10D3900011F938B90E4801210E4A0FF073FB6FF0F6
:10D3A0000400F8BD00250C4F0834214657F8040B43
:10D3B000F2F7B5FF08B93570F3E701350A2DF4D15E
:10D3C0006FF03C00EDE76FF01500EAE7215603002F
:10D3D000780003002A5603002C0D030070B50D4C95
:10D3E0000D4EC5B2B44212D90C4995230C4A0D48D2
:10D3F0000DF0BFF90C480DF0BCF9952108480DF06F
:10D40000AFF9D4E90031284698470834EAE7F8D361
:10D4100070BD00BFA47E0300A47E03002357030059
:10D42000E956030009190300F11F030010B515495F
:10D430001548FEF7A5FD034630B1144A0121BDE8A9
:10D44000104013480DF00FBFFEF7CEFD044610B19B
:10D45000104A0346F2E7FEF7A5FE01210E4804F04C
:10D460007DF92046FEF7ACFE034608B10B4AE5E71E
:10D4700001460B4804F072F9034608B1094ADDE79A
:10D4800010BD00BF415703004A5703005357030024
:10D49000780003007457030094570300A757030054
:10D4A000C8570300D3570300034610B530B10A4AEA
:10D4B0000121BDE8104009480DF0D5BE084B197890
:10D4C000084B1878FEF710FF034608B1064AEFE74D
:10D4D000BDE81040FFF7AABFF35703007800030030
:10D4E0006CC900206DC9002028580300FF281CBF0C
:10D4F000034B1870034B1B680BB10148184770476A
:10D50000931701204C08012010B5037883B9037AE2
:10D5100003F0FB03012B0BD10FF0E0FA40B9BDE89B
:10D5200010404FF4004200230249034806F06EBF4A
:10D5300010BD00BF28C6002088E3002010B518B138
:10D54000064811F078F940B9BDE810404FF0E152BB
:10D5500000230249024806F059BF10BD28C600202A
:10D5600088E300201FB500230393084B4FF4A0620B
:10D57000029302AB0649009306480E2306F0D8FE3C
:10D580000548FEF7F1FC05B05DF804FB68580300A0
:10D59000A834012088E3002009D50100034AD2E91C
:10D5A0000032134314BF01200020704780E30020A5
:10D5B00010B5104CD4E90032134302D16FF03C0097
:10D5C00010BD11F09CF94FF47A72A0FB020302FB2C
:10D5D0000131C30B43EA4143D4E900209B1A064AB8
:10D5E0004FEAD13161EB0001934271F10001E5DABC
:10D5F0000020E5E780E3002080EE36002DE9F041D1
:10D600008EB080460F4615460021102268461E4601
:10D6100012F0E6F82422002105A812F0E1F811F03A
:10D620006EF94FF47A72A0FB024302FB0131DFF87E
:10D6300078C0194BE40B002044EA4144C90BCCE903
:10D6400000411E60FFF77AFF4FF47A7200234046D4
:10D650003946F1F721FF114BCDE900015A436946E4
:10D6600001200292F2F7E0FF034650B10C4801217D
:10D670000C4A0DF0F8FD0320FFF738FF0EB0BDE8AF
:10D68000F081684605A909F0A3FD1DB1314605A842
:10D6900000F0C6F92846EFE734C8002040420F00EA
:10D6A000380003007958030080E30020014B1B6819
:10D6B000FFF7A4BF34C800202DE9F043A1B006460F
:10D6C0000BA8FEF7E5FD054640B102210346334AAB
:10D6D00033480DF0C8FD6FF03C045BE09DF82C3042
:10D6E00003F0FB03012BF6D12E4FDFF8D090DFF8CB
:10D6F000C480542200210BA857F8044B12F070F894
:10D700004FF4806349460C93204601AB0BAA0DF001
:10D71000FEFF034668B10221234A21480DF0A3FD14
:10D720002DB10221214A1E480DF094FDD3E70125B9
:10D73000DFE7019B02A8D3E90621F7F795F8034636
:10D7400058B11B4A022116480DF08DFD01980DF0CD
:10D75000E0FF02A80DF087FEE2E741F28831154AAA
:10D7600002A8F7F7B3F8044610B1134A0346E9E7F5
:10D7700001980DF0CEFF02A80DF075FE4FF47A71FE
:10D78000D8F80030D8F80400A3FB013201FB0022D6
:10D79000C6E90032204621B0BDE8F0839758030067
:10D7A00038000300940D0300D558030017590300F7
:10D7B000EC58030070E4002001590300D158030025
:10D7C00010B5064803F0CAFF034630B1BDE810406B
:10D7D0000121034A03480DF046BD10BD575903000F
:10D7E0006359030038000300012801D0152803D134
:10D7F0000249034811F00FB8704700BF38C8002035
:10D8000088E30020F0B58DB0044600AFF0B10122EE
:10D81000584B1A70FFF7CCFEC0B12C21204611F0F6
:10D82000FBFC0546A8B96E4688B06A46524BC2E971
:10D8300005344FF400739383504B42F8103F4FF47C
:10D84000E25103464E48F6F75DFCB5463437BD4617
:10D85000F0BDF2F776FD102813D86D4688B06A4601
:10D86000484BC2E905344FF400739383434B42F8AD
:10D87000103F00234FF4E2514148F6F743FCAD4618
:10D88000E4E76B78222B04D06D4688B06A463E4BA5
:10D89000E7E707230E213A1DA81C0DF098F806288B
:10D8A00010D86D468AB06A46384BD461C2E905305B
:10D8B00040F201331384364B42F8103F00234FF4FB
:10D8C0001151D9E739797A7901F00F0303EB83031A
:10D8D000090901EB430102F00F0303EB8303120973
:10D8E00002EB4302BB79C9B203F00F0000EB8000EA
:10D8F0001B0903EB4003DBB2BB61FB79D2B203F03F
:10D900000F0000EB80001B0903EB4003DBB27B61DF
:10D910003B7A013A03F00F0000EB80001B0903EB98
:10D920004003DBB23B617B7A643103F00F0000EB14
:10D9300080001B0903EB4003B87ADBB2FB6000F008
:10D94000070303EB8303040904EB4304030707F114
:10D950000C004FF47A7548BF6442FA613962F5F7FA
:10D960006DFCA0FB05062346002205FB0161FFF7C5
:10D9700045FE6BE7941701209F5903000300000147
:10D9800038000300CC590300EF590300265A030066
:10D9900004000001632370B590B006931B4B04464E
:10D9A0001B780D46C3B106AB07AECDE9036308ABE8
:10D9B000029309AB01930AAB00930CAA0BAB144979
:10D9C000144803F0F5FF821F012A034608D90221FB
:10D9D000114A12480DF047FC6FF03C0010B070BDCA
:10D9E0000C9B304664330C930B9B4FF47A76013BCF
:10D9F0000B93F5F723FCA0FB060206FB0122069B16
:10DA0000C4E9000200202B60E8E700BF9417012062
:10DA1000585A0300745A03007D5A0300380003006B
:10DA20007FB5114B1B78E3B9D0E90425642495FB3D
:10DA3000F4F60391036804FB165102934368013224
:10DA4000019383680093C368084803F087FE034688
:10DA500038B10121064A074804B0BDE870400DF016
:10DA600002BC04B070BD00BF941701200D5B030021
:10DA70003A5B0300380003001FB5394D394C0023D1
:10DA8000CDE902334FF0FF334FF0FF32364806F056
:10DA900013F90123ADF80C30A36A02932B78032B02
:10DAA00001D0052BEBD120460EF00CF902460121E6
:10DAB00002A80DF043FE031E0BDA11F0ABFF2B4A58
:10DAC000125852420121009229482A4A0DF0D5FBF2
:10DAD000D5E70ED120460EF0D0F803460028DDD061
:10DAE00010F10B0FDAD00121234A21480DF0BBFBC6
:10DAF000C5E7BDF80E30D80713D4BDF90E3099062E
:10DB000021D52B78062B16D0012B14D001211B4ACE
:10DB100017480DF09FFB1A4A012115480DF09AFB9A
:10DB200009E020460EF0E5F8034640B10121154A10
:10DB30000F480DF098FB20460EF08BF89FE72B78EE
:10DB4000012BDAD89BE7DA0606D50F4A01210848EF
:10DB50000DF080FB0D4ADFE71B079FD50C4AF5E768
:10DB6000951701205008012058CB00200C00000020
:10DB7000900003005F5B0300885B0300C85B030049
:10DB8000DF5B0300AD5B0300025C0300185C030075
:10DB90003B5C030010B5074907480EF0D9FF044667
:10DBA00028B101210346054A05480DF05CFB2046DB
:10DBB00010BD00BF11DE0100B8080120DE5C0300CB
:10DBC000B00003002DE9F041DFF840820D46D8F89F
:10DBD000704000AF072C00F008065BD0132C00F05B
:10DBE000A080052C40F0B980D8F854806C496D486D
:10DBF0000EF0AAFF18F4805F41D06B4969480EF01F
:10DC0000A3FF172418F4006F04D0684965480EF08C
:10DC10009BFF182418F4007F0ED0654961480EF070
:10DC200093FF644B18F4004F9B6B04D00121624AB0
:10DC30005C480DF018FB192418F4806F04D05F497C
:10DC400058480EF081FF1A2418F4807F19D05C49DF
:10DC500054480EF079FF1B24EB69002E40F09B80A6
:10DC6000C3F3080222B96FEA53236FEA4323EB613F
:10DC700029462046F7F712FBBD46BDE8F081162481
:10DC8000C0E718F4005FE7D04E4946480EF05CFF4D
:10DC90001C24E1E7D8F85C4042484B490EF054FFA1
:10DCA000600606D5D8F868300121484A3D480DF095
:10DCB000DAFAE10705D546493A480EF045FF262431
:10DCC000CAE7A20705D5434936480EF03DFF272491
:10DCD000C2E7630705D5404932480EF035FF2824D6
:10DCE000BAE7200705D53D492E480EF02DFF29241F
:10DCF000B2E7E10605D53A492A480EF025FF2A2465
:10DD0000AAE7A20605D5374926480EF01DFF2B24A9
:10DD1000A2E723063DD5344922480EF015FF2C24F6
:10DD20009AE7D8F86C8031491E480EF00DFF18F0C4
:10DD3000020F03D02E491B480EF006FF18F0010F0A
:10DD400003D02C4917480EF0FFFE18F0040F83D0C3
:10DD5000294914480EF0F8FE7EE7284A284BE84689
:10DD60008AB00F2CC8BF13466A462649103CC2E948
:10DD700005134FF400731384234BD46142F8103F12
:10DD800000234FF411510748F6F7BCF90024C546AB
:10DD900062E7252460E723F4FF7323F0010366E7BD
:10DDA000CF270300B0000300E52703006925030027
:10DDB000F627030000ED00E00F28030024280300ED
:10DDC0003F280300C9250300185D0300315D0300EF
:10DDD000415D0300575D0300755D0300905D030026
:10DDE000AD5D0300C25D0300DC5D0300EF5D030079
:10DDF000095E0300395E0300675E03006C280300C0
:10DE000057280300F229030004000001B80801208C
:10DE100000B5184B9BB01A7872B917494FF492733A
:10DE2000164A17480CF0A5FC16480CF0A2FC4FF45B
:10DE3000927112480CF094FC5A6AD86C00929A6A5B
:10DE400020F005000192DA6A694602921A6B039289
:10DE50005A6B04929A6B0592DA6B06921A6C1B6DE0
:10DE600007929B0748BF40F00400FFF7ABFE1BB0D2
:10DE70005DF804FBB8080120CE5E03009B5E030042
:10DE800009190300DE5E0300CB8B06EE900A07EE55
:10DE9000903A9FED187AF8EE677AF8EEE66A27EE88
:10DEA000877A9FED156A16EE867A9FED146A67EE03
:10DEB000867A9FED136AB1F9203056EE867A06EE27
:10DEC000903A91F92230B3EE006A00EE103AB8EEC3
:10DED000C00A27EE077A20EE060AF8EEE66A20EE80
:10DEE000070A07EEA60ADFED077A81ED0E0A80EE3B
:10DEF000270A704700000039000000370000803A10
:10DF0000000080380000A045D1ED0E6AF6EE007AE0
:10DF10009FED537A91F9283016EEA77A06EE903AE3
:10DF2000B1F92630F8EEE66A07EE903A66EE876AB7
:10DF3000F8EEE77A66EE876A9FED4A6A67EE877ABF
:10DF400046EE867ADFED486A8B8C67EEA67A06EE9F
:10DF5000103A9FED465AF7EE006AB8EE466A47EE71
:10DF6000856A26EE266AFDEEC67A17EE903A04EE32
:10DF7000900A002B70D091F92E30DFED3D5A06EE5D
:10DF8000903AB1F92C30F8EEE66A07EE903AF8EEE6
:10DF9000E77A67EE877A66EEA56A27EE074A77EE9C
:10DFA000A77A9FED347A46EE847AF8EEE46AB1F906
:10DFB0002A3037EE667A06EE903ADFED2F4AF8EE19
:10DFC000E66A66EEA46AF5EE004A47EEA46ADFED63
:10DFD0002B4AF0EE477A9FED2A7A46EEE47A67EE16
:10DFE000877AB1F9323087EE860A07EE103AB1F936
:10DFF0003030B8EEC77A07EE903AF8EEE77A27EEBF
:10E00000007A67EE857A27EE007A67EE807A9FEDD8
:10E010001D6ADFED1D6A91F8343060EE266A47EE26
:10E02000067A07EE103A26EEA66AB8EEC77A66EED2
:10E03000266A27EE257A91F92F3047EE267A07EEE9
:10E04000103ADFED126AB8EEC77A47EE267A9FEDF6
:10E05000107A07EE870A70479FED0E0A704700BFDF
:10E0600000007A47000080380000003600000038C9
:10E070000000003700008049000080470000803920
:10E080000050C345000000300000803B000000430A
:10E090000000803D0000000091ED0E6ADFED306A67
:10E0A00091F9153086EE267A06EE903ADFED2D5A7C
:10E0B000F8EEE66AB7EE000A66EEA56A91F9163048
:10E0C00006EE870A06EE903AFAEEC66A66EE876AB0
:10E0D0004B8A06EE870A06EE903A07EE900AFBEEB0
:10E0E000C76A91F9143020EE260A06EE103A0B8A20
:10E0F000F8EE676A07EE903AB3EE005AF8EE677AE8
:10E10000BAEEEF6A67EE857A46EE077A76EEE77A40
:10E1100091F9183020EE270A06EE903ACB7DFAEE00
:10E12000E56A07EE903AF8EE677A67EEA57A46EE72
:10E13000877A67EE807A07EE800ADFED0B7AB4EE1D
:10E14000E70AF1EE10FA07DCB5EEC00AF1EE10FABC
:10E1500001D59FED060A7047B0EE670A704700BF11
:10E160000000A045000080380000C8420000000008
:10E17000B1F91A30B0F5C87F07EE903A28BF4FF4D6
:10E18000C870FAEEE87ADFED2B6A9FED2B7A07EE86
:10E19000A67AF7EE006A07EE900AF0EE665AF8EEFD
:10E1A000677A91F9193047EE275A07EE103ADFEDFA
:10E1B000237ABAEECE7A91F91C3037EE277A07EE41
:10E1C000903A91F90E30FAEECB7A06EE103AB8EEAC
:10E1D000C66A67EE867A91F83C3045EE877A07EE9C
:10E1E000103AB1EE006AB8EE477A37EE067A91F946
:10E1F0003D30C6EE075A07EE103A67EEA57AB8EE44
:10E20000C77A9FED0F6AF0EE665A47EE065AB3EEF4
:10E21000097A86EEA56A17EE867ADFED0A7A67EE4E
:10E22000277AFCEEE77A82B0CDED017A9DF8040002
:10E2300002B070476F12033A75021A3B0000444265
:10E240006F12033B9A99594006EE900AF0B52B4C99
:10E25000A1B06D46264607EE902A9FED297AF8EE8A
:10E26000666A0F460FCE0FC50FCE76EEC76AF8EE80
:10E27000E77AB1EE046A9FED237A0FC50FCE0FC582
:10E2800096E80F00403485E80F000FCC10AD0FC5A5
:10E290000FCC0FC50FCC0FC594E80F0085E80F0019
:10E2A00020AB03EB870353ED205A07EE867A9FEDF0
:10E2B000166AB7EE000AC5EE867A77EE807A27EE08
:10E2C000277AC6EE877A53ED106A37EE807AC6EE6B
:10E2D000867A012377EE807ADFED0C6ABB4067EE29
:10E2E000A67A06EE903AF8EEE66A67EEA67A67EE50
:10E2F000277A80EE270A21B0F0BD00BF300103006D
:10E30000000000440080A7440000C842BD37063426
:10E31000F0B54C4B064618681B7987B08DF80C3069
:10E32000002302900DF107000D4604938DF8143080
:10E330000EF048FE044628B10EB94FF0FF342046D7
:10E3400007B0F0BD29460EF000FE07460446002E39
:10E35000F3D00028F3D12B460522712004A90EF03A
:10E36000DAFC85F84D7004460028E8D12A460721DA
:10E37000F01C0EF022FC04460028E0D10521701CA0
:10E380000EF01BFC04460028D9D1B01C0EF015FC81
:10E3900004460028D3D130460EF00FFC0446002876
:10E3A000CDD10821301D0EF008FC04460028C6D14E
:10E3B000F3789DF814209B0003F01C0322F01C024C
:10E3C0001A439DF81330717803F01F0343EA411399
:10E3D000B17823F01C03890001F01C010B438DF878
:10E3E000133031789DF8113001F0070123F0070355
:10E3F0000B4331798DF8113008290ABF0021002024
:10E40000012002F01F0343EA41138DF814309DF8F8
:10E410001030052203F07F0343EAC0138DF810305B
:10E4200004A92B4602A80EF02CFC04469DF8070018
:10E43000002884D0002C82D129460EF086FD0446A7
:10E440007DE700BF0A5F030037B51F4B0546D3F8D1
:10E450008000B3F884300C460090ADF8043011B958
:10E46000002003B030BD0521601C0EF0A6FB002883
:10E47000F6D1A01C0EF0A1FB0028F1D120460EF031
:10E480009CFB0028ECD16378022D03F108036B4458
:10E4900013F8082CA37803F108036B4413F8083C25
:10E4A0001344227802F108026A4412F8080C184456
:10E4B00040F2AB7303FB00F00BBF00F5865000F594
:10E4C000A55040180D30CCE7300103002DE9F04F86
:10E4D000B5B01E4622AB009207460C4618464822AD
:10E4E000002111F07DF928AB0A900B9330462EAB3A
:10E4F0000C930EF054FB054628B14FF0FF3528462B
:10E5000035B0BDE8F08F002CF7D0012F40F0D5805A
:10E51000014615900D2216A811F062F94FF005087A
:10E52000334611221D2015A90EF0F5FB9DF855204C
:10E530009DF854C0A2709DF856200CF08003019203
:10E540009DF857200CF00F0C02929DF85820237074
:10E5500003929DF8592084F801C004929DF85A2036
:10E560009DF862B005929DF85C209DF8649006923B
:10E570009DF85D209DF85BA007929DF861200892B0
:10E580009DF863200992B268012A0CBF09F030029D
:10E590000BF03002134323701B067FD5002840F098
:10E5A000978133460122E11C0CF15A000EF0B3FBB7
:10E5B000002840F08D816078334650300122211DC3
:10E5C000C0B20EF0A8FB002840F08281607833468C
:10E5D00064300122611DC0B20EF09DFB002840F0A6
:10E5E0007781059B4FEA1A1040EA0310049B3146DD
:10E5F00040EA0330FFF748FC039B84ED020A180948
:10E60000029B40EA0310019B40EA0330FFF77CFCC9
:10E61000DDE9062384ED030A43EA0220FFF73CFD0F
:10E6200084ED040AB368012B2AD1099A4FEA9913A1
:10E6300043EA82034FF4802209F00F0922FA09F21B
:10E6400007EE102ADFEDA47AB8EEC77A03EB430396
:10E6500003F5206327EE277A07EE903AF8EEE77A83
:10E66000C7EE276AC4ED056A94F90030002B01DB80
:10E6700000270225009B002B3FF43FAF1F703EE7B1
:10E68000089B4FEA9B1096F93E200BF00F0140EAE1
:10E690008300FFF7D9FD84ED050AE5E7002840F087
:10E6A000178142F21070B36C716808F1FF38984717
:10E6B00018F0FF087FF434AFD6E7023F012F00F2D5
:10E6C000048101462F22159016A811F089F81A220C
:10E6D00029460EA80D9511F083F8334633221D20EC
:10E6E00015A90EF018FB0028C2D133461E22502077
:10E6F0000DA90EF010FB0028BAD10DF12809CA4669
:10E700008046DFED753A15AD5AF8047B6B78AA7830
:10E71000BB70EB78A8791B0143EA02332A79000128
:10E7200043EA121301936B792A7A40EA0330EB79BA
:10E73000297840EA13106B7A95F80EB043EA022369
:10E7400002936B7B2A7C0393EB7B01F0800C049398
:10E75000B36801F00F01012B0CBF02F0300E0BF07B
:10E76000300E059301F1D0034CEA0E0C79700DEBDD
:10E77000030187F800C011F89CCC87F804C011F899
:10E7800092CC11F8881C87F803C079713146FFF7E5
:10E790007BFB019887ED020AFFF7B6FB029887ED35
:10E7A000030AFFF779FC059B87ED040A012B5AD178
:10E7B0000499930943EA81034FF4802102F00F0288
:10E7C00021FA02F207EE902A03EB430303F52063DC
:10E7D000F8EEE77A07EE103A67EEA37AB8EEC77A5A
:10E7E00087EE870A08F10108B8F1030F87ED050AE3
:10E7F00005F1110588D100274A463B4652F8041B13
:10E80000013391F90010DBB20029BCBF0137FFB220
:10E81000032BF3D14A460023164603F1010C0432C0
:10E820001146E646306851F8045B90F900B090F864
:10E8300002A0BBF1000FAB7895F9008022DAB8F1A5
:10E84000000F22DAA3EB0A039BB203F102081FFABE
:10E8500088F8B8F1010F02D91BB2022B15DD356023
:10E8600041F8040C11E0039B4FEA9B1096F93E20FF
:10E870000BF00F0140EA8300FFF7E6FCB2E74FF030
:10E88000020ECFE7B8F1000FE9DBBEF1010FF6D0C1
:10E89000BCF1020F4FF00103BED14FF0000C4FF05E
:10E8A000180E0EFB0C4559F8046B0CF1010C0FCE41
:10E8B0000FC596E80300BCF1030F85E80300F0D113
:10E8C000B7FA87F56D096D00D4E607460125D1E654
:10E8D00005460027CEE600BF0024744947F27013B6
:10E8E0002DE9F04F91B0074690460E46ADF80C303A
:10E8F00029B94FF0FF34204611B0BDE8F08F114622
:10E9000000200EF022FB04460028F4D16E23874A33
:10E910008DF80B30D2F88600D2F88A1004AB03C30E
:10E92000B2F88E20022F1A8007AB03C31A800AABFD
:10E9300003C31A800DAB03C30DF110091A800DF14A
:10E940001C0A00F09980032F61D0012F01D001240F
:10E95000D1E75A23414670888DF81030FFF708FC44
:10E9600064238DF82830B3888DF81C00B3F57C6FD4
:10E970004BD23F2B04F1010244D803EB8413DBB2EA
:10E9800000258DF8343043463A46514648460EF04D
:10E9900078F904460028AED143463A460DA90AA8A4
:10E9A0000EF06FF904460028A5D1434602227020DC
:10E9B0000DA90EF0B0F9044600289CD13378012B44
:10E9C00040F0B180D8F80820012A08BF02239DF842
:10E9D00034200DA922F0080242EAC4049DF8352033
:10E9E00003A822F00F02154325F0300545EA031570
:10E9F000022243468DF834408DF835500EF041F92F
:10EA0000044678E714469B08B3E7FF23B8E7F268AB
:10EA1000002A3FF46EAFB568002D3FF46AAF377C33
:10EA20005FFA84FB5F4501D83D46ACE70BF15A0322
:10EA3000414635F8140009F80430FFF799FB0BF153
:10EA4000640B0AAB03F804B032F814300AF804007F
:10EA5000B3F57C6F0ED200213F2B01F1010006D8E7
:10EA600003EB8113DBB20DA90B550134D8E7014646
:10EA70009B08F1E7FF23F6E7F368002B3FF439AF7B
:10EA8000B2680092002A3FF434AF758A0022002D4C
:10EA900008BF0324377C5FFA82FB5F4518D840F239
:10EAA00082739D4230D84FF47A735D4340F2DD1398
:10EAB000B5FBF3F50023ADB23F2D03F1010220D8E1
:10EAC00005EB8315EDB28DF80A50FCB1032412E773
:10EAD0000193009B0BF15A0133F8120009F8021060
:10EAE0004146FFF745FB0BF1640B0AAB03F802B09C
:10EAF000019B0AF8020033F812100DA8815401326C
:10EB0000C9E71346AD08D7E7FF25DCE743460122F6
:10EB10000DF10A010DF10B000EF0B3F804460028C8
:10EB20007FF4E9AE80E70346012450E7300103009B
:10EB300010B58CB00DF107038DF80700029300208B
:10EB40000123CDE90A1202AACDE90803CDE9042385
:10EB5000039308AB069302230549079351F8040B6E
:10EB6000836804AA1C6806ABA04740B20CB010BD75
:10EB70002C090120FDEEC07AB8EEE77A30EE470AA4
:10EB80009FED0C7A20EE070A9FED0B7AB4EEC70AD0
:10EB9000F1EE10FA0CD49FED097AB4EEC70AF1EE4B
:10EBA00010FADEBFBDEEC00AC0ED007A80ED010AAA
:10EBB000704700BF00247449000000CF0000004FE0
:10EBC00010B588B00DF1070304930123CDE9053199
:10EBD00004AB0293022307498DF80700079251F80E
:10EBE000040B0393836802AA1C680023A04740B269
:10EBF00008B010BD2C0901202DE9F043DFF86C812D
:10EC000046684446056907460FCE0FC489B096E8AA
:10EC1000030084E80300F6F731F8044630B10346F8
:10EC2000424A012142480EF0E3F915E02A464149E3
:10EC30004148F5F73FFF044610B103463F4AF0E76D
:10EC4000D8F800000FF024FD50B901213C4A3848A3
:10EC50000CF000FB6FF01204204609B0BDE8F08311
:10EC6000D8F80C0018B10FF013FD0028EDD00022E9
:10EC700005F5805383F82422C3F81C22314A05F598
:10EC80009050C3F85822304A1830C3F85C222F4AFB
:10EC9000C3F86022192283F826220EF094F8044665
:10ECA00010B103462A4ABCE7EFF7DCFC044610B17A
:10ECB0000346284AB5E74FF48053D5F8D01105F242
:10ECC000152205F1F000EFF70FFD034638B110F102
:10ECD000250F04D00121204A15480EF089F908219A
:10ECE00005F5057305F5EA721C48EFF7C9FC4FF00E
:10ECF00000084FF0000900230E22CDE90133CDE9D1
:10ED00000323CDE906894FF48052154B154900972E
:10ED100005F1280005F052FC4FF0E1620023CDE937
:10ED20000089114807F06EFA96E700BF956003006E
:10ED300020000300F9CF020069600300B560030002
:10ED4000D660030031EB0100C1EB0100F5CF0200FA
:10ED5000EB600300056103001D610300B80D0300B3
:10ED6000910A0100A843012050CA00202C0901206B
:10ED700070B50D46144606694FF0FF324FF0FF3371
:10ED8000234804F099FF102D0AD196ED010A204680
:10ED9000FFF7F0FE00241E4804F04CFF204670BD33
:10EDA000422D08D83C2D0ED81B2D24D014D80D2D63
:10EDB00017D00E2D18D00121164A17480CF04AFA28
:10EDC0006FF08504E7E73E3D0023042D0FD8DFE810
:10EDD00005F01517191B1D001D2DECD196ED050A28
:10EDE000D5E796ED000AD2E796ED020ACFE7B289A1
:10EDF000C4E90023CEE796ED040AC8E7327EF7E7C0
:10EE0000727EF5E7B27EF3E7F27EF1E7327FEFE75D
:10EE1000B8CB00203A6103002000030008B50221AE
:10EE2000034A04480CF016FA6FF03C0008BD00BF1E
:10EE3000556103002000030010B50B880469012B05
:10EE400007D90D4801210D4A0CF004FA6FF0850036
:10EE50000EE04B883B2B08D01D2B0AD80C2BF0D989
:10EE6000074820FA03F3DB07EBD50020C4E90821AB
:10EE700010BD3D2BF9D0E4E7200003003A61030008
:10EE8000006001282DE9F0411F46164B044693F817
:10EE900000800D461646A2B0B8F1000F15D16846A5
:10EEA000F6F748FD3A4631462846289BA0470446D7
:10EEB00068460CF0A4FBB8F1000F02D00A4804F039
:10EEC00023FD204622B0BDE8F0814FF0FF324FF025
:10EED000FF33054804F048FC0028E0D06FF08304BD
:10EEE000EFE700BFA217012044CB0020002300B5AC
:10EEF00089B0CDE9063303AB049304230390059353
:10EF0000A9B10B6806934B6807930223111E18BF23
:10EF100001210848CDE9002140F2F53104AA00F0B2
:10EF20002BF80028B8BF012009B05DF804FB0123CD
:10EF3000ECE700BF0501004070B5382694B006AB81
:10EF400005460C4632460021184610F049FCCDE932
:10EF50000454CDE9020654B1012304AA0092002111
:10EF60000448019302AA00F007F814B070BD2046CF
:10EF7000FBE700BF0001004010B4B1F5004F029C58
:10EF80000FD2042B0DD8042C0BD8240444EA0364BC
:10EF9000134644EA010201465DF8044B0348FFF7BB
:10EFA00071BF6FF080005DF8044B7047217C00005A
:10EFB000054AD2F8883043F47003C2F88830BFF3B2
:10EFC0004F8FBFF36F8F704700ED00E030B50468DE
:10EFD000ACB1B4FA84F30122C3F11F03DBB29A404F
:10EFE00024EA0202D0E8EF5FA54204D1C0E8EC2F8A
:10EFF000BCF1000FF6D1EAD102480B7030BD0248D7
:10F00000FCE700BF0000AD0B0200AD0B10B50368BC
:10F01000CB40DB0710D401238B40026843EA020196
:10F02000D0E8EF4F944204D1C0E8EC1FBCF1000FD0
:10F03000F6D1F2D1014810BD0148FCE70000AD0B4C
:10F040000400AD0B014BC3F804057047007001408C
:10F0500008B549B9074908484423084A0BF089FB19
:10F06000442106480BF07CFB40F00040C1F88000D2
:10F0700008BD00BF3262030009190300F5610300F7
:10F0800008B549B9074908484A23084A0BF071FBFB
:10F090004A2106480BF064FB40F00040C1F88000B4
:10F0A00008BD00BF3662030009190300F5610300C3
:10F0B000F7B5334B044658B1012827D031493248BF
:10F0C000DC23324A0BF055FBDC2130480BF048FBC7
:10F0D0000222C3F8082301220646DA60C3F80401BD
:10F0E000D3F80431012342F21075254F8DF8073013
:10F0F00074B3012C1BD0234923484FF47473244A62
:10F100000BF037FB4FF474712148DFE70022C3F89E
:10F1100008035860C3F80021D3F800310DF1070649
:10F12000E0E70BB301200DF09BFF013D1CD0D7F8A9
:10F130000C3403F48033002EF3D0D7F80C2402F003
:10F1400001020FE083B101200DF08AFF013D0BD0D9
:10F15000D7F8183403F48033002EF3D0D7F81824EE
:10F1600002F0030232700BB903B0F0BD9DF8070046
:10F170000128F9D10DF074FF013DB9D1F4E700BFCA
:10F1800000500040552E0300091903003A620300A5
:10F1900077620300044B1A7922B9012218601A71B0
:10F1A0000248704702487047440901200000AD0B37
:10F1B0000C00AD0B08B50E4B1A795AB90D490E4823
:10F1C0004FF498730D4A0BF0D4FA4FF498710B4832
:10F1D0000BF0C6FA1B6833B10520F6F703FD10B932
:10F1E0000520F6F7DDFC0122054BC3F8182508BD04
:10F1F00044090120AB620300091903003A620300CD
:10F200000050004038B5364C23795BB935494FF48E
:10F21000BD73354A35480BF0ACFA4FF4BD71324836
:10F220000BF09EFA58B101284FD031494FF4DF73EB
:10F230002D4A2E480BF09DFA4FF4DF71EFE72D4B6E
:10F24000D3F81814D3F81824C90323D502F0030304
:10F25000022B05D0012B02D00020FFF729FF01234C
:10F26000244A0220C2F8183508224FF48273002184
:10F2700003F1804303F5A04319601D68012502F1E5
:10F28000804202F5A0421560226812B3194BC3F800
:10F2900004030FE0D3F81424D207E0D5D3F81C24DC
:10F2A00002F00302013A012AD6D822681AB10222DA
:10F2B000C3F8042338BDD3F80421002AFBD0002270
:10F2C000C3F80421D3F80431F4E700224FF480732B
:10F2D000CDE71A68002AFCD019601B68EAE700BF76
:10F2E00044090120AB6203003A62030009190300DC
:10F2F000552E03000050004008B5094B1B795BB93F
:10F30000084909484FF4EC73084A0BF032FA4FF4FD
:10F31000EC7106480BF024FABDE80840FFF7C8BEC0
:10F3200044090120AB620300091903003A6203009B
:10F3300010B5164BD3F8002152B10020C3F80001DC
:10F34000D3F800210122C3F80823114B1B6898470A
:10F350000E4BD3F8042182B10022C3F80421D3F864
:10F360000421D3F81824D3F81824022102F0030250
:10F37000012A03D1C3F818159A6010BDC3F8081309
:10F38000034B0120BDE810401B68184700500040A7
:10F390004409012001460148FFF718BE60C800205B
:10F3A00070B5322402791E4B624352FA81F2083260
:10F3B00033F81240E10526D5C4F3432124F4F85470
:10F3C00023F8124064240026027904FB02340E3430
:10F3D00034F8025F15F4807F03D0C5F34325A942BA
:10F3E00011D00136202EF3D164240025624302EBB4
:10F3F000C1029D50027904FB02305830FFF706FE2F
:10F40000084B984200D170BD074908484FF4DC739F
:10F41000074A0BF0AEF94FF4DC7105480BF0A0F988
:10F4200064C800200000AD0B293703000919030050
:10F430000863030008B50268014610460DF01DFE82
:10F4400058B90E4940F269330D4A0E480BF091F954
:10F4500040F269310A480BF083F902F01F035209A8
:10F460000B6009D0084940F27233054A05480BF099
:10F4700080F940F27231EDE7044808BDDA36030046
:10F48000A736030009190300552E03000025844008
:10F49000072808B50BD90849084840F2AA33084A9A
:10F4A0000BF067F940F2AA3105480BF059F98000DA
:10F4B00000F5807008BD00BFFE620300091903005B
:10F4C000C962030032235843034B50FA81F10831DB
:10F4D00033F81100400B704764C8002032235843B2
:10F4E000044B50FA81F1083133F81100C0F34000A9
:10F4F000704700BF64C8002032235843054B50FAC0
:10F5000081F1083133F8110010F01C0018BF012000
:10F51000704700BF64C8002032235843044B50FAA0
:10F5200081F1083133F81100C0F34010704700BF7B
:10F5300064C8002010B5044608460A460DF09DFD3B
:10F5400058B91D4940F2E5131C4A1D480BF011F94A
:10F5500040F2E51119480BF003F924792046FFF732
:10F56000BDFF48B117494FF4F373144A14480BF028
:10F5700000F94FF4F371EDE711462046FFF7BCFFA9
:10F5800048B9114940F2E7130C4A0D480BF0F1F865
:10F5900040F2E711DEE711462046FFF7BDFF38B124
:10F5A00020461146FFF78EFFBDE81040FFF770BF01
:10F5B0004FF4BE7010BD00BF466303000863030034
:10F5C000091903006763030085630300024611F015
:10F5D000010004D003490B6A13600B6203B90020D9
:10F5E000704700BF002584402DE9F84300240746FA
:10F5F0000E4625464FF00108A146B5420DD1124BEB
:10F60000D3F87C2132B10022C3F87C21D3F87C31BD
:10F6100044F000442046BDE8F883E8B2FFF738FF25
:10F62000A0F58072920808FA02F2174209D000F1A0
:10F63000804303F54433196819B1C3F800901B687F
:10F6400014430135D9E700BF001003402DE9F74FFF
:10F650000546554B296DD3F80403C0B240F0004075
:10F66000FFF7C2FF061E18DA00236846E96D009313
:10F670004FF00108FFF7AAFF95F85C30DB0759D47B
:10F68000296D4FF00040FFF7AFFF6846E96DFFF7C7
:10F690009DFF0028F0D126F000460124002E69D1FC
:10F6A00003B0BDE8F08F94FAA4F4B4FA84F4E1084E
:10F6B00004F1080335F8139004F007021DF8013037
:10F6C00008FA02F223EA020301A80DF801300194BE
:10F6D000FFF7B0FE019B4FEA990B803350F823707F
:10F6E000C9F3820A1BF0040FD146C7F3014725D0A6
:10F6F0005246214628460DF0CAFC01A80194FFF7A6
:10F7000099FE019BFFB2803350F82330C3F30143CD
:10F710009F4207D1002120460DF023FD39462046A7
:10F720000DF01FFD01A80194FFF784FE019B08FA6C
:10F7300003F30362009C002CB5D1A1E7022F0DD189
:10F74000032120460DF00DFD0AF00503012BE9D140
:10F750004A46214628460DF09AFCE3E7022120465E
:10F760000DF0FFFCBAF1030FF2D0032FDAD1BAF19A
:10F77000020FECE796FAA6F3B3FA83F304FA03F266
:10F780009B0003F1804303F54433D3F8101526EAB8
:10F790000206D3F810252846C2F30142C1F3042122
:10F7A0000DF075FC7AE700BF0010034032222DE90E
:10F7B000F3410379214F534353FA81F3083337F868
:10F7C00013300546DB070C46CEB234D50DF0E6FC0F
:10F7D00095F8048021464046FFF79EFE60B1214621
:10F7E0004046FFF76FFE2A6800B202EB800300225A
:10F7F000C3F81025C3F8102521462846FFF7D0FD91
:10F8000032222B7901A802FB03660023083627F871
:10F8100016300194FFF70EFE019B00EB8300D0F839
:10F820000022074B134043F00203C0F800320548A2
:10F8300002B0BDE8F0810448FAE700BF64C80020C8
:10F84000F0F8FCFF0000AD0B0400AD0B2DE9FF410B
:10F85000166804460D46174646B30DF091FCA0BB52
:10F860003346CDE900008DF80E008DF80F000DF144
:10F870000F0228460DF10E010DF026FC32202379EF
:10F88000674A434353FA85F3083332F8131021F0E3
:10F89000020122F813102379434353FA85F3083306
:10F8A00032F8131041F0010122F813107B68002B8D
:10F8B00047D02679294630461A78D3F80480FFF7D6
:10F8C0000DFE20B1B8F1000F23D056483CE04FF0B8
:10F8D000320E0EFB06F6DFF848C156FA85F60836FA
:10F8E0003CF81630E8B223F4604323F020032CF8F0
:10F8F0001630B8F1000F0CD0032AE6D87B682168D7
:10F900005B681E7801EB86010ABBC1F81025C1F8BF
:10F910001025322623794249734353FA85F308337D
:10F9200031F8130020F01C0021F8130023797343F1
:10F9300053FA85F3083331F8130040EA820221F8C4
:10F940001320BB6863BB384804B0BDE8F081D1F830
:10F95000108528F00308C1F81085216801EB8603A3
:10F96000D3F8101521F4473121F44071C3F8101574
:10F970002902D3F8108501F4F85141EA024141EA25
:10F980000801C3F8101523790EFB030008303CF87A
:10F99000103043EA463343F020032CF81030B8E728
:10F9A0002946D3E900872046FFF7FAFCB8F1000F9B
:10F9B000C9D0642320791A4E4343F218F35898456E
:10F9C00004D153689F4201D100210CE0642303FB62
:10F9D00000600DF10F015830FFF7F8FA124B984212
:10F9E000B2D19DF80F1064222379534303EBC10376
:10F9F00046F8038023795343322203EBC103334497
:10FA00005F602379534353FA85F3083336F81320A4
:10FA100042EA412242F4807226F8132093E700BFA5
:10FA200064C800200400AD0B0000AD0B2DE9FF41C0
:10FA300005460C461E465AB307793846FFF74EFD79
:10FA400020B921463846FFF767FD40BB21463846BE
:10FA5000FFF752FD10B15378012B20D001238DF810
:10FA60000F3000230DF10F01CDE900232046931C38
:10FA700001320DF029FB32222B793149534353FADD
:10FA800084F3083331F8132042F0030221F81320E5
:10FA9000002E53D021462879FFF720FD18B92948B8
:10FAA00004B0BDE8F08196F800C0322761468B00B3
:10FAB00000212A68224802EB8C02C2F81015C2F815
:10FAC00010152A79E1B27A4352FA84F2083230F8FA
:10FAD00012E02EF4604E2EF0200E20F812E096F880
:10FAE00001E0BEF1000F29D02A68B6781A44D2F896
:10FAF00010354FEA0E4E23F4981323F4F853C2F84E
:10FB00001035230203F4F8530EF4403E3605D2F8C4
:10FB1000108543EA0E0306F48016334343EA0803D4
:10FB2000C2F810352B7907FB0311083130F811307A
:10FB300043EA4C3343F0200320F811300248AFE78A
:10FB400064C800200400AD0B0000AD0B30B5642587
:10FB50000479044B05FB0434A160017905FB0133F2
:10FB6000DA6030BD64C8002038B50C465AB90F4978
:10FB70000F4840F20D330F4A0AF0FBFD40F20D3101
:10FB80000C480AF0EDFD05792846FFF7C5FC58B191
:10FB900032235D43084B55FA84F4083433F81430AB
:10FBA00006485B0B137038BD0548FCE7A6630300ED
:10FBB000091903000863030064C800200000AD0BAE
:10FBC0000400AD0B2DE9F843234B026806469A4228
:10FBD0000BD02249224840F21E33224A0AF0C9FDC6
:10FBE00040F21E311F480AF0BBFD077964201E4D0C
:10FBF00000FB075898F860405CBB4046A146402295
:10FC0000214610300FF0ECFD3668D8F85080A04542
:10FC100012D1002346F30730C6F87C31D6F87C3188
:10FC2000F5F7BEFF642303FB075501230F4885F852
:10FC30006030AB65BDE8F883E0B2FFF729FCA0F5C2
:10FC400080739B081F2B04BF46F800903358013483
:10FC5000DDE70748EEE700BF00100340B063030094
:10FC6000091903000863030064C800200000AD0BFD
:10FC70000C00AD0B64210279044B01FB023393F8B5
:10FC80006000003818BF0120704700BF64C8002022
:10FC900064235422007913FB002302481844FFF721
:10FCA000B5B900BF64C8002064235422007913FB57
:10FCB000002302481844FFF789B900BF64C8002038
:10FCC0002DE9F341064600790D461746FFF714FC6F
:10FCD00058B9364940F2FA33354A36480AF049FDF8
:10FCE00040F2FA3132480AF03BFD33682946D3F836
:10FCF0000423002AA4BF4FF00042C3F80423347940
:10FD00002046FFF709FC18B329462046FFF7E6FB1B
:10FD10008046E8B929462046FFF7D4FB0446FFF7A2
:10FD2000B7FB356822B245F800802B58336803EBE7
:10FD30008203D3F8102542F00102C3F8102527B141
:10FD400001233268A340C2F8043302B0BDE8F08159
:10FD50004FB9194940F20E43154A16480AF009FDF9
:10FD600040F20E41BEE732235C43144B54FA85F453
:10FD7000083433F81430C3F38203042B11D0052B5D
:10FD800011D001A80195FFF755FB019A0369D340F3
:10FD900003F00103991C284602B0BDE8F0410DF0C4
:10FDA000E0B90321F7E70221F5E700BF856303000F
:10FDB0000863030009190300E763030064C8002017
:10FDC0000148FFF743BC00BFC8C8002070B5164605
:10FDD0000D4649B90B490C4837230C4A0AF0C9FCB7
:10FDE00037210A480AF0BCFC094C237943B92A2080
:10FDF000F5F7D6FE0123074823712560A66070BD84
:10FE00000548FCE72B67030009190300F2630300B0
:10FE10004C0901200000AD0B0C00AD0B38B548B902
:10FE200018494A23184A19480AF0A3FC4A211648DF
:10FE30000AF096FC164B1B79012B07D015494B2372
:10FE4000114A12480AF095FC4B21F0E70023124AB0
:10FE500050F8234003F5A2710133082B42F82140EA
:10FE6000F6D100230C4A00F11C0103F5B27451F8DD
:10FE7000045F0133082B42F82450F6D1036CC2F81A
:10FE8000043338BD2D640300F26303000919030035
:10FE90004C0901203664030000A0024070B51C4EDE
:10FEA0003379012B09D01B491B485F231B4A0AF0F9
:10FEB00060FC5F2119480AF053FC0024184D2A20E9
:10FEC000C5F81045C5F81445C5F81845C5F81C45D2
:10FED000C5F82045C5F82445C5F82845C5F82C4582
:10FEE000C5F89045C5F89445C5F89845C5F89C45B2
:10FEF000C5F8A045C5F8A445C5F8A845C5F8AC4562
:10FF0000F5F75CFE4FF0FF33C5F80833347170BD70
:10FF10004C0901203664030009190300F263030051
:10FF200000A0024008B5094B1B79012B09D00849F4
:10FF300008487A23084A0AF01CFC7A2106480AF08D
:10FF40000FFC064A8340C2F8043308BD4C09012067
:10FF50003664030009190300F263030000A00240A5
:10FF600008B5094B1B79012B09D0084908488223A1
:10FF7000084A0AF0FEFB822106480AF0F1FB064A15
:10FF80008340C2F8083308BD4C09012036640300E1
:10FF900009190300F263030000A00240F8B501262E
:10FFA0000027124B124DD3F80C4304B9F8BD94FA54
:10FFB000A4F0B0FA80F006FA00F3072824EA03045C
:10FFC0000BDD0C490C4840F2F3130C4A0AF0D1FB4C
:10FFD00040F2F31109480AF0C3FB094B82009F501D
:10FFE0002B68002BE1D0A9689847DEE700A002400B
:10FFF0004C090120FE620300091903005F6403003D
:020000040002F8
:1000000000A10240044AD2F80834DB07FBD50160A6
:10001000BFF35F8F704700BF00900340B0F5801FB3
:1000200008B50BD31049114840F20713104A0AF0E3
:10003000A0FB40F207110E480AF092FBC0F30B033D
:100040007BB902220B4BC3F884254FF0FF320260CC
:10005000D3F80024D207FBD500220748C3F8842533
:1000600008BD0648FCE700BFED6403000919030062
:1000700091640300009003400000AD0B0A00AD0B3B
:10008000B0F5801F38B50BD3104940F29513104AD4
:1000900010480AF06EFB40F295110D480AF060FB23
:1000A00010F0030409D00C494FF4CB73084A0948F7
:1000B0000AF05FFB4FF4CB71EFE70123074DC5F862
:1000C0008435FFF79FFFC5F8844538BD07650300F9
:1000D00091640300091903002165030000900340A7
:1000E00008B50268530904D14FF0FF33D340DB0752
:1000F0000BD40749074840F26933074A0AF039FB35
:1001000040F2693104480AF02BFB044808BD00BFE7
:10011000DA36030009190300A736030000258440DE
:100120000C4B984213D00AD80B4B98420FD00B4B74
:1001300098420CD00A4BC31A584258417047094B99
:10014000984204D0084B984201D0084BF3E70120B5
:10015000704700BF40420F0090D0030020A107006D
:1001600048E8010000093D0000127A0080841E006A
:1001700073B51446421C06460D4615D0012902D11E
:10018000A3B10DF0AAF801A80196FFF7A9FF00EBB3
:100190008600D0F80022074B45EA840413401C4334
:1001A00044EA4504C0F8004202B070BD0DF0A1F869
:1001B000E9E700BFF0F8FCFF2DE9F843574A4B6927
:1001C000054693420C4690F8049024D017D8544A20
:1001D000934200F08B80534A934200F08A80524A47
:1001E000934200F08980514951484FF4B673514A07
:1001F0000AF0BFFA4FF4B6714E480AF0B1FA4E4A0F
:1002000093427CD04D4A93427CD04D4A9342EAD1EE
:100210004FF0005601E04FF080562422DFF8248191
:10022000E07E02FB0983997F60F3000199772B79C7
:10023000217C02FB03839A7F61F341029A77E77E78
:10024000EFB9237E3A46012B94BF002301230121FD
:100250002068FFF78DFF3B463A4601216068FFF7B3
:1002600087FF3B463946A27EA068FFF781FF237CCB
:100270003A460121E06883F00103FFF779FF242368
:1002800003FB0983E2681A62217C9A7F61F34102D1
:100290009A77277FA07C217E637E2A6847B9D4E9BC
:1002A00000C7A468C2F808C5C2F80C75C2F81045AA
:1002B000003B18BF01230229C2F8C005C2F824651B
:1002C00023D0032924D0012901D143F00203C2F82D
:1002D000543524222B79534358F80330DBB1286876
:1002E000BDE8F84340F30730F5F75ABC4FF080669D
:1002F00093E74FF0006690E74FF000768DE74FF000
:1003000080468AE74FF0004687E743F00403DEE7C4
:1003100043F00603DBE7BDE8F88300BF40420F006F
:1003200090D0030020A1070048E80100552E0300EB
:10033000091903004A65030000093D0000127A0014
:1003400080841E0058090120431C13B504460DD0BB
:10035000019001A8FFF7C4FE00EB8400D0F8002252
:10036000034B134043F00203C0F8003202B010BD4B
:10037000F0F8FCFF2DE9F84305461F4659B9164928
:1003800016484FF40A73164A0AF0F3F94FF40A714B
:1003900013480AF0E5F924232E79DFF854905E43E0
:1003A00009EB060494F81C80B8F1000F10D14869DD
:1003B000FFF7B6FE70B1284649F806206760FFF7E0
:1003C000FBFE0123074884F81D802377BDE8F883EE
:1003D0000548FBE70548F9E72D6403000919030008
:1003E0004A6503000000AD0B0C00AD0B0400AD0B23
:1003F000580901202DE9F04124270679214C774343
:10040000E3191B7F05465BB91F49204840F2892349
:100410001F4A0AF0AEF940F289211D480AF0A0F9FE
:10042000006840F30730F5F7C9FBE35953B12B6877
:10043000184A06EBC601C3F80823286804EB8101BB
:100440000CF035FF2B68242505FB0645D3F808057D
:10045000D3F80C75D3F81085AB7FDB070AD4FFF710
:1004600073FF4046FFF770FF3846FFF76DFF286ABD
:10047000FFF76AFF242303FB064400232377BDE82C
:10048000F08100BF580901208665030009190300A7
:100490004A650300520108002DE9FF47242307792C
:1004A0007A4E824603FB07631B7F0D4690465BB97D
:1004B00077494FF45773774A77480AF05AF94FF45F
:1004C000577174480AF04CF90B685BB94B684BB133
:1004D000724940F25D336F4A6F480AF04AF940F2C0
:1004E0005D31EEE7D5E9022352B95BB16C4940F2C8
:1004F0005E33684A68480AF03CF940F25E31E0E752
:100500005B0B02D16B685B0B09D0664940F25F332D
:10051000604A61480AF02DF940F25F31D1E718F0E6
:1005200008090FD0242303FB07631B6A013309D09A
:100530005D4940F26233574A57480AF01AF940F2CF
:100540006231BEE724237B43F218517F002940F03B
:100550009A80F35823B118F0140F04BF0123537786
:10056000242495E80F0004FB076404F10C0C8CE8CC
:100570000F00206A421C04D0A37F9B071AD50CF001
:10058000ACFE2B68DAF8004023B103F06043B3F10E
:10059000005F06D1AB6883B103F06043B3F1005F45
:1005A0000BD02423002203FB076340485A7704B092
:1005B000BDE8F0870CF09DFEE3E718F0010318BFDB
:1005C0000123C4F8503518F0020318BF0123EC468C
:1005D000C4F8403595E80F008CE80F00039BC4F881
:1005E0004405C4F84815C4F83425C4F83835002348
:1005F000C4F81831D4F818310723C4F8003524237F
:100600007B43F218B9F1000F1DD10121F05821618F
:1006100058B9D4F81831002BFBD06246402120464F
:100620000CF007FE24237B43F218F35813BB106A27
:10063000451C13D107EBC707204606EB87010CF0DA
:1006400036FE1B48B3E7F358A3B9106A411CF8D033
:10065000937F9A070BD50CF04CFEF2E7937F9B0734
:1006600002D50CF046FEE5E70CF037FEE2E70CF0B1
:1006700034FEE6E7402318F0040F14BFC4F8083333
:10068000C4F80433DDE70B4891E700BF58090120A7
:10069000866503004A65030009190300B26503007B
:1006A000F965030040660300EF6603000A00AD0B26
:1006B0000000AD0B0B00AD0B70B5194D40212A4663
:1006C00018480CF0B6FD48B355F80C3CA5F10C04E5
:1006D0005BB9154915484FF46D73154A0AF049F88E
:1006E0004FF46D7112480AF03BF8206A421C04D0A6
:1006F000A37F9B070FD50CF0FCFD637F1BB10D4959
:1007000008480CF0D4FD002323720B48D4E90031D3
:10071000BDE8704018470CF0E0FDEEE770BD00BF8B
:100720006409012000B00040256703000919030097
:100730004A650300580901206009012038B54409C1
:1007400014D14FF0FF34C440E4070FD50D4C04EB37
:100750008000D0F800520C4C2C4044EA032444EAB8
:10076000820242EA4101C0F8001238BD0749084838
:1007700040F26933074A09F0FCFF40F2693105484D
:1007800009F0EEFF00258440F0F8FCFFDA360300A4
:1007900009190300A736030038B5857B0446C5B99F
:1007A000D0E90003984209D10B490C48F8230C4AC0
:1007B00009F0DFFFF8210A4809F0D2FF06230322DF
:1007C0002946FFF7BBFF0623032229466068FFF78F
:1007D000B5FF012038BD00BF6F6703000919030092
:1007E0003367030010B4CC7B8A6803682CB9D1E965
:1007F0000041C3F80845C3F80C15C3F82425282286
:1008000003795343064AD35833B100685DF8044B6B
:1008100040F30730F5F7C4B95DF8044B704700BFEB
:100820007C090120F8B506460D4659B91849194802
:100830004FF48673184A09F09CFF4FF486711648EE
:1008400009F08EFF28210079144F48433C1894F892
:100850002210C9B93A50A160636084F8251084F869
:100860002410AB7B284684F82730FFF795FF68B14A
:100870006B7B3046294684F82630FFF7B3FF01230F
:10088000074884F82230F8BD0648FCE70648FAE736
:100890002D64030009190300336703007C0901205C
:1008A0000000AD0B0C00AD0B0400AD0B282108B50A
:1008B0000D4B027901FB023393F82220012A0BD061
:1008C0000A490B4840F28F130A4A09F052FF40F2DE
:1008D0008F11084809F044FF06210268C2F800158C
:1008E000022283F8222008BD7C09012096670300BC
:1008F0000919030033670300282108B5134B027957
:1009000001FB023393F822205AB91149114840F2F1
:100910009B13114A09F02DFF40F29B110E4809F07C
:100920001FFF0021996002680C48C2F80803D2F842
:10093000000220F4BC50C2F80002C2F800150122E7
:1009400083F8241083F8222008BD00BF7C09012011
:1009500086650300091903003367030002029C0146
:100960002DE9F84F03790E4617463BB94B68B3F5AE
:10097000005F03D28B68B3F5005F0BD3AA4940F246
:100980007623AA4AAA4809F0F4FE40F27621A74845
:1009900009F0E6FEA74D95F82230022B09D0A649B2
:1009A00040F27D23A14AA24809F0E3FE40F27D21F6
:1009B000EDE72B68C3B90B78022B09D19F494FF49F
:1009C00020739A4A9A4809F0D4FE4FF42071DEE76A
:1009D000032B09D19A4940F28123944A944809F0A3
:1009E000C8FE40F28121D2E70023046885F8233055
:1009F000736833B1F36803F06043B3F1005F40F014
:100A000091813378023B012B06D8336903F06043B0
:100A1000B3F1005F40F086818A4BC4F8083395F843
:100A2000243003F0FF013BB1AB68DFF82882C4F843
:100A300004334046BDE8F88F17F0140F0CBF0123B4
:100A4000002385F824303378C7F3001E85F8203062
:100A5000737807F0080985F82130F268EA60736856
:100A60002B61D6F810C0C5F814C0B06885F825E031
:100A7000A861EF6196F801E0C4F888E5C4F8601158
:100A8000D4F860E1C4F84811D4F848E1C4F824115E
:100A9000D4F824E1C4F80411D4F8041117F00101CA
:100AA00018BF0121C4F8501517F0020118BF012129
:100AB000C4F840153178032900F2B080DFE801F076
:100AC00091A78102F80609D55F4940F2F913574A08
:100AD000574809F04EFE40F2F91158E7B9F1000FFE
:100AE00009D05A494FF4FD73504A514809F041FE6C
:100AF0004FF4FD714BE7790709D5554940F2FB13D7
:100B00004A4A4B4809F035FE40F2FB113FE74FF4EB
:100B10008071C4F80012C4F84425C4F84835012394
:100B2000A3604FF4801120460CF031FC0028F8D16E
:100B3000D5E90523C4F84425C4F848354FF480238B
:100B4000AB60DFF814812A68B9F1000F40F0C08073
:100B50003378032B00F0BC80012B40F085802360AC
:100B60009AB92A69002A5CD04FF0010BDFF8ECA09B
:100B7000DFF8EC90514620460CF009FC830548BF95
:100B8000C4F814B010EA090FF4D072682B68002A78
:100B900040F09E80002B00F09F8001236361790765
:100BA00044BF0023AB607A065EBFAB6843F002032C
:100BB000AB60AB6843F40073AB60AB68C4F804335C
:100BC00037E7C4F84425C4F848354FF48453C4F8D3
:100BD00034C5C4F83805C4F8003201232362022367
:100BE000AEE7C4F84425BA06C4F848354BBF4FF405
:100BF00080734FF40073C4F80032C4F800324CBF65
:100C00004FF480230223AB600123236299E7C4F8E9
:100C10003425C4F838354FF48053DCE7DFF84480DE
:100C200091E76361A0E700BFC0670300336703007B
:100C3000091903007C0901207D6F0300A66F0300E2
:100C4000F66F030002029C01467003005C70030013
:100C5000727003000B00AD0B0000AD0B020204002C
:100C6000020004000400AD0B0123A360002A8CD114
:100C70002A692AB3DFF8C4A0DFF8C4B019EA0A0F62
:100C800083D1594620460CF082FB10F4007F814648
:100C9000F4D04FF0807120460CF079FBD4F800328C
:100CA00080B113F4007103D101228946226262618E
:100CB000D805E3D54FF4802120460CF068FB04E012
:100CC0006361D7E70123236263614FF00009D5E731
:100CD0002B68002B7FF463AF0022D4F8C434C4F82F
:100CE000C43485F824208BB1104A114913F0010F48
:100CF00014BF90468846013213F0020F18BF904689
:100D000013F0040F0B4B18BF984692E67B063FF595
:100D100090AE204608490CF0F8FA054B002808BFB1
:100D2000984686E6DFF81C8083E600BF0000AE0B25
:100D30000100AD0B0200AE0B7C0901200200040093
:100D4000020204000A00AD0B70B5644C86B0236843
:100D50005BB96349634840F2C223634A09F009FD65
:100D600040F2C221604809F0FBFC604D0221284698
:100D70000CF00DFB4FF40071064628460CF007FB03
:100D8000D8B1E6B9A3684FF08071C5F808330223E3
:100D9000A360A3682846C5F804330CF0F8FA18B12C
:100DA000D5F800329B0503D40122504B1A625A61D8
:100DB000012384F8233006B070BD002E58D0E569B9
:100DC0006E060AD494F823303BB9444947480CF0E6
:100DD0009CFA80F0010084F8230015F0040525D169
:100DE000424B94F82520C3F86051D3F86011C3F842
:100DF0005C51D3F85C1112B194F823205AB100224F
:100E0000C3F80022A2603A4AC3F808234FF4806274
:100E1000384BC3F88021238CADF80430E368049389
:100E20002369029363690593A36903932F4AD2F858
:100E3000C4349807C2F8C4344AD459074AD4DA07EC
:100E40004AD494F823309B00DBB28DF8003094F83C
:100E500025300BB984F82430E3695B0703D594F897
:100E60002330002BA7D0D4E9003168469847A2E789
:100E70004FF4802128460CF08AFA94F82030ABB960
:100E800094F8253053B94FF48062C5F80032A3605E
:100E9000174BC5F80833174BC3F8802100238DF892
:100EA000043094F821308DF80530B7E74FF4007323
:100EB000C5F8003240F20223A36003F1CE73C5F8F7
:100EC0000833A368C5F804330123AB602B6272E7D3
:100ED0000123BAE70223B8E70323B6E77C09012020
:100EE00025670300091903003367030000A00040D1
:100EF00002029C0100E100E008B50268530904D138
:100F00004FF0FF33D340DB070BD40749074840F2CB
:100F10006933074A09F02DFC40F26931044809F0B1
:100F20001FFC044808BD00BFDA360300091903009E
:100F3000A7360300002584402DE9F3410C46054601
:100F40000CF04FFA20460CF04CFA01A80195FFF77F
:100F5000D3FF40F20D6600EB8500D0F80032274F3A
:100F600001943B403343C0F8003201A8FFF7C4FFAF
:100F700000EB8400D0F800323B4033430127C0F837
:100F8000003204200CF06CF8092607FA04F8AF4090
:100F900001A80194FFF7B0FF036918EA030F11D10C
:100FA00001A80195FFF7A8FFC76004200CF058F8CE
:100FB00028460CF016FA013E04200CF051F816F009
:100FC000FF06E5D101A80194FFF796FFC0F80C8059
:100FD00004200CF045F820460CF003FA04200CF035
:100FE0003FF801A80194FFF787FF03690448E34035
:100FF00003F00103C01A02B0BDE8F081F0F8FCFF75
:101000000100AD0B70B503680446033BDBB2052B52
:1010100003D8094A52F823502DB9A06858B1BDE849
:10102000704000F01DB80CF044FA21682B46BDE872
:101030007040090C184770BDF80D0300014B5B6947
:10104000184700BF2CC90020014B1B68184700BF80
:101050002CC90020014B5B68184700BF2CC9002039
:10106000014B1B69184700BF2CC90020014B9B682E
:10107000184700BF2CC90020014B9B69184700BFCF
:101080002CC90020014BDB69184700BF2CC9002088
:10109000014B1B6A184700BF2CC90020014B5B6A3B
:1010A000184700BF2CC90020014B1B68D868704747
:1010B000A4090120002230B50B4B19680C6894423A
:1010C0000FD001EBC2039D68A8420BD14FF0030281
:1010D0000433D3E8CF1F002903D1C3E8C02F002871
:1010E000F7D130BD0132EAE7BC0901202DE9F0411A
:1010F000002406460F462046DFF854803368A3429A
:1011000001D8BDE8F08106EBC4056B68DBB2012BAA
:1011100016D16A68B8F80030B3EB124F10D1022F25
:10112000A8680FD1FFF76EFF01206B6823F0FF0363
:1011300043F003036B60B8F800300133A8F80030C7
:101140000134DBE70168090C0CF059F9ECE700BF4A
:101150001A0E012010B5074C02216068FFF7C6FF88
:101160000028F9D101212068FFF7C0FF0028F3D142
:1011700010BD00BFC409012070B5072860D8DFE8A2
:1011800000F00B5F475F435F3C0401F06BFE032000
:10119000BDE87040F9F7A4B903202A4BD3F81446F0
:1011A000D3F81866284B1D781870EDB201F020FEB8
:1011B000012D10D1254B264A9C4212D0230C1B0432
:1011C000B3F1886F0DD0A4F58033203B022B0FD9EB
:1011D0006FF0040313603146C4F30B0001F0FCFD13
:1011E00000E014601B4B1868F9F77EF80020CFE789
:1011F000194931F913301360F4E70024124B2046EB
:101200001C7001F0F5FDEDE7FFF7A4FF0220BFE73A
:101210000D4B1A78012AD0B20ED1104A1168104A2B
:101220008C6854604968116002221A7001F0E0FD78
:10123000084B1868F9F758F8FFF78CFF0120A7E76B
:1012400070BD00BF00A002409717012001005005AB
:10125000C0090120AC090120CA160300A809012019
:10126000C40901200A23F7B54FF47A750C4E0D4FCF
:101270000193316838680CF0F7F8044640B90BF078
:1012800094F940B9012001A9F8F712FF6E30F0D1AE
:10129000204603B0F0BD019868430BF06CF9E8E715
:1012A000B0090120B8090120054B1B782BB9054B6B
:1012B0001968054B18680CF0D7B80020704700BFBC
:1012C00096170120B4090120BC09012070B5164B06
:1012D00042681B6822F0FF0242F00202C31A426019
:1012E0001248134A0168C3F38913D2E8DF4F651C23
:1012F000C2E8D65F002EF8D101EBC3014A6892B272
:1013000042EA04424A600268032002EBC3025368C7
:1013100023F0FF0343F0010353600BF02CF901228B
:10132000044BDA6070BD00BFB4090120BC09012084
:101330001C0E012000A002402DE9F04F95B038228C
:101340000021064603A80EF04BFA0223049308235B
:1013500006932023089304230D93102340250F9315
:1013600080230122CDE91153D523002157480B9248
:101370001393F8F785FF0546002840F0A480024645
:1013800053493079FEF722FD03A8FEF747FD346884
:101390006268B2F59D6F40F093806169E3680B4429
:1013A000E16903F59D630B44B3F5003F00F28880CB
:1013B000206829460EF014FA33681C68D3F81C9094
:1013C00004F1E802009204F53A72019204F1600718
:1013D000404A04F1A40804F1200BB9F1000F59D1DF
:1013E000C2F800B000254FF0010A2570657084F83E
:1013F00002A0E570336840461B69636033685B692F
:10140000C4F814B0A360344BC4F81890C3F800803B
:10141000324BE7601F600823C4F8108084F8A430C2
:1014200088F8015088F8025088F8035084F860303A
:101430007D70BD70FD700BF0FAFF38460BF0F7FFC2
:10144000019A274B31681A60009A264B264E1A6083
:10145000264B1960264B2749C3F81046C3F814568B
:10146000254B264C1D80264B86F800A01D80254B61
:10147000029525601D611B690293029B134B18683E
:10148000F8F758FF98B103236FF073043370FEF739
:1014900005FD11E09B6904F1400963643368484627
:1014A000DB69C2F800B0236401F0B8FC9AE7246855
:1014B000002CECD1144B1C70204615B0BDE8F08F09
:1014C0006FF01504E3E76FF02D04F5E7AC09012098
:1014D00079110200A8090120BC090120B8090120E6
:1014E000B4090120B009012097170120A4090120A7
:1014F00000A00240F04902001C0E0120C00901209A
:101500001A0E0120005600409617012070B5164BA8
:1015100042681B6822F0FF0242F00102C31A4260D7
:101520001248134A0168C3F38913D2E8DF4F651CE0
:10153000C2E8D65F002EF8D101EBC3014A6892B22F
:1015400042EA04424A600268032002EBC302536885
:1015500023F0FF0343F0010353600BF00CF801226A
:10156000044B5A6070BD00BFB0090120B8090120CA
:101570001C0E012000A0024010B5FFF773FE0124ED
:1015800000220321047081704270C270FFF7BEFF19
:10159000054B1C700BF05EFFBDE81040034B47F29B
:1015A00030511868F8F7C6BE96170120AC09012023
:1015B00038B50A4B04461B78022BDDB20DD1FFF77C
:1015C00051FE50B10022012184600170427085708B
:1015D000C270BDE83840FFF799BF38BD97170120AA
:1015E000034A126812B1002800DB1047704700BFA1
:1015F000D80901202DE9F743002581460F46104800
:10160000294690461E46019307F0BEF9041E11DBE1
:10161000013420460BF076FFC9F8000068B133466C
:1016200042462146019607F0AFF928463C6003B0D8
:10163000BDE8F0836FF01500F9E76FF00B00F6E7F7
:101640008805030010B50E4B04461B68A3B1EEF7E6
:1016500078FE082810D9237A3F2B0DD0094908229B
:1016600020460DF0E6FD014630B904F108000A22DB
:10167000BDE8104005F082BF4FF0FF3010BD00BF45
:10168000D8090120887003002DE9F34105460020A8
:10169000174688461E460BF00EFF024640B915B1AC
:1016A00028460BF031FF6FF00B0002B0BDE8F0816F
:1016B0006FF0580300240373042305600E4D03727A
:1016C00044738473C47344728472C472C0F8048017
:1016D000394603202C700BF00AFF4FF0FF330193C3
:1016E0002B78B34201D10020DFE7022001A9F8F7EF
:1016F000DFFC0028F4D0D8E798170120F8B505469C
:1017000000240F4F57F8046B284631460DF0DCFDDE
:1017100028B90134042CF5D14FF480300DE06CB1C0
:10172000A31E012BF8D83046EEF70BFE0A2200214B
:10173000284405F01DFE40EA0440F8BD2046FCE7C1
:10174000100E0300014B186000207047DC090120D7
:10175000014B1860704700BFD80901200FB42DE974
:10176000FF410A9C01F04AFB00284AD0002C4BD0D4
:10177000284E294F31683868F8F772FE002846D1A4
:10178000264D31682868F8F7D5FD002836D1224665
:101790000BAB03A902A80193FFF72CFF044658B135
:1017A0002868F8F7A1FD3868F8F734FE204604B041
:1017B000BDE8F04104B07047029C2046FFF742FFAD
:1017C00002230646012220460399FFF75DFF0446E7
:1017D0000028E5D1DFF84880D8F80000FFF78EFF39
:1017E0000446D8F800000BF089FE2868F8F77CFD65
:1017F000002CD8D13046FFF7F3FED4E76FF00A048F
:10180000D1E74FF0FF34D1E76FF00D04CEE76FF072
:101810000A04CBE7F0090120E8090120EC090120C6
:10182000E00901200CB42DE9F04F89B080460F4645
:10183000129C01F0E3FA002800F0A280B8F1000F3A
:1018400000F0A180002C00F09E80002F00F09E8010
:10185000514DDFF854B12968DBF80000F8F700FEBD
:10186000002840F096804D4E29683068F8F762FDF8
:10187000002840F08280224613AB07A906A80593F2
:10188000FFF7B8FE044618B13068F8F72DFD23E0E5
:10189000DDE906930193424B1D68002D39D00C22DF
:1018A0008246404B1B6802FB03530293029B9D42FE
:1018B0001CD1BAF1000F2CD03068F8F715FD4A465C
:1018C00039464046D047044618B94046FFF716FF50
:1018D000044648460BF018FEDBF80000F8F79AFDC6
:1018E000204609B0BDE8F04F02B07047AB68A34294
:1018F0000DD9019A48469A4228BF1A46296803938F
:101900000DF097FC18B9039BD5F804A01C460C35C4
:10191000CCE74846FFF796FE0223054601224846DB
:101920000199FFF7B1FE04460028ADD1DFF87C90A5
:101930004046D9E9004ABA455246214628BF3A46B0
:101940000DF041FFBA45204607D90BF0D7FD3068AE
:10195000F8F7CAFC6FF00604BEE7FFF7CFFE0446B7
:10196000D9F800000BF0CAFD3068F8F7BDFC002C78
:10197000B2D12846FFF734FEAEE76FF00A04ABE7BA
:101980004FF0FF34ACE76FF00D04A9E76FF01504DA
:10199000A6E76FF00A04A3E7F0090120EC09012093
:1019A000D0090120CC090120E8090120E00901202B
:1019B0000EB42DE9F343DDF82480814601F01EFAD0
:1019C00000285DD0B9F1000F5DD0B8F1000F5AD0FA
:1019D000304C314F21683868F8F742FD002855D166
:1019E0002E4E21683068F8F7A5FC002845D14846FE
:1019F000EEF7A7FC451C28460BF084FD044668B9A9
:101A00003068F8F771FC6FF00B043868F8F702FDE6
:101A1000204602B0BDE8F04303B0704749462A466D
:101A20000DF036FC2046FFF70DFE02238146012211
:101A300020462946FFF728FE0446306814B1F8F71F
:101A400053FCE2E7F8F750FCB9F1000F144D06DB48
:101A50002868FFF753FE10B94846FFF7C1FD0AAAF0
:101A600041462868019206F0B7FF041E286808BFA7
:101A70006FF04C040BF042FDC7E76FF00A04C4E7B7
:101A80004FF0FF34C4E76FF00D04C1E76FF00A04B4
:101A9000BEE700BFF0090120E8090120EC090120A0
:101AA000E009012038B5C3680446A72B01D020689F
:101AB00010E0032907D0042926D0022902D10122EF
:101AC000154B1A7038BD144B00681A78022A05D1DC
:101AD0000028F7D0BDE838400BF010BD0F4D2A6844
:101AE00062B12B689847002320682B600BF006FD3D
:101AF0000B4B1868BDE83840F8F7F6BB094A106090
:101B0000616851600222DCE7074B1B68002BCED0D6
:101B100000689847CBE700BF98170120D40901203F
:101B2000EC090120E0090120DC090120012210B5A7
:101B300011460B48F8F7A4FB70B90A48F8F73AFCCD
:101B4000014648B94FF0FF32074B1A60BDE810401C
:101B500001230522FFF798BD6FF02D0010BD00BFD7
:101B6000EC090120E8090120F009012010B400F17E
:101B70001C03D3E8EF2F511EC3E8E41F002CF8D15B
:101B8000012A0DDC084BD0E8EF2FC0E8E13F002927
:101B9000F9D1642200215DF8044B04300DF020BE21
:101BA0005DF8044B704700BF1EF1010010B5002422
:101BB0000A4B4FF45072214609481C700DF010FE7C
:101BC00021462246064B074801310829C3E9000295
:101BD0009A6003F16803F7D110BD00BF9917012087
:101BE000F40901201EF10100164830B50022034619
:101BF0004FF0FF34144DD0E8EF1FA94204D1C0E8E4
:101C0000EC4FBCF1000FF6D10CBF0121002112D125
:101C1000682101FB023301220C49DA61097893F84B
:101C2000202061F3451283F820200222A3F84820E7
:101C300083F84A2030BD0132082A00F16800DAD169
:101C40000846F7E7F40901201EF101009917012069
:101C500030B5024600236825054905FB03F46018EA
:101C60000C59944203D00133082BF6D1002030BD2B
:101C7000F409012010B5044604300BF039FE606C05
:101C800008B1F8F751FC064BD4E8EF2FC4E8E13F68
:101C90000029F9D12046BDE81040FFF767BF00BF1B
:101CA0001EF1ADDE70B50825064C074E2368B34221
:101CB00002D02046FFF7DEFF013D04F16804F5D1B4
:101CC00070BD00BFF40901201EF101002DE9F843A9
:101CD0000F4C06460025A0464FF068090D4B0E4FED
:101CE00018702368BB420CD009FB058393F82020B1
:101CF00066F3451283F82020A36B13B120460BF046
:101D000065FC0135082D04F16804EAD1BDE8F883CB
:101D1000F4090120991701201EF10100112806DCA9
:101D200000280DDB084BC34003F001007047B0F5FD
:101D3000817F07D040F21113C31A584258417047AF
:101D4000002070470120704741000200034B0268E9
:101D50005A6082699A6042691A607047340D0120A6
:101D6000012208B511460448F8F78AFA002818BF7E
:101D70006FF02D0008BD00BF400D01202DE9F04F90
:101D800085B082460F4616461D4601F037F828B941
:101D90000120F8F755FA6FF00A041CE05AEA07032D
:101DA00000F050811EB3336823F4A05323F00203E4
:101DB000002B40F04A81706838B9B06878B10BF0F8
:101DC0003AFD60B96FF0060405E00BF02EFD002827
:101DD000F3D16FF00504204605B0BDE8F08FF06840
:101DE00028B1B1680BF03BFD08B96B20D1E79A4BE5
:101DF0004FF47A611868F8F79DFA0446002840F01D
:101E00002781002F64D0F6B1336803F4A053B3F5F3
:101E1000805F18D13368DB0445D44FF0FF3770681A
:101E200008B100F093FD8D4B8D4A1860B368002B0C
:101E300008BF01231360F3688A4A002B08BF0623FA
:101E4000136033681CE00A220021384605F096FB37
:101E50004FF6FE73421E9A4200F2F180824A03025C
:101E600043EA10231380002ED4D1002301217B4AA2
:101E70004FF0FF3713607A4A11600621794A1160EA
:101E8000DFF8F4815046C8F80030BAF1000F65D190
:101E90000BF011FB064600BB6FF009046E4B18688F
:101EA000F8F722FA97E73A2138460DF0B5F900B174
:101EB000471C38466D490DF007FA0A2228B1002167
:101EC000033005F055FA0746A9E701463846F8E71A
:101ED000654B1880002EC8D09FE707615F4BDFF885
:101EE00080B11B68DFF87CA1B361DBF800303246BB
:101EF000F361DAF8003047F20D013362D8F80030B0
:101F0000042073610BF0F3FA4FF0FF33584F594E32
:101F100003933E603868B04231D0002840F08B8097
:101F20002020D7F80490F8F7F7FA286070B109F18B
:101F300018034D4A009318461288B9F814100BF094
:101F4000EBFA064638BB2868F8F7EEFA6FF009049A
:101F500078680028A2D00BF0D1FA9FE7EEF7F1F9EC
:101F60000BF0A9FA0646002896D007615046EEF716
:101F7000E8F95146024630680DF025FCAEE7022034
:101F800003A9F8F795F80028C4D06E20F8F758F99F
:101F90006FF00A0482E7D9F808102A6801290AD0EC
:101FA00002291FD01046F8F7BFFA3046F8F7BCFAFE
:101FB0006FF00504CCE708211161D8F8001011F08A
:101FC000020136D00192B9F816000130F8F7A4FAF0
:101FD000019A90612A68906930B91046F8F7A4FA1E
:101FE0003046B1E71621E7E7B9F81410009BB9F8BD
:101FF00016200B4419460DF0E6FB00202968B9F8BD
:102000001620896988542A680092D9F808000CF0D3
:1020100037F9009A2B685060DBF800205E619A6007
:10202000DAF80020DA60D8F800201A600022DA61BD
:102030008EE79161E7E70CF069F9044688E76FF0F5
:1020400007042BE76FF00104C5E64FF0FF34C2E64A
:102050006FF00204BFE600BF400D01204C0D0120CF
:10206000480D0120440D01201E0E0120A97003001F
:10207000340D0120EEC100BC500D0120F8B548F22E
:102080000F03994205460E4640D022D848F20D0370
:10209000994233D048F20E03994233D00069FFF7DA
:1020A000D7FD044610B3B6F5004F1FD9A6F500467C
:1020B000013E0B2E1AD8DFE816F0AE00E800B6009D
:1020C000B600B6003A013A01B600C4001900190082
:1020D0000B0149F2040399421CD0B1F5104F3FD9CE
:1020E000C068FFF7B5FD0446002848D128680028DD
:1020F00000F02D81BDE8F8400BF000BABDE8F840D3
:10210000FFF724BEBDE8F8400BF013BCBDE8F84073
:102110000BF0FCBB0369082B00F21981DFE813F018
:102120001000160009000E00160017011701180014
:102130001E000020BDE8F840FFF7C8BD0120F9E708
:102140000021E868BDE8F8400BF033BB0121F8E757
:102150000021E868BDE8F8400BF037BB0121F8E743
:102160000069FFF775FD04460028BFD048F28103DF
:102170009E42BBD10146284600F038FB56E049F2AA
:1021800002039E4200F0CD8037D80BF09AFA074642
:10219000E0B91020F8F7C0F90646B8B13946102268
:1021A0000DF01EFB2B6873606B683381698A002910
:1021B00000F0C8802A8A05F114000BF0ADF9F06038
:1021C000002840F0BF803046F8F7AEF928680BF0E1
:1021D00095F920460BF037FA58B120460BF071FA0A
:1021E00038B994F8203043F0800384F820300C2371
:1021F000A36120460BF02CFA18E049F203039E423B
:102200003DD049F282039E427FF470AF01462846DA
:1022100000F004FB0AE06B692BB928460CF090F83B
:10222000AA6943681A6028460CF08CF820460BF027
:1022300058FA002800F08B802046BDE8F8400BF0EB
:10224000C5B990F8203043F0010380F820300BF03E
:102250001FFA18B13E4B1868F8F746F894F820308A
:10226000204623F00A0384F820300BF03AFA10B12C
:1022700020460BF0ABF92046FFF7FCFCD3E72869BA
:1022800069280BD16823A361D0E790F82030EE686D
:102290006FF3410380F82030686918B100F06AFBE1
:1022A000A061C3E720460BF0DDF928B994F820308F
:1022B00043F0040384F8203020460BF0D3F90028C3
:1022C000B4D0002EB2D00021204600F0C5FAADE710
:1022D0006B69F3B928460CF033F8AA6943681A60B1
:1022E000426892F8203043F0040382F820304368BB
:1022F00022691A61436862695A6183684BB105F1CA
:10230000180205F1300152F8040B8A4243F8040B1D
:10231000F9D194F82230002B85D0013B84F822308B
:1023200081E790F82230013380F822307EE728469A
:102330000CF006F86B6913B9AB69436073E74FF0B3
:10234000FF33FAE7314620460BF05DF96EE7F8BD42
:10235000540D012030B585B00546FFF779FC0446E1
:1023600028B90920F7F76CFF4FF0FF300EE000F0BE
:1023700045FD68B920460BF08BF918B10D4B186874
:10238000F7F7B2FF2046FFF775FC002005B030BD1F
:1023900000200BF090F8014608B96920E2E70561DA
:1023A00001AA47F2090000F0FDFA0028EDD0162836
:1023B000EBD0D7E7540D01202DE9F04385B08146DD
:1023C000884615461C460C9FFFF742FC40B9092081
:1023D000F7F736FF4FF0FF33184605B0BDE8F0833E
:1023E00014B90FB11620F3E7B8F1290F00F0ED8012
:1023F0000CDCB8F1010F12D0B8F1060F00F0E1804B
:10240000B8F1000F00F0DF806D20E1E7B8F58D7FB7
:1024100000F08880B8F5007FF6D11E2D08E03D2D34
:10242000F2DC202D0EDC142D4ED0152D53D0022DB4
:10243000EAD138460BF03FF80646002840F0C78046
:102440006920C5E7A5F121031C2BDDD801A252F8B4
:1024500023F000BF332402003324020009240200C9
:1024600009240200092402000924020009240200B0
:102470003324020009240200092402000924020076
:102480000924020009240200092402000924020090
:102490000924020009240200F3240200FB240200A4
:1024A000FF24020003250200132502000924020074
:1024B0000924020009240200092402000924020060
:1024C000E5240200172502003A46214605B0BDE882
:1024D000F0430BF03BBF3A46214605B0BDE8F04360
:1024E0000BF042BF3A46214605B0BDE8F0430BF081
:1024F00049BF01230422019305E00223FAE70323E5
:10250000F8E7042201920DEB02010BF05BFF03469A
:1025100062E70523EEE73A46214605B0BDE8F04301
:102520000BF050BF6B1E112B3FF66EAF01A252F89D
:1025300023F000BF8B250200B525020033240200E2
:1025400009240200A72502007D25020009240200BB
:1025500009240200092402000924020009240200BF
:1025600099250200332402003324020033240200A0
:102570000924020033240200332402003A46214693
:1025800005B0BDE8F0430BF040BF3A46214605B028
:10259000BDE8F0430BF04DBF3A46214605B0BDE81B
:1025A000F0430BF05BBF3A46214605B0BDE8F0436F
:1025B0000BF066BF3A46214605B0BDE8F0430BF08C
:1025C0006EBF372D34E71F2D32E7202D30E7002373
:1025D0000822437202728372C372C0F810904046A0
:1025E0000BF077FE7061284600F0B8F9B06124B1B5
:1025F0003A46214630680DF0E6F8314647F20300CE
:10260000776001AA00F0CEF9034600283FF4E4AE5B
:10261000DEE600BF2DE9F04385B0814688461746C7
:102620001D460C9EFFF714FB40B90920F7F708FE82
:102630004FF0FF37384605B0BDE8F08305B10EB95D
:102640000E20F3E7B8F1290F00F08F800CDCB8F111
:10265000010F11D0B8F1060F00F08380B8F1000F20
:1026600000F081806D20E1E7B8F58D7F2AD0B8F5C4
:10267000007FF7D11E2F0EE0152F1CD00ADC042F8F
:1026800012D0142FEED13246294605B0BDE8F043F2
:102690000BF03CBF212FE5D130680AF00CFF044657
:1026A000002864D16920C1E73246294605B0BDE85B
:1026B000F0430BF01BBF3246294605B0BDE8F0439E
:1026C0000BF033BF7A1E122ACCD801A151F822F0A8
:1026D000472702005527020099260200992602008A
:1026E000392702001D270200652602006526020028
:1026F0006526020065260200652602002B270200DF
:1027000065260200992602009926020099260200F9
:1027100065260200652602009926020032462946F7
:1027200005B0BDE8F0430BF00FBF3246294605B0B7
:10273000BDE8F0430BF01ABF3246294605B0BDE8AC
:10274000F0430BF025BF3246294605B0BDE8F04303
:102750000BF030BF3246294605B0BDE8F0430BF020
:102760003BBF372F97E71F2F95E7202F93E70023D5
:102770000822437202728372C372C0F810904046FE
:102780000BF0A7FD6061384600F0E8F82146A06133
:1027900001AA47F20400D4F8008000F003F90746CC
:1027A00020B140460AF0B0FE38463FE76268336821
:1027B00041469A4228BF1A46284632600DF003F877
:1027C00040460AF0A1FE35E708B5FFF7EFF9FFF73D
:1027D000C7FA40B9012204481146F7F751FD002815
:1027E00018BF6FF02D0008BD540D012010B54369CE
:1027F0000C467BB191F820306FF3C30381F8203091
:10280000406900F0B7F8044BA061BDE810401868BB
:10281000F7F76ABD10BD00BF540D012010B591F847
:1028200020300C466FF3C30381F82030006960B993
:10283000DBB223F0140343F0140381F82030054B7E
:10284000BDE810401868F7F74FBD00F093F8A0619D
:10285000F5E700BF540D01202DE9F341DFF8E880D2
:102860000546D8F800000191F7F764FD074650B11E
:10287000019B002B65D11023AB614FF0FF37384629
:1028800002B0BDE8F081686CA8B1EDF75AFD461CB6
:1028900030460AF010FE044678B928460AF0FDFEDC
:1028A00008B16923AB61D8F80000F7F71DFD692076
:1028B000F7F7C6FCE1E73E46EAE72B68042203612E
:1028C0000023027243728372C37295F84B2005F1A4
:1028D000480101329200826014300CF074FFF6B1AE
:1028E0003246696C20680CF0D3FC666095F82030A5
:1028F000042043F00803224647F2810185F8203086
:102900000AF0F5FD28460AF0C8FE0028B7D128468F
:102910000AF0BEFE40B9A8690028B0D0C8E726700A
:102920006670A670E670E0E7022001A9F7F7C0FB29
:1029300010F10B0F05D00028E9D00028B8BF4042A5
:10294000B6E77420B4E700BF540D012003289CBFF4
:10295000014B1856704700BFAD7003000238352890
:102960009ABF034B53F820004FF0FF30704700BF71
:10297000F80F030070289ABF024B53F8200002485A
:10298000704700BF340E0300ADBAADBA0138042859
:102990009ABF034B53F820004FF0FF30704700BF41
:1029A000200E03004FF0FF3337B50D4DCA601446BB
:1029B00015600A460146042001930AF098FD20683C
:1029C000A84202D0FFF7D6FF08E0022001A9F7F7DE
:1029D0006FFB0028F3D00028B8BF404203B030BDE1
:1029E000EEC100BC2DE9F041056807460C463DB13B
:1029F00001F47043B3F5005F04D1404BC3E9001507
:102A0000BDE8F0813E4E336863B144F20402914266
:102A100064D00CD844F2020399424ED044F203032E
:102A2000994253D03868BDE8F0410AF067BD44F2DE
:102A3000012221F4807393420FD044F20313994290
:102A4000F0D1304C206808B10AF058FD01222E4B1D
:102A50001A7025600420336826E0DFF8BC80D8F8BF
:102A6000000008B10AF04AFD44F201339C420CBF59
:102A70000322022295F85170244B254C1A70C8F895
:102A8000005017F008053368227810D01AB90520D5
:102A900098470123237007F04107012F02D102203C
:102AA0003368984701203368BDE8F0411847002A91
:102AB000F1D0062098472570EDE7164C206808B144
:102AC0000AF01CFD032033682560EDE70D4C2068FB
:102AD00008B10AF013FD00220B4BB9E72A78032A4C
:102AE000A0D8DFE802F0020507090720984799E718
:102AF0000820FBE70920F9E70A20F7E7680D012025
:102B0000580D01205C0D01209A1701209B17012010
:102B10009C170120600D0120640D012008B50023E1
:102B2000094A0A4813700A4A13700A4A13700A4A7B
:102B300013700A4A136001221146F7F7A1FB00281F
:102B400018BF6FF02D0008BD9C170120700D0120EB
:102B50009E1701209D1701209B170120580D012071
:102B600010B50B4C206818B10AF0C8FC0023236094
:102B7000084C206818B10AF0C1FC00232360064C01
:102B8000206818B10AF0BAFC00232360002010BDB1
:102B9000640D0120600D01205C0D012030B4074B55
:102BA0001C6844B143688589A4460268C1899BB208
:102BB000E8B230BC604730BC704700BF740D0120E4
:102BC00037B50125074C4FF4FA70656109F0D3FC65
:102BD000002363610193256123690193019B03B085
:102BE00030BD00BF0056004030B50D4D89B0036ABE
:102BF00003AC01908DF808300FCD0FC42B6801A8ED
:102C000023600AF008FC40B9044603AD55F8043BC4
:102C1000984710B90134052CF8D109B030BD00BF78
:102C200058050300034BD3E8EF2FC3E8E10F002959
:102C3000F9D17047780D012038B50546002850D0ED
:102C4000436A002B50D0836A002B4DD00124294BBE
:102C5000D3E8EF2F002A03D1C3E8E14F0029F7D1D1
:102C600045D1686A00F0B2F8F7F772FC224BC82031
:102C70009C6609F080FC2846FFF7B6FF044640B981
:102C800001221D4B0220DA66FFF7CCFF002420460C
:102C900038BDFFF795FF002C11DBAB6A2046984743
:102CA000164B9C421AD013DCA4F18864033C012C1F
:102CB00011D82846FFF798FF04460028E0D00122EB
:102CC0000D4BDA66F7F75CFC0020FFF7ABFFDEE7A1
:102CD0000B4B9C42EDD06FF00404F0E76FF00A0458
:102CE000EDE76FF00D04D2E76FF01504CFE74FF07A
:102CF000FF34CCE7780D012000500040050040046F
:102D00000100500530B52D4B87B01A68022A05D056
:102D1000032A43D04FF0FF3007B030BD0422D3E880
:102D2000EF1F022903D1C3E8E02F0028F7D1F1D12A
:102D3000234D0DEB02040FCD0FC42B6801AD2360B2
:102D4000002455F8043B01349847052CF9D10AF0CA
:102D500064FB00F05BF850B1002000F049F8FFF789
:102D60002FFFF7F70DFC0020FFF75CFFD4E7154BB2
:102D7000D3F8F030DB070DD50A2009F0FEFBEEE7B3
:102D80000A2009F0FAFBD5F84034012BE7D1013CC9
:102D9000F6D1E4E741F2C1240B4DF4E70422D3E875
:102DA000EF1F032903D1C3E8E02F0028F7D1B1D1E9
:102DB000002000F01DF80AF020FBD0E7780D01207C
:102DC0006C05030000ED00E000500040014B18606E
:102DD000704700BF7C0D012007B5044BCDE9000111
:102DE0001B686846984703B05DF804FB7C0D012022
:102DF000014B1870704700BF9F170120024B1878D5
:102E0000431E5842584170479F170120024B1878C3
:102E1000C31E5842584170479F1701200021074B9D
:102E200001221970064B1970064B1960064B196088
:102E3000064B18600648F7F723BA00BFA017012019
:102E4000A1170120840D0120880D0120980D01207B
:102E5000800D0120024B186808B1F7F745BA70479A
:102E6000800D012070B4284B1B68196958691A7CC1
:102E700000221A745C7C5A749C7C9A74DC7CDA7430
:102E80001C7D1A755C7D5A759C7D03299A75DC7DC5
:102E9000DA7529D0042929D001290FD185681B4E64
:102EA000954210D11A7A012100221972597A5A7268
:102EB000997A9A72DA7A6FF05F02DA72144B70BC08
:102EC0001868F7F711BA911C00EB81014C68217862
:102ED000622907D0633918BF0121490046F8214013
:102EE0000132DDE70121F9E7187ADEE7187A197275
:102EF000597A5A72997A9A72DA7A6FF05F02DA72B4
:102F00000122044B1A70D9E7980D01208C0D012085
:102F1000800D0120A117012008B50A4A0A4B9342EF
:102F20000ED90A4917230A4A0A4807F022FC0A4820
:102F300007F01FFC1721064807F012FC1433EEE7D8
:102F4000FCD308BDB0FD020098FC0200D470030061
:102F5000B170030009190300F11F030010B5044606
:102F6000F0F764FF03480121034A08F073F9204693
:102F70000BF099FBB0000300EC7003002DE9F8435F
:102F800004460D4600AFEFF31188202383F3128827
:102F9000BFF36F8F0428314A98BF314BE9468AB09E
:102FA0009668117C98BF53F820306A4688BF2D4B35
:102FB000C2E9073140F201332B4893842B4BC2E91D
:102FC000050442F8103F00234FF431512848F1F72F
:102FD00099F8CD4645B1EB69C3F3080323B101214C
:102FE000244A234808F036F92EB130460BF032FC63
:102FF00008B1037803B92048E9468AB06A461F4BF6
:10300000D061C2E9053640F2013313841C4B42F80B
:10301000103F00234FF411511548F1F773F829467A
:10302000CD462046FFF79AFF042C0CD11549862384
:10303000154A164807F09DFB154807F09AFB8621B4
:10304000114807F08DFB88F31188BFF36F8F30466E
:10305000F2F702FDBD46BDE8F88300BF9C0D0120DC
:10306000D0100300FB700300117103000500000184
:10307000B000030039710300097103005A710300A5
:103080000400000194710300727103000919030028
:10309000B171030038B5094B53F82040013053F8A3
:1030A0002050A54200D838BD636823B120460BF0FC
:1030B00002FB0834F5E723689847FAE7E4100300B9
:1030C000012270B5374B032086B01A70FFF7E2FF7C
:1030D000F2F7D6F80420FFF7DDFF334C334DAC4256
:1030E000264628D932494323324A334807F041FB68
:1030F000324807F03EFB43212E4807F031FB54F8DD
:103100000C3C059354F8103C049354F8143C03937E
:1031100054F8183C029354F81C3C019354F8203C9A
:10312000009354E90A2354E90C0101F0E3F954F83F
:10313000303C5E65D3E7AE4204F13004DFD302F0E9
:1031400059F8194C1E4EAC421FD919496723194A28
:10315000194807F00EFB194807F00BFB6721CBE776
:10316000D4E90A23B3F1FF3F08BFB2F1FF3F05D016
:1031700052EA0301206803D10BF06EFB3034E2E722
:103180003146183002F022FDF8E7E9D302F0A0F84A
:10319000EEF740FF0B4A137B23F00103137306B0D5
:1031A00070BD00BFA2170120B8FF0200E8FF0200B7
:1031B000517203003072030009190300F11F03006C
:1031C000CFE8020078F8002008B50348034A002140
:1031D000121A0BF088FA08BD18CD0020A4170120A0
:1031E000C82370B5134E012203FB0066002386B08E
:1031F000CDE904230F220193CDE9023218234FF4C5
:10320000A0720D4D0D4903FB0055044602FB001151
:103210000B4B3046009501F06DF9737B2C7423F055
:1032200004037373074B013403EBC423EE606B603C
:1032300006B070BDB0F700209C0D0120A85B0120F6
:10324000B1350200A8530120BFB50020FFF722FFCF
:103250002E4B03F5006282F3088883F30A8800246A
:10326000E0232B4D2B4E85F82230EC772C766C76B4
:10327000AC7685F820406B6A274F43F4E0236B62FD
:1032800085F82340F2F740FBF2F78EFD4FF0FF3355
:10329000AB62EB62F2F75EFFF2F7AAFDF0F71EFDFC
:1032A00040F201131D4D2846AB81C5E9194403F0D6
:1032B00029FCB560FFF730FE0120FFF7EBFE02208E
:1032C000174DFFF7E7FE02F07FF8164BB561059347
:1032D000012315494FF48052CDE9034328463B466C
:1032E000CDE90144009401F005F906466A7B2846C1
:1032F00022F004026A7301F095FB2046FFF770FF8D
:103300003A4631462846F2F71FFD00BFA853012078
:1033100000ED00E09C0D0120C130020028FA0020E1
:1033200078F800207E720300E85C012038B50D4C6F
:103330000D4DAC4213D90D4919230D4A0D4807F024
:1033400018FA0D4807F015FA1921094807F008FA8C
:103350002046D4E901120BF0CAF91834E9E7F7D393
:10336000002038BD88CA0020B8CA0020A872030017
:103370008672030009190300F11F03002DE9F04FC5
:10338000064689B09046DDE9122306A899461746FD
:1033900005910BF0B6FADDE90634CDE9023406F109
:1033A0001404EFF31185202383F31288BFF36F8F8A
:1033B000204602F065FB60B98823364A3649374813
:1033C00007F0D7F92146364807F0D3F9882131486C
:1033D00033E0204602F078FBEFF30583FBB94FF0B2
:1033E000200B06F10C0A424630460599EEF7A0FE86
:1033F000034620B32046029302F050FB029B0028B4
:103400003FD140F23113234A2649244807F0B1F94D
:103410002146254807F0ADF940F23111D7E757EAC8
:103420000903DCD021494B23214A1C4807F0A1F9AC
:10343000204807F09EF94B211D4807F091F957EA03
:103440000907D7D0DDE9022306A80BF07EFADDE9F3
:1034500006232946CDE900231746204652469946C1
:1034600001F016FCEFF311858BF31288BFF36F8F19
:10347000204602F005FB00289ED0204602F024FBE7
:10348000B1E785F31188BFF36F8F184609B0BDE827
:10349000F08F00BFD61D0300031E030009190300AF
:1034A000181E03002E1E0300451E0300C1720300F8
:1034B000867203003D300300F8B505460E4600F164
:1034C0001404EFF31187202383F31288BFF36F8F67
:1034D000204602F0D5FA68B988231B4A1B491C48CC
:1034E00007F047F921461B4807F043F988211648A1
:1034F00007F036F9204602F0E7FA28463146EEF7A3
:10350000C9FD05F10C000BF0E6F928B1394620465B
:10351000BDE8F84001F0C2BD204602F0BFFA68B92C
:1035200040F23113084A0C49094807F022F92146B4
:103530000A4807F01EF940F23111D8E787F31188E5
:10354000BFF36F8FF8BD00BFD61D0300031E03003D
:1035500009190300181E03002E1E0300451E030058
:10356000002038B50C4C0D4DAC4213D90C499523B5
:103570000C4A0D4807F0FDF80C4807F0FAF89521C1
:10358000084807F0EDF820460BF0C4F8002802DBED
:103590002034E9E7F7D338BD88CA002088CA002064
:1035A0002C7303000773030009190300F11F0300C4
:1035B00008B50D4B9B6893F90E30002B09DB2024D6
:1035C000EFF3118384F31288BFF36F8F08F03CF898
:1035D000F6E7064906482A23064A07F0CAF82A21D0
:1035E000044807F0BDF800BF9C0D01206A7303007A
:1035F00009190300497303002DE9F743044689467E
:1036000090461E46EFF3058373B152EA06030BD0D2
:103610004A497E234A4A4B4807F0ABF84A4807F02C
:10362000A8F87E21464818E004F10805EFF3118759
:10363000202383F31288BFF36F8F284602F020FA0D
:1036400068B98823414A42493E4807F092F8294622
:10365000404807F08EF888213C4807F081F828465A
:1036600002F032FA626A23699A424FD2204601F090
:10367000E3FB064688B1E2680024494640690CF045
:10368000A2F83046F46701F0CDF93946284601F03A
:1036900005FD204603B0BDE8F083206A63699842C7
:1036A00002D3A369984207D32B499823244A25487B
:1036B00007F05FF89821B5E7E26849460CF083F817
:1036C000236AE26804F128001344A269236293424A
:1036D00008BF63694FF0100108BF2362636A0133BA
:1036E000636203F0F7F80024284602F0D7F900BB24
:1036F00040F23113154A1949124807F03AF82946A1
:10370000174807F036F840F23111A5E758EA0603EA
:103710000CD0144B22469B683946C3F814902846B7
:10372000CDE9008601F0B4FA0446B2E76FF0220456
:10373000DAE787F31188BFF36F8FAAE7C17203003E
:1037400092730300091903003D300300D61D0300E6
:10375000031E0300181E0300B47303002E1E030093
:10376000451E03009C0D01202DE9F3410446174638
:103770001E46EFF3058565B158496F23584A5948ED
:1037800006F0F7FF584806F0F4FF6F21544806F0A2
:10379000E7FFEFF31188202383F31288BFF36F8FC5
:1037A000524802F06DF960B98823514A51494D4899
:1037B00006F0DFFF4D49504806F0DBFF88214C48FA
:1037C000E5E74A4802F080F9E3684C4A9BB1A068FB
:1037D0009168884229D057EA06032ED1434802F067
:1037E0005DF9A0B188F31188BFF36F8F6FF00F0000
:1037F00002B0BDE8F081916891F90E100133E360E9
:1038000093683A482161A36002F048F978B940F220
:103810003113374A3A49334806F0ABFF3349394848
:1038200006F0A7FF40F23111C9E72169E6E788F306
:103830001188BFF36F8F0020DAE791F90E1090F92D
:103840000E306FF07E029942A8BF19469142B8BF70
:1038500011468B4202DD0AF087FF054622464146AB
:10386000CDE90076214801F013FA0028E3D0EFF308
:103870001186202383F31288BFF36F8F1B4802F059
:10388000FFF8002890D0194802F01EF9A068C0B1D6
:10389000236821699C420AD04BB193F90E309942BA
:1038A000A8BF19466FF07E039942B8BF19460AF0C7
:1038B0005BFF30B131460D4801F0F0FB6FF00A00BC
:1038C00096E7002DF6D1094802F0E8F800289ED0CE
:1038D00086F31188BFF36F8FF0E700BF22740300F7
:1038E000007403000919030034740300C40D01209F
:1038F000D61D0300031E0300181E03009C0D0120AB
:103900002E1E0300451E030070B50446EFF3058626
:1039100066B13849D723384A384806F02AFF384874
:1039200006F027FFD721344806F01AFF8368002BE2
:103930005AD0344A9268934259D1C3683BB932494C
:10394000EF232D4A2D4806F014FFEF21EBE7012B62
:1039500003D0013BC360002070BDEFF3118520232D
:1039600083F31288BFF36F8F284802F089F860B99B
:103970008823274A2749214806F0FBFE2349264889
:1039800006F0F7FE88212248CEE7204802F09CF896
:103990002169A0680AF0E8FE204601F04DFAA06017
:1039A00050B190F90E202261C66701F03BF829461C
:1039B000164801F073FBCEE7E060144802F06EF8A1
:1039C00068B940F23113124A14490C4806F0D1FE8E
:1039D0000E49134806F0CDFE40F23111D3E785F3CE
:1039E0001188BFF36F8FB6E76FF01500B4E74FF0A3
:1039F000FF30B1E7227403000074030009190300CB
:103A0000347403009C0D012059740300C40D01207F
:103A1000D61D0300031E0300181E03002E1E030004
:103A2000451E03002DE9F04704460E469046994690
:103A30009DF820A000F10805EFF31187202383F300
:103A40001288BFF36F8F284602F01AF868B98823EE
:103A50003C4A3D493D4806F08CFE29463C4806F06C
:103A600088FE8821374806F07BFE284602F02CF8B5
:103A7000BAF1000F00D0666804F10C0001F0DCF927
:103A800058B10023C0F81480C36700F0CBFF28466C
:103A9000394601F003FB00201EE0B9F1000F2DD0E4
:103AA000082103F035F8C8B9284601F0F7FF68B9D6
:103AB00040F23113234A2749244806F05AFE29468A
:103AC000254806F056FE40F23111CBE787F3118806
:103AD000BFF36F8F6FF00B00BDE8F0870122C0F8D5
:103AE00004800260016801F003015EB922680A43A4
:103AF0000260626820606AB960600BE04046C8F806
:103B00000090EFE73268032A10D80160616839B984
:103B1000C4E90000042104F1140002F0DBFEB6E762
:103B20000A6802F0030202430A60E5E722F003029A
:103B30000A430260326802F0030240EA0203336083
:103B4000E8E700BFD61D0300031E030009190300A8
:103B5000181E03002E1E0300451E03002DE9F74327
:103B6000064690461F4600F10805EFF31189202311
:103B700083F31288BFF36F8F284601F081FF68B985
:103B80008823254A2549264806F0F3FD294625487D
:103B900006F0EFFD8821204806F0E2FD284601F0FE
:103BA00093FF3468FCB12368726823F003039442E6
:103BB00020464FF00101336008BF73600AF0E3FD57
:103BC0000446284601F06AFFE8B940F23113124A70
:103BD0001549134806F0CDFD2946144806F0C9FDE5
:103BE00040F23111D7E758EA0703EAD049462846A0
:103BF000CDE9008706F10C0201F04AF838B90C4B08
:103C00009B685C6903E089F31188BFF36F8F2046DE
:103C100003B0BDE8F08300BFD61D0300031E030000
:103C200009190300181E03002E1E0300451E030081
:103C30009C0D012038B50446EFF31185202383F352
:103C40001288BFF36F8F174801F01AFF68B98823F5
:103C5000154A1649164806F08CFD1249154806F01B
:103C600088FD8821104806F07BFD0E4801F02CFFEE
:103C7000204601F0E1F848B10022C26700F0D2FE10
:103C80002946BDE83840074801F008BAD4E90232B5
:103C90009A4218BF01330221A36004F1100002F020
:103CA00019FEEDE7C80D0120D61D0300031E030019
:103CB00009190300181E0300F7B5044616461D46F1
:103CC000EFF305837BB152EA05030CD02D4988231D
:103CD0002D4A2E4806F04DFD2D4806F04AFD88215C
:103CE000294806F03DFDEFF31187202383F3128866
:103CF000BFF36F8F274801F0C3FE60B98823264ABF
:103D00002649224806F035FD2249254806F031FDB6
:103D100088212148E5E71F4801F0D6FEA368D3B10A
:103D2000013B1C48A36001F0B9FE68B940F23113B1
:103D3000194A1C49154806F01CFD16491A4806F098
:103D400018FD40F23111E4E787F31188BFF36F8F5C
:103D5000002003B0F0BD56EA05030BD10D4801F079
:103D60009DFE0028E2D087F31188BFF36F8F6FF0BC
:103D70000F00EEE722463946CDE90065054800F020
:103D800087FFE6E7907403007074030009190300CD
:103D90003D300300C80D0120D61D0300031E0300A3
:103DA000181E03002E1E0300451E030070B50446B6
:103DB000EFF31185202383F31288BFF36F8F15482B
:103DC00001F05EFE68B98823134A1449144806F0CE
:103DD000D0FC1049134806F0CCFC88210E4806F0B0
:103DE000BFFC0C4801F070FE6FF00A06204601F09F
:103DF00023F818B1C66700F015FEF7E7A0600221AE
:103E000004F1100002F066FD2946BDE8704001484B
:103E100001F044B9C80D0120D61D0300031E0300A4
:103E200009190300181E03001FB5094A02AB92E8E6
:103E300003004FF4006283E80300009305494FF04C
:103E4000FF33054800F074FA002005B05DF804FB6C
:103E500080050300E86C012040F900202DE9F043C3
:103E600005466D4E6D4F85B0EFF31188202383F327
:103E70001288BFF36F8F304601F002FE68B98823C5
:103E8000674A6849684806F074FC6349674806F069
:103E900070FC8821624806F063FC304601F014FE95
:103EA000D5F8C840ACB9022105F1E0000AF092FC57
:103EB000002837D100234FF0FF3202934FF0FF3339
:103EC0004146CDE90023304605F1D00201F0EEFC79
:103ED000CAE7D5F8CC202368944208BFC5F8CC3097
:103EE000C5F8C830D5F8E030304643F00203C5F8D5
:103EF000E030E368D4F8049023F0040343F00103B6
:103F0000E36001F0CBFDB8B940F23113444A4849AF
:103F1000454806F02EFC4049464806F02AFC40F28F
:103F20003111B7E705F1D80400220121204601F044
:103F30005FFC0028F8D1BDE788F31188BFF36F8FCD
:103F4000B9F1000F0AD13C49374840F2AF233B4A50
:103F500006F00FFC40F2AF2138489CE72046C847E6
:103F6000EFF31188202383F31288BFF36F8F30465D
:103F700001F086FD002882D0304601F0A5FDE368FF
:103F8000D90623F0010231D4E260E3689A0716D51E
:103F9000386823F00203E36088B10021036870B140
:103FA0004268944230D1036841BB7A683B608242E8
:103FB00000D17B60002340F8083BFFF73BFED5F8BB
:103FC000E030304623F00203C5F8E030C3F30024AC
:103FD00001F064FD002897D088F31188BFF36F8F3C
:103FE000002C7FF441AF01F0F7F93DE723F0110316
:103FF000E36004F11000FFF71DFEC6E70B607B686D
:10400000834208BF7960D5E723B11A680146184694
:104010001346C4E71A46F9E7D40D0120CC0D012060
:10402000D61D0300031E030009190300181E030018
:104030002E1E0300451E030029750300E7740300CC
:10404000F8B5C36804469A070F46C3F3400639D44F
:104050005B0725D40B680BB983680B60E368DD0749
:1040600021D5A3685BB9284928484FF4AF73284A83
:1040700006F07FFB4FF4AF71254806F071FB022676
:104080003B603D68002D3CD0224B9B68AB420CD07E
:10409000D5F8E030D807C3F3800216D46FF01206CB
:1040A00000233B6027E00126EBE70AF0CAFBD5F8C6
:1040B000E0300028EED1D907C3F3C002EED552B1EB
:1040C0005B0708D46FF00F06EAE7002AFAD1C3F3C2
:1040D000C003002BF6D100232360D5F8CC3063B9A0
:1040E000C5E9324428460AF08FFBE36843F0040335
:1040F000E3603B68A3603046F8BD1C60C5F8CC4067
:10410000F0E76FF01506CBE7087503000919030007
:10411000E77403009C0D012073B50446EFF311858D
:10412000202383F31288BFF36F8F1E4801F0A8FC91
:1041300068B988231C4A1D491D4806F01AFB194915
:104140001C4806F016FB8821174806F009FB1548A5
:1041500001F0BAFC00230321201F0193A4F11006F3
:104160000AF038FB28B1A369304601A90193FFF793
:1041700067FF0C4801F092FC68B940F231130A4A1B
:104180000D490B4806F0F5FA06490C4806F0F1FA1D
:1041900040F23111D8E785F31188BFF36F8F02B079
:1041A00070BD00BFD40D0120D61D0300031E030007
:1041B00009190300181E03002E1E0300451E0300EC
:1041C00038B50446EFF31185202383F31288BFF33B
:1041D0006F8F184801F054FC68B98823164A1749B4
:1041E000174806F0C6FA1349164806F0C2FA8821A5
:1041F000114806F0B5FA0F4801F066FCE4680D4876
:1042000004F01F0401F04AFC68B940F231130A4A75
:104210000D490B4806F0ADFA06490C4806F0A9FA1C
:1042200040F23111E4E785F31188BFF36F8F204628
:1042300038BD00BFD40D0120D61D0300031E0300AE
:1042400009190300181E03002E1E0300451E03005B
:1042500037B50C46019059B928494FF4C273284A22
:10426000284806F086FA4FF4C271254806F078FA1D
:104270004B684BB9244940F28513214A214806F086
:1042800078FA40F28511F0E7EFF31185202383F3EC
:104290001288BFF36F8F1D4801F0F2FB60B98823CD
:1042A0001B4A1C49174806F064FA18491A4806F0D8
:1042B00060FA88211648D9E7144801F005FC204629
:1042C00001A9FFF7BDFE0446104801F0E7FB68B9FD
:1042D00040F231130E4A11490A4806F04AFA0B49D6
:1042E0000F4806F046FA40F23111E3E785F31188F2
:1042F000BFF36F8F204603B030BD00BF8175030050
:10430000E77403000919030023750300D40D01208D
:10431000D61D0300031E0300181E03002E1E0300FB
:10432000451E0300014601480AF075BA40F9002015
:10433000F0B589B004460E9D58B92E4940F2DF23EE
:104340002D4A2E4806F015FA40F2DF212A4806F0E1
:1043500007FA49B92A494FF43873274A274806F023
:1043600008FA4FF43871F1E7D0F8E00010F00100DE
:1043700009D0244940F2E1231F4A204806F0F9F908
:1043800040F2E121E2E7C4E9320004F1D000C4E9DF
:10439000340004F1D800C4E936004DB32879002870
:1043A00040F2011008BF0120C4F8E00000204FF0E7
:1043B000FF364FF0FF37CDE90330CDE90100CDE9FD
:1043C00006672046104B009400F0F8F855B12968B4
:1043D00011B120460AF03BFA6B791BB1237B43F005
:1043E00001032373204609B0BDE8F0400AF034BA57
:1043F0000120D9E740750300E774030009190300A1
:10440000467503004C7503005D3E0200F7B5164685
:104410001D460C46019059B92C492D4840F2F933FC
:104420002C4A06F0A6F940F2F9312A4806F098F92C
:10443000EFF31187202383F31288BFF36F8F264891
:1044400001F01EFB60B98823244A2549204806F064
:1044500090F92149234806F08CF988211F48E5E7A7
:104460001D4801F031FB20460AF0BFF955EA06036A
:1044700016D1204601A9FFF7E3FD0446164801F0D6
:104480000DFBE0B940F23113144A1749104806F009
:1044900070F91149154806F06CF940F23111DDE769
:1044A000E36804F1100043F00803E360019B324627
:1044B000A3620F492B4601F089FB0124DEE787F355
:1044C0001188BFF36F8F204603B0F0BD80750300E5
:1044D00009190300E7740300D40D0120D61D030061
:1044E000031E0300181E03002E1E0300451E0300BA
:1044F000194102002DE9F04385B00F9D04460F2DB0
:104500000E46984637D1274B984538D104F15803C9
:10451000C4E91633109B0027237304230732A573C5
:1045200022F0070506EB0509494663732046C4E9F6
:104530000677A760E773F0F745FF0E9B073020F082
:104540000700E066C4E9196502930D9BA9EB000919
:1045500001930C9B4A460093314643462046F1F7AF
:10456000AFFB114B67659B6803B11B6F4846236720
:1045700005B0BDE8F08305F110031E2BC6D94FF43A
:1045800003730A4A0A490B4806F0F3F829460A4819
:104590006FF00F030E2206F0ECF84FF4037103489E
:1045A00006F0DEF8B13502009C0D01209575030080
:1045B000B87503000919030038760300F0B587B019
:1045C0000446DDE91276EFF3058575B1194940F22D
:1045D0009623194A194806F0CCF8194806F0C9F88C
:1045E00040F29621144806F0BBF80595109D0495FD
:1045F0000F9D03950E9D02950D9D01950C9D0095B7
:10460000FFF778FFB6F1FF3F08BFB7F1FF3F05D0D6
:1046100056EA070305D1204600F086FD204607B084
:10462000F0BD3A463346074904F1180001F0CEFACE
:10463000F4E700BF22740300957503000919030015
:1046400069760300CFE8020038B5144D2B4653F8C5
:104650001C4F9C4200D004B9EC68AB68A8B963B9A0
:104660000F49C8230F4A104806F083F80F4806F098
:1046700080F8C8210B4806F073F85A7BD20604D1A3
:10468000A26912B9DA897F2A05D89C4202D0204655
:1046900001F06AF92346AB6138BD00BF9C0D0120D3
:1046A000BA7603008E760300091903003D3003003B
:1046B00008B590F90D200146002A437B11DA03F07A
:1046C0007F0343730B4B984209D10B490B4880235E
:1046D0000B4A06F04EF88021094806F041F80AF02E
:1046E000BDF8084B9868431A58425841BDE8084045
:1046F000FFF7AABFB0F700200377030009190300F2
:10470000E17603009C0D012008B583685BB90A4976
:104710000A4840F22E230A4A06F02BF840F22E21D6
:10472000074806F01DF80AF099F8437B23F00203CE
:1047300043730023836008BD247703000919030035
:10474000E176030070B590F90D30427B002B38DB29
:10475000D30636D18369002B33D162F07F024273D6
:10476000184A904209D1184918487923184A06F086
:1047700000F87921164805F0F3FF16490A4652F869
:104780001C4F944218BF23460C6A23B9C0E9002489
:10479000206008620CE090F90E5093F90E60B5426B
:1047A0000BD0AE4209DD5A68C0E900321060586093
:1047B0000020BDE87040FFF747BFA342E6D01B686A
:1047C000E3E770BDB0F70020037703000919030089
:1047D000E17603009C0D01202DE9F843171E0E46DB
:1047E00014BF08211021427B044611420FD141EA37
:1047F0000203D20928D14373082937D00120FFF7DB
:1048000023FFBFF35F8F637B23F0600363734D4B24
:104810009B68A3427DD1EFF30583002B79D14A48F1
:1048200001F03CF9002863D140F26B13474A484934
:10483000484805F09EFF4449474805F09AFF40F27A
:104840006B11424805F08CFF03F07F034373434B29
:10485000984208D142498023424A3E4805F089FFE8
:1048600080214048EEE709F0F9FFC5E7A36813B1DE
:104870002046FFF749FF04F1180001F06DFA4FF0F0
:10488000000904F15808A56D454500D065B9DFF869
:10489000B480D8F808309C4213D00120FFF7D4FE32
:1048A0002046F1F72DFAACE72846FFF72DFF05F17A
:1048B000180001F051FA2846C5F87C90FFF742FF36
:1048C000E1E7EFF30583002BE7D00120FFF7BCFE03
:1048D0002046F1F715FA40F20113234DAB81002376
:1048E0002846C5E9193302F00DF9C8F8085088E7E1
:1048F0003046F1F7C7F817B31C4940F2E513194ADF
:10490000144805F036FF1A4805F033FF40F2E51170
:10491000A7E70D4801F0C2F868B940F231130B4A1D
:104920000B490C4805F025FF07490B4805F021FF0E
:1049300040F2311185E786F31188BFF36F8FBDE830
:10494000F88300BF9C0D0120D80D0120D61D030067
:104950002E1E030009190300451E0300B0F70020B6
:1049600003770300E176030028FA00203B77030079
:104970004677030070B590F90D200146002A437B6D
:10498000234C10DA03F07F03A042437309D121497D
:104990008023214A214805F0ECFE80211E4805F0C5
:1049A000DFFE09F05BFF4B7BA14263F07F034B739B
:1049B00007D118497923184A184805F0DAFE7921F9
:1049C000ECE7174A104650F81C3F146A834208BFB0
:1049D000002323B9C1E90004216011620CE091F9C0
:1049E0000E5093F90E60B5420ED0AE420CDD586801
:1049F000C1E90030016059609068BDE87040431A19
:104A000058425841FFF720BE9C42E3D01B68E0E7C4
:104A1000B0F7002003770300E176030009190300D3
:104A20009C0D012038B50446EFF31185202383F354
:104A30001288BFF36F8F174801F022F868B98823F6
:104A4000154A1649164805F094FE1249154805F016
:104A500090FE8821104805F083FE0E4801F034F8DE
:104A60002046FFF76FFE0B4801F018F868B940F2D6
:104A70003113094A0C490A4805F07BFE05490B48E9
:104A800005F077FE40F23111E4E785F31188BFF3BA
:104A90006F8F38BDD80D0120D61D0300031E030003
:104AA00009190300181E03002E1E0300451E0300F3
:104AB00038B50446183001F04FF9EFF31185202383
:104AC00083F31288BFF36F8F1A4800F0D9FF68B9DB
:104AD0008823194A19491A4805F04BFE1549194807
:104AE00005F047FE8821144805F03AFE114800F011
:104AF000EBFF627B12F0100216D00E4800F0CEFFE2
:104B000068B940F231130C4A0F490D4805F031FEE7
:104B100008490E4805F02DFE40F23111E3E785F318
:104B20001188BFF36F8F38BD29462046BDE8384055
:104B3000FFF752BED80D0120D61D0300031E03004F
:104B400009190300181E03002E1E0300451E030052
:104B500038B50446EFF31185202383F31288BFF3A1
:104B60006F8F184800F08CFF68B98823164A1749E0
:104B7000174805F0FEFD1349164805F0FAFD882197
:104B8000114805F0EDFD0F4800F09EFFA36813B13A
:104B90002046FFF7B9FD0B4800F080FF68B940F2EE
:104BA0003113094A0C490A4805F0E3FD05490B4851
:104BB00005F0DFFD40F23111E2E785F31188BFF324
:104BC0006F8F38BDD80D0120D61D0300031E0300D2
:104BD00009190300181E03002E1E0300451E0300C2
:104BE00070B504460D46EFF31186202383F3128837
:104BF000BFF36F8F1F4800F043FF68B988231E4A38
:104C00001E491F4805F0B5FD1A491E4805F0B1FDC3
:104C10008821194805F0A4FD164800F055FF637B74
:104C200013F0280F0CD1A36813B12046FFF76CFDD9
:104C3000637BBDB903F0FB0320466373FFF782FD7E
:104C40000C4800F02BFF80B940F231130A4A0E499C
:104C50000B4805F08EFD07490C4805F08AFD40F22F
:104C60003111D6E703F0EB03E6E786F31188BFF3D3
:104C70006F8F70BDD80D0120D61D0300031E0300E9
:104C800009190300181E03002E1E0300451E030011
:104C90002DE9F047DFF800A1344D1746DDE908980B
:104CA000DAF80820324BA84204460E461A600BD1AF
:104CB0003049314840F2A323304A05F05AFD40F212
:104CC000A3212E4805F04CFDEFF31183202383F33D
:104CD0001288BFF36F8F284600F0D2FE60B9882398
:104CE000274A2849244805F044FD2946264805F06E
:104CF00040FD88212248E5E7284600F0E5FEDAF885
:104D000008503946284609F0B1FDB8F1FF3F08BF09
:104D1000B9F1FF3F06D04A4643461C4905F1180049
:104D200000F054FF204600F0B9FE68B9184940F27F
:104D30006B13134A104805F01CFD2146154805F079
:104D400018FD40F26B11D5E7084800F0A7FE40B906
:104D50000F4940F26B130A4A074805F00AFD034960
:104D6000ECE73046BDE8F047F0F78CBED80D0120E7
:104D7000DC0D01206877030009190300E1760300C8
:104D8000D61D0300031E0300181E0300CFE8020017
:104D90002E1E0300451E03009C0D012070B5054624
:104DA000EFF31186202383F31288BFF36F8F1B4824
:104DB00000F066FE68B98823194A1A491A4805F0B6
:104DC000D8FC1649194805F0D4FC8821144805F090
:104DD000C7FC124800F078FE2C68A54215D014B12B
:104DE0002046FFF791FC0D4800F058FE78B940F2DC
:104DF00031130B4A0E490C4805F0BBFC07490D481E
:104E000005F0B7FC40F23111E0E70024EBE786F350
:104E10001188BFF36F8F204670BD00BFD80D0120F1
:104E2000D61D0300031E030009190300181E03000A
:104E30002E1E0300451E030070B50546EFF31186D4
:104E4000202383F31288BFF36F8F1D4800F018FEF4
:104E500068B988231B4A1C491C4805F08AFC18497C
:104E60001B4805F086FC8821164805F079FC14489B
:104E700000F02AFE2C68A54219D034B12046FFF775
:104E800043FC04F1180000F067FF0D4800F006FE37
:104E900078B940F231130B4A0E490C4805F069FC11
:104EA00007490D4805F065FC40F23111DCE70024AC
:104EB000EBE786F31188BFF36F8F204670BD00BF0C
:104EC000D80D0120D61D0300031E0300091903009D
:104ED000181E03002E1E0300451E030038B50446AD
:104EE000EFF31185202383F31288BFF36F8F1B48E4
:104EF00000F0C6FD68B98823194A1A491A4805F016
:104F000038FC1649194805F034FC8821144805F08E
:104F100027FC124800F0D8FDA36813B12046FFF724
:104F2000F3FB0E4800F0BAFD68B940F231130C4AA9
:104F30000F490D4805F01DFC08490E4805F019FC05
:104F400040F23111E2E785F31188BFF36F8F04F16E
:104F50001800BDE8384000F0FFBE00BFD80D0120AA
:104F6000D61D0300031E030009190300181E0300C9
:104F70002E1E0300451E03002DE9F04104460E4697
:104F8000EFF31188202383F31288BFF36F8F384823
:104F900000F076FD074660B98823364A364937481F
:104FA00005F0E7FB3249364805F0E3FB882131483C
:104FB00015E02F4800F088FD637BDA0611D1A56962
:104FC0007DB903F07F0363732E4B9C421ED12E49A3
:104FD0002A4880232D4A05F0CCFB80212B4805F080
:104FE000BFFB0027A673224800F058FD002837D1E8
:104FF00040F231131F4A2649204805F0BAFB1C49EC
:10500000244805F0B6FB40F23111D0E7204609F004
:1050100025FC637B204A63F07F036373134671B200
:10502000A17353F81C0F984218BF0546106A25B9A2
:10503000C4E90030046014620AE095F90E60B142E0
:105040000AD08E4208DD6B68C4E900531C606C60B6
:105050000120FFF7F9FAC6E7A842E9D02D68E6E794
:1050600088F31188BFF36F8F3846BDE8F08100BF29
:10507000D80D0120D61D0300031E030009190300EB
:10508000181E0300B0F7002003770300E176030049
:105090002E1E0300451E03009C0D012070B5044622
:1050A0000D46F9B9EFF30586E6B91A4B9A699B6884
:1050B0009A4217D000F0F2FC78B940F26B13164A0E
:1050C0001649174805F055FB2146164805F051FBD7
:1050D00040F26B11104805F043FB3046BDE87040CC
:1050E000F0F7D0BC204600F0D9FC68B940F231138B
:1050F000094A0A490A4805F03CFB2146094805F0DF
:1051000038FB40F23111E5E785F31188BFF36F8F6B
:1051100070BD00BF9C0D0120D61D03002E1E030094
:1051200009190300451E030038B50446EFF3118545
:10513000202383F31288BFF36F8F1D4800F0A0FC7B
:1051400068B988231B4A1C491C4805F012FB184902
:105150001B4805F00EFB8821164805F001FB14489A
:1051600000F0B2FC637B5A0716D4114800F096FC9D
:1051700068B940F231130F4A1249104805F0F9FAA4
:105180000B49114805F0F5FA40F23111E4E785F3D7
:105190001188BFF36F8F38BD23F00403204663737B
:1051A000FFF7D0FA2946BDE838400148FFF776BF3F
:1051B000D80D0120D61D0300031E030009190300AA
:1051C000181E03002E1E0300451E0300034648B9A7
:1051D000EFF3058232B9064A91699268914201D093
:1051E000F0F750BC83F31188BFF36F8F704700BF97
:1051F0009C0D012010B5EFF31184202383F3128856
:10520000BFF36F8F264800F03BFC60B98823254A26
:105210002549264805F0ADFA2149254805F0A9FAA7
:105220008821204810E01E4800F04EFCEFF3058373
:1052300063B120498B23204A1C4805F09AFA1F4885
:1052400005F097FA8B211C4805F08AFA1C4B9A68E6
:10525000D37B012B0AD11B498C23174A134805F035
:1052600088FA164805F085FA8C21ECE7013BD373E8
:105270000B4800F013FC68B940F23113094A124997
:105280000A4805F076FA0649104805F072FA40F22D
:105290003111C6E784F31188BFF36F8F10BD00BFD3
:1052A000D80D0120D61D0300031E030009190300B9
:1052B000181E030022740300A17703003D30030091
:1052C0009C0D0120CC7703002E1E0300451E030019
:1052D00038B5EFF31185202484F31288BFF36F8F64
:1052E0002D4800F0CDFB60B988232C4A2C492D486D
:1052F00005F03FFA28492C4805F03BFA8821274859
:1053000013E0254800F0E0FB284B9A68D37B73B983
:10531000274940F23133274A224805F02AFA264825
:1053200005F027FA40F23131224805F019FAEFF37F
:10533000058060B1214940F232331E4A194805F018
:1053400018FA1D4805F015FA40F23231ECE7013346
:10535000D373FFF779F9104800F0A0FB68B940F269
:1053600031130E4A16490F4805F003FA0A49154849
:1053700005F0FFF940F23111C1E785F31188BFF361
:105380006F8FEFF3118084F31288BFF36F8FBDE846
:105390003840FFF71BBF00BFD80D0120D61D03000A
:1053A000031E030009190300181E03009C0D0120B1
:1053B000FD770300E17603003D3003002274030013
:1053C0002E1E0300451E0300024B03F11C02C3E91D
:1053D000072270479C0D0120F8B5EFF305836BB1F0
:1053E000414940F23643414A414805F0C2F941483B
:1053F00005F0BFF940F236413C4816E0EFF3118565
:10540000202383F31288BFF36F8F3B4800F038FBF3
:1054100068B98823394A3A49354805F0AAF9364926
:10542000384805F0A6F98821344805F099F9324842
:1054300000F04AFB3449354C8868437BA04203F0B6
:105440007F03437307D132498023284A284805F057
:1054500090F98021D0E709F001FA8B685A7BA342CA
:1054600062F07F025A7307D1294979231F4A2048E5
:1054700005F07FF97921BFE7084650F81C2F0C6A28
:10548000824208BF002222B9C3E9000423600B62F4
:105490000CE093F90E6092F90E70BE421BD0B74239
:1054A00019DD5168C3E900210B6053600120FFF74B
:1054B000CBF8114800F0F2FA88B940F26B130F4AAA
:1054C00014490B4805F055F90B49134805F051F9FB
:1054D00040F26B11A8E7A242D6D01268D3E7284663
:1054E000BDE8F840F0F7CEBA22740300E17603007D
:1054F000091903003D300300D80D0120D61D03001B
:10550000031E0300181E03009C0D0120B0F70020AD
:10551000037703002E1E0300451E03002DE9F04112
:1055200005460E46EFF305836BB13F4940F2514308
:105530003E4A3F4805F01DF93E4805F01AF940F291
:1055400051413A4824E050EA010303D1FFF744FFF8
:10555000002067E0821C71F1FF331BDB09F0CBF9FF
:105560002C18EFF31188202383F31288BFF36F8F79
:10557000314800F085FA88B98823304A30492C48F0
:1055800005F0F7F82C492F4805F0F3F888212B484F
:1055900005F0E6F86FF00104241AE2E72A4F2648E6
:1055A00000F092FAB868294B1860FFF781F8B868E4
:1055B0002A4633461830264900F008FBBA681E48D0
:1055C000537B43F01003537300F068FA68B940F25C
:1055D0006B131A4A1F49164805F0CBF816491E48A6
:1055E00005F0C7F840F26B11D1E74046F0F74AFAF0
:1055F000BB685B7BDB060CD5184940F26D430B4A58
:105600000B4805F0B6F80B4805F0B3F840F26D41D1
:1056100097E709F070F9201A63EB0303012873F18F
:10562000000395DBBDE8F08122740300E1760300FE
:10563000091903003D300300D80D0120D61D0300D9
:10564000031E0300181E03009C0D0120DC0D012029
:10565000CFE802002E1E0300451E03002E78030033
:1056600010B5EFF3058474B1134940F27B43134A3C
:10567000134805F07EF8134805F07BF840F27B41B3
:105680000E4805F06DF8B1F1FF3F08BFB0F1FF3FE4
:1056900006D10D4B9868FFF70BFA4FF0FF3010BDA5
:1056A000FFF73CFF4FF47A7247F6FF73C0FB0234FA
:1056B000D80B40EA4440F2E722740300E17603008D
:1056C000091903003D3003009C0D012038B500246A
:1056D0000B494FF400458C462146C0FB05C1002311
:1056E0006046084AE9F728FFC117FFF717FF47F69A
:1056F000FF73044AC0FB0234DB0B43EA444038BD6D
:105700003F420F0040420F00014B9868704700BFB6
:105710009C0D012038B50446EFF31185202383F357
:105720001288BFF36F8F284800F0AAF968B9882360
:10573000264A2749274805F01CF82349264805F042
:1057400018F88821214805F00BF81F4800F0BCF933
:10575000237BDA0724D51C4800F0A0F968B940F291
:1057600031131A4A1D491B4805F003F816491C4815
:1057700004F0FFFF40F23111E4E785F31188BFF335
:105780006F8F4FF4AE63174A1749124804F0F1FFC8
:105790002146164804F0EDFF4FF4AE611148D2E700
:1057A000637B1B0709D5084800F078F90028D6D09C
:1057B00085F31188BFF36F8F38BD29462046BDE8B9
:1057C00038400122FFF708B8D80D0120D61D03008C
:1057D000031E030009190300181E03002E1E0300F8
:1057E000451E0300E1760300552E03006E7803008A
:1057F0002DE9F843064688461746EFF31189202322
:1058000083F31288BFF36F8F214800F039F9054602
:1058100068B988231F4A2049204804F0AAFF1C4980
:105820001F4804F0A6FF88211A4804F099FF184881
:1058300000F04AF93468A6421FD004B32046C4F8E9
:105840007C806761FEF760FF04F1180000F084FAC5
:105850002046FEF777FF0E4800F020F988B940F2A5
:1058600031130C4A0F490D4804F083FF08490E48D4
:1058700004F07FFF40F23111D6E70025EBE7254623
:10588000E9E789F31188BFF36F8F2846BDE8F883F5
:10589000D80D0120D61D0300031E030009190300C3
:1058A000181E03002E1E0300451E0300D3B5DDE9BC
:1058B0000667089CCDE90067FFF7EAF91CB1034BC6
:1058C0009B685B69236002B0D0BD00BF9C0D0120C6
:1058D00008B568B10F4B98420AD303F11802904201
:1058E00006D21822C01AB0FBF2F302FB13034BB12D
:1058F00009490A4838230A4A04F03BFF382108487E
:1059000004F02EFF0122074BC0105843064B1A54D7
:1059100008BD00BFF0FA0020B578030009190300A4
:105920008D780300ABAAAAAAA3170120C3897F2BF5
:1059300012D80A4B1B6863B1094B90F90E201B6803
:105940009A4209DB437BDB0606D1064BC31A18BF1C
:10595000012303F0010070470023FAE7E40D012062
:10596000E00D0120B0F7002070B50E4B0E4C1E7CF0
:10597000054606EB460304EBC304204600F0ECF9B1
:1059800000220A4B28469A55FFF7D0FF48B1084B32
:105990002046BDE870401A680649013AD31700F066
:1059A00015B970BD9C0D0120F0FA0020A31701204D
:1059B000E40D0120D158020038B5EFF31185202302
:1059C00083F31288BFF36F8F234800F059F868B94A
:1059D0008823224A2249234804F0CBFE1E4922484C
:1059E00004F0C7FE88211D4804F0BAFE1A4800F0F2
:1059F0006BF81E4B1E4A9C681068A04213D1FFF73B
:105A0000B3FF154800F04AF808BB40F23113134ABF
:105A10001849144804F0ADFE0F49174804F0A9FED8
:105A200040F23111DFE700211B7C1160134AD35C87
:105A3000002BE6D02046FFF779FF0028E1D0637BFA
:105A4000DB0602D12046FEF795FF2046D7E785F317
:105A50001188BFF36F8F38BDD80D0120D61D03000C
:105A6000031E030009190300181E03009C0D0120EA
:105A7000DC0D01202E1E0300451E0300A31701208C
:105A8000006838B1044B00F003001B7CC01A18BF3B
:105A900001207047012070479C0D012000230268FF
:105AA0000360EFF30581074B19B19968497BC9077A
:105AB00006D4197C98680843831A584258417047A5
:105AC000012070479C0D0120024B1A7C9B681343F8
:105AD000036070479C0D012008B50648064A074937
:105AE000121A08F002FEBDE80840054A05490648BA
:105AF00008F0FBBD80C5002018CD0020EC7E03001F
:105B000000000000D47E030080C50020034B1B680A
:105B10000BB9F4F7DFB90020704700BFE80D012092
:105B200030B570B10B4B5B6898420AD0036843B143
:105B3000D3E90421D0E90445121941EB0501C3E979
:105B40000421D0E9003213605A600023C0E9003319
:105B500030BD00BF54C900200246002070B50A497C
:105B60000B684D688B4208BF0023014603B970BD26
:105B7000D3E90446001941EB06019342F7D09D4258
:105B8000F5D01B68F2E700BF54C9002010B50E4BDA
:105B90001C689C4204D1FFF7B9FF6FF0004010BDB4
:105BA000FFF7B4FF002CF8D0D4E904321B1A62EBE3
:105BB000E072B3F1004F72F10001EEDA002AACBFDF
:105BC00018460020EBE700BF54C90020B3F1FF3FA7
:105BD00008BFB2F1FF3F2DE9F047044692461D464B
:105BE00000F09D80066866B14E496E234E4A4F48CC
:105BF00004F0BFFD4E4804F0BCFD6E214A4804F09D
:105C0000AFFD8160EFF31187202383F31288BFF388
:105C10006F8F4848FFF734FF60B98823464A4749E9
:105C2000424804F0A6FD4349454804F0A2FD8821FE
:105C30004148E4E73F48FFF747FFBAF1FF3F75F1FE
:105C4000FF3323DA6FF001033E49D1E900209B1AAC
:105C50004FF0FF3262EB0000B3EB0A0360EB05008C
:105C6000012B70F1000201DA01233046C4E904304F
:105C7000354B1A68D3F804C09A4218BF164686B945
:105C8000C4E9003CCCF800405C601CE0FFF73EFF3C
:105C90001AF1010845F1000518EB000345EBE0702F
:105CA000E4E7D6E90415D4E904208A4270EB050E36
:105CB00028DA891A726865EB0005C6E90415C4E99B
:105CC0000062146074601A689A4209D0944207D145
:105CD0001E4B1C6824B9FFF759FF2146F4F7D4F88E
:105CE0001448FFF7DBFEB0B940F23113124A1849ED
:105CF0000E4804F03EFD0F49164804F03AFD40F20C
:105D0000311195E7521A60EB05006645C4E904209D
:105D1000B6D03668B3E787F31188BFF36F8FBDE85D
:105D2000F08700BF8A7A0300667A0300091903002E
:105D30003D300300EC0D0120D61D0300031E0300BF
:105D4000181E030008FB002054C90020E80D0120A4
:105D50002E1E0300451E030038B50446EFF31185DF
:105D6000202383F31288BFF36F8F1B48FFF788FE51
:105D700068B98823194A1A491A4804F0FAFC1649E6
:105D8000194804F0F6FC8821144804F0E9FC124894
:105D9000FFF79AFE2368ABB12046FFF7C1FE00244F
:105DA0000D48FFF77BFE80B940F231130B4A0F49D3
:105DB0000C4804F0DEFC08490D4804F0DAFC40F21F
:105DC0003111E1E76FF01504EAE785F31188BFF3BD
:105DD0006F8F204638BD00BFEC0D0120D61D03009B
:105DE000031E030009190300181E03002E1E0300E2
:105DF000451E030070B50546EFF31186202383F39B
:105E00001288BFF36F8F1E48FFF73AFE68B98823E8
:105E10001C4A1D491D4804F0ACFC19491C4804F0FB
:105E2000A8FC8821174804F09BFC1548FFF74CFE9E
:105E30002C68DCB12846FFF78FFE04460D46FFF7BD
:105E400065FE241A65EBE0750D48FFF727FE78B96B
:105E500040F231130B4A0F490C4804F08AFC084900
:105E60000D4804F086FC40F23111DBE72546EBE7F4
:105E700086F31188BFF36F8F2046294670BD00BF9F
:105E8000EC0D0120D61D0300031E030009190300B9
:105E9000181E03002E1E0300451E03002DE9F84FB7
:105EA0000446EFF31187202383F31288BFF36F8F2B
:105EB0004748FFF7E5FD68B98823464A4649474801
:105EC00004F057FC4249464804F053FC88214148FD
:105ED00004F046FCDFF81891DFF818813C48FFF722
:105EE000F3FDC8F80040D9F800404FF0000A4C45D7
:105EF00008BF00244FF0000B3A4ED8F80030D6E926
:105F0000002C002C49D0D4E90451D817AB4270EBD7
:105F1000010E05DAED1A61EB0001C4E904513CE021
:105F2000AA184CEBE5732046C4E904ABC6E900238C
:105F3000FFF7F6FD2648FFF7B1FD68B940F23113CF
:105F4000244A2949254804F014FC2149274804F033
:105F500010FC40F23111BAE787F31188BFF36F8F5D
:105F60002046A3689847EFF31187202383F3128814
:105F7000BFF36F8F1648FFF783FD00289CD01448AD
:105F8000FFF7A2FDD8F80030D9F800405B1B4C4564
:105F9000C8F80030B1D1D6E9002C00249A184CEB97
:105FA000E373C6E90023C8F80040FFF7EFFD214680
:105FB000F3F76AFF0648FFF771FD0028BED087F3AC
:105FC0001188BFF36F8FBDE8F84FFFF7F5BC00BF36
:105FD000EC0D0120D61D0300031E03000919030068
:105FE000181E030008FB00202E1E0300451E0300A0
:105FF00054C90020E80D012070B5EFF3118620236D
:1060000083F31288BFF36F8F1A48FFF739FD68B921
:106010008823194A19491A4804F0ABFB1549194855
:1060200004F0A7FB8821144804F09AFB1148FFF7FD
:106030004BFDFFF76BFD144AD2E90045041945EB0F
:10604000E0750C48FFF72AFD68B940F231130A4A9F
:106050000E490B4804F08DFB06490D4804F089FBFE
:1060600040F23111DFE786F31188BFF36F8F2046CE
:10607000294670BDEC0D0120D61D0300031E030050
:1060800009190300181E030008FB00202E1E030040
:10609000451E0300F8B50446EFF31187202383F370
:1060A0001288BFF36F8F4F48FFF7EAFC68B9882367
:1060B0004D4A4E494E4804F05CFB4A494D4804F0B5
:1060C00058FB8821484804F04BFB4648FFF7FCFC8E
:1060D000226892B14348FFF7E1FC00287CD140F2EE
:1060E0003113414A4449424804F043FB3D49434887
:1060F00004F03FFB40F23111E4E7D4E90A36581CC2
:1061000046F10001022871F1000127D3012B76F13D
:106110000001BCBF012316465D1E46F1FF3608F0A4
:10612000EEFB013041F10001401946EB010101286D
:1061300071F100014BDB08F0E2FB013041F100019D
:106140006FF00102401946EB01034FF0FF31121AC4
:1061500061EB030320462A49FFF738FD236B013327
:106160002363236AD3B11F48FFF798FC0028B6D0F9
:1061700087F31188BFF36F8F2046236A9847EFF3A8
:106180001187202383F31288BFF36F8F1548FFF721
:1061900077FC00288BD01348FFF796FC54F8185F63
:1061A000A54297D0002D95D02846FEF7D1FC0023BC
:1061B0000C48EB67FFF772FC002890D087F311883A
:1061C000BFF36F8F2846BDE8F840FEF72BBC6FF099
:1061D00001024FF0FF33BDE787F31188BFF36F8FE4
:1061E000F8BD00BFF00D0120D61D0300031E030003
:1061F00009190300181E03002E1E0300451E03008C
:10620000956002002DE9F843064614461D46914666
:106210009846EFF31187202383F31288BFF36F8F23
:106220002848FFF72DFC68B98823274A27492848C2
:1062300004F09FFA2349274804F09BFA882122485A
:1062400004F08EFA1F48FFF73FFCB5F1FF3F08BF8F
:10625000B4F1FF3F11D11B48FFF720FC60BB40F2B7
:106260003113194A1C491A4804F083FA15491B488E
:1062700004F07FFA40F23111E1E7631C75F1FF335E
:106280000ADB012C75F100032246BCBF0122002568
:1062900012F1FF3945F1FF383046FFF75DFDDDE9CA
:1062A0000823C6E90A2300234A463363304643469F
:1062B0000B49FFF78BFCCEE787F31188BFF36F8F95
:1062C000BDE8F883F00D0120D61D0300031E030076
:1062D00009190300181E03002E1E0300451E0300AB
:1062E000956002002DE9F843142315460C4600265C
:1062F0004FF0200803FB01004B4F0CB9BDE8F883B9
:1063000010F8073CA0F1140903F03F0340F80C6CAF
:10631000082B42D8DFE803F05525054116414141DD
:10632000330050F8043C002B42D14049B723404A87
:10633000404804F01EFA404804F01BFAB7213C48DC
:1063400004F00EFA50F8043C002B31D13B49BB233A
:10635000374A384804F00DFA394804F00AFABB21EC
:10636000EDE750F8043C1BBB3649BF23304A3148A7
:1063700004F0FFF9344804F0FCF9BF21DFE750F8DE
:10638000043CABB93149C323294A2A4804F0F1F946
:106390002F4804F0EEF9C321D1E72E49D023244A37
:1063A000244804F0E6F92C4804F0E3F9D021C6E7CC
:1063B00050F8143C2BB150F8102C13605A6040E98F
:1063C00005663846FFF76AFB70B940F23113234A7D
:1063D0002349184804F0CDF91349224804F0C9F9BB
:1063E00040F231111D48ABE785F31188BFF36F8F81
:1063F000EFF3118588F31288BFF36F8F3846FFF7EC
:106400003FFB013C58B98823144A1749094804F056
:10641000B0F90549154804F0ACF98821E2E738469F
:10642000FFF752FB484668E7F40D0120CB7A0300E2
:10643000AA7A030009190300E57A0300FA7A030037
:10644000167B0300277B0300447B03005B7B030078
:10645000767B0300552E03008F7B0300D61D0300BF
:106460002E1E0300451E0300031E0300181E03001A
:106470002DE9F74F00261546044637464FF0200A0F
:10648000B146DFF8CC8100910193009B9E4203DB73
:10649000384603B0BDE8F08FEFF3118B8AF3128812
:1064A000BFF36F8F4046FFF7EBFA60B98823654A68
:1064B0006549664804F05DF96549664804F059F994
:1064C0008821604862E04046FFF7FEFA637B03F0F4
:1064D0003F03082B4CD8DFE803F02D3F054B294B39
:1064E0004B4B450023699B6823B30223E268C4F841
:1064F0000890C2F386310B4363F39432E26085F86F
:1065000000904046FFF7CAFA1434002840F0948007
:1065100040F231134B4A50494C4804F02AF94C4997
:106520004E4804F026F940F23111CAE723691B688E
:10653000002B2DD1019B002BE3D12B78002BE0D039
:10654000637B03F03F03082B6BD8DFE803F035498A
:10655000236A386A6A6A590023699B68002BE9D06C
:106560000123C3E723695B6A002BE3D01023BDE757
:1065700064233B4A3B49354804F0FBF8617B3A48C9
:1065800001F03F0104F0F5F86421354804F0E8F823
:106590000423ABE7206950B934498E23304A2B4895
:1065A00004F0E7F8324804F0E4F88E21EDE72A46DB
:1065B0002146103008F012FAA5600137A1E72069E2
:1065C00050B92C499223264A204804F0D2F82A4890
:1065D00004F0CFF89221D8E72A4621461430E9E7A3
:1065E000206950B9254996231D4A184804F0C1F87E
:1065F000234804F0BEF89621C7E72A462146D9E78A
:10660000206950B91F499A23154A104804F0B1F87F
:106610001D4804F0AEF89A21B7E72A4621462830F3
:10662000C8E71049A7230E4A084804F0A2F8174803
:1066300004F09FF8A721A8E78BF31188BFF36F8FB1
:10664000013622E7D61D0300031E030009190300CB
:10665000F40D0120181E03002E1E0300451E03002A
:10666000AA7A0300552E0300A57B0300CB7A030012
:10667000E57A0300FA7A0300167B0300277B030008
:10668000447B03005B7B0300767B03008F7B03006E
:1066900008B562B117492E23174A184804F069F863
:1066A000174804F066F82E21134804F059F83F29E2
:1066B0000AD914493023104A104804F05AF81248F5
:1066C00004F057F83021EFE753B9104931230A4A53
:1066D0000A4804F04EF80E4804F04BF83121E3E785
:1066E00082600902027B01F47C511143C0E903136B
:1066F00008BD00BFC27B0300AA7A0300091903008A
:10670000E27B0300087C03002C7C03003C7C03003C
:106710004F7C03002DE9F04F1E465E4B17469C68E8
:106720000123054685B004F1600284F8603084F8E6
:106730006130EFF3058BBBF1000F0ED056494FF4DB
:106740009573564A564804F014F8564804F011F868
:106750004FF49571514804F003F860B9524940F282
:106760002B134E4A4E4804F004F8504804F001F848
:1067700040F22B11EEE700290CDA4D494FF49673E5
:10678000464A474803F0F5FF4A4803F0F2FF4FF44A
:106790009671DFE757EA06030CBF01230023FFF7DA
:1067A00067FE8046EFF311894FF0200A8AF31288C2
:1067B000BFF36F8F4048FFF763F960B988233F4A02
:1067C0003F49374803F0D5FF3B493E4803F0D1FF2E
:1067D00088213A48BFE73848FFF776F994F86030E7
:1067E0000BBB4A46414628460393FFF77BFD3248E0
:1067F000FFF754F9039B68B940F231132F4A32492D
:10680000274803F0B6FF2C49304803F0B2FF40F2AE
:106810003111DEE789F31188BFF36F8F1C462046E4
:1068200005B0BDE8F08F57EA060384F860B00BD1DD
:106830002148FFF733F90028DED089F31188BFF330
:106840006F8F6FF00A04EAE74946CDE90076204AE7
:106850001948FEF71DFA0446EFF311868AF31288F1
:10686000BFF36F8F1448FFF70BF90028A6D012482A
:10687000FFF72AF9284632464146FFF733FD0E4816
:10688000FFF70CF90028B7D086F31188BFF36F8F9C
:10689000C5E700BF9C0D012022740300AA7A030003
:1068A000091903003D300300697C03007F7C03006D
:1068B0008E7C03009E7C0300F40D0120D61D030096
:1068C000031E0300181E03002E1E0300451E0300B6
:1068D0005CC9002070B504460D46EFF311862023F5
:1068E00083F31288BFF36F8F1C48FFF7C9F868B9AC
:1068F00088231B4A1B491C4803F03BFF17491B48D0
:1069000003F037FF8821164803F02AFF1348FFF7EA
:10691000DBF82068844209D0D0E9003213605A6065
:1069200000232946C0E9003308F089F80B48FFF737
:10693000B5F868B940F23113094A0D490A4803F025
:1069400018FF06490B4803F014FF40F23111DAE753
:1069500086F31188BFF36F8F70BD00BFF40D012067
:10696000D61D0300031E030009190300181E0300AF
:106970002E1E0300451E030070B504460D46EFF3BE
:106980001186202383F31288BFF36F8F2148FFF70E
:1069900077F868B98823204A2049214803F0E9FEA6
:1069A0001C49204803F0E5FE88211B4803F0D8FE6F
:1069B0001848FFF789F801212068E5608442A1604A
:1069C00011D11448FFF76AF8E8B940F23113124ABE
:1069D0001549134803F0CDFE0E49144803F0C9FED3
:1069E00040F23111E1E7D0E9003213605A60002330
:1069F000C0E9003308F023F8314604460548FEF7A5
:106A00004DFB204670BD86F31188BFF36F8F0024C5
:106A1000F7E700BFF40D0120D61D0300031E03009D
:106A200009190300181E03002E1E0300451E030053
:106A300004322DE9734306460D4620D24FF000087C
:106A40004FF0000941F00401CDE90089FCF796FC04
:106A50000446A0B144F8046B95B16B1E1C420FD0E4
:106A60002523094A09490A4803F083FE21460948BB
:106A70002A4603F07EFE2521034803F071FE002420
:106A8000204602B0BDE87083AB7C0300CF7C0300DE
:106A900009190300017D030003280A4608B501D93E
:106AA00083070CD010494223104A114803F061FEBD
:106AB000104803F05EFE42210C4803F051FE431ED5
:106AC00003420AD00C494623084A094803F051FE04
:106AD0000A4803F04EFE4621EEE70146BDE80840B5
:106AE0000748FFF7A5BF00BF297D0300AB7C03006B
:106AF00009190300667D03003E1B0300591B0300B8
:106B000088CA0020014B0367704700BF88CA002075
:106B100038B504460D4607F094FE20B9064B9B6835
:106B20001B6F0BB938BD054B2A4621461846BDE8F8
:106B30003840FFF77DBF00BF9C0D012088CA0020B0
:106B4000012838BF012010B504462046EFF73EFC6F
:106B500000B110BD00F0C6F840B9042007F0E9FF0D
:106B6000034B044A0449036008F036F88047ECE719
:106B700010110300856B0200FC10030000487047F1
:106B8000937D0300034B10B50446036007F0E7FF55
:106B9000204610BD10110300194A50F8081C536814
:106BA00070B5A0F1080413B16518AB4203D940F8E1
:106BB000043C546070BD5E681FD11B680B4440E903
:106BC0000236F6E71A1D33465E6836B1B542F9D390
:106BD00001BF2E686D6889195D6013681D685E19B4
:106BE000B44217BF5B686D1840F8081C40F8043CBD
:106BF00016BF13681D605C60DCE70432E4E700BF89
:106C0000F80D01200830104A082838BF0820073046
:106C100020F0070352F8040F30B598B101688B4299
:106C200006D8CD1A4468072D05D80160214607E033
:106C3000021D4068F1E7C1184C60C5501068036040
:106C40000830116030BD00BFF80D0120064A8038C1
:106C50009368984205D9D2681344984201D2FFF74D
:106C60009BBFEFF7CDBB00BFF80D01200048704778
:106C7000AF7D0300014BD3E8AF0F704768C9002018
:106C8000014BD3E8AF0F704764C9002038B5002529
:106C9000044640E91E1240F8805CFFF7F1FF44F81B
:106CA000700CFFF7E7FF472344F86C0CA4F1800059
:106CB00004F8583C4E2304F8515C04F8573C552323
:106CC00004F8563C432304F8553C04F8543C2B2369
:106CD00004F8533C04F8523C014B44F8503C38BD96
:106CE0009DEB0200014BD3E8AF0F7047080E012067
:106CF000034B10B50446036000F004F8204610BDB5
:106D000068110300034B10B50446036008F02CF82B
:106D1000204610BDA8110300004870470C0E01204A
:106D2000004870470C0E01202DE9F04F002393B06E
:106D300006460C46079300F003031546012B10D0BE
:106D4000022B03D0002B5DD103075DD529462046D9
:106D5000E9F746FC18B1092013B0BDE8F08F082010
:106D6000FAE7070745D5022306F008060C22284655
:106D70000C941E430CAB009300231946E8F7D8FD92
:106D8000062E43D1D4F83080D4E90A73B8F1000F4D
:106D900000F03F819946002FC0F23E810326002378
:106DA0000DF12C0928460B941A461946CDF800908F
:106DB000E8F7BEFD0023012228461946CDF80090D1
:106DC0000B97E8F7B5FD0F21284608F084F900F08D
:106DD000010000230F2240EA0800CDF80090194678
:106DE0000B902846E8F7A4FD022E00F02F81072023
:106DF000B2E70F6A10460D2108F06DF98742B2D153
:106E00000623B1E7EFF7A0FA0123ADE72846E9F73B
:106E100001FC8146002899D00CAA0146284608F0BA
:106E20002BF99DF844B029460290584608F0F3F833
:106E30000F2103900E90284608F04DF920F001082C
:106E4000029A08F1FF38109F97420DD800270123BE
:106E5000B846F10700F1C580320740F1D780012B19
:106E600040F0CC8007F08CFE9DF845A008AB0020D8
:106E7000514608F0F1F809AB02465146002008F0EF
:106E8000EBF80AAB02465146002008F0E5F80BA9E2
:106E900008F056F80C9B089902460B44434553D81A
:106EA00009990B444345CED9DDE90A30002B3FF464
:106EB0004DAF0D9A03EB020800283BD0013838444F
:106EC000B8F1000F3FF442AF16F0080304933DD031
:106ED000472323704E2363705523A3704323E3702D
:106EE000462323714F2363715223A3710023E3715F
:106EF0000023029309A908F031F80AA9059008F0C7
:106F00002DF8099F002F69D043DDBBF1FF0F3CD066
:106F10000BF00703042B3FF675AF01A252F823F0E4
:106F20008F6F0200056E02005F6F02008F6F02001C
:106F3000876F0200B8F1000F3FF408AFF0073FF58C
:106F400005AF002702262AE73A467CE7E379012BC2
:106F50000CBF54F8203C04F158030793C8E7022201
:106F60000F990BAB584602FB1712039908F00DF866
:106F70000B9931B134B307AB0022204600F070F812
:106F800000B3032365E70822EAE70022E8E70422CA
:106F9000E6E76FF040420F9BD21B03EB820AC4B1BD
:106FA0000499B1B9079BAAF1040A0B935AF8041F7C
:106FB0000029E6D00BAB00225144204600F050F8E7
:106FC0000028F3D00A98002844D0059B03441846B3
:106FD00090E753F82230002BF4D1D2E7012302933B
:106FE000F0E7079E0D21284608F075F8C4F83080B8
:106FF000C4E90806C4E90A790620ADE6002FBFF609
:10700000CDAE07F0C6FD07F04EFF2BE7012B7FF456
:10701000C2AE204608F0E1F80CAA4946284608F01E
:107020002BF829469DF8440007F0F5FFFA430F9B23
:1070300003EB8203002253F8221029B9C4E90A2085
:107040000422C4E90C23A9E60132F4E7204608F043
:1070500071F8CCE6029B002B7FF470AF76E600BFA0
:107060002DE9F3411E46037804460F46472B13D102
:1070700043784E2B10D18378552B0DD1C378432BF9
:107080000AD10379462B07D143794F2B04D1837959
:10709000522B01D1C2793AB3204608F02EF80246AD
:1070A00020B3E37954F8202C012B16BF154652F873
:1070B000785C04F158022B68284601929B68984737
:1070C000B0B1019B02241B6801933B6801AA2946C9
:1070D0003846D3F810800123C04758B1019B336074
:1070E000204602B0BDE8F081034DE4E7034DE2E73E
:1070F0000124EAE70446F3E73011030038110300E6
:107100002DE9F04F85B0024608F04AF850B310461A
:10711000D2F828A052E90653D2E90C46019307F0B1
:10712000C2FE284607F031FD07F0BDFEFFF7F4FD73
:10713000036893F8272003F12009012A1BD11B685B
:10714000002524F0030802932F46574515DB002D38
:1071500034D0042007F0EDFC1A4B1B4A1B49036096
:1071600007F03AFD104607F09EFE07F012FD07F00B
:107170009AFE07F005FD7833E2E7346804B1344441
:1071800002AB002221464846FFF76AFF38B107F0FC
:107190003DFD07F0B1FE07F0AFFE07F0A8FF236842
:1071A00003AA03902046D3F810B001230749D8471B
:1071B00001374644002818BF0546C6E7019807F086
:1071C000D7FC00BF4811030061EB0200241103004B
:1071D000F8B54D4A0C4600234C4DD0E90001E8F7C4
:1071E0005BF9002A4FF4616100F52F20B7BF02F56B
:1071F000A83200F66C2000F66B2002F5C072B2FBDC
:10720000F1F301FB13223C21A360B2FBF1F301FB7C
:1072100013226360C31C2260072293FBF2F2C2EBCD
:10722000C2029B1A52D50733A361A0F50E33A3F512
:107230002C7393FBF5F5364B48F6AC6140F2B4572E
:1072400040F26D1603FB05004FF0050CB0FBF1F1A9
:10725000B0FBF7F30144C91A2E4BB0FBF3F3C91A84
:1072600048F69463B1FBF3F3B1FBF6F2B1FBF7F12F
:1072700003445B1A992106FB123303EB83005E1C67
:107280000230B0FBF1F779430231B1FBFCF1761A21
:1072900040F2F95188424FF4C8708CBF6FF0090179
:1072A000022100FB05253944012998BF0135B3F5BA
:1072B000997F11D3A3F59973A5F26C75E36100234F
:1072C0002046E6602362C4E90415F8BD0028A361E6
:1072D000ABDB90FBF5F5AEE7970710D14FF0640CF0
:1072E00092FBFCF70CFB17275FB992FBF0F700FB52
:1072F0001722B2FA82F252093B331344DCE7002230
:10730000FAE70122F8E700BF80510100B13A02001C
:107310004FC5FDFFB03A02000CB430B589B0054648
:107320000C461C22002101A808F05AFA02230595F8
:107330008DF806300D4B029323462CB1B4F1004F6B
:1073400028BF4FF00043013B1D440DAA0C9901A832
:107350000695009200F012FA14B1059B00221A70F3
:1073600009B0BDE8304002B0704700BFC7F9020065
:10737000242A2DE9F041044601D8012A4CD1364B8C
:10738000162208F047FB1A5001B10C60002738465E
:10739000BDE8F08135462E4616F8010B2028F9D0BD
:1073A000A0F109070346042FF4D92B2836D02D2845
:1073B00037D14FF0010CAE1C6B78302B38D13078C0
:1073C00040F0200078282FD132F010002CD17378B3
:1073D0003446102202360CF1004000270138B0FB81
:1073E000F2FE02FB1E08392B82BF03F1FF3343F08C
:1073F0002003263B303B9A421ED9774502DC03D15D
:10740000984501D24CF0020C354607FB0237344652
:1074100015F8013B2E46E6E70546BCE74FF0000CA9
:10742000C9E74FF0000CC8E7002A08BF0822D2E7DE
:10743000002A08BF0A22CEE701B10C601CF0010F40
:1074400018BF7F421CF0020FA1D0034B2222074637
:1074500008F0E0FA1A509AE70C000000242A2DE9FF
:10746000F84F8046894601D8012A60D1424B162246
:1074700008F0D0FA1A50B9F1000F01D0C9F8008015
:10748000002319461846BDE8F88F31460E4616F817
:10749000013B202BF9D0A3F109001C460428F4D9A4
:1074A0002B2B46D02D2B46D101278E1C4C78302C0F
:1074B00048D1337843F02003782B3ED132F01003CB
:1074C0003BD17478B0461025023617F1FF3B6FF0C0
:1074D00000432A4643F1000A584600235146E8F784
:1074E0002BF800238C461946392C82BF04F1FF3457
:1074F00044F02004263C303CA54228D998427CEB3D
:10750000010E05DB614508BF834203D1A24201D2CF
:1075100047F00207A5FB033EB04605FB01EEE3186A
:107520004EF10001B6461EF8014B7646DCE70146F7
:10753000ACE70027B9E70027B9E7002A14BF1546D2
:107540000825C2E7002A14BF15460A25BDE7B9F190
:10755000000F01D0C9F80080F80702D55B4261EB4B
:107560004101BA078ED5044A222408F053FA5B463B
:107570005146145086E700BF0C000000242AF0B5E5
:10758000044601D8012A40D12E4B162208F042FAB7
:107590001A5001B10C600020F0BD2F463D4615F891
:1075A000010B2028F9D0A0F109060346042EF4D9D6
:1075B0002B282CD02D282CD10126BD1C7B78302BDC
:1075C0002DD1287840F02000782824D132F0100006
:1075D00021D16B782C46102202350020392B82BF36
:1075E00003F1FF3343F02003263B303B9A421AD984
:1075F000A0FB02040CB9C01801D346F002062F46C6
:107600002C4617F8013B3D46E8E70746C6E700264B
:10761000D3E70026D3E7002A08BF0822DDE7002AC7
:1076200008BF0A22D9E701B10C60F20748BF404207
:10763000B307B1D5034B222208F0ECF91A504FF0F2
:10764000FF30A9E70C0000002DE9F04101260746B4
:10765000B24201DCBDE8F0813B461F4613F8014B06
:10766000002CF7D0252CF8D11C780237252CF3D02C
:107670000023DFF804819C461D461F2D18D8A4F175
:10768000200EBEF1100F09D9A4F1300EBEF1090F82
:107690001ED80A24202504FB03E304E028FA0EFE8A
:1076A0001EF0010F06D017F8014B002CE5D128E0A1
:1076B0007F2D1CD8A4F1300EBEF1090FE9D9242C7E
:1076C00010D1BCF1000F46D0B34246D00023EAE708
:1076D00024F0040EBEF12A0FF8D06C2C09D145F02D
:1076E0008005E0E724F0040EBEF12A0FEED06C2CEA
:1076F00022D06C2C1BD8682C23D06A2C28D04C2C80
:1077000026D0BCF1000FA5D0B445A1D144F020078C
:107710000B68A7F1650CBCF1020F01D9612F1ED1D6
:10772000073323F00703083301360B608FE7742C0F
:10773000B9D07A2CB7D0E4E72C0648BF45F40075E1
:10774000CDE7EC0548BF45F4007545F48075AAE720
:1077500045F42075A7E79C46B8E76324D6E7692C73
:1077600002D007D8632C03D02F0601D5AC05D7D49F
:107770000433D9E7732CF6E7892801002DE9F04F8F
:10778000436893B08046019383789807CDE9061249
:1077900016D50B4600250B921F789FB1252F15D0CB
:1077A0000133059341463846019B0135984700282F
:1077B00080F2458498F8023043F0040388F80230E0
:1077C0004FF0FF35284613B0BDE8F08F5F789A1C64
:1077D000252F0592E6D000242646A246A346BBF1FB
:1077E0001F0F32D8A7F12003102B0AD8DFE803F0CF
:1077F0002409092A0909091B090909220927090974
:107800001900A7F13003092B2DD92A2F39D154B9EA
:107810000B9B1BF0400F53F8042B0B9329D01646FB
:1078200001E04BF0010B059B13F8017B0593002F42
:10783000D5D15BE04BF0020B4BF0040BF3E74BF0C0
:10784000080BF0E74BF0100BEDE7BBF17F0F3FD8D3
:10785000A7F13003092BD8D81BF0400F03D00A2220
:1078600002FB0636DFE70A2202FB0A3A4BF0200B46
:10787000D9E7B2F1000AF9DACAF1000A4BF0280B95
:10788000D1E72E2F05D11BF0400F9BD14BF0400BC1
:10789000C9E7242F1CD1002C00F03F81079B1BF06F
:1078A000400F0B930AD152460BA90698FFF7CCFE66
:1078B0000B9B1A1DD3F800A00B92B4E732460BA91C
:1078C0000698FFF7C1FE0B9B1A1D1E680B92AAE7D4
:1078D0006C2F00F00F8100F20681682F00F01281FA
:1078E0006A2F00F017814C2F00F0148134B1079BF0
:1078F00022460BA906980B93FFF7A6FE002E47F031
:107900002003B8BF2BF0400B0293A3F16503BCBF6B
:1079100000261FFA8BFB022B40F20481029B612B95
:1079200040F07282FF431BF0400F0CA84BF4C05490
:1079300007F0200314BF31464FF0FF31A3460493F4
:1079400001270B9B073323F0070303F1080293ED94
:10795000000B0B92049A07F04BFF431C0646DDF820
:107960003090DBB203937023029309F10903122BC9
:107970000CD909F16303C62B40F20D8109F2E733FC
:1079800040F2CE72934294BF032704279DF834201F
:1079900002F00C0312F0010240F018811BF0020FFC
:1079A00040F011811BF0040400F0F780002B40F040
:1079B000108120231BF4405F22D1039A002E02F194
:1079C000480208BF01266A44133A039921B112F80C
:1079D000011D302900F032811BF0100F039A18BFEF
:1079E000324619F1040FC0F22E81B14580F22B818D
:1079F0004A454BF4005B40F3288109F10106961BD0
:107A00001BF40052089200F0228129EAE974013443
:107A100003B10134002E00F02181721C1444A245F0
:107A2000CCBFAAEB040400241BF0090F04D12C44A2
:107A3000A54240F0188100243BB118464146019B05
:107A4000013598470028FFF6B5AE1BF4006F12D041
:107A500041463020019B98470028FFF6ABAE049BBF
:107A600041460235C3F17800019B00F0F8009847C9
:107A70000028FFF69FAE1BF0080F05D12C44AC4246
:107A800040F0FD8025460024089B002B00F0268155
:107A900029EAE97A7642A9EB0A02039B0AF1FF3A46
:107AA0006F1C0292934289BF0CAB3020D3185879D7
:107AB000564500F3ED804146019B9847029A002805
:107AC00002F10102FFF676AEBAF1FF3F09D141465D
:107AD0002E20019B029298470028FFF66BAEAF1C48
:107AE000029A3D46D9E7742F3FF49DAE7A2F3FF4BA
:107AF0009AAEFBE61BF0800F18BF4BF4007B4BF0F7
:107B0000800B90E61BF4807F18BF4BF4007B4BF496
:107B1000807B88E64BF4207B85E626465446B346B8
:107B2000B24680E6FF431BF0400F07F0200308BF7A
:107B3000062604930B9B073323F0070303F1080287
:107B400093ED000B029B0B92652B12D1711C00224E
:107B50004BF4805BC9B2134611290CA84FF0020701
:107B600028BF112100F066FFDDF83090C3B2039307
:107B7000FBE6029B662B05D14BF4005B33460122EA
:107B80001121E9E7F1B20022652001291346029094
:107B900038BF0121E0E70227F8E6002B3FF40AAFE7
:107BA000BAF1030F39DC9DF83430A44E13F0080FFE
:107BB000A34B08BF1E46B1464F4619F8010BA0BBA8
:107BC000AE1B374485E023BB2B23F3E61BBB2D23E1
:107BD000F0E62022BAF1040F12DD1BF0080FAAF123
:107BE00004040ED12C4441462020019B0135029211
:107BF00098470028FFF6DEADA542029AF3D192B174
:107C0000002441461046019B013598470028CADAF6
:107C1000D0E52B22DEE72D22DCE71BF0080FAAF1CE
:107C20000304C0D1DEE71446BDE7049B4146C01AF9
:107C3000019BC0B298470028BEDABBE50399013921
:107C4000C9B20391C1E6561EDAE60026D8E61BF457
:107C5000006F0CBF032405243C44D9E61BF0100F31
:107C600018BF0134DBE609934146019B2020984769
:107C7000002805F10105099BBFF6DAAE9AE54146F9
:107C80003020019B013598470028BFF6F8AE91E5FA
:107C9000D1450AD19DF83530352B1DD805D19DF839
:107CA000343013F0100F08BF31204146019B984734
:107CB0000028FFF67FAD1BF0100F0AD0BAF1FF3F8E
:107CC00007D1AF1C41462E20019B98470028FFF6A4
:107CD00071AD3D463C4436E23120E6E79DF8350083
:107CE000414631281EBF9DF8343023F010038DF833
:107CF0003430019B98470028FFF65CAD002E68DD0C
:107D000041462E20019B98470028FFF653AD4FF0C7
:107D1000010A039B4146D3469A45B7BF0CAB3020BE
:107D200053445879019B98470028FFF643AD0AF168
:107D3000010A5645EDDA02355D44029B4146049A3C
:107D4000981A019BC0B298470028FFF633ADB9F1ED
:107D5000000F04DB4AD19DF83430DB0646D5C9F16B
:107D600000092D204146019B98470028FFF622ADCF
:107D7000042F3DD14FF47A774146019B033599FB9F
:107D8000F7F606F13000C0B298470028FFF612ADB2
:107D900007FB169964274146019B013599FBF7F6CD
:107DA00006F13000C0B298470028FFF603AD07FB8C
:107DB00016990A274146019B013599FBF7F606F112
:107DC0003000C0B298470028FFF6F4AC07FB1699C4
:107DD00014E01BF0100F01D10135AEE741462E2013
:107DE000019B023598470028A7DAE3E42B20B9E786
:107DF000032F05F10205CDD0012FDAD109F13000B2
:107E00006F1C4146C0B25FE7A7F16303122B00F27B
:107E1000FF80DFE813F017005700FD00FD00FD00B4
:107E2000FD005700FD00FD00FD00FD00FD001701F5
:107E3000F800FD00FD002C00FD00B900797E030074
:107E4000422203000B9B01240CAF1A1D1B680B92EE
:107E50008DF830301BF0080F2AD007EB04093E469E
:107E60004E4527D1EF1B3744AAEB040431E70B9BA7
:107E70001A1D0B921F68AA4B002F08BF1F461BF04C
:107E8000400F384614BF31464FF0FF3107F010FA6B
:107E90000446DFE741462020019B98470028FFF673
:107EA00089AC013EB442F5D35544B246AD1BD4E78C
:107EB0005646F7E7414616F8010B019B9847002804
:107EC000CEDA77E41BF0800F0B9B35D01BF4007FDC
:107ED0002DD0073323F0070303F10802D3E9000193
:107EE0000B922BF0100900291FFA89F936DA40426B
:107EF00049F4806961EB41010DF1300B0A235A46C8
:107F000007F0F8F919F0400FA0EB0B0B65D029F042
:107F100001025E4592B240F3B280002F00F0A980CA
:107F200019F010033446914626D002345CE01A1D45
:107F300018680B92C117D4E71A1D1BF4807F1968CB
:107F40000B9201D10846F5E71BF4007F19BF48B238
:107F500041F3C01108B241F3C031C2E750EA010356
:107F6000CAD11BF0400FC7D0002EC5D12BF0110B8A
:107F700034461FFA8BF9B34640F2064319EA03036D
:107F80001CBF013400232FE02BF0100B0A231FFA33
:107F90008BFB1BF080040B9A57D01BF4007115BFAC
:107FA0000732101D22F007020B900FBF106802F17C
:107FB00008010B91D2E9000150EA010252D12BF0E5
:107FC00016091BF0400F1FFA89F94FD0002E4DD132
:107FD0002BF0170B1FFA8BF9B34619F0100352D090
:107FE000002F4ED10BF1010419F0080F5ED119F0EA
:107FF000010F06D0A2456DDDAAEB040404EB0B06CD
:10800000544622464DE04BF0100B10237827C0E772
:10801000029B782B04D1C7F1780343F01003B8E733
:1080200041462520019B98470028FFF6C3AB4146F7
:108030003846019B98470028FFF6BCAB0235059BEC
:10804000FFF7AABB08230027A3E7111D10680B91B7
:108050001BF48071B0D01BF400711ABFC0B221466E
:1080600080B2A9E72BF0060B1FFA8BF90DF1300B4C
:1080700045E729F0110934461FFA89F97CE7914652
:10808000ABE75C4651E75C4676E7CDE90223414623
:108090002020019B98470028FFF68CAB029A039B97
:1080A00001329245F1DC2C1BA5181446EBB1414678
:1080B0003020019B98470028FFF67CAB67B901355B
:1080C0002F462E44F31B5B4521DC5D460CAE4DBBB9
:1080D0005F44C9E65E4694E7023541463846019B57
:1080E00098470028ECDAFFF765BB40F2064319EA2F
:1080F000030FE5D019F0020F05F10105414614BF49
:108100002B20202019F4806F18BF2D20E7E741466F
:108110003020019B013798470028D3DAFFF74ABB8C
:108120007D7E0300013D4146019B705D984700281C
:10813000CDDAFFF73FBB41462020019B0135984730
:108140000028FFF637AB631B002BF4DC77E700BF9A
:108150002DE9F04F002399B0824607920E920F93BB
:1081600004930D4615F8016BAEB1202E17D0A6F181
:108170000903042B13D9252E17D00FA9504607F059
:10818000E0F8031EC0F21181DBB2B3420BD00FAA9C
:10819000514607F0F6F8049819B0BDE8F08F0FA922
:1081A000504607F0F9F82946DBE74E788D1C252E5E
:1081B000E3D02A2E03BFCD1C8E7801240024002793
:1081C000A6F13003DBB2092B19D9A30723D5242E3E
:1081D00023D1079B24F0020400220E93A4B20123B2
:1081E0009F4215DC42B17B1E002F0E9A4FEA83039B
:1081F000D8BF00231A440E9215F8016BDFE744F054
:1082000002040A2215F8016BA4B202FB0737D7E774
:1082100001330122E4E74FF0FF376C2E34D007D84A
:10822000682E23D06A2E3ED04C2E36D026B9B2E727
:10823000742E35D07A2E33D03146984806F0ECFFB4
:108240000028A8D014F001030C9311BF00230E9B4B
:108250001A1D0E9208BF1B686E2E029326D10F9A2C
:1082600000230298009407F076F89CE72E78682E99
:1082700004D044F02004A4B20135D7E744F0300420
:108280006E78A4B20235D1E72E786C2E02D044F07D
:108290000404F0E744F00C04F2E744F00C04A4B248
:1082A00015F8016BC2E744F00804F8E7632E19D112
:1082B00014F0020F08BF01270FA9504607F041F83C
:1082C000002872DB029B13B103F8010B0293013FFC
:1082D000F2D10C9B002B7FF466AF049B0133DBB221
:1082E000049360E75B2E40F082802022002110A8DA
:1082F00007F076FA00224FF0010C1646114614469C
:1083000015F8013B002B4AD05E2B03D1F2B90124B2
:108310000132F5E7A24219DD5D2B1FD02D2B15D1BF
:10832000C1B118A803F00701B34200EBD3000CFA67
:1083300001F110F820EC41EA0E0100F8201C0BD0EE
:1083400034BF013303F1FF33DBB2EAE7002908BF92
:108350001E46E6E70121DBE70021D9E729B19DF8B8
:10836000453043F020038DF845302CBB01240FA984
:10837000504606F0E6FF031E10DBC3F3C401DAB279
:1083800003F007036031694411F8201C41FA03F33C
:10839000DE071BD40FAA514606F0F3FFFCB19AF892
:1083A000023013F00C0F3FF4F6AE049B002B14BF09
:1083B00018464FF0FF30EFE6202310AA1178013B5A
:1083C0006FEA010102F8011BF8D1CFE7029B13B15C
:1083D00003F8012B0293013F4FF00004C7D1029B29
:1083E000002B3FF476AF0023029A137071E70FA9B8
:1083F000504606F0D1FF0028D7DB582E6BD0643EE4
:10840000F3B2142B00F2AD80142E00F2AA80DFE844
:1084100006F00BA8A8A8A841A8A8A8A8A85F62A8C9
:10842000A84EA80BA8A862004FF00A080FA9504652
:1084300006F087FF2B2804D02D280AD144F04004F1
:10844000A4B2013FABD00FA9504606F07AFF002836
:10845000A5DB302867D1B7F1010918D00FA9504624
:1084600006F06FFF002812DB40F0200344F0800488
:10847000782BA4B232D138F0100334D1B7F102090D
:1084800005D00FA9504606F05CFF002852DA0026FE
:1084900037463CE04FF00008C8E700BF847E030089
:1084A000029B13B103F8010B0293013F97D00FA970
:1084B000504606F046FF002891DB202803D0A0F1AB
:1084C0000903042BECD80FAA514606F05AFF86E7A1
:1084D0004FF00808AAE74FF01008A7E7B8F1000F1F
:1084E00008BF4FF00808002637463928034682BFE8
:1084F00000F1FF3343F02003263B303B98451CD866
:108500000FAA514606F03DFF20067FF548AF6106F1
:1085100002D5764267EB470732463B460298009405
:1085200006F019FFD5E6B946B8F1000FDBD14FF0E0
:108530000A08D8E74FF01008D5E7A8FB066244F018
:1085400080049E1908FB0722A4B242F10007B9F18A
:108550000109DCD00FA9504606F0F3FE0028C4DA6A
:10856000D5E70FA9504606F0ECFE03909DF80C30BD
:108570002B2B04D02D2B0DD144F04004A4B2013F8D
:108580003FF40DAF0FA9504606F0DBFE031E039328
:10859000FFF605AF039B43F02003692B28D06E2B19
:1085A00058D04FF000080A234646C146CDE9058859
:1085B000220555D5039A42F02002D2B2A2F1610100
:1085C00005294DD8573AD2B293424EDC039A04F0B3
:1085D000800342F02002782A65D1002B63D056EA4E
:1085E000090360D144F4006B10231FFA8BFB4EE0AB
:1085F000684E4FF00008DFF8A89116F801BBBBF1F8
:10860000000F13D0013FF8D00FA9504606F099FE95
:10861000031E07DB43F020035B45EED00FAA514653
:1086200006F0AFFE5C4B9E427FF4B9AE630606D502
:1086300009F10043CDF828800B93DDE90A89029BFC
:10864000002B3FF446AE14F00C0F00F08981C3E913
:1086500000893EE6514E4FF00008DFF84891CCE724
:10866000039A303AD2B29A426BDA44F0800B14F497
:10867000807F04F400711FFA8BFB3CD00698002A1F
:1086800018BF40F00100069009B908F10108013F48
:108690000D935ED00FA9504606F053FE031E5C46B4
:1086A00003930D9B84DA22067FF579AE14F4006FF4
:1086B000039A14BF7023652342F020029A4240F0CF
:1086C0009480B7F1010B00F092800FA9504606F09C
:1086D00038FE0346C2B22B2A04D02D2A57D144F4C7
:1086E0008064A4B2B7F1020B35D10FAA51461846E7
:1086F00006F047FE7BE009B108F1FF38A3FB0661F5
:10870000961903FB091141F1000956EA0902BED08E
:10871000059A0A2B02F10102059204F00C020BD11A
:10872000002A14BF1022082205999142AFDD44F4BB
:10873000C07B1FFA8BFBAAE7002A14BF0F22072277
:10874000F2E7FE2A7FF442AFA105ACD444F4007BEB
:10875000EFE75C46A7E70FA950460D9306F0F1FD41
:108760000D9B1F460346A3F13002092A1CD951462E
:108770000FAA184606F005FE791C04D00FAA514630
:10878000384606F0FEFD0FAA51460398B0E74FF0B9
:10879000FF37E8E7997E03009C7E0300967E030086
:1087A0000000F07F0000F87F00270A2240F2D3414A
:1087B0008F42DCBFA3F1300102FB0717BBF1010BB5
:1087C00009D00FA9504606F0BCFDA0F130010346C8
:1087D0000A220929EAD96205039348BF7F4220058E
:1087E00048BF4FEA8808B8445F46002FCBD156EA0D
:1087F000090300F0B080210504F00C0240F18A80EA
:10880000002A4FF001005E4912BF352318236FF094
:108810007D015F1CA3F11F02C7F1200C00FA02F2D8
:10882000B84420FA0CFCB84042EA0C02864279EBCC
:10883000020751D30127A3F11E02C3F11E0C981C9D
:1088400007FA02F227FA0CFC07FA00F042EA0C02DF
:10885000864279EB020745D2884543DB069A3243CC
:1088600016464A4606F00300032803D006F0060029
:1088700006280BD1043649F10002B2F5000F21BFE2
:10888000760808F1010846EAC2765208B608C3F134
:108890003500C3F11507153B46EA8276920806FAC1
:1088A00007F726FA03F3824006FA00F03A431A4328
:1088B000334B994225D1B8F5806F5BDAB2F5801F52
:1088C00025D308F2FF3822F4801242EA08530890B8
:1088D0000993DDE90889A9E6B61908F1FF3849EBE3
:1088E0000909A3E7770806F0010608F1010847EA3D
:1088F000C9774FEA59093E43AAE7001808F1FF3843
:108900005241B2F5801F32D218F57F7FF5DA4FF071
:108910000008DAE7059B43446AB113F5A27F1ADD2C
:10892000B3F59B7F26DA424649463046E8F74CFBD2
:1089300059EC108B7AE613F12D0F0CDB272B19DC89
:108940004146304606F06DFD10EE100AE6F70CF9D0
:10895000804689466AE64FF000084FF0000965E658
:1089600040464946E6F73AFC029B1860B1E4B8F588
:10897000806FA6DB4FF00008DFF8089056E600BFD6
:1089800002FCFFFF0000F07FF0B589B005460C4601
:10899000164600211C2201A81F4606F021FF0223D3
:1089A000204605958DF806300A4B02932CB1B4F1A0
:1089B000004F28BF4FF00040013805443A46314689
:1089C00001A80695FEF7DAFE14B1059B00221A7085
:1089D00009B0F0BDC7F9020070B588B006460C4674
:1089E000154600211C2201A806F0FAFE01232A46A2
:1089F00021468DF8063001A8034B05960393FFF737
:108A0000A7FB08B070BD00BFB3F902001FB502ABF1
:108A1000074A00934FF0CC3306F08AFEDDE90201ED
:108A2000C00840EA4170C90805B05DF804FB00BF0A
:108A3000CDCCCCCC2DE9F04F9DB055EC104BCDE911
:108A40000B122A46290D0D93C5F31303D20FC5F35C
:108A50000A5507908DED050A0A9275B922461A4308
:108A60001BD130230126056043710A9B43F00203AA
:108A7000037130461DB0BDE8F08F40F2FF729542A1
:108A80004DD1059A002613430A9B079A14BF43F061
:108A9000080343F004031371EBE7059A4FEA8308D8
:108AA0009A46B14D02F001020992059A48EA92787D
:108AB000970001221646C5F1000B0892584600F0B7
:108AC00017FAB5F1FF3FACBF8146A0F10109ABEB4E
:108AD000090B09EB05035846069300F01DFA18A987
:108AE000A0F17D05584600F037FA14AB089AA9EBBF
:108AF0000505019312AB02925146009318AA2B462A
:108B0000059806F01EFDB9F1010F04460D4600F26E
:108B1000D880099B002B40F0CB8001276FE0059A9D
:108B200043F4801AA5F2354502F001024FEA8A08A3
:108B30000992059A134348EA92784FEA82074BD18B
:108B400040F2FE7319420CBF01260026002D32466A
:108B5000B1DB284600F0C6F90346032DC8BF013B30
:108B60001846069300F0D8F9069B7C3018A95D1BC7
:108B70000544184600F062FA14AB18AA0598019350
:108B800012AB5146029600932B4606F0DAFC069B88
:108B900004460D46152B00F2888016AB734A384602
:108BA000414600934FF0CC3306F0C2FD169B179A56
:108BB0009B0843EA827303EB8303BB42DDE9129A0D
:108BC0000CD13846414600F0AFF9069B83428CBF7A
:108BD00000270127002612E00126B7E7099B002B9A
:108BE00053D1013F48F1FF31B81B61F1000100F0A2
:108BF0009BF9069B099F83428CBF002601260C9B94
:108C0000002B40F09280DDF82CB04FF000084FF0C0
:108C10000A0ACDF82080CDF81480DDE91201FFF7B3
:108C2000F5FE149BCDE90E01184615991093FFF738
:108C3000EDFE0E9B81460F9A98420B46119193418F
:108C400080F08D8020462946FFF7E0FE0AFB09F3FD
:108C5000109AB8F1000F14BF002707F001070AFBB4
:108C600010480D46934214BF002606F001060E9BE5
:108C70005FFA88F8044612930F9BCDE91339119BD4
:108C80001593089B01330893C7E7B81C48F100010E
:108C900000F04AF9069B83428CBF00200120B9EB0B
:108CA00000006AF10002CDE9120200273E46A6E765
:108CB000129B0127139A013B42F1FF32CDE9123298
:108CC00088E7B9F13E0FF0D84FF0FF33A9F120004B
:108CD000C9F1200103FA09F203FA00F023FA01F1C5
:108CE00003FA09F3024327EA03070A4328EA0208C2
:108CF00057EA08070CBF012700276BE700FB02FCBF
:108D00000133A1FB001262448C4275EB020CF5D2D8
:108D1000069A13440D9A13440B9A012BB8BF0123F2
:108D20009A42A8BF1A4693466FE70A210022012300
:108D30000846E9E70AFB03F00131A2FB0A230344DA
:108D4000944275EB0300F5D2594511DDBBF1000FDC
:108D500002D154EA05030BD00123059372E70A22DE
:108D600000230121ECE700BFCCFBFFFFCDCCCCCC36
:108D70007EB34FF00A0A149B159918460F93FFF71C
:108D800045FE0F9B0AFB00F281460E919A4220D1CC
:108D9000B8F1000F14BF002707F00107DDE9120149
:108DA000FFF734FE10900F9120462946FFF72EFE64
:108DB0000F9B0AFB1048109A04460D465FFA88F88C
:108DC0001292CDE913390E9B1593089B013308933A
:108DD000D1E7069B089A13449946002F5BD0B8F15F
:108DE000050F58D114F001034BD1059A32B9DDE9D2
:108DF00014239D4208BF944260D0059B18194FF080
:108E00000A044FF000024FF0010645F1000125462B
:108E1000A04271EB020754D2EBB1B3451BDA0C9BB5
:108E200063B106EB09030D9A1A4422EAE2730B9A26
:108E30009A42A8BF1A46964293460CDD053009F1C6
:108E4000010906F1FF364FF00A024FF0000341F12D
:108E50000001E6F771FB5E450FFA89F9079BA8BF91
:108E60005E4636B2B14406F1050809F1FF37984471
:108E70004FF00009B1452BDB079B0A9A1F601A715E
:108E8000F7E5059B2BB9DDE914239D4208BF944209
:108E900009D00123B2E7059B53B9DDE914239D42B4
:108EA00008BF944204D1099B002BF2D1002EF0D0D0
:108EB000B8F1040F94BF002301239FE74FF004088B
:108EC000F1E705FB02F70136A4FB05423A449FE7B0
:108ED0000A220023E6F730FB303209F1010908F8D5
:108EE000012DC7E7014B5843800C70474134010006
:108EF000014B5843000D7047FB2E0B00014B5843AC
:108F0000C00C70474F931200024B5843C00C013005
:108F1000704700BF4F931200024B5843C00C013002
:108F2000704700BF4F93120070B50346094A0020F6
:108F30004FF0CC364FF0333506FB03F402FB01440F
:108F4000A3FB023121449D4275EB010401D30130A2
:108F5000F2E770BDCDCCCCCC1A232DE9F04FB0FB9D
:108F6000F3FA334E03FB1A0389B004460D4606EBB1
:108F70000A1653B9D6E90023C1E90023D6E9020154
:108F8000C5E9020109B0BDE8F08F2A4A02EBC3032C
:108F9000D3E9008904AB404649460093D6E9022351
:108FA00006F0C6FB06AB83460F4640464946009393
:108FB000D6E9002306F0BCFB00238146DDE906620A
:108FC00016EB0B0652EB070828BF012333B1049BB5
:108FD000059A013342F10002CDE9043220460391A3
:108FE000FFF79AFF07461A2000FB0AF0FFF794FFED
:108FF0003F1A3246434648460399009706F0B3FBB2
:109000000D4A4FEA141C640004F01E0352F82C4071
:10901000DC4004F003042418304641F10001DDE98E
:109020000423C5E900414146009706F09CFBA7E7F1
:109030006806030098050300CC1103002DE9F04FEA
:109040001A2700F11905DFF8E8A089B004460E469A
:10905000B5FBF7F56F434FEA051B0AEB05153A1A06
:109060000AD1D5E90023C1E90023D5E90201C6E907
:10907000020109B0BDE8F08F2B4B03EBC203D3E92B
:10908000008904AB404649460093D5E9022306F027
:109090004FFB5AF80B206B68013ACDE9020106A993
:1090A00063F1000340460091494606F041FB8A46C1
:1090B000029900238146DDE906526D18039952EBAF
:1090C000010828BF012333B1049B059A013342F103
:1090D0000002CDE904323846FFF71EFF074620465E
:1090E000FFF71AFF3F1A2A46434648465146009763
:1090F00006F039FB0D4A4FEA141C640004F01E030D
:1091000052F82C40DC4004F00304013424182846B3
:1091100041F10001DDE90423C6E900414146009721
:1091200006F021FBA3E700BF98050300201203000F
:109130003807030070B555EC104BC5F30A502B46A9
:109140002146A0F2FF32132A1CDC002A07DA002D88
:1091500040DB294342D10B461D460C461EE0214808
:10916000104105EA0006264318D0002DC4BF4FF475
:10917000801141FA02F24FF00001C8BF9B1823EAA8
:109180000003E9E7332A0CDDB2F5806F06D12246F1
:1091900020462946E5F78AFB04460D4645EC104B70
:1091A00070BDA0F213404FF0FF36C6402642F5D006
:1091B000002D02DD142A03D1013321EA0601CBE799
:1091C0000120C2F1340200FA02F21219114628BF3E
:1091D0001B18F2E700214FF00043BDE70021024BCE
:1091E000BAE700BFFFFF0F000000F03F51EC100B8B
:1091F000C1F30A520B4670B5A2F2FF340546132C98
:109200001EDC002C0CDA00293CDA21F0004300229D
:1092100003431E4B08BF4FF000431946104617E0AA
:109220001B4A224101EA0206064311D00029BEBFB3
:109230004FF4801121415B1823EA02030022ECE77E
:10924000332C08DDB4F5806F02D10246E5F72EFB22
:1092500041EC100B70BDA2F213464FF0FF32F2400A
:109260000242F5D000290ADA142C01D1013306E0BC
:10927000C4F134040121A14049190D46F6D225EA72
:109280000202CAE700221346C7E700BF0000F0BF92
:10929000FFFF0F0051EC100B38B5C1F30A53054620
:1092A0000C46A3F2FF33B3F5806F06D102460B469E
:1092B000E5F7FCFA41EC100B38BD002B17DB3F2B18
:1092C0000D4AA8BF3F23B3F12001C3F1200058BFCE
:1092D00042FA01F102FA00F058BF084342FA03F1E2
:1092E00000EA050201EA040343EC102BE4E7002046
:1092F0004FF00041F4E700BF0000F0FF2DE9F84314
:109300002DED028B59EC118BB0EE408AF0EE608AA5
:1093100000F09EFA40B942464B4651EC180BE5F777
:10932000C5FA41EC180B34E049EC108B00F090FAD0
:109330000028F0D0B0EE480AF0EE680A00F088FA93
:10934000012809D1B0EE480AF0EE680ABDEC028BA4
:10935000BDE8F843E8F740BB29F000474D464646D4
:1093600058EA070302D149EC108BEFE718EE90CAD8
:1093700018EE101A2CF000430CF00044BB4210DC35
:1093800007DB414505D315D1744B03EB147393ED03
:10939000008BB0EE480AF0EE680ABDEC028BBDE827
:1093A000F8836F4A0CEA0202002A4FD01815A0F287
:1093B000FF300AE06A4A0CEA0202002AF6D1002BCA
:1093C00044D10A466748002A3DDC654A2A40002A03
:1093D00051D1002F45D1B646A2F21342BEF1000F83
:1093E0003BDCDFF884E1704549DBCCF3130343F445
:1093F0008013DFF874C1624557DBC5F3130545F4EC
:109400008015801A5F1BA1EB060C002862D1B142C7
:1094100038BF07F1FF37002FA4BF61463B4653EA30
:109420000100B1D0B3F5801F6BDB4F4882426EDB89
:10943000A3F5801302F2FF3223430C4643EA0255A0
:1094400045EC184BA5E701385200BCE7DA02464864
:10945000002ABADD01385200FAE7013A4FEA4E0E0F
:10946000BCE74FEAC72E404ABEF1000FB9DD013A12
:109470004FEA4E0EF8E73A15A2F2FF32B1E7AEEB33
:10948000000EBEF11F0F0ADC03FA0EFC00F21E43B1
:1094900021FA03F301FA0EF143EA0C03A9E7334B77
:1094A0001B1A01FA03F30021A3E7ACEB020CBCF199
:1094B0001F0F09DC02F21E4507FA0CF726FA05F524
:1094C00006FA0CF63D439CE7284DAD1A06FA05F561
:1094D000002696E7B14238BF07F1FF37002F05DAC3
:1094E000CF0F490007EB430301388BE757EA0C0322
:1094F0003FF44AAF4FEADC734FEA4C0103EB4703FA
:10950000F2E7C80F013A490000EB43038AE7801AEB
:1095100014280EDC02F21E42C14003FA02F203419B
:109520000A4343EA04011046114B0022E5F774FB9D
:10953000F7E61F2807DC02F21E42C14003FA02F2DE
:109540000A432346EDE7C2F17F4202F57F0202F5AE
:109550007B42E23243FA02F2F3E700BF280803003D
:109560000000F07FEDFBFFFF02FCFFFFE2FBFFFFCF
:109570000000F03F10EE102A22F00043B3F1FF4F3D
:1095800002D930EE000A70474FEAD27105D10029A6
:10959000DFED4D7A00FE270A70474C48824202DD1B
:1095A000002000F0CFB9002A05DA494A934202D9D7
:1095B000002000F0B9B9474AF7EE005A934252D959
:1095C000454A93424FEA810234D8444B1344D3EDC9
:1095D000006A434B70EE666A1344C1F10102D3ED99
:1095E000007A521A36EEE70A20EE007A9FED3D5AD5
:1095F0009FED3D6A17EE056A9FED3C5A06EE075A4D
:109600009FED3B6A15EE076A9FED3A5A06EE075A40
:10961000B0EE406A05EE476AB0EE007A20EE065AD8
:1096200092BB36EE476AC5EE067A37EEC00A35EED3
:10963000C00A7047304BF0EE406A9FED307A134419
:10964000D3ED007A40EE077A9FED2D7AFDEEE77AB2
:1096500017EE902AF8EEE77A47EEC76A9FED297A6F
:1096600067EE877ABEE7B3F1505F0BD29FED267AA3
:1096700030EE077AB4EEE57AF1EE10FA02DD30EE64
:10968000250A70470022AFE737EE467A12F17D0FC8
:10969000B8BF643285EE076A77EEC67A77EEE67A6F
:1096A00075EEE77A17EE903AB5BFDFED187A03EB67
:1096B000C25303EBC25300EE103ABCBF00EE103AA7
:1096C00020EE270A704700BF000000001772B14269
:1096D000B5F1CF421872B13E9115853F7C1203005F
:1096E000741203004CBB31330EEADD3555B38A38B2
:1096F000610B363BABAA2A3E841203003BAAB83F5B
:109700008071313FD1F71737CAF249710000800DDF
:1097100010EE102AF0EE407A08B532F000432DED3D
:10972000028B06D10120BDEC028BBDE8084000F0A1
:1097300017B9002A05DABDEC028BBDE8084000F03D
:109740001DB9B2F1FF4F04DB30EE000ABDEC028B15
:1097500008BDB2F5000FBBBF9FED157A6FF0180181
:10976000002160EE077AB8BF17EE902AD315C2F336
:1097700016027F3B0B44D90F03EBD37307EE903AED
:10978000C1F17F0342EAC353B8EEE78A00EE103A14
:10979000E7F7FEFCDFED077A20EE270ADFED067A19
:1097A00008EE270ADFED057A08EE270ACEE700BFAC
:1097B0000000004CD95BDE3EDB27543580209A3E0A
:1097C00010EE103A07B523F000431F4A934207D822
:1097D0000020DFED1E0A03B05DF804EB00F03AB99B
:1097E000B3F1FF4F04D303B05DF804EB00F0C6B84B
:1097F000684600F077F900F0030001280CD0022839
:1098000011D0D0B90120DDED010A9DED000A00F074
:1098100021F903B05DF804FBDDED010A9DED000ABE
:1098200000F0C0F8F5E70120DDED010A9DED000A2A
:1098300000F010F9B1EE400AEBE7DDED010A9DED15
:10984000000A00F0AFF8F5E7D80F493F000000002C
:1098500051EC100B0B4631F0004107D190B10D4A8D
:109860001A40002A14BF042003207047094A1342FB
:109870000AD0094B994209D9914209D1B0FA80F036
:10988000400970470220704703207047042070474A
:10989000002070470000F07FFFFFEF7F024610EED0
:1098A000100AC0F3C75320F0004183B9A9B3DFED1C
:1098B0001B7A1B4960EE277A8A4217EE900AC0F3A2
:1098C000C753A3F1190307DAC00F00F02DB8FF2B1F
:1098D00002D130EE000A70474CF250318A4202DD6C
:1098E000C00F00F02FB81344FE2BF9DC002B06DD6F
:1098F00020F0FF4040EAC35300EE103A704713F1E6
:10990000180FE1DB193320F0FF409FED060A40EA13
:10991000C35007EE900A27EE800A70470000004C03
:10992000B03CFFFF000000339FED040A0028DFED8C
:10993000047A40FE277A27EE800A704700008000F4
:10994000000080809FED040A0028DFED047A40FECD
:10995000277A27EE800A7047FFFF7F7FFFFF7FFF98
:10996000BFEE007A0028F7EE007A9FED030A47FE6B
:10997000877A87EE800A70470000000008B52DED59
:10998000028BB0EE408A00F0E7F920B938EE080A01
:10999000BDEC028B08BDDFED027A87EEA70AF7E780
:1099A0000000000010EE103AB7EE007A23F00043FA
:1099B000B3F1485F3BD360EE006ADFED1E5A9FEDC6
:1099C0001E6AF6EE007A1D4A60EE200A06EEA56ACF
:1099D000DFED1B5A934266EEA77A56EE265A9FEDAC
:1099E000196A05EEA66ADFED185A56EE265A9FED63
:1099F000176A05EEA66A26EE266A56EE260A04D8EF
:109A000077EEE07A37EE670A7047114A934296BFC5
:109A100003F17F43F5EE026A06EE903A77EEE67ABE
:109A200037EE660A77EEE07A30EE670A7047B0EEFE
:109A3000470A70474ED747ADF6740F319999993E52
:109A40007CF29334010DD037610BB63AABAA2A3DB4
:109A50000000483F10EE103AF0EE407A23F0004349
:109A6000B3F1485F01D200F069B960EE006A9FED82
:109A7000167ADFED165A56EE875A9FED157A20EECC
:109A8000266A05EEA67ADFED135A57EE265A9FEDA9
:109A9000127A05EEA67A40B9DFED105A56EE875AD3
:109AA00045EE867AB0EE670A704726EE077AF6EE44
:109AB000005A10EEA57A57EE260A9FED097A46EE77
:109AC000470A30EE600A7047D3C92E2F342FD732A1
:109AD0001BEF3836010D50398988083CABAA2A3E65
:109AE000ABAA2ABEF0B510EE105A864A87B00446DB
:109AF00025F00043934205D8002380ED000A43601F
:109B0000002022E0804A93423AD825F00043002DFD
:109B1000DFED7E7A23F00F037D4A18DD934230EEAD
:109B2000670A09BFDFED7B7A9FED7B7A30EE670A2B
:109B30009FED7A7A70EE477A30EE670AC0ED007AD0
:109B400030EE470A80ED010A012007B0F0BD9342D4
:109B500030EE270A09BFDFED6F7A9FED6F7A30EEA6
:109B6000270A9FED6E7A70EE077A30EE670AC0ED35
:109B7000007A30EE070A80ED010A4FF0FF30E4E78B
:109B8000674A934270D8F6EE007A9FED667AB0EE9F
:109B9000C00A40EE077AFDEEE77AF8EEE76A17EEC4
:109BA000900ADFED5A7A1F2806EEE70ADFED5A7AAF
:109BB00066EEA77A30EE677A17EE106A09DC25F0B8
:109BC0000042471E584922F0FF0251F827108A42EE
:109BD00006D1C6F3C751DA15C1EBD353082B14DCF9
:109BE000266094ED007A002D30EE470A30EE670AC9
:109BF00084ED010AA9DAB1EE477AB1EE400A84EDAC
:109C0000007A84ED010A40429FE7DFED427A9FED42
:109C1000436A66EEA77A30EE677A30EE470A70EE56
:109C2000677A56EE867A37EE676A16EE101AC1F337
:109C3000C753D31A192B04DCB0EE470A84ED006A2F
:109C4000CFE7DFED3A7A66EEA77A37EE670A37EEAE
:109C5000407A77EE677A9FED367A56EE877A30EE65
:109C6000677A84ED007ABCE7B3F1FF4F06D330EE9C
:109C7000400A80ED010A80ED000A41E7DA15DFEDC8
:109C80002D6A863AA3EBC25307EE903ABDEEE77A0F
:109C9000B8EEC77A77EEC77A8DED037A67EEA67ACB
:109CA000BDEEE77AB8EEC77A77EEC77A8DED047A23
:109CB00067EEA67AF5EE407ACDED057AF1EE10FA70
:109CC0001ED1B5EE407AF1EE10FA0CBF012302234B
:109CD000194903A8019102210091214600F058F88A
:109CE000002DBFF632AFD4ED007AF1EE677AC4ED05
:109CF000007AD4ED017AF1EE677AC4ED017A82E759
:109D00000323E5E7D80F493FE3CB1640800FC93F57
:109D1000D00FC93F004435374344353708A3852E5B
:109D2000800F494384F9223FA412030000A3852E2B
:109D300032318D240000804324130300F7EE007AB3
:109D40009FED047A82B077EE877ACDED017A019BA0
:109D500002B070470000800010EE103A33F000406F
:109D60000DD0A0F50003B3F1FE4F0AD3421E074BFE
:109D70009A4208D9A0F1FF43584258417047022047
:109D80007047042070470320704700BFFEFF7F002C
:109D90002DE9F04F90469B46C14B0F4618F1040F3A
:109DA0002DED048BD9B0669ADDF89CC153F822A042
:109DB0000BF1FF33019025DBB8F1030248BF08F136
:109DC0000402D210551CD41A0AEB03060DF17009D7
:109DD000E9009FEDB77AA8EBC50502910CEB840E64
:109DE0000021B14210DD1CA90DF58879002601EB98
:109DF0008B01564528DCDDF804E00C46DFEDAC7A3B
:109E0000002018E00022DDE7CC4254BF5EF82100BC
:109E1000F0EE477A01F101015CBF07EE900AF8EE1F
:109E2000E77AE9EC017ADCE7FEEC016A013094EDB7
:109E3000007A46EE877A9842A4F10404F4DD0136F4
:109E40000431E9EC017AD4E708A90CEB820254460C
:109E5000DFED968A01EB8A019FED939A03920491BC
:109E6000A20044A92046059258AA01EB840102EB06
:109E7000840212ED140A08AA16460028A1F1040172
:109E80004EDC2846CDE90632FFF708FDF4EE007AF5
:109E9000B0EE408A60EE277AFBFE677AB2EE007A77
:109EA000002DDDE9063207EEC78AFDEEC87A17EE0F
:109EB000909AF8EEE77A38EE678A43DD601E08A9CB
:109EC000C5F1080C51F8206046FA0CF1894401FAFA
:109ED0000CF1761A08A941F82060C5F107010E417E
:109EE000002E3EDD4FF0000C09F10109604664458B
:109EF0006ADC002D05DD012D00F08380022D00F0CD
:109F00008B80022E2DD1B7EE000A30EE488A40B386
:109F100028460693FFF7C2FC069B38EE408A20E0F5
:109F200060EE287A0138FDEEE77AF8EEE77A07EE80
:109F3000C90ABDEEC00AA6EC010A91ED000A37EE8F
:109F4000800A9AE705D1611E08A850F82160F61131
:109F5000C6E7F6EE007AB4EEE78AF1EE10FA31DAEF
:109F60000026B5EE408AF1EE10FA40F0A380611EA3
:109F70000020514557DA002871D0013C08AB083D5C
:109F800053F82430002BF8D0B7EE000A2846FFF72C
:109F900085FC631C44AA9FED457A990002EB83027D
:109FA0002346002B80F2B4802346002BC0F2D280DF
:109FB00044AADFF8F0C0DFED3E7A002002EB830513
:109FC000E21ABCE002268DE796465EF8041B60B9F3
:109FD00081B10CF1010CC1F5807164454EF8041C8F
:109FE0000DDDDEF8001002F1080EC1F1FF014EF8A0
:109FF000041C01210CF1010C7246084677E7012090
:10A0000077E7611E08AA52F8212002F07F020DF1C5
:10A01000200C4CF8212074E7611E08AA52F8212078
:10A0200002F03F02F3E708AA52F821200139104359
:10A030009FE7013251F8040D0028FAD0059904EB8E
:10A040000B000DF1700C661C01F5B07122440CEB95
:10A05000800069444C39B24204DA144600E704999E
:10A060000122E7E7039CDDF804C054F8264007EE20
:10A07000904A05940024F8EEE77AE0EC017A8646EF
:10A08000DFED0B7A9C4203DD0136E1EC017AE2E779
:10A09000FCEC016A01343EED017A46EE877AF1E785
:10A0A000681603003C160300000080430000803B5C
:10A0B00000000000029BB0EE480AA3EB0800FFF787
:10A0C000EDFB1FED077AB4EEC70AF1EE10FA19DBCB
:10A0D0005FED0A7A08AA083560EE277AFDEEE77A86
:10A0E000F8EEE77A07EEC70AFDEEE77ABDEEC00AA2
:10A0F00010EE103A42F82430013417EE903A42F84C
:10A10000243041E7BDEEC00A08AA10EE103AF6E787
:10A1100008A850F82300013B07EE900A0190F8EEE2
:10A12000E77A67EE807A20EE070A62ED017A38E777
:10A13000FCEC016A0130B5EC017A46EE877A5045B5
:10A1400001DC8242F4DA58A8013B00EB820242EDC6
:10A15000287A2AE7669B022B09DC002B2BDC44D0F3
:10A1600009F0070059B0BDEC048BBDE8F08F669B89
:10A17000032BF5D130AA0B1F204613441A460028A2
:10A18000A2F1040252DC2246012AA3F104035DDCA1
:10A1900030AB5FED397A0B44012C67DCDDED306AC2
:10A1A0009DED317A002E67D1C7ED006A87ED017A07
:10A1B000C7ED027AD4E730AB22461FED437A0B4459
:10A1C000002A24DA4EB3F1EE477AC7ED007A31AABD
:10A1D000DDED307A012377EEC77A9C4220DA0EB1AA
:10A1E000F1EE677AC7ED017ABAE730AB5FED507AEE
:10A1F0000B44002C05DA0EB1F1EE677AC7ED007A58
:10A20000AEE733ED017A013C77EE877AF1E773ED43
:10A21000017A013A37EE277AD2E7F0EE477AD4E7AF
:10A22000B2EC017A013377EE877AD6E7D2ED007A85
:10A230000138D2ED016A37EEA67A77EEC77A82ED61
:10A24000007A77EEA67AC2ED017A98E7D3ED007A2C
:10A25000013AD3ED016A37EEA67A77EEC77A83ED3D
:10A26000007A77EEA67AC3ED017A8DE733ED017AB5
:10A27000013C77EE877A8FE7F1EE666AB1EE477AB6
:10A28000F1EE677AC7ED006A87ED017A90E700BFCB
:10A290007047704703689B681847704710B50446BD
:10A2A0008022002105F09CFA204610BD10B504461E
:10A2B000E7F7E6FB2046082104F02DFC204610BD00
:10A2C00008B5E7F76FFC00214FF40040FBF7C8F931
:10A2D000F9E7836800EBC101B3F5004F2CBF51F8DB
:10A2E000220031F81200704700EBC1018068B0F520
:10A2F000004F2CBF41F8223021F812307047012264
:10A3000008B5FFF7E6FFD04008BD836800EBC10148
:10A31000B3F5004F08D34B681AB143F001034B600B
:10A32000704723F00103FAE74B881AB143F00103A9
:10A330004B80704723F00103FAE753000122FFF737
:10A34000D3BF8368B3F5004F34BF04230823C91A71
:10A35000081AC0087047B0F5004F34BF0423082323
:10A360000731C818C00870470A4608B50121FFF731
:10A37000F2FF0132121AB2FA82F0C0F11F0008BDDA
:10A380002DE9F041174603220E460446FFF7A1FFD0
:10A390008642054607F104080AD10122E368BA4063
:10A3A00023EA0203E360002344F82830BDE8F0818B
:10A3B000314602222046FFF78CFF06462B46014617
:10A3C0000322204644F82850FFF78EFF33462946E3
:10A3D0002046BDE8F0410222FFF786BF70B50D466A
:10A3E00086680446FFF78BFFB6F5004F014601D3A0
:10A3F000012809D03046FFF7B7FF2946024620461C
:10A40000BDE87040FFF7BCBF70BD2DE9F0470546C1
:10A4100080688846FFF7A8FF05EB800ADAF81090FD
:10A420000646B9F1000F1BD00327DAF81040284682
:10A430002146FFF764FF404507D3324621462846B0
:10A44000FFF79EFF2046BDE8F087032221462846FD
:10A45000FFF73FFF013FCAF8100001D08145E4D16A
:10A460004FF0FF34EB680136B4401C40EAD094FA58
:10A47000A4F2B2FA82F2131D55F82340DEE72DE96B
:10A48000F04114460E460546FFF739FFA4EB0608D7
:10A49000371B0744424631462846FFF74EFF3A46EF
:10A4A00021462846FFF749FF434600222146284619
:10A4B000FFF71AFF21462846FFF721FF3B462118E8
:10A4C00000222846BDE8F041FFF70EBF2DE9F0411C
:10A4D000164604460F46FFF712FF31460546204652
:10A4E000FFF70DFF05442A4639462046FFF725FFB2
:10A4F00031462046FFF703FF2B4631180022204645
:10A50000BDE8F041FFF7F0BE2DE9F0410D46866849
:10A510000446FFF7F4FEB6F5004F014601D30128CB
:10A5200032D03046FFF720FF04EB80010E6996B968
:10A530000122E36882401343E36002220D612B464F
:10A5400029462046FFF7D0FE032229462046BDE8D3
:10A55000F041FFF7C9BE022231462046FFF7B9FE9F
:10A560000746034629462046FFF7BEFE0322334630
:10A5700029462046FFF7B8FE39462B462046FFF70E
:10A58000B3FE02223146E1E7BDE8F081F8B50C46A2
:10A590000546FFF7B4FE2618012231462846FFF78C
:10A5A00098FEC3070CD431462846FFF717FF214613
:10A5B0002846FFF7A4FE214622182846FFF786FF0B
:10A5C000002221462846FFF784FE271A0122394639
:10A5D0002846FFF77EFE10EA020613D139462846C8
:10A5E000FFF7FCFE214632462846FFF772FE224660
:10A5F000211A2846FFF76AFF214632462846FFF710
:10A6000068FE241A21462846BDE8F840FFF77CBFC3
:10A6100070B5066809B9002070BDB068B0EBD10F05
:10A62000F9D9FFF798FE014605463046FFF7EDFEE3
:10A6300004460028EFD001463046FFF760FEA842EE
:10A6400009D92544214630462A46FFF718FF2946F6
:10A650003046FFF759FF304601222146FFF755FEED
:10A66000B368B3F5004F34BF0423082303EBC403DE
:10A670001844D1E72DE9F04706460D46174698469F
:10A680002BB34FF0000A98F8004093F80190DB7864
:10A69000A40004EB430498F802301C444444CA4527
:10A6A00009D339463046AC46D8F8042008F10803EF
:10A6B000BDE8F047604714F8013B0AF1010A204663
:10A6C00048F82340E5F73DFE01300444E7E76FF02A
:10A6D0001500BDE8F08770B50025024628461446EF
:10A6E00014F8013B0BB9184609E098B18D4207D127
:10A6F000702B04D0A3F140023A2A0BD8002070BD81
:10A70000A3F140063A2E05D853780135941C002B4E
:10A71000E9D00020252B224608BF80F00100DEE7AB
:10A720000020704700F01DBD0FB407B504A951F813
:10A73000040B019100F015FD03B05DF804EB04B0CB
:10A7400070470CB4034607B5084605AA40F2051148
:10A75000DB680192984703B05DF804EB02B07047E4
:10A76000002383F31188BFF36F8F0423184602DFA1
:10A7700070470FB407B504A951F8040B0191FFF716
:10A78000D1FF03B05DF804EB04B0704710B5036966
:10A79000024613F0080009D11368D4689C429BBF9D
:10A7A0000120526AE31AD31A0B6010BD0023184629
:10A7B000FAE713B501A90446FFF7E8FF20B1019BB2
:10A7C000E268013B13440193606A019BC01A01389F
:10A7D00002B010BD10B5044650182269636AD20752
:10A7E00002D5013B184010BD984228BFC01AFAE7B5
:10A7F00010B504460A46C168FFF7ECFF2369E06024
:10A8000023F00803236110BD38B50D46026A8B00A2
:10A81000016843F00203044642F8213001682A46E9
:10A82000FFF7D8FFE3686168984208BF236920609A
:10A8300008BF43F008032A46204608BF2361FFF7FC
:10A84000C9FF606038BD2DE9F74FC768066A9B46AF
:10A8500016F82730044603F00303022B884691467E
:10A860004FF0000306EB870A09D01360CBF80030E5
:10A870002369990710D4002003B0BDE8F08F56F883
:10A88000271013608908CBF80030F1D0FFF7B0FF34
:10A89000E368A3600120EFE7E3695046984716F8A4
:10A8A00027300546DA07E6D513F002031DD0B8F1CC
:10A8B000000F03D041462046FFF7A6FF61682A46F5
:10A8C0002046FFF787FFD4E902319942606004D146
:10A8D0002A462046FFF77EFFA060A3682360E3605E
:10A8E000236943F008032361D4E70146204601931E
:10A8F000FFF77EFFE268A260B8F1000F04D0216884
:10A90000226A019B42F8213005EB0802CBF80020B7
:10A9100021682046FFF75EFF2369206043F00803AB
:10A92000236116F827306FF3000306F82730C9F8C3
:10A9300000A0AFE770B504461546FFF74BFF23684C
:10A94000834205D12369216023F00803236170BD90
:10A95000226AAB0043F0020342F8213061682A46C4
:10A960002046FFF737FF6060F1E738B5036904461A
:10A970005B0706D5856AFFF71CFF85422CBFA562E1
:10A98000A06238BD02698368120702D442689A4205
:10A9900000D2426AD31A181E18BF01207047A0F1D6
:10A9A0003003DBB2092B02D800200B707047A0F1F6
:10A9B0006103052B02D85738C3B2F5E7A0F1410374
:10A9C000052B01D83738F7E76FF015007047F7B55A
:10A9D000054601F0010000EB51069E424FEA510787
:10A9E00003D90026304603B0F0BD58B128780DF1E8
:10A9F0000701FFF7D4FF0028F3DB9DF8073001358E
:10AA000002F8013B01351744BA42EBD015F8010CAE
:10AA10000DF10701FFF7C3FF0028E2DB9DF80740B7
:10AA20002401E4B2147015F8020BFFF7B8FF0028F8
:10AA3000D7DB9DF807301C4402F8014BE4E7838B19
:10AA400013F0070305D10368002B0CBF002003207F
:10AA50007047022B05D1C08BB0FA80F0400980000E
:10AA60007047012B05D10368002B0CBF0020052087
:10AA700070470020704710B50C4600B111B96FF057
:10AA8000150010BD081D00F02FF80028F9D1A368AB
:10AA9000032BF6D9F3E72DE9F0410D460746194699
:10AAA000281D90461E46E8F7DDFE044638B13346C1
:10AAB000424629463846A446BDE8F0416047BDE815
:10AAC000F08138B50C46054658B151B10B6843B119
:10AAD0004B6833B12022002104F082FE00202C615B
:10AAE00038BD6FF01500FBE7034640B1426802F045
:10AAF0000302022A06D0032A04D0012A05D06FF0EF
:10AB0000150070471A68002AF9D000209860704735
:10AB100070470346012B82BF03F1FF3252185B429C
:10AB2000084688BF02EA0300704770B50446416AD0
:10AB300000F05AFA236A0646984215D0A0B1A28EB8
:10AB400001460132204692B200F0D5F8054648B9D8
:10AB5000082194F836006662FFF7DBFFA38EA0623F
:10AB60000133A386284670BD6FF01B05FAE72DE977
:10AB7000F04383B004460D4690F8362002AFD31D53
:10AB800003F4FC73ADEB030D02AEFF21304604F07D
:10AB900027FE32462946204600F0CCF9A0B994F8A9
:10ABA0003680A9894046FFF7B4FFD5F80890CDF864
:10ABB000008000EB090233462046296800F026F8A1
:10ABC000002818BF6FF004000437BD46BDE8F083CD
:10ABD00008B5806B10B100F01DFCC0B208BD70B5A7
:10ABE00014461A46049B4D68E618AE420BD8806B9B
:10ABF00010B96FF0040070BD0968214400F0CAFB71
:10AC00000028F8D0F5E76FF01500F4E770B51446AA
:10AC10001A46049B4D68E618AE420BD8806B10B9FB
:10AC20006FF0040070BD0968214400F0C8FB0028E3
:10AC3000F8D0F5E76FF01500F4E708B5806B10B9B0
:10AC40006FF0040008BDD1E9001200F0CDFB002830
:10AC5000F8D0F5E738B504460025416A6379AB4280
:10AC600001DC284638BD204600F0BEF9236A0146C3
:10AC70008342F6D00135F1E77F2A10B506D890F867
:10AC80003C3001205340DB430B7010BD47F6FE7390
:10AC90009A420ED890F83C3062F07F046340DB4368
:10ACA0000B7090F83C30022083EAD213DB434B70E8
:10ACB000EBE76FF01500E8E730B590F83C300D7821
:10ACC00083EA050044B2002C0EDBAB42497801D187
:10ACD0008B420DD04B40DB0183F4FF4380F07F00BB
:10ACE00018431080022030BDE44301201480FAE7AD
:10ACF0006FF08500F7E77FB54FF0013390F83C50D7
:10AD000006686B437340DB4302930379ADF80E2072
:10AD10008DF80C300823002200936B448DF80D5001
:10AD2000FFF774FF002818BF6FF0040004B070BD77
:10AD300030B50546144685B002B902AC082300229E
:10AD4000009328462346FFF74AFF88B94FF00131A8
:10AD500095F83C3022684B439A4207D029684B4013
:10AD6000DB439A4214BF6FF02200012005B030BDD2
:10AD70006FF00400FAE72DE9F04F8B680C4685B0C0
:10AD80002BB96FF01505284605B0BDE8F08F4A795C
:10AD90008B799A42F5DD3831C0B2E9F70DFD0646F0
:10ADA0000028EED1A36BD8688368DB6898470379E5
:10ADB000204684F83C30FFF70BFF07460028E0D020
:10ADC0004FF0FF33B346B04699466279B2422BDC6E
:10ADD000B9F1FF3F4ED1D4F8088000224146204609
:10ADE000FFF789FF05460028CDD1C346012F0CBFD0
:10ADF0000823FB1D84F83670C4E9088B1CBF7F4212
:10AE00003B40A362A58604F124063146204600F0AB
:10AE1000CAF810F1860F05462ED00028F5D004F1AF
:10AE20000C0003F0A9FCAEE7A268204602EBC60ABC
:10AE3000514602AA0193FFF77BFF051EA3DB019B8E
:10AE400008D0B9F1FF3FBDF80E2005D19146D34699
:10AE5000D04613460136B8E711B218B2814202DD7E
:10AE60001346D346F6E70FFA89F08842C4BF9146ED
:10AE7000D046EFE71D46B9E70025D0E72DE9F047BA
:10AE80000C461746D1E900124B68951C9D420646B8
:10AE90008CB04CD80223009304ABFFF7A0FE20B186
:10AEA0006FF004000CB0BDE8F08730460DF10E02E3
:10AEB00004A9FFF701FF0028F4DB96F8362083B2DF
:10AEC000012A84BF02F1FF355B19616884BF5242D9
:10AED00013400B44A360BDF80E300246A381FF204F
:10AEE00004A9E7F7C1F80546D4F80880BDF80EA01C
:10AEF000C244D04502D300203D70D3E7AAEB080935
:10AF0000B9F1200F28BF4FF02009CDF8009042463C
:10AF10003046216804ABFFF762FE0028C0D1284606
:10AF20004A4604A9E7F7A0F8C8440546E1E76FF0F0
:10AF30008500B7E7FFF7A2BF30B585B00DF10E026F
:10AF400005460C46FFF79AFFE0B995F83630A2891E
:10AF5000012B81BF02F1FF32D2185B421A4001235C
:10AF6000A16800930A44284621680DF10F03FFF7FA
:10AF700036FE48B99DF80F209DF80E309A4218BF52
:10AF80006FF04C0005B030BD6FF00400FAE70346E7
:10AF9000012B82BF03F1FF3252185B42084688BF83
:10AFA00002EA030070472DE9F04106460D46FFF71F
:10AFB000C3FF10B110F14D0F14D196F83670A98966
:10AFC0003846FFF7E4FF012104463846FFF7DFFF6C
:10AFD000D5F8088004444444294630466C60FFF7A5
:10AFE000ABFFE7E7BDE8F08103469A685B7901F1C2
:10AFF000080002EBC303984228BF1046704738B5DB
:10B000000B6805460C460BB9036A0B60636893B97D
:10B0100095F836000821FFF7BAFF21466060284600
:10B02000FFF78AFF10F14D0F17D068B901E04D30DE
:10B0300013D0002038BD21462846FFF7B4FF002872
:10B04000F7D010F1860FF2D121686B6A99420DD0CA
:10B050002846FFF7C9FF2060DAE721462846FFF7B8
:10B06000A2FF0028E5D04D30F7D0EDE76FF0850066
:10B07000E0E770B504460D4600F10C064FF0FF32D4
:10B080004FF0FF333046F8F76FFB48B929462046AA
:10B09000FFF7B5FF04463046F8F736FC204670BD92
:10B0A0006FF01504FAE7F8B5044600F10C064FF00E
:10B0B000FF324FF0FF333046F8F756FB002830D10F
:10B0C0002046216AFFF7B9FD40BBD4E90813994235
:10B0D00019D12046FFF788FFA28E014601320746AC
:10B0E00092B22046FFF707FE054690B994F8363035
:10B0F0006762012B91BF0823DA1D5B421340A362F4
:10B10000A38E0133A3862046216AFFF76DFF002539
:10B1100020623046F8F7F8FB2846F8BD6FF00405CA
:10B12000F7E76FF01505F7E703785B075FBF036884
:10B130004288C3F34A2303EB12105DBF173020F09F
:10B1400007008008002070470020704701F00FBA08
:10B150000346D3E8EF0F421CC3E8E12F0029F8D1E2
:10B1600070471FB50023CDE902011A46194618465B
:10B17000CDE90033E9F75CF805B05DF804FB012088
:10B18000E8F74CBD0020704770B5D2E901369B1B33
:10B190008B420C4615460AD313680A460146981995
:10B1A00004F011FB2046AB682344AB6070BD6FF028
:10B1B0001B00FBE770B50E4615461946044618B944
:10B1C000BDE87040E8F72ABD33B1C2F34A2310301E
:10B1D000120D184404F0F7FAC4E900562046BDE801
:10B1E0007040E8F749BF2DE9F3415F1C4FEA87083B
:10B1F000064608F1170020F0070080080C461546A7
:10B20000E8F786FD00238DF80470ADF805308DF861
:10B21000073068B10346019AA8F1040143F8102FE2
:10B220002A46294452F8045B8A4243F8045FF9D164
:10B2300000233146A20102F4E07242EA482222F0E1
:10B240007F4222F4700222F03F0202B0BDE8F041DA
:10B25000FFF7B0BF07B50123019201AAFFF7C3FFB3
:10B2600003B05DF804FB07B5CDE9002302236A466D
:10B27000FFF7B9FF03B05DF804FB1FB5CDE901236B
:10B28000069B01AA03930323FFF7ADFF05B05DF80A
:10B2900004FBF8B506460D4614461F4604B9F8BD32
:10B2A000214628463A46B047241A0544F6E710B529
:10B2B00042680446D2E9002381680068FFF7E9FF8D
:10B2C000002263681A6010BD0A2838B504460D468E
:10B2D00002D10D20E9F73CF829462046E9F738F875
:10B2E000002038BD2DE9F043054687B008460E889A
:10B2F00091F800900C46D1F808801746E8F7FCFF5B
:10B30000011EC6F38216C9F3C2091EDB4846E8F7E0
:10B31000C5FE0346214651F8102B6088C2F34A222D
:10B32000002A01EB020408BF00210022C0F30B1029
:10B33000CDE90407CDE90214284641460196009262
:10B34000E9F732F807B0BDE8F0830023E2E743688D
:10B3500000201B685B6899617047012143681B6886
:10B360005A6811771868FFF7A2BF43681B6818680E
:10B37000E9F7AAB970B543680C461D686B6898690F
:10B38000E8F728FC214603460F222868BDE87040F4
:10B3900018477047002930B4044618460BDBA568EF
:10B3A0000844A84207D8E068646821448468246897
:10B3B000A44630BC60476FF0150030BC70470029D0
:10B3C00030B4044618460BDBA5680844A84207D8E9
:10B3D000E0686468214484686468A44630BC6047BF
:10B3E0006FF0150030BC70470029034610B41046BA
:10B3F0000BDB9C680844A04207D8D8685B681944F6
:10B4000083685DF8044B9B6818476FF015005DF882
:10B41000044B704708B5C0688368DB6898470068CC
:10B4200008BD70B54C680368A34201D2012070BD0D
:10B430008A682244934201D30020F8E74E69D1E99B
:10B440000325B54203D36FF00B038B61F4E71B1B9D
:10B4500042F835304368086902EBC00253600B695B
:10B4600001330B61E2E710B1C068EBF73BB97047FD
:10B47000034610B508460AB10021116053B1D0B19E
:10B48000411E11F8010F80B113F8014BA04201D108
:10B490003D28F6D100200EE0013313600AE03D287C
:10B4A00008D0B0FA80F0400905E018782F28F6D1CE
:10B4B000002AF1D1012010BD10B50C46E4F741FF80
:10B4C0000134204410BD13B5049C01940024009461
:10B4D000E9F7F2FB02B010BD1FB5036800934068A6
:10B4E00003ABFFF7F0FF18B9039805B05DF804FB54
:10B4F0004FF0FF30F9E71FB53D2401930DF10F0325
:10B50000009313460A46014600208DF80F40E9F7E4
:10B51000D3FB04B010BD2DE9F047884688B0196808
:10B5200091461E46E4F7FBFE074648B941464846A9
:10B53000E9F78CFCB3680546834205D00023F3602D
:10B54000002008B0BDE8F08708B90123F7E7D6F876
:10B5500004A0102D2C4628BF1024CDF800802246D0
:10B5600003AB04A909EB07000394FFF7ACFF002825
:10B57000E4D1039B9C42E1D12246504604A903F04A
:10B580003BFE0028DAD12D1BA2442744E1D1DCE7A1
:10B59000808970470830704730B404688568246833
:10B5A00029442144006930BCFFF709BF30B48489C5
:10B5B0008C420FDD1D680D44A54284BF641A1C60D7
:10B5C000046885682468294421441B68006930BCEC
:10B5D000FFF7E0BE0020186030BC704705207047C0
:10B5E00001460068E9F75ABE08B5E9F7E7FEBDE88D
:10B5F0000840E9F707BF0A460121FFF72BBE90F884
:10B6000084308BB1EFF3148343F0040383F3148885
:10B61000BFF36F8FD0F88030E1EE103A00F14003B5
:10B6200090EC100A93EC108A704700210120E9F792
:10B6300035BE436E83F30B88704761B662B680F304
:10B640001188BFF36F8F704772B6002383F31188A0
:10B65000BFF36F8FBFF34F8F30BF62B6BFF36F8FF3
:10B66000704772B6002383F31188BFF36F8FBFF367
:10B670004F8F20BF80F31188BFF36F8F62B6704782
:10B6800040E800F313F4803FD8B208BF6FF0150014
:10B69000704730B50C684B6885B00A894D890094B5
:10B6A000013B24F01F04234402F01F0242EA45122A
:10B6B00023F01F0369468DF808200393EAF7CEFBB9
:10B6C00005B030BD08B5D1E904319847002008BD68
:10B6D00008B5EAF709FE002008BD07B501AB01F087
:10B6E000A6FC02280AD003280BD068B901980038BC
:10B6F00018BF0120404203B05DF804FB6FF0150055
:10B70000F9E76FF08500F6E74FF0FF30F3E7EBF76E
:10B71000F9B9EBF71DBA0CB4034607B504AA0846FD
:10B7200052F8041BDB680192984703B05DF804EB04
:10B7300002B07047F8F718B8F8F7E6B82DE9F0410D
:10B74000141E05460E4613DB4FF4004740F2E73067
:10B7500000214FF47A720023C4FB0701E3F7ECFEEB
:10B7600002460B4631462846BDE8F041EBF7A6B845
:10B770004FF0FF321346F5E708B5EBF7B3FCEBF7F4
:10B780004FFD002008BD10B1006800B1406870474F
:10B79000F7F7EABF10B50346FFF7F5FF28B1C26817
:10B7A0001AB1BDE810401846104710BDF8F7ACB804
:10B7B00010B50446EBF726FA48B12046EBF77EFABF
:10B7C0008368986818B18047C31E5842584110BD1D
:10B7D000D0E90032D21A012A0DD95A1C02601B7816
:10B7E0001B020B8003685A1C02601B780A88002029
:10B7F00013430B8070476FF01500704710B5D0E908
:10B8000000349C4220D05C1C04601B780B70002329
:10B810001360D0E90014A14219D20978146801F02C
:10B820007F0199400C44146001684C1C046091F93C
:10B830000010002905DB1368B3F1805F04D20020FB
:10B8400004E007331C2BE4D16FF0150010BD6FF03E
:10B850000A00FBE770B5D1E900369E4202D16FF0D5
:10B86000150070BD5D1C0D60AE421C78F7D09D1CAC
:10B870000D60597890F85E300020042B04BF04F06E
:10B88000010313705170ECE7F7B51C461546A27D15
:10B89000430003F0020322F00302C0F3410013430C
:10B8A0000E462072A37528460DF10601FFF790FFA2
:10B8B000D8B9D5E90012BDF80630521A9A4212DB07
:10B8C000636073B12A6822601A442A60237A676829
:10B8D0006BB9BB1C9E4206D30020F61AE0602661BD
:10B8E00003E02360F2E76FF0150003B0F0BD2846D7
:10B8F00004F11401FFF76CFF0028F6D13B1DE9E7C6
:10B90000FFF766BFFFF764BFFFF762BFFFF760BFD7
:10B9100038B50446FFF75CFF40B9D4E900239B1A11
:10B920008B6023B122684A601A44226038BD4860A7
:10B93000FCE7FFF74DBFF8B50D46D1E90031CB1A52
:10B940009342064601D30020F8BDD41A0F19D0E95E
:10B95000132313449F4213D8974211D30023224646
:10B96000EBF756FD0028EFDB0DD0F369A04203444E
:10B97000F3616B6803446B60E5D26FF00A00E3E7A4
:10B980006FF00B00E0E76FF07F00DDE770B5C36C90
:10B99000C2698CB0029305461344022203932846E1
:10B9A00002A9FFF7C8FF041E2DDBEB6C01AA0DF105
:10B9B000030102A80293FFF721FF10F10B0F0446C9
:10B9C0004FF00102EBD000283CDB9DF8036006F04D
:10B9D000F003302B1BD10222284602A9FFF7ABFF50
:10B9E000041E10DB029B16F0060F1A88284652BA76
:10B9F00092B20CBF0232043202A9FFF79CFF00EAA8
:10BA0000E074002C0ADA14F10B0F1BD119E0284660
:10BA1000019A02A9FFF78FFF0446F2E700229DF882
:10BA20000300019900F0F003602B0B926FD016D841
:10BA3000402B62D009D8202B2FD0302B4BD00023A5
:10BA4000EB61002420460CB070BD502BF7D10423CD
:10BA500005A902A88DF81030FFF754FF54E0B02B71
:10BA600065D00BD8702B5AD0902BE8D1072305A9AD
:10BA700002A88DF81030FFF74BFF45E0D02BDED148
:10BA800095F95F30002BC4BF03F1FF335AB209238D
:10BA900085F85F208DF8103010E08DF810202846D2
:10BAA00005AA02A9FFF7D6FE044670BB9DF8153023
:10BAB0004BB9AB690B9043F00403AB61284604A972
:10BAC00000F062F8BBE7284604A90B936FF06E0400
:10BAD00000F05AF8B6E7022302AA8DF8103005AB41
:10BAE000FFF7D2FE0446099B0B902B62284604A95F
:10BAF00000F04AF8002CA2DAA4E7032305A902A863
:10BB00008DF81030FFF7FCFE04460B94EEE705239A
:10BB100005A902A88DF81030FFF7F6FEF4E706231A
:10BB200005A902A88DF81030FFF7F0FEECE7082316
:10BB300005A90DEB03008DF81030FFF7FAFEE3E7DF
:10BB4000EBF74ABC38B504460D46826D0021406DC6
:10BB500003F046FE636D2B60A26D13446B6038BD2D
:10BB600008B502F0CCFE4FF47A72A0FB020302FB90
:10BB70000133C00B40EA434008BD10F0040F0CBF76
:10BB80006FF07F000020704738B5836C04460D4687
:10BB900053B1EBF74BFC20462946A36C984720464F
:10BBA000BDE83840EBF75EBC38BD30B589B004461F
:10BBB0000D46FFF7C5FF00211C22C4E90511C4E9A9
:10BBC0000711684603F00CFE0123694620468DF8F4
:10BBD00000300795FFF7D8FF09B030BD38B50546EE
:10BBE000EBF70AFC041E05DA21462846FFF7DDFFC5
:10BBF000204638BDFFF7B4FF00246861F8E737B589
:10BC0000054618B3EBF72EFC28466946FFF79AFF66
:10BC1000A869FFF7B2FF041E12DB6846EBF72CFBA6
:10BC2000041E0DDBDDE900122846521AFFF7D6FF8D
:10BC3000044695F95F307F2B1CBF013385F85F30D8
:10BC40002846EBF7F3FB204603B030BD6FF0150438
:10BC5000F9E710B5044668B1EBF704FCA36923B11A
:10BC60006FF070012046FFF7A0FF2046EBF7DEFBE8
:10BC7000002010BD6FF01500FBE738B50446F0B1A9
:10BC8000EBF7F0FB6569FFF76BFF401B06D520461D
:10BC9000EBF7CCFB6FF00A05284638BDB4F85C30F2
:10BCA000002BF4D04FF47A7253438342EFD82046EE
:10BCB000FFF7A5FF05462046EBF7B8FBECE76FF072
:10BCC0001505E9E738B504464569FFF749FF431B09
:10BCD0004FF47A70B4F85C2023EAE37350431AB14E
:10BCE000984204D9C01A38BD4FF0FF30FBE700205E
:10BCF000F9E738B50546D0B1EBF7B4FBAB699B0764
:10BD00000FD52B6A83B92846FFF740FE041E03DADD
:10BD100021462846FFF749FF2846EBF787FB2046D8
:10BD200038BD6FF07F04F7E76FF00F04F4E76FF0B2
:10BD30001504F4E710B403460838D0E8EF2F511C7F
:10BD4000C0E8E41F002CF8D11AB95DF8044BEBF7FA
:10BD5000BFBB6FF00F025DF8044B9A667047F8B5F1
:10BD6000069F0469C9B2EFF31186202585F3128876
:10BD7000BFF36F8F0C2569430C44A56C05F0070CCD
:10BD8000BCF1010F0BD1A76486F31188BFF36F8F4D
:10BD9000C4E9102343685B5898470020F8BD05F0BC
:10BDA000C005AF4286F31188BFF36F8F0CBF6FF0F1
:10BDB00077004FF0FF30F1E713B580240094FFF7D0
:10BDC000CEFF02B010BD0069CBB200EB43100021E2
:10BDD00010470020F3F716BA0020F3F78DBA10468B
:10BDE000F7F728BF8022EBF79DBD084608B511463E
:10BDF000F3F7A2F8002818BF6FF0040008BD08B5DB
:10BE000001F013F9002818BF6FF0040008BD436863
:10BE10001C330B60012313607047F7F70BBF4FF023
:10BE2000FF324FF0FF33F7F747BFF0B544680769BB
:10BE300000208BB000908DF804000120119D079028
:10BE4000109802F08006CDE90805D007CDF818D08B
:10BE50008DF8001012D53A7F1BBAD107049357BF53
:10BE6000BDF81130CDF80130ADF801309DF8133038
:10BE70004EBF05238DF8033004230793002D0CBF1C
:10BE80000122022206ABCDE90323029302232146BD
:10BE9000059351F8040B36B183681C68002302AA8D
:10BEA000A0470BB0F0BD83681C6804ABF7E7002324
:10BEB00073B50D1E466814BF04210621CDE9003379
:10BEC00080220446FFF7B1FF96F83030DB0609D533
:10BED00040B93DB90346CDE90000802298212046B3
:10BEE000FFF7A3FF02B070BD1FB5012301930DF151
:10BEF0000F030093002305211A46FFF796FF08B9A8
:10BF00009DF80F0005B05DF804FBF7B51E464368C9
:10BF10000D1E044617469B6914DBAA199A4211D8D4
:10BF20000069FFF77CFF2B46012203212046CDE963
:10BF30000076FFF77AFF05462069FFF76EFF284677
:10BF400003B0F0BD6FF01505F9E7F7B54468054695
:10BF500094F83030DA0744D5076902F0D0FC4FF48A
:10BF60007A76A0FB063206FB0122DB0B43EA424352
:10BF7000BA699B1A13D4628DA68D9B1AB3420EDA4E
:10BF80004FF4004740F2E7300021F61A4FF47A727E
:10BF90000023E6FB0701E3F7CFFAF9F761FB94F81A
:10BFA000303013F002031CD18022AB212846CDE9AA
:10BFB0000033FFF73AFFA8B994F83030DB0710D50B
:10BFC00040F2E7314FF400450E460146E48D4FF450
:10BFD0007A72E5FB046100233046E3F7ADFAF9F726
:10BFE0003FFB002003B0F0BD2DE9FF41064615469A
:10BFF0001C4601270DF10F08002305211A46304683
:10C00000CDE90087FFF711FF40B99DF80F30DB073E
:10C0100004D528462146F9F723FBEDE704B0BDE837
:10C02000F0812DE9F347984643680D1E0646914678
:10C030009B6958DB05EB08029A4254D80069FFF768
:10C04000EEFE00213046FFF732FF044600283FD1C4
:10C050008246B8F1000F05D101213046FFF727FFD6
:10C06000044639E0B8F5807F474628BF4FF4807713
:10C070002A46EB19002D03F1FF334FEA1323B8BF13
:10C0800005F1FF02B3EB222F06D06B42DBB2EFB219
:10C0900058BF5F42C7F580770023802206213046D3
:10C0A000CDE900AAFFF7C1FE2B46812202213046CE
:10C0B000CDE90097FFF7B9FE044648B901220023F5
:10C0C0003046A8EB0708B9443D44FFF78DFFC0E7B1
:10C0D00001213046FFF7EBFE3069FFF79EFE204658
:10C0E00002B0BDE8F0876FF01504F8E738B50546F3
:10C0F0000C4601F080F8002D07DBA84205D9401B53
:10C1000084428CBF0020012038BD0020FCE770B5C0
:10C110000C461946204616461D46FFF7E7FF28B98C
:10C1200029462046BDE87040EBF7D6BF5DB1B4F5B7
:10C13000004F2A462146304603DABDE87040FFF73B
:10C14000CCBA03F040FB002070BD2DE9F04700247D
:10C15000836886B0884691461B6902AA01A9984760
:10C16000A2462546029BAB4202D806B0BDE8F08746
:10C170000026019F07EBC5077B6804933A680AEB2A
:10C180000603B24202D89A460135EBE749460394CA
:10C19000059303A8C0470028E7D0049B01361C4440
:10C1A000ECE7436800205B681B690B6070474368DD
:10C1B00002EA01005B6821EA020198600020D96070
:10C1C0007047436800205B689960704743680020AF
:10C1D0005B68D960704743685A68536821EA030076
:10C1E0000B4090600020D3607047002201210A209C
:10C1F000E9F706BD13B5002101AA044600F00AF8CC
:10C20000002805DB019B226819791868ECF7BCFB54
:10C2100002B010BD30B543681360057A446804EB82
:10C22000C504A34202D36FF0010030BD5C798C429B
:10C2300001D00833F0E70020F7E710B48468A46861
:10C24000A4465DF8044B604730B561F07F0189B0CA
:10C250008DF807100DF10701029101211D46446878
:10C260006068039100212389CDE9052502228DF81C
:10C27000101002A98DF81C20FFF7DFFF09B030BDB8
:10C2800030B561F07F0189B08DF807100DF107011D
:10C290001D46029101214468606823890391CDE91C
:10C2A0000525002107228DF810108DF81C2002A909
:10C2B0000222FFF7C2FF09B030BD1FB58DF8012083
:10C2C000022243688DF80010586801A91B89029268
:10C2D0008DF80C200122CDF804D0FFF7AEFF05B099
:10C2E0005DF804FB10B588B08DF807100DF107015B
:10C2F000029101214368002458681B89CDE905217A
:10C30000072203918DF81C2002A902228DF810400B
:10C31000FFF793FF08B010BD2DE9F047984643683A
:10C320000127D3F8049093F808A0002388B08DF873
:10C3300010300DF10303CDE9053707230E461446EF
:10C340008DF8041001AD8DF81C300222534648468A
:10C3500002A902950397FFF770FFB8B99DF8032073
:10C3600022EA040304EA08041C43A2420ED002237A
:10C370003A4603938DF810304846534602A98DF88B
:10C3800004608DF805400295FFF757FF08B0BDE83F
:10C39000F08743681B68D3F88004C3F880047047B3
:10C3A000436802691B68D3F8100150B1002052693C
:10C3B00012780A70C3F81001D3F8102101221A6014
:10C3C00070474FF0FF30704702680346D2F85801BB
:10C3D00040B95B689B0706D4D2F82001003818BF2B
:10C3E000012070470120704742681368D3F8041396
:10C3F000C90517D5D3F82011A1B1EFF31181202081
:10C4000080F31288BFF36F8FD3F8200130B1002082
:10C41000C3F82001D3F820010120D86081F31188EE
:10C42000BFF36F8F5268D20614D5EFF3118220212B
:10C4300081F31288BFF36F8FD3F8581111B1002127
:10C44000C3F800154FF48001C3F8081382F3118874
:10C45000BFF36F8F704710B50446002201210920F9
:10C46000E9F7CEFB0920E9F79BFB2046BDE8104029
:10C47000ECF7A8BD10B50446002201210820E9F719
:10C48000BFFB0820E9F78CFB2046BDE81040ECF725
:10C4900099BDFEF7DFBE002201210B20E9F7B0BBFA
:10C4A00010B50B6813B91846136005E003685C68A3
:10C4B0001CB114600368186810BD083303600B6872
:10C4C000013B0B60EDE710B503680446DBB19868EB
:10C4D000C8B149B1197B0122ECF71EFF2368186926
:10C4E000BDE8104002F0D0B812B99A88D2040AD43C
:10C4F000186902F0C9F823680022BDE81040197BD2
:10C500009868ECF709BF10BD10B501220021044660
:10C51000FFF7D9FFA36933B9636004F11000BDE8E8
:10C520001040F7F787BB10BD10B5006903688B4258
:10C5300006D190F86C4034B9FFF7E6FF204610BDF5
:10C540006FF01500FBE76FF00F00F8E738B50569ED
:10C550000446296405F12800F7F76CFB002285F8F2
:10C560006C2020691146BDE83840FFF7ACBF08B524
:10C57000EDF724FB08BD02F087B838B5431E03333E
:10C5800004460FD84FF4004540F2E73000214FF445
:10C590007A720023E4FB0501E2F7CEFFBDE83840E4
:10C5A000F9F75EB86FF0150038BD02F04AB9002007
:10C5B0007047006801F016BB38B5044604B938BDB1
:10C5C000E069256802F08BFA204602F088FA2C46D2
:10C5D000F4E7F7F7C9B8F7F797B9002307B5CDE93E
:10C5E0000033EEF787F903B05DF804FB2DE9F04F57
:10C5F000064640688BB00C46DDE9145790469946D4
:10C6000008B1FFF7E8FFD6F800A005B1AFB90023E5
:10C610002146CDE9003342464B46504601F0EEFC40
:10C620000446706828B14FF0FF324FF0FF33FFF738
:10C63000D0FF20460BB0BDE8F08F4FF0160B04ABD7
:10C640005A460021184603F0CBF803AACDE90002B0
:10C6500021464B4642465046CDF80CB001F0CEFC88
:10C66000041EDEDBBDF81020012A0AD1039B082B33
:10C67000D7D1BDF812102A80059A69806A603B60A4
:10C68000CFE7022ACDD1039B162BCAD1BDF81230B9
:10C690000DF1140C6B802B460DF1240E23F8042BA6
:10C6A000624603CA724518605960944603F1080354
:10C6B000F6D19DF824302B751823E0E7002307B549
:10C6C000CDE90033FFF792FF03B05DF804FB38B506
:10C6D00005460068F5F73EFE044610B92846EEF719
:10C6E0000FFA204638BDF0B5056808880B460128CA
:10C6F00087B00DD14A884B68ADF802200822ADF80A
:10C70000000001936946284601F07EF907B0F0BDAC
:10C71000022815D14A88ADF80000ADF8022001AE1C
:10C720000A1D01F11407344610685168083203C429
:10C73000BA422646F7D11B7D16228DF81430E1E768
:10C74000284607B0BDE8F04001F05EB9A0F1230330
:10C75000DBB2082B9DBF40F20510D84000F001006D
:10C76000002070470D2804D0A0F10A035842584118
:10C7700070470120704710B5016802468B1C0360AA
:10C780008C782046FFF7EEFF10B90CB10331116031
:10C7900010BD10B50446E3F7D4FD01281ED9237857
:10C7A000A3F16102192A98BF203B412B16D163786F
:10C7B000A3F16102192A98BF203B542B0ED1A27815
:10C7C00002F0F703232B0BD0252A09D01046FFF7E0
:10C7D000C9FF10B9B2FA82F0400910BD0020FCE791
:10C7E0000120FAE71368EEF7E3BE38B50D460446BC
:10C7F00040B11021284602F07DF9606028B1002088
:10C80000256038BD6FF01500FBE76FF00B00F8E70F
:10C8100038B5044648B143683BB10025EEF7D8FF70
:10C820006068256002F05BF9656038BD10B578B1CD
:10C8300043686BB1EEF764FF044648B1EEF7A4FF1E
:10C8400004230022237000230020C4E9022310BD2A
:10C850006FF01500FBE770B516461D4668B14368DA
:10C860005BB1EEF74DFF044638B1EEF78DFF0123C3
:10C870000020C4E90265237070BD6FF01500FBE76E
:10C88000F8B517461D46C0B14368B3B1AAB1EEF77B
:10C8900037FF044688B1681C02F028F9064678B1D3
:10C8A0002A46394602F08FFF2046EEF76DFF02233D
:10C8B000002065602370A660F8BD6FF01500FBE7EF
:10C8C0006FF00B00F8E7F8B517461D46C0B1436896
:10C8D000B3B1AAB1EEF714FF044688B1284602F0BE
:10C8E00005F9064678B12A46394602F06CFF204623
:10C8F000EEF74AFF0323002065602370A660F8BDB1
:10C900006FF01500FBE76FF00B00F8E710B5144669
:10C91000B0B14368A3B19AB1EEF7F2FE80B10378EB
:10C92000012B0DD1D0E9023213F5004142F1000292
:10C93000B1F5803F72F1000202D20020238010BDC9
:10C940006FF01500FBE710B5144690B1436883B152
:10C950007AB1EEF7D5FE60B10378012B09D1D0E9A9
:10C960000232B3F5803F72F1000202D20020238030
:10C9700010BD6FF01500FBE710B5144690B1436889
:10C9800083B17AB1EEF7BCFE60B10378012B09D117
:10C99000D0E9023213F1004142F1000212B9002045
:10C9A000236010BD6FF01500FBE710B5144670B1A1
:10C9B000436863B15AB1EEF7A3FE40B10378012B8F
:10C9C00005D1D0E902230020C4E9002310BD6FF097
:10C9D0001500FBE7F8B517461C46C0B14368B3B174
:10C9E000AAB1A4B1EEF78CFE064680B10378022B03
:10C9F0000DD1EEF7A5FE2368054683420AD3024611
:10CA0000B168384602F0DFFE00202560F8BD6FF007
:10CA10001500FBE76FF00B00F8E738B5054680B16D
:10CA2000436873B10021EEF76BFE002408B1037870
:10CA30000BB9204638BD013421462846EEF760FE8A
:10CA4000F4E76FF01504F4E7FEF704BCFEF70BBC47
:10CA500008B530B1EFF75EFDBDE808400020EFF704
:10CA6000EBBCEFF74FFD0028F6D0BDE80840EFF72C
:10CA700003B908B50020EFF79BFC002818BF6FF042
:10CA80000D0008BDFEF7E6BBFEF7EDBB30B5102587
:10CA900087B0144601AB02AA0195FFF79BFF68B966
:10CAA000019B224618336B4403F8100C294602A858
:10CAB000EFF7A0FD002818BF6FF03C0007B030BDB5
:10CAC00008B501F0DFFD18B1BDE80840FFF7D1BFA0
:10CAD00008BD08B5F0F746FD002008BDF0F75EBDC3
:10CAE00030B587B0F0F764FD40B90120F0F726FDBE
:10CAF000FF2007B0BDE83040F0F7F8BC6323002406
:10CB0000002501A902A8CDE902450193F0F742FFF3
:10CB1000024630B9DDE90201019BF0F76FFD07B075
:10CB200030BD04A8CDE90445F0F7C6FD28B9DDE91C
:10CB300004010122F0F7BAFDF1E70120F0F7FEFC55
:10CB40000320F0F7D3FCEAE70A460121FEF782BB97
:10CB500000B589B006AB02930823039301AB04939D
:10CB600004230791CDE9053004AA032002A9F2F7B6
:10CB7000BDF90228019B09D003280AD060B9181E0C
:10CB800018BF0120404209B05DF804FB6FF01500AA
:10CB9000F9E76FF08500F6E74FF0FF30F3E748B1B3
:10CBA000036C3BB1436C2BB1806CB0FA80F0400950
:10CBB000404270474FF0FF30704710B504461046B2
:10CBC000FFF7EDFF50B923788B4206D9217092F818
:10CBD0004D3043F0010382F84D3010BD4FF0FF306F
:10CBE000FBE773B502460846FFF7D9FF0C4605463A
:10CBF000A8B9D343497BC3F3C013B1EB031F4FEA7A
:10CC000003120CD06273F3200122266C63680DF1CD
:10CC10000701B04784F84C0020B16FF001052846A9
:10CC200002B070BD9DF80730627B23F0100302F064
:10CC3000100213438DF8073001227320666C63687D
:10CC40000DF10701B04784F84C000028E7D0E4E775
:10CC500037B50446FFF7A3FF70B90122F320256C16
:10CC600063680DF10701A84784F84C0030B99DF8BE
:10CC7000073003F01003637303B030BD6FF00100A1
:10CC8000FAE72DE9F0431D460F46002187B0044620
:10CC9000164602A81022019102F0A2FD2846FFF7D5
:10CCA0007EFF90BB8CB387B3731E092B30D80DF178
:10CCB0000408013F04EB06092A7B14F8013B3AB94A
:10CCC00018462946FFF78DFF14F8013C03F07F0357
:10CCD00088F8003017F8013F4C4588F8013008F11A
:10CCE0000208E9D170B972006C6C6B689DF80400A1
:10CCF000013A0DF10501A047002885F84C0018BF46
:10CD00006FF0010007B0BDE8F0834FF0FF30F9E7A6
:10CD10006FF00300F6E72DE9F042064618461D467F
:10CD2000FFF73DFF0F4691460446C8B9C1B12B7BC2
:10CD30003BB929463046FFF754FF044608B946F090
:10CD4000800630464A4639466B682E6CB04700284C
:10CD500018BF6FF0010485F84C002046BDE8F08252
:10CD60004FF0FF34F9E7E02337B58DF80630B623EE
:10CD700005468DF80730FFF712FF044680B92B7B7C
:10CD80008BB12B460DF1070101220DF10600FFF7D3
:10CD900078FF0446AB6C42F21070696898474CB15A
:10CDA000204603B030BD2846FFF752FF0446002856
:10CDB000F6D1E6E72B7B002BF2D1284603B0BDE885
:10CDC0003040FFF745BF10B58CB00446FFF7CBFFEE
:10CDD0000346002840F08C80234601222146D020C3
:10CDE000FFF799FF0346002840F082802278612AED
:10CDF00040F0818023468DF804000122F02001A933
:10CE0000FFF789FF0346002872D19DF804301722EE
:10CE1000A3608A20234601A9FFF77DFF034600286F
:10CE200066D123460E22E1200DF11B01FFF773FFAF
:10CE3000034600285CD1234605220DF12901FFF7A6
:10CE40006AFF0346002853D1BDF823209DF81D003A
:10CE5000E283BDF8042022849DF8062084F8222075
:10CE6000029A62629DF80C2084F82820BDF80E20FA
:10CE70006285BDF81020A285BDF8122052BAE28565
:10CE8000BDF816202286BDF8182062869DF81A206B
:10CE900084F834209DF81C2002F00F0141EA0011B3
:10CEA00021829DF81B10120942EA01126282BDF82C
:10CEB0001E20A282BDF82020E2829DF82220227648
:10CEC0009DF827206276BDF8252062839DF82820F2
:10CED00022779DF82B20C2F3011284F83C209DF8A4
:10CEE000292084F83D209DF92D20121184F83E2040
:10CEF00018460CB010BD6FF00203F9E713B50446F5
:10CF00000B46052269467120FFF705FFD4B1B8B979
:10CF10009DF8013003F0070323709DF80430C3F33C
:10CF20008202E2709DF803205109C2F38202A270CE
:10CF30009DF900206170002AB4BF08235B092371AA
:10CF400002B010BD4FF0FF30FAE7742373B5064608
:10CF50000D468DF807302B46012274200DF1060195
:10CF6000FFF7D9FE0446B8B99DF80620930716D0FE
:10CF700022F003022B468DF806200DF10601012256
:10CF80000DF10700FFF77DFE0446AB6C42F2107016
:10CF900069689847002CDED0204602B070BD002E94
:10CFA000FAD022F0030206F0030632438DF8062081
:10CFB0002B4601220DF106010DF10700FFF761FE7E
:10CFC0000446E9E713B50B46044660B1012274201C
:10CFD0000DF10701FFF79FFE9DF8073003F00303F3
:10CFE000237002B010BD4FF0FF30FAE70020704709
:10CFF000FEF739B9F8F76ABB38B5DD29144618468B
:10D00000049D0BD80A4605F1F001A0470028C5F899
:10D01000D00106DCBDE83840F1F700BF6FF0150025
:10D0200038BD0020FCE7002070470020704710B595
:10D0300088B01C4605AB01930C2302930423CDE971
:10D040000612CDE904300DEB030103AA0020CDF850
:10D050000CD0F1F74BFF009B236008B010BD0047D8
:10D0600001F012BB38B504461546F1F7F1FF294629
:10D070002046BDE83840F2F703B8430903BF4FF03C
:10D08000FF3323FA00F000F001000020704770B574
:10D0900001F1080330F813301646DA0504460D4650
:10D0A00009D5C3F3432300EBC302314650F83330B4
:10D0B000526828469847A3682BB131462846E26853
:10D0C000BDE87040184770BD2DE9F3411746DDE912
:10D0D0000858019001A80C461E46F2F7ABF9019BD7
:10D0E000391E18BF012100EB8300231E18BF012346
:10D0F000002E43EA410314BF0C210021002D43EA16
:10D10000010314BF4FF4E0610021B8F1000F43EABE
:10D11000010314BF4FF440310021D0F800220B432B
:10D1200022EA030304B124780FB13F787F001C4347
:10D130000EB13678B6003C438DB1297809023443EC
:10D14000B8F1000F03D098F800804FEA0848214357
:10D1500041EA0801C0F8001202B0BDE8F08129469A
:10D16000EDE71FB50DF10F03019300238DF80F10AC
:10D170001A4619460093FFF7A7FF05B05DF804FBB8
:10D1800010B504790A462046F2F7A8F918B11146FD
:10D190002046F2F7C1F900F0010010BD38B505795D
:10D1A000044628460A46F2F7B7F9C0B111462846A8
:10D1B000F2F794F998B911462846F2F783F901235A
:10D1C00022688340C2F80833226803B202EB83036B
:10D1D000D3F8102522F00302C3F8102538BD002132
:10D1E000BDE838401046FFF7BCBFF2F7DFBAFFF7E3
:10D1F000D5BFF2F79FB94FF4801070474FF48050BD
:10D2000070474FF48070704770B50126A2F58074A6
:10D21000A40806FA04F4054614EA010008D0A85848
:10D2200030B100213046A950AA581A6822431A602A
:10D2300070BD00232DE9F34104460D46019390464D
:10D2400001AB4FF4A672FFF7DFFF4FF4827229465D
:10D250002046FFF7D9FF4FF48C7207462946204637
:10D26000FFF7D2FF064630B1B8F1000F1DD017B15D
:10D270003E46D4F83C354FF488722946204601AB2F
:10D28000FFF7C2FF30B1B8F1000F03D016B90FB1EC
:10D29000D4F83C354FF490722946204601ABFFF795
:10D2A000B3FF019802B0BDE8F0814646E3E70123F1
:10D2B00070B504460D4664264361002202212046D3
:10D2C000FFF7B7FF20B90120FFF7CAFE013EF4D1F6
:10D2D00000236B77C4F8003570BD07B5019001A835
:10D2E000F2F7FEFE0123019A9340836003B05DF8DC
:10D2F00004FB07B5019001A8F2F7F2FE0123019AA1
:10D300009340C36003B05DF804FB91F8202003460E
:10D31000032A29D8DFE802F0212519028A68500380
:10D3200004D5D3F84C250869904207D18A68520386
:10D330001AD4D3F84C258969914215D000200622D1
:10D34000C3F80005C3F800257047D3F84C250869D9
:10D350009042F3D1D3F83C25EDE7D3F84C25096989
:10D36000EAE7D3F83C25FAE70120704730B50124FD
:10D37000A2F58075AD08AC400C4207D0815829B1A8
:10D380000021815082581A6822431A6030BD002360
:10D3900013B50C4601934FF4A47201ABFFF7E6FFFF
:10D3A00021464FF48272FFF7E1FF21464FF492725B
:10D3B000FFF7DCFF21464FF4A872FFF7D7FF2146A5
:10D3C0004FF4A672FFF7D2FF21464FF4B072FFF779
:10D3D000CDFF4FF4AE722146FFF7C8FF019802B0AF
:10D3E00010BD07B5019001A8F3F786FD0123019A4E
:10D3F0009340836003B05DF804FBF2F74FBD022950
:10D4000004D0042906D0012900D17047806808B1F2
:10D41000EDF798B87047F3F711BE08B5F5F7F6FCCD
:10D4200008B9F3F729FEBDE80840F3F72BBE002248
:10D4300010B50468944200D110BD00EBC2014B68E6
:10D44000013223F0FF0343F003034B60F2E70420B3
:10D45000F2F768BD0420F2F783BD08B5F2F71EFDB0
:10D46000BDE80840F5F7F6BC38B504460025031DB5
:10D470002268AA4201D8002319E04FF00002D3E845
:10D48000CF0F032804D1C3E8CC2FBCF1000FF6D195
:10D4900002D008330135EBE701EB85131846402233
:10D4A000002102F09DF9034604EBC504A060184674
:10D4B00038BD0830704738B5054620B9F3F7C4FDCC
:10D4C00080B9002038BDEDF735F804460028F8D0C3
:10D4D000F3F7BAFD38B92046EDF734F80120ECF740
:10D4E000FFFFEEE72C46C56040F8084FEAE740EA48
:10D4F0000141104640F8081DF3F7B8BDF3F7B0BD81
:10D50000F3F7A8BDEDF716B808B5EDF71BF8BDE8C1
:10D5100008400120ECF7E4BF0429F8B5054617469A
:10D5200003D0102910D000240CE00820ECF7F4FF01
:10D5300004460028F7D0002343600123478003807E
:10D540002B6843602046F8BD1620ECF7E5FF044643
:10D550000028E8D0061D12220021304602F040F9D2
:10D56000022323802B46678005F1100253F8041B29
:10D57000934246F8041BF9D1E4E7134609B9116058
:10D5800070470A88012A02D0022A07D070471A6819
:10D59000082A28BF08221A6002F015B91A68162A4C
:10D5A00028BF1622F7E708B5F4F752FB40B100F1A7
:10D5B0001C03D3E8EF1F0131C3E8E21F002AF8D1B2
:10D5C00008BD006808B1F4F7D1BA704737B5002537
:10D5D000036804460093838F6846ADF80650ADF8A3
:10D5E000043000F0EBFD38B1A36B6846984794F81F
:10D5F0003E300BB1A563E56303B030BD4068003831
:10D6000018BF0120704700230B60836813B9C0E97D
:10D610000111704719608160704738B505460C46A6
:10D62000F3F736FDAA68236894426B6008BFAB60CD
:10D6300000232046236000F04DF9BDE83840F3F7A1
:10D640002DBD406870470069431E584258417047DD
:10D650000069831E5842584170470069C31E5842F2
:10D66000584170474069B0F5817F05D040F21113F1
:10D67000C31A5842584170470120704790F8200063
:10D68000C0F34000704790F82000C0F3800070475E
:10D6900090F82000C0F3C0007047006C00F001005B
:10D6A000704790F8200000F0010070470369012BDB
:10D6B00005D18069A0F1800358425841704700208D
:10D6C000704790F82000C0097047836933F08003E9
:10D6D00014BF01200020704790F82000C0F34010D4
:10D6E0007047806B003818BF0120704790F83400F5
:10D6F000431E58425841704708B590F82030014603
:10D7000013F001020BD1FFF7E0FF28B90846FFF73D
:10D71000CDFF80F00100C2B202F0010008BD00227E
:10D72000FAE770B504460D4616462046FFF7E4FFBB
:10D7300070B155B1284600F0BCF848B93146022016
:10D74000ECF7B6FC0028F0D070BD6368002BF5D074
:10D750000020F9E74068003818BF0120704790F8B2
:10D760002200003818BF0120704710B50446FFF7AB
:10D77000ACFF94F82010C1F3401340EA0302236980
:10D7800082F00102012B14BF0123C1F38003D2B246
:10D7900020461A40FFF766FF48B1C1F3001120464A
:10D7A000FFF784FF0A4080F00100104010BD012106
:10D7B000F5E710B50C46F4F74BFA28B190F8203095
:10D7C00064F3861380F8203010BD10B50C46F4F7D2
:10D7D0003FFA28B190F8213064F3000380F821303B
:10D7E00010BDD0E9092353EA020109D04FF47A7140
:10D7F000B3FBF1F001FB02000128B8BF0120704724
:10D800004FF0FF307047D0E90B2353EA020109D0F3
:10D810004FF47A71B3FBF1F001FB02000128B8BFAD
:10D82000012070474FF0FF307047013802288CBF4D
:10D83000002001207047013802288CBF0020012001
:10D8400070470388012B03D0022B06D001207047BC
:10D85000082914BF0020012070471629F9E7032981
:10D8600015D011280CD004DC88B106280AD000207D
:10D870007047B0F5817F05D040F211139842F6D180
:10D88000022900E0012914BF002001207047012077
:10D890007047C368012B03D0022B07D001207047CB
:10D8A0000888012814BF002001207047088802283A
:10D8B000F8E700B10068003818BF0120704700B1D8
:10D8C000006870474389406818447047028940895E
:10D8D000101A704710B504464068FFF70FFEE06865
:10D8E00008B1ECF721FE2046BDE81040ECF71CBE65
:10D8F00010B50446206800B910BD62680368904204
:10D90000236008BF6360FFF7E5FFF3E700F01ABD8F
:10D9100010B5044660B1406908B1ECF705FEA06996
:10D9200008B1ECF701FE2046BDE81040ECF7FCBD65
:10D9300010BD10B5044600F003FD23684360A369E1
:10D9400083602046BDE8104000F0FCBC2DE9FF419B
:10D9500080460F461646FFF768FF38B96A20ECF795
:10D960006FFC4FF0FF3004B0BDE8F0813046F4F7B3
:10D97000D5F908B97B20F2E73846FFF75CFF08B914
:10D980006B20ECE739463046FFF769FF0028F7D0F7
:10D99000F4F72AF9054608B91720E0E70020FFF759
:10D9A0008AFD044620B92846F4F764F96920D6E7D1
:10D9B0004FF0FF330C22037443748374C374002349
:10D9C000027243728372C3724046F4F7BFFF606114
:10D9D000384600F05DFC0146A061304600F059FC7D
:10D9E0002146E06101AA47F201000295F4F7DAFF4F
:10D9F000044620B12846F4F73DF92046AFE7C5E9D3
:10DA0000038728686E61AEE773B506460C46154677
:10DA1000FFF7C9FD019050B90920ECF711FC4FF058
:10DA2000FF3401A8FFF7CDFD204602B070BDFFF71F
:10DA30004CFE10B1019B9869EFE70198FFF723FEB8
:10DA400008B17F20E9E70198FFF718FE08B17820B8
:10DA5000E3E70CB90E20E0E721460198FFF719FF34
:10DA600008B96A20D9E729462046FFF7EAFE08B937
:10DA70001620D2E70198FFF710FE054620B1019B62
:10DA80005D69113D18BF01250020FFF714FD024616
:10DA900008B96920C1E700231421066101724372AD
:10DAA0008372C3722188012911D0022917D00199EC
:10DAB000042091F8203043F0020381F8203047F22F
:10DAC0000201D560FFF713FDCDB17720A5E761888E
:10DAD000C37581820421817563688361E7E761888A
:10DAE000C37581821021231D8175143400F1180142
:10DAF00053F8040BA34241F8040BF9D1D7E701987E
:10DB0000FFF781FE00900198FFF7B8FD20B901985A
:10DB1000846984B1204680E769460220ECF7C8FAA0
:10DB200010F10B0F05D00028EDD00028B8BF4042FF
:10DB300073E7742071E7FFF795FD00283FF471AF9C
:10DB4000DDE90010F4F788FE04466AE730B585B0D9
:10DB500005460C46F4F77CF838B90920ECF770FB61
:10DB60004FF0FF33184605B030BD0CB90E20F5E775
:10DB70002146FFF78EFE08B96A20EFE70020FFF785
:10DB80009AFC014608B96920E8E7002314220561E0
:10DB9000027243728372C3722288012A0AD0022A57
:10DBA00010D047F2050001AAF4F7FCFE0346002856
:10DBB000D8D0D3E76288C3758282042282756368F5
:10DBC0008361EEE76288C37582821022231D82750D
:10DBD000143400F1180253F8040BA34242F8040B6A
:10DBE000F9D1DEE730B585B005460C46F4F730F8DC
:10DBF00038B90920ECF724FB4FF0FF33184605B085
:10DC000030BDFFF720FD08B95F20F3E70020FFF7E4
:10DC100052FC014608B96920ECE70023042224EAFB
:10DC2000E474027243728372C372056144616A4490
:10DC300047F20800F4F7B6FE03460028DED0D9E725
:10DC4000F0B593B007460D461446FFF7ACFC0290C2
:10DC500050B90920ECF7F4FA4FF0FF3402A8FFF7AF
:10DC6000B0FC204613B0F0BD15B11CB90E20F1E791
:10DC7000002CFBD1FFF7E7FC08B95F20EAE7029828
:10DC8000FFF70BFD28B10298FFF769FD08B90B20DB
:10DC9000E0E70298FFF7A5FD01900298FFF701FD6C
:10DCA00050B10298FFF75BFD0028D2D0F3F79CFF3C
:10DCB000064680B91720CDE70298FFF750FD0028EF
:10DCC000EFD1022001A9ECF7F3F90028E5D00028F4
:10DCD000B8BF4042BEE70020FFF7EDFB014620B988
:10DCE0003046F3F7C7FF6920B4E70761049675B1C2
:10DCF0007CB10CAB47F20C0003AA0593F4F752FE7B
:10DD0000074640B13046F3F7B5FF3846A2E72B4649
:10DD1000F0E72346EEE73DB134B1BDF83630042BD1
:10DD200004D0102B15D02760346897E701232768AB
:10DD3000ADF81830082F28BF0827BDF83430ADF8EB
:10DD40001A300E9B07933A46284606A901F03BFD80
:10DD5000E9E70223ADF81830BDF8343007AFADF86D
:10DD60001A3012ABADF82C0013E90F0087E80F0052
:10DD70002768162F28BF1627E5E72DE9F04F87B053
:10DD8000894616461D46109F009003F0400803F494
:10DD9000007AF3F75DFF044638B90920ECF750FA32
:10DDA0004FF0FF3007B0BDE8F08F35F4107305D1A8
:10DDB000B8F1000F11D0BAF1000F01D05F20EDE7EC
:10DDC000FFF721FD02902046FFF767FCA8B9B8F1E4
:10DDD000000818BF4FF0010805E0FFF714FD02909E
:10DDE000BAF1000FEFD02046FFF780FC40B120468B
:10DDF000FFF76BFC68B1A069D0E74FF00108F2E7CC
:10DE00002046FFF762FC0028F5D12046FFF74EFCC4
:10DE1000F0E72046D7B1FFF716FC00BB3946204695
:10DE2000FFF737FD08B96A20B8E738461199FFF7C0
:10DE300008FD08B91620B1E72046FFF709FC70B1CC
:10DE40002046FFF70FFC50B17F20A7E7FFF700FC4B
:10DE500028B12046FFF717FC08B979209EE7204635
:10DE6000FFF7F1FB40B12046FFF7FCFB20B1B6F510
:10DE7000006F28BF4FF40066FFF742FBB04206D2A6
:10DE80002046FFF7E0FBC8B1FFF73AFB0646002546
:10DE90002046FFF721FC18B12046FFF72DFC78B98A
:10DEA0003046FFF708FB8346C8B9012002A9ECF70A
:10DEB000FFF880B9B8F1000FF2D004E07A206DE7E6
:10DEC000B8F1000F01D00B2068E7022002A9ECF79F
:10DED000EFF80028DCD00028B8BF40425EE7009B86
:10DEE0000361B9F1000F04D032464946006801F0E1
:10DEF0006AFC94F8340000283CD0F4F747FD002178
:10DF0000024684F83410BAF1000F0ED0029D42F0A0
:10DF100040026B1C30D04FF47A7195FBF1F5ADB235
:10DF2000B5F5167F28BF4FF41675002F47D0204651
:10DF30000192FFF788FB019A002840D11A218BF843
:10DF400009008BF808108BF80A008BF80B00CBF84F
:10DF50001420ABF82C503A88012A10D0022A1AD08B
:10DF600047F20700594603AAF4F71CFD0346B8BB65
:10DF7000049817E70246C6E74FF41675D5E77A8886
:10DF80008BF81B00ABF8182004228BF81A207A6853
:10DF9000CBF81C20E4E77A880BF11C01ABF81820C1
:10DFA00010228BF81B008BF81A2007F114003A1D81
:10DFB00052F804CB824241F804CBF9D1D0E70021DA
:10DFC00006208BF809108BF808008BF80A1047F22E
:10DFD00006008BF80B10CBF81420ABF81850C1E7F3
:10DFE0000C2806DC0A2807DDB8F1000F3FF450AF1B
:10DFF00069E78C283FF4D2AE1846CFE62DE9F74FFB
:10E000008946DDE90C7A15461E4603F48078FFF751
:10E01000CAFA019058B90920ECF712F94FF0FF370E
:10E0200001A8FFF7CEFA384603B0BDE8F08F36F40A
:10E03000A17301D05F20EFE727B1BAF1000F04D13F
:10E040000E20E9E7BAF1000FFAD1FFF7FCFA28B188
:10E050000198FFF718FB08B98020DDE70198B8F1B7
:10E06000000F16D1FFF719FB08B9730611D50198F7
:10E07000FFF7C4FA68B90198FFF727FB48B9019880
:10E08000FFF714FB28B90198FFF70BFB08B90B2029
:10E09000C2E70198FFF7A5FB6A46009000210198AE
:10E0A000FFF73FFB18B10028B8BF4042B4E7019822
:10E0B000FFF7A4FA88B90198FFF7F8FA002876D19B
:10E0C0000198FFF7EEFA0028A5D10198FFF7FDFAB5
:10E0D0000028A3D0019B98699EE70198FFF7B1FA49
:10E0E000044627B1C16852463846FFF746FA002772
:10E0F00006F0020A2046FFF7E9FBA8421DD8204699
:10E10000FFF7E4FB0646002E8AD02046FFF7DAFB35
:10E1100009EB070B01463246584601F054FB0198C3
:10E120003744FFF795FA50B1BAF1000F7FF478AF9A
:10E1300021460198FFF771FA72E72E46E3E701984E
:10E14000FFF78BFA0028EFD1BAF1000F14D0B542D7
:10E150003FF466AFB8F1000F04D06A46214601983B
:10E16000FFF7DFFA2046AD1BFFF7A9FB04460028A6
:10E17000C0D1002F9FD053E7638920463344638189
:10E18000FFF7A4FB18B921460198FFF746FAB542FC
:10E190003FF446AFAD1BB8F1000F04D06A46002132
:10E1A0000198FFF7BEFA0198FFF74BFADEE7002768
:10E1B00036E708B5F3F776FD002008BD38B504460C
:10E1C0000068F3F745FD054628B90120E38843F0D0
:10E1D0002003E38038BDFFF764FA0028F5D1284614
:10E1E000FFF773FAF8B1E38843F00803E380A388EC
:10E1F000DA0707D52846FFF7ADFAE8B1E38843F020
:10E200000103E380A3885B0707D52846FFF7ADFA33
:10E2100018B1E38843F00403E380B4F90600003842
:10E2200018BF0120D6E72846FFF740FA0028DED0C5
:10E23000E38843F01003D9E72846FFF790FA002857
:10E24000DCD12846FFF732FA0028D7D1DAE738B513
:10E250000D461446F3F7FCFC28B90920EBF7F0FF54
:10E260004FF0FF3006E0032D03D0042D03D016201D
:10E27000F4E7006C38BD012CF9D804640020F9E7FC
:10E28000431F002B03D8DFE803F001000320704791
:10E290007047292815D005DC062814D0112814D081
:10E2A00048B17047B0F5817F0DD040F2111398420C
:10E2B0000BD0FF280CD1012909D0022908BF022068
:10E2C00070470620704701207047022070470846BB
:10E2D0007047292811D00ADC012810D0062810D058
:10E2E000002808BF042018BF4FF0FF307047B0F57A
:10E2F0008D7F08D0B0F5007FF5E706207047082035
:10E300007047012070474FF48070704708B5031FB5
:10E31000092B0FD8DFE803F00811050E0E0E0E0EC4
:10E320000E056FF0010008BD7320EBF789FF6FF059
:10E330000A00F8E7F4F71EFBF7E76FF06300F2E777
:10E34000C06870474269C3681A60704708B50346E1
:10E3500024301AB95A624260002008BD082A28BF3A
:10E36000082201F030FAF7E708B503462C301AB955
:10E37000DA624260002008BD082A28BF082201F0A6
:10E3800022FAF7E738B504460D4639B1082A0BD012
:10E390001620EBF755FF4FF0FF3038BD002AF7D1BC
:10E3A0008263C2630020F8E7F2F772FE95E803008B
:10E3B00004F1380383E803002046FFF707F9F2F77A
:10E3C0006DFEEFE773B5044608680D461646F4F790
:10E3D000DDFA002801DB042E06D01620EBF730FF13
:10E3E0004FF0FF3002B070BD2B68204684F8343007
:10E3F000FFF77CF900230028F4D0CDE900331A465A
:10E4000019462068FFF7B9FCECE708B509B1042A02
:10E4100005D01620EBF714FF4FF0FF3006E00B7825
:10E420002BB1012BF5D180F84830002008BD022324
:10E43000F9E710B5541E1B2C02D812F0030405D0C6
:10E440001620EBF7FDFE4FF0FF3010BD930880F86B
:10E450004B304C3001F0B7F92046F6E708B509B16A
:10E46000042A05D01620EBF7EBFE4FF0FF3008BD75
:10E470000B78003B18BF012380F849300020F6E7F5
:10E4800008B509B1042A05D01620EBF7D9FE4FF0E4
:10E49000FF3008BD0B6880F84A300020F9E770B5FE
:10E4A000054614460E4631B992B11620EBF7C8FE68
:10E4B0004FF0FF3070BD002AF7D0406C08B1ECF788
:10E4C00033F8601CECF728F8686438B96920EDE788
:10E4D000406C08B1ECF728F80020EBE72246314603
:10E4E00001F071F900226B6C1A55F5E710B513466F
:10E4F00012680446042A28BF042208461A6004F160
:10E50000180101F060F90020A06110BD10B513469C
:10E5100012680446082A28BF082208461A6004F137
:10E52000240101F050F9002010BD10B51346126807
:10E530000446082A28BF082208461A6004F12C0164
:10E5400001F041F9002010BD13B50446134694F8BC
:10E550004820084601921A6801A9042A28BF04220B
:10E560001A6001F030F9002002B010BD13B5044666
:10E57000134694F84920084601921A6801A9042A12
:10E5800028BF04221A6001F01EF9002002B010BD5D
:10E5900013B50446134694F84A20084601921A68B7
:10E5A00001A9042A28BF04221A6001F00CF90020F6
:10E5B00002B010BD10B504460846114694F84B3021
:10E5C0009A000B689A4228BF1A460A6004F14C016F
:10E5D00001F0F9F8002010BDF8B5456C0E46144660
:10E5E000176875B12846E1F7ACFE0130B842024623
:10E5F00028BF3A4629463046226001F0E4F8002060
:10E60000F8BD3A462946304601F0EAF82560F6E7BB
:10E6100070B504460E4600F025F80546206808B19E
:10E62000FEF76CFF48F202039E4218D048F209033D
:10E630009E4214D048F201039E420BD16B684BB14D
:10E6400004F1140204F1380152F8040B8A4243F831
:10E65000040BF9D12046BDE8704000F005B86369AD
:10E660006B60F7E7C06870470269C3681A6070475B
:10E67000002070470020704700207047002070473E
:10E6800000207047F4F7BABB08B1E7F7CFBE704778
:10E6900040B1C368587810F001001EBF1878B0FA76
:10E6A00080F040097047EFF31183202383F3128831
:10E6B000BFF36F8FFEE710B5D0E9003433B9002007
:10E6C000E268537843F00103537010BD2046984729
:10E6D0000028F4D00028B8BF4042FF28A8BFFF2080
:10E6E000E3681870ECE701F07BB801F06CB810B487
:10E6F00000F10C04C0E903445DF8044BE3F7A4BD4A
:10E7000007B5CDE900230A460421F4F737FE03B02C
:10E710005DF804FBC2688369134313F003030CD153
:10E7200003614169994201D80020704701690133B2
:10E730001160816902610A44F3E76FF015007047C8
:10E74000C0E9032303FB02120023436280F8303048
:10E75000836000F12803C0E90621C0E90000C0E998
:10E760000A3341610162704790F90E308B4201D04B
:10E77000F6F702BC0020704703460020C3E90033CF
:10E78000C3E90200704710B5044630B10268930730
:10E7900003D0446809B100F0A2F9204610BD01235E
:10E7A00007B5009300230A461946F5F73BF903B075
:10E7B0005DF804FB5AB18A4209D300F11003C0E9A5
:10E7C0000212C0E90000C0E90433002070476FF076
:10E7D00015007047012302688B4022EA030303609F
:10E7E00022FA01F000F00100704710B50321044641
:10E7F0000C30FFF7EFFF30B104F11000F7F7ACFA7F
:10E80000B0FA80F0400910BD20B10022D03011468E
:10E81000F6F7EEBF704710B5F5F71AFD041E08DDD8
:10E82000EFF31180202383F31288BFF36F8FF6F785
:10E83000CDFC204610BDF5F7C3BCC0E900000020A8
:10E840007047EFF30580003818BF012070476FF064
:10E850005700704700207047F6F766BCD0E90032D9
:10E8600013605A600023C0E90033704738B504468E
:10E870000D46F5F71DFF637B43F002036373E5B1BB
:10E88000A5602B689D4209D16B68C4E900531C60E8
:10E890006C6012E06A689A42F6D01B68002BF3D0D5
:10E8A00094F90E2093F90E108A42F3D09142F1DDD3
:10E8B0005A68C4E9003214605C6038BD90F90E30CB
:10E8C00091F90E00834214BFC01A00207047012145
:10E8D0001838F6F785B938B5054600202C68A542EA
:10E8E00000D004B938BD2046F6F7F8FA2046F6F70E
:10E8F00099F80120F2E708B5F7F77EFB08BDF7F7B6
:10E900007BBBB3F1FF3F08BFB2F1FF3F70B50446D8
:10E910001D46164613D01A4315D06FF001024FF072
:10E92000FF33921B63EB0501002904DAF7F764FB60
:10E93000821941EB0501C4E90021204670BD4FF06A
:10E94000FF321146F7E70022FBE7B3F1FF3F08BFB4
:10E95000B2F1FF3FF8B5074616461C4610D054EA00
:10E96000020311D0F7F748FBB0420A46A141034623
:10E970000AD2F31A64EB0204C7E900343846F8BD42
:10E980004FF0FF331C46F7E70023FBE70023C0E905
:10E99000081200F11802C0E90622C0E9003303633F
:10E9A0004363704710B50446F7F7D6F9A8B9636A10
:10E9B0000BB12046984704F11800F6F7EFF960B163
:10E9C000F6F730F8EFF31180202383F31288BFF3BA
:10E9D0006F8FBDE81040F6F7F9BB10BDF8B50D46D6
:10E9E000D0E900138842044605D16368C5E90043B5
:10E9F0001D6065601DE0002BF7D0986800B160389D
:10EA0000A2F160073946FFF759FF0028EDDC2668C0
:10EA1000B442EAD0002EE8D0B16801B1603938467E
:10EA2000FFF74CFF002805DD7368C5E900631D6032
:10EA30007560F8BD63689E42D7D03668EAE72DE975
:10EA4000F041846805460E46ECB16378012B25D170
:10EA500014F8533C9A0714D5A4F160073846F6F72A
:10EA60003DFA082E0CBF6FF003030023E36114F896
:10EA7000533CDB0605D154F8483C13B93846F5F74A
:10EA8000D1FF002323700020EB68A860C3F3863217
:10EA9000164366F39433EB60BDE8F081022BF0D1AE
:10EAA0002378002BEDD054F8048CB8F1000FE8D097
:10EAB00004F11400F7F750F90023A4F114073946C4
:10EAC0004046E362F5F7C4FBDBE70023C0E9000042
:10EAD0008360704783680B60C3681360704720B120
:10EAE000011F50F8040CF4F7E7BC704701460420FE
:10EAF000F7F7D2BF70B5A0FB015424B92846FFF741
:10EB0000F5FF064610B90026304670BD2A4621465C
:10EB100000F066FEF8E700F00AB810B50446F8F712
:10EB200031F804212046FFF7F6FF204610BDE7F735
:10EB300067BC10B500F180042046E7F747FC0346A8
:10EB400030B92046F8F75EF8034608B900F018F827
:10EB500080220021184600F043FE803010BD70472F
:10EB6000704710B504460421FFF7D5FF204610BDBD
:10EB700008B58047E7F7E8FB00F095F9E7F7E4FB15
:10EB800008B5F8F777F8FFF7F3FF08B58047FFF708
:10EB9000F7FF08B5F8F774F8FFF7F7FF012810B58D
:10EBA00003D951F8140CFFF7E3FFA1F12803D3E8D0
:10EBB000EF2F013AC3E8E02F0028F8D15AB951F8F5
:10EBC0001C3C01F158040BB1204698472046BDE893
:10EBD0001040F8F73BB810BD70B504460D46164618
:10EBE000F8F79EF8436829463246013343602046D1
:10EBF000F8F74CF80123044644F8283B2046E1F797
:10EC0000CFF9204600F04FF9FFF7BAFF10B5F8F73B
:10EC100087F8D0E90042013242604CB394F82020DA
:10EC2000472A27D194F821204E2A23D194F8222074
:10EC3000552A1FD194F82320432A1BD194F824206D
:10EC4000432A17D194F825202B2A13D194F8262093
:10EC50002B2A0FD194F82720012A0BD8626952423F
:10EC6000626120342046E1F7BFF9204600F01BF92D
:10EC7000FFF786FF00220260F3E710B50446F8F7BD
:10EC800037F80C212046FFF746FF204610BD2DE93E
:10EC9000F041DDF8188006460F46154690451C46A3
:10ECA0000BD0B0682A4639460368CDF818801E6A32
:10ECB0002346B446BDE8F0416047194600F057F8D6
:10ECC0000028EED00620BDE8F0812DE9F14F0D4679
:10ECD0001946814617469846DDE90A4BDDE90CA640
:10ECE00000F045F890B1002D3460377109DB2C44F9
:10ECF000A24514BF01240624B471002001B0BDE870
:10ED0000F08F0235F9D10123B371F6E7544506D1EE
:10ED10005946484600F02BF808B17771EDE7D9F86D
:10ED200008003A4629460368CDE90CA6CDE90A4B0E
:10ED3000DC694346A44601B0BDE8F04F60472DE9C9
:10ED4000F04107460C4615461E4600F06EF848B9DD
:10ED5000B8682A46214603689F693346BC46BDE829
:10ED6000F0416047BDE8F081704700207047814264
:10ED700008B50ED0406803782A2B0CD049680B7870
:10ED80002A2B08BF0131E1F7CAFAB0FA80F0400936
:10ED900008BD0120FCE70020FAE77FB5002410231E
:10EDA00015461268CDE902340368CDE900449E6936
:10EDB0006B46B0479DF8043003F00603062B05BFF1
:10EDC000009B012020462B6004B070BD009890424B
:10EDD0000CBF06200120704710B50446F7F792FFDC
:10EDE00008212046FFF797FE204610BD2DE9F0418F
:10EDF000DDF818801F4606461546DDE908349845BB
:10EE000007D10799FFF7B3FF18B165710020BDE87E
:10EE1000F08139463046FFF7AAFF0028F6D00123DB
:10EE2000C4F800802571A371F0E738B515461C467B
:10EE3000FFF79DFF20B108232560E36006232371BF
:10EE400038BD2DE9F04105460C4616461F46FFF732
:10EE50008EFF48B9032F07D823683246294620463B
:10EE60005B69BDE8F0411847BDE8F0810378472BA6
:10EE700017D143784E2B14D18378552B11D1C378F9
:10EE8000432B0ED10379432B0BD143792B2B08D184
:10EE900083792B2B05D1C07901288CBF002001205C
:10EEA00070470020704738B50446F7F739FF02462F
:10EEB00005682046A4F12001FFF7D8FF28B90DB15D
:10EEC000FFF75EFE1160284638BD54F80C3C204622
:10EED000002BB4BFC3F1010301338D4244F80C3C55
:10EEE000536803F1FF3353601CBF44F8105C11609A
:10EEF000656AE0F7F2FCE6E710B5F7F70DFF026888
:10EF000001469AB102F120042046FFF7AFFF28B96D
:10EF100008602046BDE81040E0F7E0BC5369002BD4
:10EF200005DA013301D110690860536110BD013B5E
:10EF300002D113690B60ECE7591CF6D1FFF720FEF4
:10EF400000231A4630B510F8015B05F07F049440A9
:10EF5000073223432C06F6D40B6030BD00231A463B
:10EF600030B510F8014B04F07F05954007322B4374
:10EF70002506F6D41F2A06D8640642BF4FF0FF3498
:10EF800004FA02F213430B6030BD50282DE9F3411F
:10EF90000646884615461F4608D1D01C20F00300BF
:10EFA00050F8044B3C6002B0BDE8F08100F00F0364
:10EFB0000C2B2ED8DFE803F025071D25292D2D2D3C
:10EFC0002D182125290001A92846FFF7B9FF019C2A
:10EFD000002CE7D006F07003102B08BFA8463306BC
:10EFE000444448BF2468DDE701A92846FFF7B6FF7F
:10EFF000EDE7284630F8024BEAE7284630F9024BA5
:10F00000E6E7284650F8044BE2E7284650F8084B5C
:10F01000DEE7E7F799F908B503460846FF2B0DD060
:10F0200003F07003302B0FD004D8202B08D005D963
:10F03000E7F78AF9402B0BD0502BF9D1002008BDFF
:10F04000BDE8084000F0E3BCBDE8084000F0DCBCCF
:10F05000BDE80840E1F7D9BA70B50C4615461E4622
:10F0600001462046FFF7D7FF334601462A46204691
:10F07000BDE87040FFF789BF73B50C4615460646DC
:10F0800008B1E1F7C2FA2246286012F8011BFF29F5
:10F090001CD02B1D3046FFF7DFFF0246104610F84C
:10F0A000013BFF2B14D0102301A92B75FFF748FF5C
:10F0B000019B0344EB6001A910F8013B6B75FFF75E
:10F0C0003FFF019B03442B6102B070BD6860E5E720
:10F0D0002B750023EEE71FB503AB0A460093002310
:10F0E0001946E0F701FC039805B05DF804FB1EB477
:10F0F00000F03DF81EBCE0F765FF0378472B17D101
:10F1000043784E2B14D18378552B11D1C378432BE0
:10F110000ED10379432B0BD143792B2B08D1837963
:10F120002B2B05D1C07901288CBF0020012070470E
:10F130000020704710B50446F7F7F2FD024620465E
:10F14000A4F12001FFF7D9FF60B154F8043C01336A
:10F15000012B44F8043C03D1936844F8083C9160C7
:10F16000012010BD9368002BF9D0FFF709FD10B501
:10F17000F7F7D6FD826801460AB9FFF701FD02F1F3
:10F1800020042046FFF7B9FF40B1D369013BD361AA
:10F1900013B9906988609361204610BD8860FBE7D1
:10F1A0000378472B17D143784E2B14D18378552BF6
:10F1B00011D1C378432B0ED10379432B0BD1437963
:10F1C0002B2B08D183792B2B05D1C07901288CBF3B
:10F1D0000020012070470020704710B5044648B158
:10F1E000FFF761FE2046FFF7DBFF18B154F8140C5F
:10F1F000FFF7BEFCFFF7C4FC0139024410B5904292
:10F2000001D1002005E0037811F8014FA34201D09D
:10F21000181B10BD0130F2E7C9B20346184613F8B7
:10F22000012B12B18A42F9D17047002918BF002082
:10F23000704730B50A440546914201D100200FE0E5
:10F2400015F8013B11F8014BA3F141001928A4F175
:10F25000410098BF2033192803D82034181BEBD065
:10F2600030BD181BFCD1002CE6D1F9E710B56AB10E
:10F270000139841810F8012B11F8013F9A4203D18B
:10F28000A04201D0002AF5D1D01A10BD1046FCE7EB
:10F2900010B50139044632B111F8013F013A00F8C6
:10F2A000013B002BF7D1002100F09AFA204610BD57
:10F2B0000246014410B58A42134603D01C7801323D
:10F2C000002CF8D1181A10BD0A7870B56AB970BD53
:10F2D0009A4209D10C46054614F8013F002BF6D09E
:10F2E00015F8016F9E42F7D001300378002BEFD163
:10F2F0001846ECE72DE9F047C3F137090746884681
:10F3000003F01F055FFA89F916464FF0000A3846E8
:10F3100041462A465346E0F70FF94346D4B23A46EF
:10F3200088460746092C84BF4C44E4B2AA4204F143
:10F33000300473EB0A0306F8014BE8D23046BDE80F
:10F34000F08710B50C4600F014FB0028A2BF23681C
:10F350000133236010BDBDF8001068B111F0100F2B
:10F3600001D00270704711F0080F02D0C0E90023ED
:10F3700070474B0701D5026070478B06FBD50280B2
:10F38000704710B5144600F026FB0028A2BF236882
:10F3900003F1FF33236010BD70B505460E463146BC
:10F3A0002846FFF7CEFF041E09DB202CF7D0A4F17E
:10F3B0000903042BF3D932462946FFF7E2FF204622
:10F3C00070BD2DE9F04387B01C461746814602AB5D
:10F3D00088460093D2E9022300F0AAF904AB06465E
:10F3E0000D46009348464146D7E9002300F0A0F9B6
:10F3F0000027DDE90423901953EB050128BF0127FD
:10F4000037B1029B039A013342F10002CDE9023287
:10F41000403CDDE90223009400F0A5F907B0BDE807
:10F42000F0832DE9F843B0FA80F6002980460F46B4
:10F43000A1EB060606F1070625DB0846F9F75EFD97
:10F4400006443846F41BF9F75FFD3946221A404658
:10F450003D3200F05DF9B74213DC1F2C6ADC4FF03F
:10F46000FF33A34038EA03030CBF01240024B0FAA1
:10F4700080F33546F31A9E33FE2B27DD4FF0FF4312
:10F4800044E00124F3E74C422046F9F73DFD351AEC
:10F490002046A5EB0709F9F737FD21462E4609EB73
:10F4A000000240463C3200F020F9AF4232DCB9F1B4
:10F4B0001F0F3FDC4FF0FF3303FA09F338EA030371
:10F4C00029D0B0FA80F30024EB1A9E33002B23EAF4
:10F4D000E372D4BF012313465B1BA3F19705963B50
:10F4E00020FA05F120FA03F3C90725D544B14FF0FE
:10F4F000FF31A94020EA010003F0010108431BD0BD
:10F500000133C3F31603D3B143EAC25300EE103AFA
:10F51000BDE8F88300230521B8FBF1F202EB820578
:10F52000A84502D101339046F6E79C428CBF0024E7
:10F5300001249CE700249AE7C3F31603E4E70132B1
:10F54000E2E72DE9F04F061889B09946154641EBE0
:10F55000010404AB3046DDF84CB021460093A9F11C
:10F56000410AD2E9002300F0E3F806AB07468846DB
:10F57000304621460093D5E9022300F0D9F8002255
:10F58000DDE90463841951EB0306069B28BF0122C1
:10F59000D5E90001D218079B43F10003381848EB66
:10F5A0000101B84271EB0801E968039138BF0120FD
:10F5B000A96828BF0020CDF800A014EB010C039926
:10F5C00046EB010110EB0C0041F10001A04271EB90
:10F5D000060C34BF4FF0010C4FF0000CCDE90623B0
:10F5E0001CEB020243F1000300F0BDF8129BC3E9DB
:10F5F0000001149B012BDDE9062329D1D5E9020185
:10F60000D5E900C5201ACDF800A066EB01016745D9
:10F6100078EB050534BF01250025401B61F1000191
:10F62000844276EB010534BF01250025521B63F1AE
:10F63000000300F098F8DDE90623CBE9000120463D
:10F640003146CDF800A000F08EF809B0BDE8F08F8B
:10F6500017EB070E48EB080C201946EB0601BE45D8
:10F660007CEB080834BF01270027C71941F10008C7
:10F67000D5E9000186457CEB010C34BF0120002058
:10F68000D5E90215381A68F1000C401A6CEB050137
:10F6900092185B41A74278EB060534BF012500258F
:10F6A000521943F10003874278EB010834BF01256A
:10F6B0000025521BA9F140050095B8E710B5A3FB42
:10F6C00000430299A2FB0020001943F100033F29E7
:10F6D000DBBFA1F12002C1F1400140398B40D6BF10
:10F6E000D04023FA01F0184310BD30B587B004466E
:10F6F0000846154602A9F9F7A1FC049B204600958F
:10F700005A1C059B43F10003FFF7D8FF07B030BD3B
:10F7100030B587B015460446084602A9F9F71CFC27
:10F7200020460095DDE90423FFF7C8FF07B030BD90
:10F73000F0B50F460446A0FB0201059EA7FB02524E
:10F740004919A3FB0445A7FB037342F100026118AA
:10F7500045F10004D21943F10003121943F10003EB
:10F76000C6E90023F0BDF0B5059CC4F14007C4F123
:10F770002006A4F12005E04002FA06F6BB4022FA7A
:10F7800005F5BA403343C4F120062B4301FA06F6CF
:10F79000A4F12005304321FA05F5E140284319433F
:10F7A0001043F0BDB1EEC00A7047C9B2034602442F
:10F7B00010B59342184601D1002003E004780133CC
:10F7C0008C42F6D110BD0A44431E914200D17047CD
:10F7D00010B511F8014B914203F8014FF9D110BD5A
:10F7E00002440346934200D1704703F8011BF9E736
:10F7F0002DE9F04F55EC104BA446C5F30A540346CF
:10F80000084644EA0C072946C5F313053026E146AD
:10F8100057EA0508AE465E7174D10024A1421C71FE
:10F820006EDA0121A04219714FF000041ADA204665
:10F8300003F112060D25C2F157024FF0300C07F00C
:10F840000F013F0947EA0E774FEA2E1E002940F0CC
:10F850008780A84201DB86F800C0013D06F1FF3633
:10F86000EDD176E00C2868DCC0F10D01012689009D
:10F8700001F1FF3EA1F12108C1F1210706FA08F8C4
:10F8800026FA07F706FA0EF648EA070816EB060A04
:10F8900048EB080BDAF100076BEB4B0E1AF1FF3A5D
:10F8A0004BF1FF3B0AEA0C0A0BEA050B564578EBD5
:10F8B0000B0B11DBC1F1200BB1F1200A2CFA01F185
:10F8C00005FA0BFB58BF45FA0AFA41EA0B0158BF8B
:10F8D00041EA0A01C90724D51CEB060C45EB0805D3
:10F8E000E146B5F5801F1CDB5979B4F5806F01F155
:10F8F0000101597127D007EA0C070EEA050E97E7B8
:10F90000002891E75CB13126C90F0028A4F2FF342A
:10F910005E7119710FDB0C28A6DD0D2005E00124B6
:10F92000F2E707EA09090EEA0505B4F5806F06D08B
:10F930004F46AE467CE70020F7E70D2078E759EA0E
:10F9400005051A7908D01A794FF4806442F008024C
:10F950001A711C60BDE8F08F42F004021A71F8E7DA
:10F960000929D4BF30318918A8423170B8BF284660
:10F9700073E710B583780446DB0717D54FF0000214
:10F98000D4E85F3FC4E8512F0029F9D19BB213B1ED
:10F99000581EC0B20CE0A36898470028F9DA01307D
:10F9A000A37814BF082204221343A3704FF0FF3042
:10F9B00010BD02690346107810B101321A61704718
:10F9C0006FF001007047D1E9043293421EBF5A1C08
:10F9D0000A61187070478B78DA0702D44FF0FF3055
:10F9E0007047431CFAD0C0B2431CD1E8DF2F002A75
:10F9F00004D1C1E8DC3FBCF1000FF6D1EED18B7829
:10FA000023F008038B70704708B5E6F79DFC08B536
:10FA1000FFF7FAFF01480068704700000005012069
:10FA200088FBFD7F0100000018FCFD7FB0A902806B
:10FA30009CFCFD7FB0B0A880E0FCFD7F01000000D1
:10FA4000E8FCFD7FB0B0AA801AFDFD7FAE71B280E8
:10FA5000CCFDFD7F01000000C8FDFD7FAB3F38807D
:10FA60001AFEFD7F0100000024FEFD7FB0B0AA80D9
:10FA70005CFEFD7F0100000000FFFD7FAB0EB28049
:10FA800064FFFD7FB0AF0680AC01FE7F0100000087
:10FA9000B001FE7FAC3F01801004FE7F010000003A
:10FAA000E208FE7F00840480F208FE7F010000006F
:10FAB000EC08FE7FB0AD0480280BFE7F008404803C
:10FAC0004A0BFE7F3CD2FD1F4C0BFE7F40D2FD1F38
:10FAD000560BFE7F010000006870FF7FB0B0A88069
:10FAE0009C70FF7F010000004072FF7FBCD1FD1FB2
:10FAF0007075FF7FB0AC01800876FF7FD0D1FD1F0D
:10FB0000D076FF7F0100000068F0FF7F50D1FD1F1D
:10FB100070F0FF7F0100000072F0FF7F5CD1FD1FDD
:10FB200072F0FF7F60D1FD1F74F0FF7FB0B0A8803E
:10FB3000A8F0FF7FB0B0AA80D4F0FF7FB0B0A8805B
:10FB40003AF1FF7F01000000F6F1FF7FB0B0AC801A
:10FB500018F2FF7F0100000042F2FF7FB0AA03808D
:10FB60006CF2FF7F010000003EF3FF7F24D1FD1FF8
:10FB700088F3FF7F0100000012F4FF7FB0AC01802A
:10FB800096F4FF7F18D1FD1FD0F4FF7FB0B0AA809C
:10FB9000E8F4FF7FB0AA01803EF5FF7F0084048077
:10FBA0004EF5FF7F010000001D6401000000000011
:10FBB00095DB010000000000C5790100ACFC0200EB
:10FBC0002D3302000000000061350200000000003B
:10FBD000D9820100C0FC0200FFBD0200D4FC02007B
:10FBE00075C40200FCFC020057C40200E8FC0200DD
:10FBF000ED7C010000000000099E010000000000F3
:10FC0000293A01000000000091A00100000000005E
:10FC100035A7010098FC02006563010000000000A8
:10FC200027D0020000000000293E02000000000072
:10FC3000A577010010FD0200FD80010024FD0200F7
:10FC40008986010038FD0200759301004CFD020019
:10FC5000517E010060FD0200598E010088FD020006
:10FC6000E98B010074FD0200F9EB01009CFD02002C
:10FC700079B7020000000000A56501000000000047
:10FC8000E9AF01000000000071BA010000000000AF
:10FC9000D3CA02000000000042430300000000003D
:10FCA000E8C7002004CA002074070120A53403001F
:10FCB000EC090300040A0300EEC900204C050120F2
:10FCC0003D370300940A0300AC0A0300F6C9002084
:10FCD000E8050120CA34030000000000200A0300E8
:10FCE000F0C9002000000000873B0300AC0B0300BC
:10FCF000040C0300FEC9002038C70020913B03001C
:10FD0000D80B0300040C030000CA002054C70020D5
:10FD10002C34030000000000D4090300ECC90020CB
:10FD2000000000000936030000000000780A03000C
:10FD3000F4C900200000000091380300D00A03003D
:10FD4000140B0300F8C90020F0C60020673D030033
:10FD5000100C03007C0C030002CA002070C70020B6
:10FD600094350300280A03005C0A0300F2C900204E
:10FD7000A8050120563A03002C0B03003C0B03009E
:10FD8000FAC90020F40501205A3B03006C0B030064
:10FD9000900B0300FCC900200806012087610300C6
:10FDA00048C800209C0D030006CA002048E500203A
:10FDB000000000002BB60200000000002BB602007D
:10FDC000000000002BB60200000000002BB602006D
:10FDD000000000002BB6020031F301005FD00200EA
:10FDE000000000002BB60200000000002BB602004D
:10FDF000FCFC0200E9C30200E8FC0200E9C30200C7
:10FE0000490D02005FD00200B90602005FD0020077
:10FE1000000000002BB60200000000002BB602001C
:10FE200010FD0200E9770100000000002BB602007F
:10FE3000000000002BB60200000000002BB60200FC
:10FE4000000000002BB60200000000002BB60200EC
:10FE5000000000002BB6020000000000019C010021
:10FE6000000000002BB60200000000002BB60200CC
:10FE7000000000002BB60200000000002BB60200BC
:10FE8000000000002BB60200000000002BB60200AC
:10FE9000000000002BB60200000000002BB602009C
:10FEA000000000002BB60200000000002BB602008C
:10FEB000000000002BB60200000000002BB602007C
:10FEC000000000002BB60200000000002BB602006C
:10FED000000000002BB60200000000002BB602005C
:10FEE000000000002BB60200000000002BB602004C
:10FEF000000000002BB60200000000002BB602003C
:10FF00009DFF01005FD00200000000002BB6020040
:10FF1000000000002BB60200000000002BB602001B
:10FF2000000000002BB60200000000002BB602000B
:10FF3000000000002BB60200C1FD01005FD00200EE
:10FF4000000000002BB60200000000002BB60200EB
:10FF5000000000002BB60200000000002BB60200DB
:10FF6000000000002BB60200000000002BB60200CB
:10FF7000000000002BB60200000000002BB60200BB
:10FF8000000000002BB60200000000002BB60200AB
:10FF9000000000002BB60200000000002BB602009B
:10FFA000000000002BB60200000000002BB602008B
:10FFB000000000002BB6020080E40020A8390120D8
:10FFC000000A000079DA01000000000000000000D3
:10FFD000000000000E00000000000000BF5C0300F5
:10FFE0000000000000000000000000000100000010
:10FFF0008DA80100A9AC0100BC2203000300000091
:020000040003F7
:10000000D32F030003000000353403000300000079
:100010005C1A0300030000006944030003000000B1
:100020009061030003000000961D03000300000020
:10003000BC340300030000005E580300030000000E
:1000400020360300030000004937030003000000CE
:100050009A38030003000000683A03000300000020
:100060002C20030003000000C72003000300000051
:10007000B322030003000000FA4C03000300000059
:100080007018030003000000DD2A030003000000D5
:10009000D25C030003000000EA2F0300030000000D
:1000A000F22F030003000000E14203000300000000
:1000B0008372030003000000EA2C03000300000029
:1000C0004823030003000000F62C03000300000097
:1000D0009F35030003000000703D03000300000093
:1000E0009B3B030003000000603B03000300000093
:1000F000E808030078C60020A222030001000000E7
:1001000074FD02003A3A03004D3A0300000000007B
:100110009CFD02006B610300806103000000000091
:1001200088FD020000000000000000000000000048
:1001300000000000000000000000000000000000BF
:1001400000000000000080BF00000000CDCC4CBFCC
:100150000000000000000000CDCC4CBE000000BF3D
:1001600000000000000080BF000000000000000050
:10017000000000000000000000000000000000007F
:10018000CDCCCC3D3333333F00000000CDCC4CBF51
:10019000CDCCCCBD0000000000000000000000003D
:1001A000000000000000000000000000000000004F
:1001B0000001020408100000000000000000000020
:1001C000307564002C01701797078403C5005C0428
:1001D0009001400140019001FFFF7FFFFFFF7FFF83
:1001E000FFFF7FFFFFFF7FFFFFFF7FFFFFFF7FFF1F
:1001F000FFFF7FFFFFFF7FFFFFFF7F7FFFFF7F7F0F
:10020000FFFF7F7FFFFF7F7FFFFF7F7FFFFF7F7FFE
:10021000FFFF7F7FFFFF7F7F05020A1E05050505A3
:10022000050500004001640064006400C800C800C7
:10023000C800400140014001010203000400000029
:100240000506070014001100100005000000000161
:10025000200040000000000100000000000000003D
:10026000000000000E000000000000000800000078
:10027000040000000400000006000000040000006C
:10028000060000000F0080000102030400000000CF
:100290000000000000050000000000000006070844
:1002A0000E00E0000E00E0000E00E0000E00E00096
:1002B0000E00E00004000000010000000200000049
:1002C00008000000F4FF9F00F6FF9F000800800078
:1002D0000800800004208000062080000E00E0005E
:1002E0000E00E0000E00E0000E00E0000E00E00056
:1002F0000E00E0000F0080000F0080000F00800063
:100300000F00800000008000170017001700170082
:100310001D0000000000000000006001E00110006E
:100320001000000100031500150015001500150050
:10033000170000040004000400040000010203048C
:1003400000050607080000090A0B0C00000D00005C
:100350000E0F1011121300000000891112239B329E
:100360002446AD573665BF74488CC19D5AAFD3BE85
:100370006CCAE5DB7EE9F7F88110080193331A2295
:10038000A5562C47B7753E64C99C408DDBBF52AE65
:10039000EDDA64CBFFF976E802218B301002991375
:1003A0002667AF763444BD554AADC3BC588ED19F45
:1003B0006EEBE7FA7CC8F5D983310A209112180355
:1003C000A7772E66B5543C45CBBD42ACD99E508F25
:1003D000EFFB66EAFDD874C904428D5316619F7025
:1003E0002004A9153227BB364CCEC5DF5EEDD7FC05
:1003F0006888E1997AABF3BA85520C4397711E6015
:10040000A1142805B3373A26CDDE44CFDFFD56ECE4
:10041000E9986089FBBB72AA06638F7214409D51F4
:100420002225AB343006B9174EEFC7FE5CCCD5DDC4
:100430006AA9E3B8788AF19B87730E6295501C41D4
:10044000A3352A24B1163807CFFF46EEDDDC54CDA4
:10045000EBB962A8F99A708B088481951AA793B6B4
:100460002CC2A5D33EE1B7F04008C919522BDB3AA4
:10047000644EED5F766DFF7C899400859BB712A674
:10048000ADD224C3BFF136E0C1184809D33B5A2A84
:10049000E55E6C4FF77D7E6C0AA583B41886919754
:1004A0002EE3A7F23CC0B5D14229CB38500AD91B64
:1004B000666FEF7E744CFD5D8BB502A49996108734
:1004C000AFF326E2BDD034C1C3394A28D11A580B44
:1004D000E77F6E6EF55C7C4D0CC685D71EE597F404
:1004E0002880A1913AA3B3B2444ACD5B5669DF7824
:1004F000600CE91D722FFB3E8DD604C79FF516E4F4
:10050000A9902081BBB332A2C55A4C4BD7795E6803
:10051000E11C680DF33F7A2E0EE787F61CC495D5D3
:100520002AA1A3B03882B193466BCF7A5448DD59E3
:10053000622DEB3C700EF91F8FF706E69DD414C5B3
:10054000ABB122A0B9923083C77B4E6AD5585C49C3
:10055000E33D6A2CF11E780F2D1B0200C927020013
:100560001D2B020079E6020081E6020071E602001E
:10057000B3E10200612B02007DE6020075E6020095
:10058000DE74030000010000000000000000000015
:100590000338FDD870470000010000000000000093
:1005A000050000000000000019000000000000002D
:1005B0007D0000000000000071020000000000004B
:1005C000350C000000000000093D000000000000A4
:1005D0002D31010000000000E1F5050000000000E1
:1005E00065CD1D0000000000F9029500000000002C
:1005F000DD0EE90200000000514A8D0E00000000EF
:100600009573C24800000000E941CC6B0100000076
:100610008D49FD1A07000000C16FF286230000001B
:10062000C52EBCA2B1000000D9E9AC2D78030000B2
:100630003D9160E45811000031D6E275BC560000CF
:10064000F52E6E4DAEB10100C9EA26836778080029
:10065000ED95C28F055A2A00A1EDCCCE1BC2D30066
:1006600025A4000A8BCA220400000000000000003C
:10067000000000000000001000000000000000006A
:10068000B9340332B7F4AD1410DB1AB30892540E28
:100690000D307D951447BA1A66088F4D26ADC66D8C
:1006A000F598BF85E2B74511CA96853D92BD1DEB11
:1006B000FCA11860DCEF52163C92AE220BB8C1B41C
:1006C000839D2D5B0562DA1C304C7E8F4E8BB25BB6
:1006D00016F4529F8B56A512FBD4827643ED8AF016
:1006E0008FE7F9311565191850F19BD94A13EEB40B
:1006F000284CF0A686C1251F035FC270CB9E491609
:10070000E642889C44EB2014B0650836AD6EA585A2
:1007100085F0CA14E2FD031A0B899979D5B13D0918
:10072000D8DA973A35EBCF10AC363F5E73BB38CF93
:100730003E6752FA44AFBA15010000000000000005
:100740000000000000000020345065C05FC9A652C0
:10075000BB13CBAEC440C21806C8DF7100D5A87C5D
:10076000F56F0FDA58FC27136E4756357D24206548
:1007700002C7E768E48CA41DE9E60268D7CD3961B9
:100780007977FCC2405BEF16798CDE43FFA751F905
:1007900091F3B278F5BDBE11E857E9D6E8BEE87B23
:1007A000B054AC8F848D751BEA23A499E9F9D38BDF
:1007B000B7A3714061DA3E15CEE33ECB73F948082A
:1007C0008C97B427D51B7010A2BFEFB9EB853215FB
:1007D0004DB44DB49BBB6F1996B6076CF8E7EEAD00
:1007E00036D9B4F59135AE13222218AF4E6A684D52
:1007F00091DAAA3D4F40741E9FBD9EE006A1C098AD
:1008000057C2A7FDA40E90170E7D497173E3208F88
:10081000B220D87605143B12853D7434811343B061
:10082000AD297A5F27F4351C0000000000000000AD
:100830000000000000000080000000000000000038
:1008400000000000000000000000000000000000A8
:100850000000000000000000000000000000000098
:100860002D1A0100391A01000000000000000000EC
:10087000811A0100ADA20200C1A202002D1A0100DE
:10088000391A0100F8DD0020000100007FB10200EC
:1008900029B1020002000000E5B2020000000000E1
:1008A0000000000000000000000000002A220300F9
:1008B00032220300000000000000000000000000E1
:1008C0003A2203003E220300422203004622030094
:1008D000D8080300680401204D4701008804012066
:1008E000231201200100000075B302006BB3020067
:1008F0005BB3020071470100000000004FB302002B
:1009000000000000E54F010000000000F54F01006D
:100910000000000095B50200070000000000000084
:10092000000000000080000024FD02000100000023
:10093000000000000080000024FD02000200000012
:100940000080000000000F0024FD020003000000F2
:100950000080000000000F0024FD020004000000E1
:1009600000800F000020000024FD020005000000B0
:1009700000800F000020000024FD0200060000009F
:1009800000A00F000060000024FD020080C50020D0
:10099000000000000600010002000000A0090300A2
:1009A000000000008A2C030002000000E0FF0F009E
:1009B00068C50020922C030021000000E0FF032006
:1009C0009D720100E572010029730100AD73010001
:1009D000D9730100ED740100DD75010058020000BB
:1009E000B17801009D79010000000000357B010015
:1009F000597A0100B0340300D3BD0200D9BD020012
:100A0000B63403001D7A0100E5BD0200B9BD020045
:100A100000000000ED780100000000000000000070
:100A2000EBBD0200000000004CFD020000B4C40455
:100A300000010000C0FC02001900010000000000DD
:100A4000000080008000000000000100EF4017005F
:100A50000000010000000100010000000BBF0200C7
:100A600023C00200457D01003D7D01000FBE020054
:100A700001000000FF0000000FC10200B181010071
:100A800025810100D1800100C18001000400000027
:100A9000FF000000FFFFFFFF002584400000000072
:100AA000000000000010034001000000AD840100C0
:100AB000A3C10200AFC10200C3C10200CDC1020048
:100AC000D7C10200618301003982010000000000EB
:100AD00000A0004000000000000000000000000036
:100AE000000040060000010110000000EBC1020000
:100AF000F80A0300FF1F000000A00040040B0300E1
:100B0000010000000C0B0300020000001A00180096
:100B10001B001600458601000000000075870100DB
:100B2000000000000000000005870100198D010091
:100B300038FD0200190000000800000059070100FC
:100B40000000000000000000758B0100E98A010030
:100B5000000000000000000081C2020049C2020043
:100B6000E5C20200BBC2020019C3020010FD020070
:100B70000000000000000000000000000000000075
:100B8000E04DE000809698000000000000000000AA
:100B90000000000000000000000000001D8E0100A9
:100BA0004D8D01000000000000000000009000409A
:100BB0000200000000000000BC0B03000090004099
:100BC000C80B030001000000D00B0300020000006E
:100BD0001800000017000200008000400200000022
:100BE00000000000E80B030000800040F40B03004D
:100BF00001000000FC0B03000200000009000000DF
:100C000006000200A1C302000D92010093C302007E
:100C100000B000400000000000127A000000000058
:100C20000000000000000000FFFFFFFF0000FF00C9
:100C300000000000000000010100000097C4020055
:100C4000FF1F0000540C0300FFFFFFFF0000000027
:100C50000000000000B00040600C03000100000034
:100C6000680C0300030000001400080015000A00CF
:100C700016000C00C0FC020019000100B99601002A
:100C800029C5020000800020E8040000E88400205C
:100C90000020000068A500200020000000000000E7
:100CA0000000000001000000C9AF0100E99E010042
:100CB0003DAD0100B9C50200BDC60200DBC50200A2
:100CC000CFC6020095AB01000000000059AF010043
:100CD000E7C60200B3C502006DAE0100F5A8010031
:100CE000EDC50200E9A7010059A70100A5A901006F
:100CF000000000000000000000000000AB44030002
:100D0000B0440300B8440300C344030000000000E3
:100D1000D04C0300D64C0300DC4C0300E24C030033
:100D2000E84C0300EE4C0300F44C03004156030072
:100D300053560300655603007256030083560300A2
:100D4000935603009D560300B0560300C35603009C
:100D5000D656030058020000100E0000A08C0000C0
:100D6000020000001E0000003C0000000094110082
:100D700000000000020000003C00000068010000CC
:100D80003C0000003C0000003C0000003C00000073
:100D9000000000003C590300475903000000000018
:100DA0000000000039EE0100EDCF020071ED0100FE
:100DB00000000000000000003BAAAA3E0100000065
:100DC0003BAAAA3E030000003BAAAA3E0400000082
:100DD0003BAAAA3E0C0000003BAAAA3E0D00000060
:100DE0003BAAAA3E0E0000003BAAAA3E0700000054
:100DF0003BAAAA3E0F000000A51A02007D200200B7
:100E00000000000011E60200E52902009D2B02000F
:100E1000AB440300B0440300917003009D700300D5
:100E200000000002000000010000000400000008B3
:100E300000000010000000000C000000690000002D
:100E40000B0000007200000080000000160000008F
:100E500070000000780000007F00000080000000AB
:100E6000710000006800000016000000740000001F
:100E70007300000073000000710000008C0000008F
:100E80007A0000000D0000000B0000000B000000C5
:100E900076000000ADBAADBAADBAADBAADBAADBA72
:100EA000ADBAADBAADBAADBAADBAADBAADBAADBA0A
:100EB000ADBAADBAADBAADBAADBAADBAADBAADBAFA
:100EC000ADBAADBAADBAADBAADBAADBAADBAADBAEA
:100ED000ADBAADBAADBAADBAADBAADBAADBAADBADA
:100EE000ADBAADBAADBAADBAADBAADBAADBAADBACA
:100EF000ADBAADBAADBAADBAADBAADBAADBAADBABA
:100F0000ADBAADBAADBAADBAADBAADBAADBAADBAA9
:100F1000ADBAADBAADBAADBAADBAADBAADBAADBA99
:100F2000ADBAADBAADBAADBAADBAADBAADBAADBA89
:100F3000ADBAADBAADBAADBAADBAADBAADBAADBA79
:100F4000ADBAADBAADBAADBAADBAADBAADBAADBA69
:100F5000ADBAADBAADBAADBAADBAADBAADBAADBA59
:100F6000ADBAADBAADBAADBAADBAADBAADBAADBA49
:100F7000ADBAADBAADBAADBAADBAADBAADBAADBA39
:100F8000ADBAADBAADBAADBAADBAADBAADBAADBA29
:100F9000ADBAADBAADBAADBAADBAADBAADBAADBA19
:100FA000ADBAADBAADBAADBAADBAADBAADBAADBA09
:100FB000ADBAADBAADBAADBAADBAADBAADBAADBAF9
:100FC000ADBAADBA6F0000006F0000006F00000006
:100FD0006F0000006F0000006F0000006F00000055
:100FE0000B0000007A000000470000000B0000002A
:100FF0000B0000005F000000041000000170000002
:1010000004700000FFFFFFFFFFFFFFFFFFFFFFFF78
:10101000FFFFFFFFFFFFFFFFFFFFFFFFFFFFFFFFE0
:10102000FFFFFFFF0370000002700000057000006A
:101030000670000008700000097000000A700000CF
:10104000FFFFFFFFFFFFFFFFFFFFFFFFFFFFFFFFB0
:10105000FFFFFFFFFFFFFFFFFFFFFFFFFFFFFFFFA0
:10106000FFFFFFFFFFFFFFFF0180000010400000B7
:10107000106000001130000012300000FFFFFFFF81
:10108000FFFFFFFFFFFFFFFFFFFFFFFFFFFFFFFF70
:1010900010300000FFFFFFFFFFFFFFFFFFFFFFFF1C
:1010A000FFFFFFFFFFFFFFFFFFFFFFFFFFFFFFFF50
:1010B000FFFFFFFFFFFFFFFFFFFFFFFFFFFFFFFF40
:1010C000FFFFFFFFFFFFFFFFFFFFFFFF06500000D6
:1010D000E6710300F4710300087203001772030045
:1010E00023720300A8FB0200A8FB0200F8FB020029
:1010F00000FC020080FC020098FC02006811030062
:10110000A27D03001C11030000000000FC1003007E
:10111000856B02001BEB02007D6B0200A81103002F
:10112000C27D030068110300CF7D03001C11030082
:10113000A8110300E17D0300A8110300017E030054
:10114000000000002411030061EB020063EB0200C9
:101150006D6C020068110300257E030094110300EA
:101160000000000054110300F16C02007BEC02004F
:101170006BED02006BED020043EE02009BED0200FE
:101180003FED0200CBEC02008FEC0200A81103003F
:101190004A7E030068110300577E03008C11030090
:1011A0000000000094110300056D0200D9ED02005B
:1011B0006BED02006BED020043EE02009BED0200BE
:1011C0002BEE0200EDED0200CDED0200000000006C
:1011D00000000000000000000000000000000040CF
:1011E0009559695955555455155555560405154188
:1011F000105455404551554440455044505555456F
:1012000000400040400444966555565545404554BD
:101210005141154055915555555540510501000016
:10122000544554544555050400100410140440005E
:1012300000000140555515415404000044000100D0
:1012400000000040410000445044455054005555B2
:1012500054556551004000400100000100050100A7
:101260001154515154555505000000000000000074
:1012700000000000D1F71737D1F717B78071313F61
:10128000807131BF0000003F000000BF000000007F
:10129000DCCFD1350000000000C0153F0000803FCA
:1012A0000000C03F000FC93F000F494000CB9640EF
:1012B000000FC9400053FB4000CB164100ED2F4109
:1012C000000F49410031624100537B41003A8A419D
:1012D00000CB9641005CA34100EDAF41007EBC41D4
:1012E000000FC94100A0D5410031E24100C2EE41EA
:1012F0000053FB4100F20342003A0A4200831042CD
:1013000000CB164200141D42005C234200A5294276
:1013100000ED2F4200363642007E3C4200C742427A
:10132000000F4942A2000000F90000008300000005
:101330006E0000004E000000440000001500000098
:1013400029000000FC0000002700000057000000FA
:10135000D1000000F500000034000000DD000000B6
:10136000C0000000DB0000006200000095000000EB
:10137000990000003C0000004300000090000000C5
:1013800041000000FE00000051000000630000006A
:10139000AB000000DE000000BB000000C500000044
:1013A00061000000B7000000240000006E00000093
:1013B0003A000000420000004D000000D200000092
:1013C000E000000006000000490000002E000000C0
:1013D000EA00000009000000D100000092000000B7
:1013E0001C000000FE0000001D000000EB000000DB
:1013F0001C000000B100000029000000A700000050
:101400003E000000E80000008200000035000000FF
:10141000F50000002E000000BB00000044000000AA
:1014200084000000E90000009C0000007000000043
:1014300026000000B40000005F0000007E000000F5
:10144000410000003900000091000000D6000000BB
:101450003900000083000000530000003900000044
:10146000F40000009C000000840000005F00000009
:101470008B000000BD000000F90000002800000003
:101480003B0000001F000000F80000009700000073
:10149000FF000000DE0000000500000098000000D2
:1014A0000F000000EF0000002F00000011000000FE
:1014B0008B0000005A0000000A0000006D000000D0
:1014C0001F0000006D000000360000007E000000DC
:1014D000CF00000027000000CB0000000900000042
:1014E000B70000004F000000460000003F00000071
:1014F000660000009E0000005F000000EA0000009F
:101500002D0000007500000027000000BA00000058
:10151000C7000000EB000000E5000000F100000043
:101520007B0000003D0000000700000039000000C3
:10153000F70000008A000000520000009200000046
:10154000EA0000006B000000FB0000005F000000EC
:10155000B10000001F0000008D0000005D000000D1
:1015600008000000560000000300000030000000EA
:1015700046000000FC0000007B0000006B00000043
:10158000AB000000F0000000CF000000BC00000035
:10159000200000009A000000F40000003600000067
:1015A0001D000000A9000000E30000009100000001
:1015B000610000005E000000E60000001B0000006B
:1015C0000800000065000000990000008500000090
:1015D0005F00000014000000A00000006800000090
:1015E000400000008D000000FF000000D800000057
:1015F000800000004D000000730000002700000084
:101600003100000006000000060000001500000088
:1016100056000000CA00000073000000A80000008F
:10162000C900000060000000E20000007B00000034
:10163000C00000008C0000006B0000000000C93FEB
:101640000000F0390000DA370000A2330000842ED9
:101650000000502B0000C2270000D0220000C41F51
:101660000000C61B00004417040000000700000033
:1016700009000000000001000A00190032006400A7
:10168000C800900154064005001502000200020047
:101690000400020008000200020002001000200006
:1016A0004000800000010002000400000100020070
:1016B0000400060008000A000C000E0010002000C4
:1016C00040008000000100010001EAFF7AFFF4FF02
:1016D000436F6E6E6563746564202D20686F6D6561
:1016E00000436F6E6E6563746564202D20726F61B8
:1016F0006D696E6700436F6E6E6563746564004963
:10170000646C650A004C5445206E6574776F726B8B
:1017100020646973636F6E6E6563746564004C5416
:1017200045206E6574776F726B20636F6E6E6563B4
:10173000746564004E6574776F726B2072656769BB
:101740007374726174696F6E207374617475733A27
:101750002025730A0050534D20706172616D6574CD
:101760006572207570646174653A205441553A2061
:10177000256420732C204163746976652074696D3B
:10178000653A20256420730A006544525820706130
:1017900072616D65746572207570646174653A205C
:1017A000654452583A20252E326620732C2050541E
:1017B000573A20252E326620730A00525243206D7C
:1017C0006F64653A2025730A004C54452063656CAC
:1017D0006C206368616E6765643A2043656C6C20B9
:1017E00049443A2025642C20547261636B696E670A
:1017F00020617265613A2025640A004661696C6562
:101800006420746F20696E697469616C697A6520FF
:101810006D6F64656D206C6962726172793A202522
:1018200064004661696C656420746F20636F6E6E3E
:1018300065637420746F204C5445206E6574776F17
:10184000726B2C206572726F723A2025640A004315
:101850006F6E6E656374696E67206173796E632065
:10186000746F204C5445206E6574776F726B0A005C
:101870006D6F64656D5F73657475705F74687265B4
:10188000616400437265617A696F6E6520646569A1
:1018900020746872656164730A00574553545F543D
:1018A0004F504449522F7A65706879722F696E6380
:1018B0006C7564652F7A65706879722F64726976C9
:1018C0006572732F6770696F2E6800286366672DD5
:1018D0003E706F72745F70696E5F6D61736B20260E
:1018E00020286770696F5F706F72745F70696E73C4
:1018F0005F74292831554C203C3C202870696E29A2
:10190000292920213D203055004153534552544947
:101910004F4E204641494C205B25735D20402025D9
:10192000733A25640A0009556E737570706F72748E
:1019300065642070696E0A0028666C6167732026F2
:1019400020282831203C3C203429207C20283120AC
:101950003C3C203529292920213D20282831203CC4
:101960003C203429207C202831203C3C203529296A
:10197000000950756C6C20557020616E64205075A4
:101980006C6C20446F776E2073686F756C64206E8A
:101990006F7420626520656E61626C656420736996
:1019A0006D756C74616E656F75736C790A0028666D
:1019B0006C6167732026202831203C3C2031292986
:1019C00020213D2030207C7C2028666C61677320BC
:1019D00026202831203C3C20322929203D3D203042
:1019E0000074656D703A2025642E253036643B20E6
:1019F00070726573733A2025642E253036643B205F
:101A000068756D69646974793A2025642E253036CD
:101A1000643B206961713A2025643B20434F323A90
:101A20002025642E253036643B20564F433A20252E
:101A3000642E253036640045736563757A696F6E70
:101A4000652064656C2074687265616420320A00E8
:101A5000417070207374617274656400617070000D
:101A600000070E091C1B1215383F363124232A2D7E
:101A7000574553545F544F504449522F7A6570680C
:101A800079722F6C69622F686561702F686561706B
:101A90002E63006368756E6B5F7573656428682CD0
:101AA0002063290009756E6578706563746564202C
:101AB000686561702073746174652028646F756255
:101AC0006C652D667265653F2920666F72206D65B5
:101AD0006D6F72792061742025700A006C656674E0
:101AE0005F6368756E6B28682C2072696768745F25
:101AF0006368756E6B28682C20632929203D3D2082
:101B0000630009636F727275707465642068656143
:101B10007020626F756E64732028627566666572E8
:101B2000206F766572666C6F773F2920666F722032
:101B30006D656D6F72792061742025700A002861CF
:101B40006C69676E20262028616C69676E202D20E5
:101B5000312929203D3D20300009616C69676E20E4
:101B60006D757374206265206120706F77657220D7
:101B70006F6620320A006279746573203E206865C2
:101B800061705F666F6F7465725F627974657328E8
:101B90006279746573290009686561702073697AD8
:101BA0006520697320746F6F20736D616C6C0A001F
:101BB000686561705F737A203E206368756E6B7331
:101BC0007A2873697A656F662873747275637420F6
:101BD0007A5F686561702929006368756E6B305F94
:101BE00073697A65202B206D696E5F6368756E6B13
:101BF0005F73697A65286829203C3D2068656170BB
:101C00005F737A00574553545F544F504449522FE5
:101C10007A65706879722F6C69622F6F732F6362B7
:101C20007072696E74665F7061636B616765642E64
:101C3000630009537472696E672077697468207451
:101C40006F6F206D616E7920617267756D656E745E
:101C5000730A00097374725F7074725F706F735BE4
:101C60005D20746F6F20736D616C6C0A0009756E76
:101C700065787065637465642073697A652025757D
:101C80000A0009746F6F206D616E7920666F726D46
:101C9000617420617267730A00696E5F7061636BC3
:101CA0006167656420213D202828766F6964202AB9
:101CB0002930290028756E7369676E656429206371
:101CC000686172202A207573656420666F72202512
:101CD000257020617267756D656E742E20497427BA
:101CE00073207265636F6D6D656E64656420746FDB
:101CF000206361737420697420746F20766F696447
:101D0000202A2062656361757365206974206D61A6
:101D100079206361757365206D69736265686176AA
:101D2000696F7220696E206365727461696E2063E9
:101D30006F6E66696775726174696F6E732E20537A
:101D40007472696E673A2225732220617267756D1D
:101D5000656E743A256400736370795F636E7420F6
:101D60003C2073697A656F66286370795F7374725B
:101D70005F706F7329006B6565705F636E74203CE4
:101D80002073697A656F66286B6565705F7374721E
:101D90005F706F73290063627072696E74665F7042
:101DA00061636B61676500574553545F544F5044FE
:101DB00049522F7A65706879722F6C69622F6F7340
:101DC0002F6D7073635F706275662E63006572724B
:101DD000203D3D203000574553545F544F504449F7
:101DE000522F7A65706879722F696E636C756465BD
:101DF0002F7A65706879722F7370696E6C6F636B80
:101E00002E68007A5F7370696E5F6C6F636B5F76CC
:101E1000616C6964286C290009496E76616C69649B
:101E2000207370696E6C6F636B2025700A007A5F97
:101E30007370696E5F756E6C6F636B5F76616C69F2
:101E400064286C2900094E6F74206D7920737069C5
:101E50006E6C6F636B2025700A00574553545F54B6
:101E60004F504449522F7A65706879722F6C6962BD
:101E70002F7574696C732F6F6E6F66662E630073B7
:101E800074617465203D3D20305500217379735F86
:101E9000736C6973745F69735F656D7074792826FC
:101EA0006D67722D3E636C69656E74732900747280
:101EB000616E73697420213D202828766F69642043
:101EC0002A293029007374617465203D3D20283132
:101ED000554C203C3C2028312929006D67722D3E4D
:101EE00072656673203D3D20300073746174652017
:101EF0003D3D202831554C203C3C202830292900EC
:101F0000574553545F544F504449522F7A65706877
:101F100079722F6C69622F7574696C732F6E6F7490
:101F20006966792E6300574553545F544F504449B6
:101F3000522F7A65706879722F7375627379732F77
:101F400066732F6663622F6663625F617070656E91
:101F5000642E6300636E74203C3D2073697A656F64
:101F60006628746D705F73747229006C6F6767699F
:101F70006E6700574553545F544F504449522F7A6F
:101F800065706879722F7375627379732F6C6F67E0
:101F900067696E672F6C6F675F636F72652E630092
:101FA0006C6F675F6261636B656E645F636F756EB4
:101FB000745F6765742829203C2028283332202F3D
:101FC00020335529202D202831202B20302929008D
:101FD0006261636B656E64203C3D205F6C6F675F80
:101FE0006261636B656E645F6C6973745F656E6478
:101FF0000009756E6578706563746564206C69733B
:102000007420656E64206C6F636174696F6E0A0082
:102010006C6F675F6261636B656E645F636F756E43
:10202000745F6765742829203E2030006C6F67005C
:10203000574553545F544F504449522F7A65706846
:1020400079722F7375627379732F6C6F6767696E1E
:10205000672F6C6F675F6D676D742E63006C696EC0
:102060006B203C3D205F6C6F675F6C696E6B5F6CD3
:102070006973745F656E6400574553545F544F50E5
:102080004449522F7A65706879722F696E636C7556
:1020900064652F7A65706879722F6C6F6767696EF7
:1020A000672F6C6F675F6261636B656E642E68009B
:1020B0006261636B656E6420213D202828766F691C
:1020C00064202A293029006C6F675F6D676D74008A
:1020D0004D6573736167652028222573222920646A
:1020E000726F7070656420626563617573652069E5
:1020F0007420657863656564732073697A65206C04
:10210000696D69746174696F6E202825752900579F
:102110004553545F544F504449522F7A6570687943
:10212000722F7375627379732F6C6F6767696E674F
:102130002F6C6F675F6D73672E6300706C656E2028
:102140003E3D203000574553545F544F5044495250
:102150002F7A65706879722F7375627379732F6C3B
:102160006F6767696E672F6C6F675F6F75747075E7
:10217000742E63006F75745F6374782D3E636F6EA9
:1021800074726F6C5F626C6F636B2D3E6F6666730B
:102190006574203C3D206F75745F6374782D3E73C9
:1021A000697A65001B5B306D006C6576656C203C60
:1021B0003D20345500257320005B2530386C755D5B
:1021C00020005B253032753A253032753A253032A1
:1021D000752E253033752C253033755D2000257321
:1021E0002F003C25733E200025733A200065727253
:1021F000203E3D2030002530327820002020200075
:102200007C00206D657373616765732064726F7005
:10221000706564202D2D2D0D0A1B5B306D001B5B3E
:10222000313B33316D2D2D2D20001B5B313B333184
:102230006D001B5B313B33336D006572720077724A
:102240006E00696E660064626700574553545F54C0
:102250004F504449522F7A65706879722F737562B6
:102260007379732F6C6F6767696E672F6261636B39
:10227000656E64732F6C6F675F6261636B656E641C
:102280005F756172742E63006465766963655F696A
:10229000735F726561647928756172745F646576D5
:1022A00029006C6F675F6261636B656E645F756167
:1022B0007274006C6F675F7561727400535452459D
:1022C000414D5F464C41534800574553545F544F6E
:1022D000504449522F7A65706879722F7375627312
:1022E00079732F73657474696E67732F7372632FBC
:1022F00073657474696E67732E63006368203C3D78
:10230000205F73657474696E67735F68616E646C77
:1023100065725F7374617469635F6C6973745F6520
:102320006E64007365742D76616C756520666169F5
:102330006C7572652E206B65793A20257320657265
:10234000726F72282564290073657474696E6773EF
:10235000004661696C656420746F206C6F61642055
:102360006C696E65206E616D653A2025640066615A
:10237000696C656420746F206C6F6164206C696E99
:1023800065004661696C656420746F2066696E69DA
:102390007368206663625F617070656E64202825D3
:1023A0006429004661696C656420746F206663620D
:1023B00020726F746174652028256429002A2A2AF6
:1023C00020426F6F74696E67206E524620436F6EB5
:1023D0006E6563742053444B2076322E372E302D99
:1023E000356362383535373063613433202A2A2A21
:1023F0000A002A2A2A205573696E67205A65706878
:102400007972204F532076332E362E39392D3130C4
:1024100030626566633730633734202A2A2A0A001F
:1024200072302F61313A20203078253038782020E2
:1024300072312F61323A20203078253038782020D0
:1024400072322F61333A202030782530387800728C
:10245000332F61343A20203078253038782072319B
:10246000322F69703A202030782530387820723148
:10247000342F6C723A20203078253038780020785C
:102480007073723A202030782530387800735B25DD
:1024900032645D3A20203078253038782020735B14
:1024A0002532645D3A20203078253038782020733A
:1024B0005B2532645D3A2020307825303878202042
:1024C000735B2532645D3A202030782530387800FF
:1024D00066707363723A2020307825303878004671
:1024E00061756C74696E6720696E7374727563745C
:1024F000696F6E2061646472657373202872313570
:102500002F7063293A2030782530387800556E686E
:10251000616E646C6564204952516E3A20256400F6
:102520002A2A2A2A2A204D5055204641554C54200B
:102530002A2A2A2A2A002020537461636B696E6755
:10254000206572726F722028636F6E7465787420D4
:1025500061726561206D69676874206265206E6FC5
:10256000742076616C696429002020556E73746153
:10257000636B696E67206572726F72002020446120
:102580007461204163636573732056696F6C617475
:10259000696F6E0020204D4D4641522041646472A7
:1025A0006573733A2030782578002020496E737463
:1025B00072756374696F6E2041636365737320562F
:1025C000696F6C6174696F6E002020466C6F617476
:1025D000696E672D706F696E74206C617A792073F3
:1025E0007461746520707265736572766174696F69
:1025F0006E206572726F7200574553545F544F508E
:102600004449522F7A65706879722F617263682F1E
:1026100061726D2F636F72652F636F727465785F7F
:102620006D2F6661756C742E630021282828534332
:10263000425F54797065202A292028283078453057
:10264000303045303030554C29202B203078304404
:102650003030554C2920292D3E4346535220262008
:102660002831554C203C3C20283055202B20345517
:102670002929290009537461636B696E67206F72A1
:102680002044617461204163636573732056696FF0
:102690006C6174696F6E206572726F7220776974F5
:1026A000686F757420737461636B20677561726401
:1026B0002C20757365722D6D6F6465206F72206EAE
:1026C000756C6C2D706F696E7465722064657465CD
:1026D0006374696F6E0A0A002A2A2A2A2A2055532F
:1026E000414745204641554C54202A2A2A2A2A008F
:1026F00020204469766973696F6E206279207A655B
:10270000726F002020556E616C69676E6564206D84
:10271000656D6F7279206163636573730020205368
:102720007461636B206F766572666C6F77202863C7
:102730006F6E746578742061726561206E6F7420AD
:1027400076616C6964290020204E6F20636F70727F
:102750006F636573736F7220696E737472756374DF
:10276000696F6E73002020496C6C6567616C206C2A
:102770006F6164206F66204558435F52455455523F
:102780004E20696E746F205043002020496C6C65A8
:1027900067616C20757365206F66207468652045DD
:1027A000505352002020417474656D707420746F12
:1027B000206578656375746520756E646566696EFD
:1027C000656420696E737472756374696F6E002A34
:1027D0002A2A2A2A20425553204641554C54202A61
:1027E0002A2A2A2A002020537461636B696E6720AD
:1027F0006572726F72002020507265636973652084
:102800006461746120627573206572726F7200205A
:10281000204246415220416464726573733A20300D
:10282000782578002020496D707265636973652092
:102830006461746120627573206572726F7200202A
:1028400020496E737472756374696F6E206275735C
:10285000206572726F7200526573657276656420CE
:10286000457863657074696F6E20280053707572C7
:10287000696F757320696E74657272757074202843
:10288000495251200065736620213D202828766F2B
:102890006964202A293029000945534620636F7551
:1028A0006C64206E6F742062652072657472696555
:1028B000766564207375636365737366756C6C7994
:1028C0002E205368616C6C206E65766572206F6394
:1028D0006375722E0A00457863657074696F6E20A7
:1028E0006F6363757272656420696E2053656375EA
:1028F0007265205374617465002A2A2A2A2A2048A6
:10290000415244204641554C54202A2A2A2A2A0062
:102910002020427573206661756C74206F6E20767E
:102920006563746F72207461626C652072656164A6
:102930000020204465627567206576656E7400200E
:10294000204661756C7420657363616C6174696F96
:102950006E20287365652062656C6F77290041528F
:1029600043485F4558434550542077697468207246
:102970006561736F6E2025780A00094661756C7475
:1029800020657363616C6174696F6E207769746828
:102990006F75742046535220696E666F0A000948AD
:1029A0006172644661756C7420776974686F7574C0
:1029B000204846535220696E666F205368616C6CE4
:1029C000206E65766572206F636375720A002A2A2D
:1029D0002A2A2A204465627567206D6F6E69746FBC
:1029E0007220657863657074696F6E202A2A2A2ABE
:1029F0002A002A2A2A2A2A20257320256429202A07
:102A00002A2A2A2A00574553545F544F50444952AA
:102A10002F7A65706879722F617263682F61726DA9
:102A20002F636F72652F636F727465785F6D2F66A9
:102A300070752E630062756666657220213D2028E0
:102A400028766F6964202A29302900574553545F3E
:102A5000544F504449522F7A65706879722F6172D1
:102A600063682F61726D2F636F72652F636F72746D
:102A700065785F6D2F6972715F6D616E6167652E3C
:102A800063007072696F203C3D20282831554C202E
:102A90003C3C2028332929202D2031290009696E4A
:102AA00076616C6964207072696F7269747920252F
:102AB0006420666F7220256420697271212076611E
:102AC0006C756573206D757374206265206C657319
:102AD00073207468616E20256C750A0A006D70752C
:102AE000004661696C656420746F20616C6C6F6373
:102AF000617465206E6577204D5055207265676959
:102B00006F6E2025750A00506172746974696F6E6A
:102B10002025753A2073616E697479206368656356
:102B20006B206661696C65642E00496E76616C6924
:102B30006420756E6465726C79696E672072656772
:102B4000696F6E20696E646578202575005745535E
:102B5000545F544F504449522F7A65706879722FF0
:102B6000617263682F61726D2F636F72652F6D7074
:102B7000752F61726D5F6D70752E630009436F6E06
:102B80006669677572696E67202575207374617454
:102B90006963204D505520726567696F6E732066BA
:102BA00061696C65640A0A00094D61726B696E6740
:102BB00020257520617265617320666F72206479CB
:102BC0006E616D696320726567696F6E73206661FF
:102BD000696C65640A0A0009526571756573742031
:102BE000746F20636F6E6669677572653A2025752C
:102BF00020726567696F6E732028737570706F72CD
:102C00007465643A202575290A0A002128726567CF
:102C1000696F6E5B6964785D2E64745F6174747251
:102C20002026202831554C203C3C202830292929B9
:102C3000000952414D5F4E4F43414348452077695B
:102C400074682044545F4D454D5F434143484541BE
:102C5000424C45206174747269627574650A0A0099
:102C6000094661696C656420746F20616C6C6F63E8
:102C7000617465204D505520726567696F6E7320D1
:102C800066726F6D2044540A0A00464C4153485FF7
:102C900030005352414D5F300061626F72742829D9
:102CA0000A00574553545F544F504449522F7A6598
:102CB000706879722F6C69622F6C6962632F636F21
:102CC0006D6D6F6E2F736F757263652F7374646CA7
:102CD00069622F6D616C6C6F632E63006C6F636B48
:102CE0005F726574203D3D203000706F7369785FBE
:102CF00074696D657200736F630028666C61677339
:102D000020262028283155203C3C20323129207CA7
:102D100020283155203C3C20323229207C2028318B
:102D200055203C3C20323329207C20283155203C42
:102D30003C20323429207C20283155203C3C203254
:102D40003529207C20283155203C3C203236292949
:102D500029203D3D20300009496E746572727570FE
:102D60007420666C61677320617265206E6F7420D9
:102D7000737570706F727465640A00212828666C20
:102D8000616773202620283155203C3C20313629AC
:102D900029202626202128666C616773202620289A
:102DA0003155203C3C203137292920262620286611
:102DB0006C6167732026202831203C3C2031292972
:102DC000290009496E7075742063616E6E6F7420FE
:102DD000626520656E61626C656420666F72202793
:102DE0004F70656E20447261696E272C20274F70EA
:102DF000656E20536F7572636527206D6F64657310
:102E000020776974686F7574204F75747075740AD3
:102E10000028666C61677320262028283155203CE5
:102E20003C20313829207C20283155203C3C203161
:102E300039292929203D3D2030207C7C2028666CC2
:102E4000616773202620283155203C3C20313729EA
:102E50002920213D203000094F7574707574206E53
:102E60006565647320746F20626520656E61626CB5
:102E7000656420746F20626520696E697469616C95
:102E8000697A6564206C6F77206F72206869676863
:102E90000A0028666C616773202620282831552097
:102EA0003C3C20313829207C20283155203C3C20D6
:102EB000313929292920213D2028283155203C3C21
:102EC00020313829207C20283155203C3C203139C4
:102ED000292900094F75747075742063616E6E6FD7
:102EE0007420626520696E697469616C697A6564D1
:102EF000206C6F7720616E6420686967680A0054EF
:102F000068652053494D2053656C65637420506992
:102F10006E20706F7274206973206E6F74207265FA
:102F2000616479004661696C656420746F20736523
:102F300074207468652053494D2053656C65637433
:102F40002050696E20286572726F723A20256429BC
:102F5000006553494D2069732073656C6563746522
:102F60006400546865204368617267657220456E2D
:102F700061626C652050696E20706F727420697395
:102F8000206E6F74207265616479004661696C65BA
:102F90006420746F207365742074686520436861D1
:102FA0007267657220456E61626C652050696E20A3
:102FB000286572726F723A20256429004368617235
:102FC0006765722069732073657420746F20617562
:102FD000746F00616374696E6975735F626F6172AB
:102FE000645F636F6E74726F6C006E65745F6275A0
:102FF00066006E65745F6275665F73696D706C659F
:1030000000574553545F544F504449522F7A6570CE
:103010006879722F696E636C7564652F7A65706864
:1030200079722F6E65742F6E65745F636F6E746551
:1030300078742E6800636F6E7465787400090A00F6
:10304000574553545F544F504449522F7A65706826
:1030500079722F7375627379732F6E65742F6C6933
:10306000622F736F636B6574732F736F636B65741B
:10307000732E6300736F636B5F66616D696C792D8E
:103080003E69735F737570706F7274656400736FFF
:10309000636B5F66616D696C79203C3D205F6E6596
:1030A000745F736F636B65745F7265676973746572
:1030B000725F6C6973745F656E6400574553545F4B
:1030C000544F504449522F7A65706879722F737546
:1030D000627379732F6E65742F6C69622F736F63DF
:1030E0006B6574732F736F636B65745F6F66666C6B
:1030F0006F61642E6300646E735F6F66666C6F61F0
:1031000064203D3D202828766F6964202A293029D3
:1031100000646E735F6F66666C6F616400646E73EB
:103120005F6F66666C6F61642D3E67657461646491
:1031300072696E666F00646E735F6F66666C6F6156
:10314000642D3E6672656561646472696E666F00C7
:10315000574553545F544F504449522F7A65706815
:1031600079722F696E636C7564652F7A6570687902
:10317000722F6E65742F6E65745F69662E680069C4
:10318000666163650069666163652D3E69665F64BB
:10319000657600574553545F544F504449522F7A37
:1031A00065706879722F7375627379732F6E6574A9
:1031B0002F69702F6E65745F69662E63006E65748B
:1031C0005F69665F6765745F6C696E6B5F6164649D
:1031D00072286966616365292D3E616464722021ED
:1031E0003D202828766F6964202A293029006966E5
:1031F000616365203C3D205F6E65745F69665F6C4E
:103200006973745F656E640069666163655F6368B6
:1032100065636B203C3D205F6E65745F69665F6C23
:103220006973745F656E6400776C616E2564006E0F
:103230006574256400636F756E745F6966203D3D3B
:103240002069665F636F756E7400C0005745535404
:103250005F544F504449522F7A65706879722F73CA
:1032600075627379732F6E65742F6C69622F6D713F
:1032700074742F6D7174745F6F732E6800097379A5
:10328000735F6D757465785F756E6C6F636B2066C8
:1032900061696C656420776974682025640A000997
:1032A0007379735F6D757465785F6C6F636B20669F
:1032B00061696C656420776974682025640A00067A
:1032C00001050104010301050202010302050401D5
:1032D0000101020103010401060108010C011001B2
:1032E0001801200140018053656C6563746564209A
:1032F000414443206761696E206973206E6F7420BA
:1033000076616C69640053656C6563746564204123
:103310004443207265666572656E6365206973203B
:103320006E6F742076616C69640053656C656374BC
:1033300065642041444320616371756973697469F0
:103340006F6E2074696D65206973206E6F742076CE
:10335000616C696400496E76616C69642073656CA8
:10336000656374696F6E206F66206368616E6E6559
:103370006C73004368616E6E656C202575206E6FFE
:103380007420636F6E6669677572656400414443BB
:10339000207265736F6C7574696F6E2076616C75E1
:1033A00065202564206973206E6F742076616C69D6
:1033B00064004F76657273616D706C696E67206929
:1033C0007320737570706F7274656420666F7220FD
:1033D00073696E676C65206368616E6E656C206FE3
:1033E0006E6C79004F76657273616D706C696E6793
:1033F0002076616C7565202564206973206E6F747A
:103400002076616C69640050726F7669646564202F
:1034100062756666657220697320746F6F20736DC4
:10342000616C6C202825752F257529006164634027
:1034300065303030006164635F6E7266785F73611F
:1034400061646300574553545F544F504449522FB1
:103450007A65706879722F647269766572732F630A
:103460006C6F636B5F636F6E74726F6C2F636C6FE6
:10347000636B5F636F6E74726F6C5F6E72662E63E8
:103480000074797065203C20434C4F434B5F434FA1
:103490004E54524F4C5F4E52465F545950455F4315
:1034A0004F554E5400636C6F636B403530303000C5
:1034B0006866636C6B006C66636C6B00636C6F6357
:1034C0006B5F636F6E74726F6C007073612D726EE0
:1034D00067004661696C656420746F206578697463
:1034E0002044504420282564290057616974696E7E
:1034F0006720756E74696C20666C617368206973EF
:10350000207265616479004A45444543204944205E
:1035100072656164206661696C65643A20256400A7
:1035200044657669636520696420253032782025FA
:10353000303278202530327820646F6573206E6FCA
:1035400074206D6174636820636F6E6669672025FF
:1035500030327820253032782025303278004250C1
:1035600020636C656172206661696C65643A202530
:10357000640A00556E61626C6520746F20656E741C
:10358000657220342D62797465206D6F64653A2010
:1035900025640A007732357136346A76403000731C
:1035A00070695F6E6F7200D810200C000000006917
:1035B0006E76616C696420616464726573733A202D
:1035C00030782530386C783A257A7500756E616CE4
:1035D00069676E656420616464726573733A203054
:1035E000782530386C783A257A75006E6F742077BC
:1035F0006F72642D616C69676E65643A203078255E
:1036000030386C783A257A7500666C6173682D6382
:103610006F6E74726F6C6C6572403339303030008D
:10362000666C6173685F6E726600574553545F54F1
:103630004F504449522F7A65706879722F696E63D2
:103640006C7564652F7A65706879722F647269761B
:103650006572732F6770696F2F6770696F5F75741C
:10366000696C732E680063616C6C6261636B000946
:103670004E6F2063616C6C6261636B210A00636151
:103680006C6C6261636B2D3E68616E646C65720088
:10369000094E6F2063616C6C6261636B2068616EC0
:1036A000646C6572210A00574553545F544F50446F
:1036B00049522F6D6F64756C65732F68616C2F6E46
:1036C0006F726469632F6E7266782F68616C2F6EFB
:1036D00072665F6770696F2E68006E72665F6770F2
:1036E000696F5F70696E5F70726573656E745F633A
:1036F0006865636B282A705F70696E2900574553AF
:10370000545F544F504449522F7A65706879722F34
:10371000647269766572732F6770696F2F6770695D
:103720006F5F6E7266782E6300657272203D3D2079
:103730004E5246585F535543434553530067706993
:103740006F403834323530300069326300756E7343
:103750007570706F7274656420737065656400467F
:1037600061696C656420746F20696E697469616C4D
:10377000697A65206465766963653A202573004E31
:1037800065656420746F20757365207468652069B1
:103790006E7465726E616C20647269766572206207
:1037A000756666657220627574206974732073692A
:1037B0007A6520697320696E7375666669636965E9
:1037C0006E7420282575202B202575203E20257518
:1037D000292E2041646A75737420746865207A65A7
:1037E000706879722C636F6E6361742D6275662DDB
:1037F00073697A65206F72207A65706879722C66B9
:103800006C6173682D6275662D6D61782D73697AB0
:10381000652070726F7065727479202874686520F5
:103820006F6E652077697468206772656174657270
:103830002076616C75652920696E20746865202288
:10384000257322206E6F64652E00547279696E674D
:1038500020746F207472616E73666572206D6F7272
:1038600065207468616E20746865206D6178696D8B
:10387000756D2073697A6520666F7220746869734C
:10388000206465766963653A202564203E202564BE
:10389000006932634061303030006932635F6E72BC
:1038A00066785F7477696D000001020304050607FE
:1038B000436F756C64206E6F742072656164206163
:1038C0006363656C2061786973206461746100547E
:1038D000656D7065726174757265206D6561737573
:1038E00072656D656E742064697361626C656400F5
:1038F000574553545F544F504449522F7A6570686E
:1039000079722F647269766572732F73656E736F47
:10391000722F73742F6C69733264682F6C69733201
:1039200064682E630009496E76616C696420736572
:103930006E736F72206368616E6E656C20696E20B5
:1039400066657463680A00617474725F73657428D5
:1039500029206E6F7420737570706F7274656420A7
:103960006F6E2074686973206368616E6E656C2E7B
:10397000004661696C656420746F20726561642023
:10398000636869702069642E00496E76616C6964B1
:1039900020636869702049443A20253032780A0053
:1039A0004661696C656420746F20646973636F6E2F
:1039B0006E6563742053444F2F5341302070756CF3
:1039C0006C2D75702E004661696C656420746F20E3
:1039D0007265736574206374726C207265676973B5
:1039E000746572732E004661696C656420746F2083
:1039F0007365742066756C6C207363616C652063FD
:103A000074726C2072656769737465722E006673D8
:103A10003D25642C206F64723D30782578206C70D1
:103A20005F656E3D30782578207363616C653D2558
:103A30006400000102020001020053544D696372E8
:103A40006F656C656374726F6E696373006C697324
:103A50003264683132006C697332646831322D61CE
:103A60006363656C403139006C697332646800428D
:103A7000757320646576696365206973206E6F7461
:103A800020726561647900574553545F544F504428
:103A900049522F7A65706879722F647269766572FF
:103AA000732F73656E736F722F766F6C74616765B9
:103AB0005F646976696465722F766F6C746167659F
:103AC0002E630076616C20213D202828766F696482
:103AD000202A293029007261775F746F5F6D763A12
:103AE000202564006164635F726561643A20256427
:103AF00000414443206973206E6F742072656164D5
:103B00007900506F776572204750494F20697320C4
:103B10006E6F74207265616479006661696C6564BA
:103B200020746F20696E697469616C697A652047D9
:103B300050494F20666F722072657365740073651B
:103B40007475703A2025640073657175656E6365E0
:103B500020696E69743A202564007662617474008D
:103B6000766F6C74616765004661696C656420748A
:103B70006F20616C6C6F6361746520505049204305
:103B800068616E6E656C00756172744039303030FA
:103B90000075617274403830303000756172745F46
:103BA0006E7266785F7561727465004661696C65F6
:103BB0006420746F20616C6C6F6361746520475082
:103BC000494F5445206368616E6E656C20666F7264
:103BD0002057414B45004661696C656420746F2035
:103BE000636F6E6669677572652057414B4520703B
:103BF000696E004353204750494F20706F72742004
:103C000025732070696E202564206973206E6F749F
:103C1000207265616479005570646174652065780F
:103C200063656564732063757272656E7420627576
:103C3000666665720048616C662D6475706C6578A7
:103C4000206E6F7420737570706F727465640053AA
:103C50006C617665206D6F6465206973206E6F748A
:103C600020737570706F72746564206F6E20257399
:103C7000004C6F6F706261636B206D6F64652069CB
:103C800073206E6F7420737570706F72746564004A
:103C9000576F72642073697A6573206F74686572F8
:103CA000207468616E2038206269747320617265C7
:103CB000206E6F7420737570706F72746564004647
:103CC00072657175656E63696573206C6F77657277
:103CD000207468616E20313235206B487A20617221
:103CE00065206E6F7420737570706F7274656400F8
:103CF0004661696C656420746F20696E69746961DE
:103D00006C697A65206E7266782064726976657275
:103D10003A20253038780057616974696E672066EB
:103D20006F722057414B452061636B6E6F776C65F6
:103D300064676D656E742074696D6564206F757459
:103D40000054696D656F75742077616974696E6779
:103D500020666F72207472616E7366657220636F85
:103D60006D706C657465007370694062303030004E
:103D70007370695F6E7266785F7370696D00574526
:103D800053545F544F504449522F6E72662F6C69E2
:103D9000622F6E72665F6D6F64656D5F6C69622F16
:103DA0006E72665F6D6F64656D5F6C69622E630035
:103DB00065203C3D205F6E72665F6D6F64656D5F70
:103DC0006C69625F6466755F63625F6C6973745F80
:103DD000656E64004D6F64656D206C69627261721E
:103DE0007920696E697469616C697A6174696F6E52
:103DF000206661696C65642C206572722025640000
:103E000065203C3D205F6E72665F6D6F64656D5F1F
:103E10006C69625F696E69745F63625F6C69737419
:103E20005F656E640065203C3D205F6E72665F6D6D
:103E30006F64656D5F6C69625F73687574646F77DA
:103E40006E5F63625F6C6973745F656E64002B43C1
:103E500046554E3A202568750041542B4346554E31
:103E60003F004170706C69636174696F6E207368A4
:103E70006F756C6420736574206D696E696D616C1B
:103E80002066756E6374696F6E616C206D6F64651A
:103E900020284346554E3D3029206265666F726585
:103EA000207368757474696E6720646F776E206D17
:103EB0006F64656D206C6962726172790041542B88
:103EC0004346554E3D3000574553545F544F504480
:103ED00049522F6E72662F6C69622F6E72665F6D2B
:103EE0006F64656D5F6C69622F6E72665F6D6F6483
:103EF000656D5F6F732E63006572725F636F6465DB
:103F0000203E20300009547269656420746F20736C
:103F10006574206E65676174697665206572726F7D
:103F20007220636F64652C2025640A0075736564D4
:103F3000203C203700094E6F7420656E6F756768EE
:103F40002073656D6170686F72657320696E20679C
:103F50006C7565206C617965720A00282828737475
:103F600072756374206B5F73656D202A2973656DAC
:103F70002920262620282875696E747074725F7453
:103F80002920286E72665F6D6F64656D5F6F735F69
:103F900073656D732929203C3D20282875696E744E
:103FA0007074725F7429202828737472756374208A
:103FB0006B5F73656D202A2973656D29292026267C
:103FC00020282875696E747074725F7429202828FF
:103FD000737472756374206B5F73656D202A297327
:103FE000656D2929203C20282875696E74707472CB
:103FF0005F7429202826286E72665F6D6F64656D78
:104000005F6F735F73656D73295B282873697A65C9
:104010005F742920282828696E74292073697A65BD
:104020006F6628636861725B31202D2032202A2060
:104030002128215F5F6275696C74696E5F747970A5
:1040400065735F636F6D70617469626C655F702822
:104050005F5F747970656F665F5F286E72665F6D13
:104060006F64656D5F6F735F73656D73292C205F7F
:104070005F747970656F665F5F2826286E72665F71
:104080006D6F64656D5F6F735F73656D73295B3012
:104090005D2929295D29202D203129202B202873F5
:1040A000697A656F66286E72665F6D6F64656D5FB5
:1040B0006F735F73656D7329202F2073697A656F45
:1040C0006628286E72665F6D6F64656D5F6F735FE3
:1040D00073656D73295B305D292929295D2929299B
:1040E0000009556E696E697469616C697365642055
:1040F00073656D6170686F72650A00757365642021
:104100003C203100094E6F7420656E6F7567682022
:104110006D75746578657320696E20676C756520B0
:104120006C617965720A002828287374727563744B
:10413000206B5F6D75746578202A296D75746578BC
:104140002920262620282875696E747074725F7481
:104150002920286E72665F6D6F64656D5F6F735F97
:104160006D7574657865732929203C3D2028287574
:10417000696E747074725F74292028287374727564
:104180006374206B5F6D75746578202A296D757472
:104190006578292920262620282875696E74707470
:1041A000725F7429202828737472756374206B5FA2
:1041B0006D75746578202A296D75746578292920B4
:1041C0003C20282875696E747074725F74292028E9
:1041D00026286E72665F6D6F64656D5F6F735F6DCD
:1041E000757465786573295B282873697A655F74CF
:1041F0002920282828696E74292073697A656F66DA
:1042000028636861725B31202D2032202A2021280A
:10421000215F5F6275696C74696E5F747970657334
:104220005F636F6D70617469626C655F70285F5F5A
:10423000747970656F665F5F286E72665F6D6F641C
:10424000656D5F6F735F6D757465786573292C207C
:104250005F5F747970656F665F5F2826286E72668F
:104260005F6D6F64656D5F6F735F6D7574657865A5
:1042700073295B305D2929295D29202D20312920D2
:104280002B202873697A656F66286E72665F6D6F82
:1042900064656D5F6F735F6D7574657865732920F4
:1042A0002F2073697A656F6628286E72665F6D6F5E
:1042B00064656D5F6F735F6D757465786573295B99
:1042C000305D292929295D2929290009556E696E42
:1042D000697469616C69736564206D757465780AC9
:1042E000006E72665F6D6F64656D00574553545F75
:1042F000544F504449522F6E72662F6C69622F6E74
:1043000072665F6D6F64656D5F6C69622F63667561
:104310006E5F686F6F6B732E630065203C3D205F9E
:104320006E72665F6D6F64656D5F6C69625F61740C
:104330005F6366756E5F63625F6C6973745F656E01
:1043400064006E726639315F736F636B6574004D24
:104350006F64656D20686173206372617368656462
:104360002C20726561736F6E20307825782C205078
:10437000433A2030782578004661696C6564207482
:104380006F20686F6F6B207468652064697370615B
:104390007463682066756E6374696F6E2C20657235
:1043A0007220256400574553545F544F504449527E
:1043B0002F6E72662F6C69622F61745F6D6F6E690C
:1043C000746F722F61745F6D6F6E69746F722E639C
:1043D0000065203C3D205F61745F6D6F6E69746F96
:1043E000725F656E7472795F6C6973745F656E6419
:1043F000004E6F2068656170207370616365206690
:104400006F7220696E636F6D696E67206E6F74697D
:104410006669636174696F6E3A2025730061745F29
:104420006E6F74696600094E6F2068656170207355
:104430007061636520666F7220696E636F6D696E6F
:1044400067206E6F74696669636174696F6E3A2084
:1044500025730A006E6F74696620213D2028287636
:104460006F6964202A2930290061745F6D6F6E695D
:10447000746F72002B43474556002B4350494E0042
:104480002553484F525453575645520025485756C6
:10449000455253494F4E0025584D4F44454D5555B3
:1044A00049440025584943434944004F4B0D0A00F5
:1044B0004552524F520D0A002B434D452045525252
:1044C0004F52002B434D53204552524F52005745F7
:1044D00053545F544F504449522F6E72662F6C698B
:1044E000622F61745F636D645F7061727365722FB8
:1044F00061745F706172616D732E63006C697374B7
:1045000020213D202828766F6964202A293029003F
:1045100009506172616D65746572206C69737420F5
:1045200063616E6E6F74206265204E554C4C2E0A8E
:1045300000706172616D20213D202828766F6964CA
:10454000202A2930290009506172616D65746572F5
:104550002063616E6E6F74206265204E554C4C2E48
:104560000A0041542525585054573D25642C2225D6
:104570007322004661696C656420746F20726571F6
:1045800075657374205054572C207265706F727467
:104590006564206572726F723A2025640041542B65
:1045A00043455245473D35004661696C656420745A
:1045B0006F2073756273637269626520746F204344
:1045C00045524547206E6F74696669636174696F0F
:1045D0006E732C206572726F723A202564004661FA
:1045E000696C656420746F20656E61626C65205231
:1045F0005243206E6F74696669636174696F6E738C
:1046000020282B4353434F4E292C206572726F7222
:1046100020256400574553545F544F504449522F4E
:104620006E72662F6C69622F6C74655F6C696E6B5D
:104630005F636F6E74726F6C2F6C74655F6C632E4A
:104640006300726573706F6E736520213D202828AA
:10465000766F6964202A2930290043616E2774200F
:10466000706172736520544155207072652D7761B9
:10467000726E696E67206E6F7469666963617469D2
:104680006F6E2C206572726F723A20256400436150
:104690006E2774207061727365206D6F64656D2084
:1046A000736C656570207072652D7761726E696ECE
:1046B00067206E6F74696669636174696F6E2C2020
:1046C0006572726F723A202564006C74655F6C636A
:1046D0005F776F726B5F710043616E27742070614A
:1046E000727365207369676E616C6C696E67206DAB
:1046F0006F64652C206572726F723A2025640043E6
:10470000616E277420706172736520654452582C65
:10471000206572726F723A2025640043616E2774BF
:10472000207061727365206D6F64656D20657665BC
:104730006E74206E6F74696669636174696F6E2C44
:10474000206572726F723A202564004E6F20686196
:104750006E646C65722072656769737465726564F6
:10476000004661696C656420746F207061727365C6
:10477000206E6F74696669636174696F6E20286565
:1047800072726F72202564293A2025730046616990
:104790006C656420746F20616C6C6F63617465205C
:1047A0006D656D6F727920666F7220746865204741
:1047B00043492063656C6C73004E6F7420616C6CB0
:1047C000206E65696768626F722063656C6C732028
:1047D000636F756C64206265207061727365642E0E
:1047E000204D6F72652063656C6C73207468616E18
:1047F0002074686520636F6E6669677572656420F2
:104800006D617820636F756E74206F66202564205B
:104810007765726520666F756E64005061727369AA
:104820006E67206F66206E65696768626F722063CD
:10483000656C6C73206661696C65642C20657272AE
:104840003A202564004661696C656420746F2061BC
:104850006C6C6F63617465206D656D6F7279206635
:104860006F72206E65696768626F722063656C6C39
:1048700073004E6F7420616C6C206E6569676862AE
:104880006F722063656C6C7320636F756C6420625B
:104890006520706172736564004E554C4C206173E5
:1048A00020612068616E646C657220726563656961
:1048B0007665643A204E6F7468696E6720746F2065
:1048C000626520646F6E652E0A5468652068616EAB
:1048D000646C65722063616E206265206465726538
:1048E0006769737465726564207573696E67206C9F
:1048F00074655F6C635F6465726567697374657224
:104900005F68616E646C657228290041542B4350C6
:10491000534D533D312C2C2C222573222C222573F0
:10492000220041542B4350534D533D312C2C2C220B
:104930002573220041542B4350534D533D312C2CB1
:104940002C2C222573220041542B4350534D533DB0
:1049500031006E72665F6D6F64656D5F61745F706C
:1049600072696E7466206661696C65642C2072657C
:10497000706F72746564206572726F723A2025647C
:104980000041542525584D4F4E49544F5200415433
:1049900020636F6D6D616E64206661696C65642C67
:1049A000206572726F723A20256400415420636F53
:1049B0006D6D616E642070617273696E67206661EF
:1049C000696C6564004661696C656420746F207071
:1049D000617273652050534D20636F6E6669677511
:1049E000726174696F6E2C206572726F723A202545
:1049F00064004661696C656420746F20676574208B
:104A000050534D20696E666F726D6174696F6E00F0
:104A100041542525464541434F4E463D25642C25AE
:104A2000642C25750041542B4345445258533D3363
:104A3000004661696C656420746F2064697361620B
:104A40006C6520654452582C207265706F727465D5
:104A500064206572726F723A2025640041542B43C2
:104A600045445258533D322C25642C222573220094
:104A700041542B4345445258533D322C2564004643
:104A800061696C656420746F20656E61626C65207D
:104A9000654452582C207265706F7274656420658D
:104AA00072726F723A202564002B43455245473A93
:104AB00020252A752C2568752C252A5B5E2C5D2CFB
:104AC000222578222C0041542B43455245473F0074
:104AD000436F756C64206E6F742067657420726517
:104AE00067697374726174696F6E20737461747531
:104AF000732C206572726F723A20256400496E76BD
:104B0000616C69642073797374656D206D6F646581
:104B1000207265717565737465643A202564004977
:104B20006E76616C6964204C5445207072656665D0
:104B300072656E6365207265717565737465643A3C
:104B400020256400415425255853595354454D4D53
:104B50004F44453D25732C256300436F756C6420DD
:104B60006E6F742073656E6420415420636F6D6DA9
:104B7000616E642C206572726F723A202564004168
:104B80005420636F6D6D616E64206661696C65644D
:104B90002C206E72665F6D6F64656D5F61745F730C
:104BA00063616E6628292072657475726E65642073
:104BB0006572726F723A202564004661696C6564A3
:104BC00020746F20656E61626C65206E6F7469661B
:104BD00069636174696F6E732C206572726F723ACB
:104BE00020256400496E76616C69642066756E6389
:104BF00074696F6E616C206D6F64653A2025640086
:104C000041542B4346554E3D2564004661696C6511
:104C10006420746F207365742066756E6374696FA9
:104C20006E616C206D6F64652E20506C65617365DC
:104C300020636865636B205853595354454D4D4F5D
:104C400044452E004661696C656420746F20676579
:104C5000742063757272656E74207265676973740F
:104C6000726174696F6E20737461747573004E6540
:104C700074776F726B20636F6E6E656374696F6EAD
:104C800020617474656D70742074696D6564206F43
:104C9000757400254D444D45560025584D4F4445EB
:104CA0004D534C45455000254E43454C4C4D4541D8
:104CB000530025585433343132002B434544525865
:104CC00050002B4353434F4E002B43455245470062
:104CD000312C302C3000302C312C3000302C302C4A
:104CE0003100312C302C3100302C312C3100312C62
:104CF000312C3000312C312C31006C74655F6C63C9
:104D000000303132333441542B4353434F4E3D3105
:104D10000041542B4350534D533D00496E76616C16
:104D2000696420706F696E7465722070726F766945
:104D300064656400436F756C64206E6F7420696EE7
:104D4000697420415420706172616D73206C6973C5
:104D5000742C206572726F723A20256400436F755F
:104D60006C64206E6F7420706172736520654452AC
:104D70005820726573706F6E73652C206572726F48
:104D8000723A202564004661696C656420746F2066
:104D9000676574204C5445206D6F64652C206572E6
:104DA000726F723A202564004661696C65642074F4
:104DB0006F20676574206544525820636F6E666982
:104DC0006775726174696F6E2C206572726F723ACA
:104DD00020256400574553545F544F504449522F87
:104DE0006E72662F6C69622F6C74655F6C696E6B96
:104DF0005F636F6E74726F6C2F6C74655F6C635F52
:104E000068656C706572732E6300656472785F7399
:104E1000747220213D202828766F6964202A293069
:104E200029004661696C656420746F206765742091
:104E3000654452582076616C75652C206572726FDE
:104E4000723B202564004661696C656420746F20A4
:104E50006765742050545720636F6E66696775727A
:104E60006174696F6E2C206572726F723A202564CE
:104E7000007074775F73747220213D202828766F4C
:104E80006964202A29302900496E76616C696420A2
:104E9000505457206C6F6F6B757020696E64657825
:104EA0003A20256400556E61626C6520746F207035
:104EB0006172736520706572696F64696320544123
:104EC0005520737472696E67202854333431322050
:104ED000657874656E6465642900556E61626C6501
:104EE00020746F20706172736520706572696F64E1
:104EF00069632054415520737472696E6720285489
:104F000033343132290045787065637465642076E6
:104F1000616C69642054333431322074696D657278
:104F200020756E697400556E61626C6520746F2027
:104F30007061727365206163746976652074696D50
:104F40006520737472696E6700436F756C64206EC0
:104F50006F74207061727365202B4353434F4E2052
:104F6000726573706F6E73652C206572726F723A22
:104F700020256400436F756C64206E6F7420676534
:104F800074207369676E616C6C696E67206D6F6405
:104F9000652C206572726F723A20256400496E7626
:104FA000616C6964207369676E616C6C696E6720FF
:104FB0006D6F64653A20256400436F756C64206EE4
:104FC0006F742070617273652041542B43455245C4
:104FD0004720726573706F6E73652C206572726FF7
:104FE000723A20256400436F756C64206E6F7420E4
:104FF00067657420726573706F6E7365207072657B
:105000006669782C206572726F723A2025640049B7
:105010006E76616C6964206E6574776F726B207256
:105020006567697374726174696F6E2073746174FB
:1050300075733A20256400436F756C64206E6F743D
:105040002070617273652025255854333431322025
:10505000726573706F6E73652C206572726F723A31
:1050600020256400436F756C64206E6F7420676543
:10507000742074696D6520756E74696C206E657836
:1050800074205441552C206572726F723A20256449
:10509000005061727365642074696D65207061727F
:1050A000616D65746572206E6F74207769746869CC
:1050B0006E2076616C69642072616E676500617450
:1050C0005F726573706F6E7365206973204E554C07
:1050D0004C2C2063616E2774206765742063656CB7
:1050E0006C20636F756E7400436F756C64206E6F17
:1050F0007420706172736520415425254E43454CE0
:105100004C4D45415320726573706F6E73652C2052
:105110006572726F723A20256400436F756C64206B
:105120006E6F7420696E69742041542070617261E1
:105130006D73206C69737420666F722063656C6C8C
:105140005F6C6973742C206572726F723A202564EB
:105150000045324249472077617320726574757249
:105160006E65642C20636F6E74696E75652E207099
:105170006172616D5F636F756E742025642C2065AC
:1051800072722025642C20737472202573004E6F78
:105190007420612076616C6964204E43454C4C4D0F
:1051A00045415320726573706F6E7365004E4345C1
:1051B0004C4C4D454153206D6561737572656D654D
:1051C0006E747320696E7465727275707465643B79
:1051D00020726573756C747320696E636F6D706C8B
:1051E00065746500436F756C64206E6F7420706128
:1051F0007273652063656C6C5F69642C20696E64F2
:1052000065782025642C2069202564206572726FE2
:10521000723A2025640063656C6C5F6964203D20F0
:105220002564207768696368206973203E204C54A8
:10523000455F4C435F43454C4C5F45555452414E8E
:105240005F49445F4D41583B206D61726B696E67E9
:1052500020696E76616C696400436F756C64206EC2
:105260006F7420706172736520706C6D6E2C206598
:1052700072726F723A20256400737472696E675F90
:10528000746F5F696E742C206572726F723A20259C
:105290006400436F756C64206E6F7420706172736C
:1052A0006520747261636B696E675F617265615FCF
:1052B000636F646520696E20692025642C20657207
:1052C000726F723A20256400436F756C64206E6FB4
:1052D000742070617273652074696D696E675F61B7
:1052E0006476616E63652C206572726F723A202558
:1052F0006400436F756C64206E6F7420706172730C
:10530000652074696D696E675F616476616E63655F
:105310005F6D6561735F74696D652C206572726F76
:10532000723A20256400436F756C64206E6F7420A0
:1053300070617273652065617266636E2C206572A0
:10534000726F723A20256400436F756C64206E6F33
:105350007420706172736520706879735F63656C27
:105360006C5F69642C206572726F723A202564004C
:10537000436F756C64206E6F74207061727365206A
:10538000727372702C206572726F723A20256400FD
:10539000436F756C64206E6F74207061727365204A
:1053A000727372712C206572726F723A20256400DC
:1053B000436F756C64206E6F74207061727365202A
:1053C0006D6561735F74696D652C206572726F72B3
:1053D0003A20256400436F756C64206E6F742070F2
:1053E000617273652073657276696E672C206572D1
:1053F000726F723A20256400436F756C64206E6F83
:1054000074207061727365206E65696768626F727F
:105410005F636F756E742C206572726F723A20250F
:10542000640043757474696E6720726573706F6E83
:1054300073652C20626563617573652072656365B1
:1054400069766564206E656967626F722063656C5A
:105450006C20636F756E742069732062696767657D
:1054600072207468616E20636F6E6669677572651D
:1054700064206D61783A202564004661696C65643A
:1054800020746F20616C6C6F63617465206D656D55
:105490006F727920666F7220746865206E63656C28
:1054A0006C732028636F6E74696E75652900436F95
:1054B000756C64206E6F74207061727365206E5F0E
:1054C00065617266636E2C206572726F723A202578
:1054D0006400436F756C64206E6F7420706172732A
:1054E00065206E5F706879735F63656C6C5F69647B
:1054F0002C206572726F723A20256400436F756CC0
:1055000064206E6F74207061727365206E5F7273B9
:1055100072702C206572726F723A20256400436F9E
:10552000756C64206E6F74207061727365206E5F9D
:10553000727372712C206572726F723A202564004A
:10554000436F756C64206E6F742070617273652098
:1055500074696D655F646966662C206572726F722E
:105560003A2025640042756666657220697320746E
:105570006F6F20736D616C6C3B20726573756C741A
:105580007320696E636F6D706C6574653A20256475
:1055900000436F756C64206E6F7420706172736568
:1055A000202525584D4F44454D534C4545502072BC
:1055B0006573706F6E73652C206572726F723A201E
:1055C000256400436F756C64206E6F74206765748A
:1055D000206D6F646520736C6565702074797065EB
:1055E0002C206572726F723A20256400436F756CCF
:1055F00064206E6F74206765742074696D65207512
:105600006E74696C206E657874206D6F64656D20B2
:10561000736C6565702C206572726F723A20256418
:1056200000254D444D45563A2000496E76616C691F
:1056300064204D444D455620726573706F6E7365DE
:10564000005345415243482053544154555320314F
:105650000D0A005345415243482053544154555379
:1056600020320D0A005245534554204C4F4F500DE7
:105670000A004D452042415454455259204C4F5741
:105680000D0A004D45204F5645524845415445446A
:105690000D0A004E4F20494D45490D0A0050524118
:1056A00043482043452D4C4556454C20300D0A00BB
:1056B00050524143482043452D4C4556454C2031DE
:1056C0000D0A0050524143482043452D4C45564554
:1056D0004C20320D0A0050524143482043452D4C86
:1056E0004556454C20330D0A00574553545F544FDF
:1056F000504449522F6E72662F6C69622F6C74652C
:105700005F6C696E6B5F636F6E74726F6C2F6C741D
:10571000655F6C635F6D6F64656D5F686F6F6B7302
:105720002E630065203C3D205F6C74655F6C635F99
:105730006366756E5F63625F6C6973745F656E64E8
:1057400000303031303030303100303030303030B7
:105750003131004661696C656420746F2073657433
:105760002050534D20706172616D732C20657272F0
:10577000202564004661696C656420746F20636F46
:105780006E6669677572652050534D2C2065727284
:105790002025640041542525464541434F4E463D52
:1057A000302C332C2564004661696C656420746F6D
:1057B00020636F6E66696775726520654452582C68
:1057C0002065727220256400415425255241493DCF
:1057D0002564004661696C656420746F20636F6E98
:1057E000666967757265205241492C206572722086
:1057F0002564004D6F64656D206C69627261727919
:1058000020696E6974206572726F723A2025642C6B
:10581000206C74655F6C63206E6F7420696E6974B0
:1058200069616C697A6564004661696C65642074BD
:105830006F207365742073797374656D206D6F6468
:105840006520616E64206D6F6465207072656665A9
:1058500072656E63652C2065727220256400646138
:1058600074655F74696D6500646174655F74696D0A
:10587000655F776F726B5F7100436F756C64206E4C
:105880006F74207365742073797374656D20746907
:105890006D652C202564004661696C656420676530
:1058A0007474696E67204C5445206E6574776F720E
:1058B0006B20726567697374726174696F6E2073AF
:1058C00074617475732C206572726F723A2025644E
:1058D000003132330067657461646472696E666FAB
:1058E0002C206572726F723A20256400736E74709A
:1058F0005F696E69742C206572726F723A2025643C
:1059000000736E74705F71756572792C20657272A8
:105910006F723A20256400446964206E6F742067BA
:1059200065742074696D652066726F6D20616E7993
:10593000204E545020736572766572006E74702E1E
:1059400075696F2E6E6F0074696D652E676F6F6776
:105950006C652E636F6D00415425255854494D45A3
:105960003D31005375627363726962696E672074BA
:105970006F206D6F64656D20415425255854494D45
:1059800045206E6F74696669636174696F6E732018
:105990006661696C65642C206572723D2564002522
:1059A000255854494D45206E6F746966696361746A
:1059B000696F6E20646F65736E277420636F6E74F9
:1059C00061696E20272C273A20257300252558541D
:1059D000494D45206E6F74696669636174696F6EC5
:1059E00020746F6F2073686F72743A2025730025DE
:1059F000255854494D45206E6F746966696361741A
:105A0000696F6E20646F65736E277420636F6E74A8
:105A100061696E2027222720616674657220272C19
:105A2000273A2025730025255854494D45206E6F8F
:105A300074696669636174696F6E206465636F641D
:105A4000696E67206661696C656420287265743DC3
:105A50002564293A202573002B43434C4B3A2022DE
:105A600025752F25752F25752C25753A25753A2511
:105A70007525640041542B43434C4B3F00446964FB
:105A8000206E6F74206765742074696D652066727E
:105A90006F6D2063656C6C756C6172206E657477D8
:105AA0006F726B20286572726F723A202564292EFE
:105AB0002054686973206973206E6F726D616C2069
:105AC000617320736F6D652063656C6C756C6172BA
:105AD000206E6574776F726B7320646F6E2774200D
:105AE00070726F76696465206974206F72207469C2
:105AF0006D65206D6179206E6F742062652061761E
:105B000061696C61626C65207965742E0041542B6B
:105B100043434C4B3D22253032752F253032752FB3
:105B2000253032752C253032753A253032753A25BC
:105B3000303275252B303364220053657474696EDE
:105B400067206D6F64656D2074696D65206661699D
:105B50006C65642C20256400255854494D4500701F
:105B60006F6C6C28292072657475726E6564206193
:105B70006E206572726F7220282564292C20657250
:105B8000726E6F3A20256400436C6F7564204D512E
:105B90005454206B656570616C6976652070696E20
:105BA00067206661696C65643A20256400436C6F08
:105BB0007564204D51545420696E7075742065725F
:105BC000726F723A20256400536F636B65742065B1
:105BD00072726F723A20504F4C4C4E56414C0054EA
:105BE000686520736F636B65742077617320756ED1
:105BF00065787065637465646C7920636C6F736538
:105C00006400536F636B6574206572726F723A2023
:105C1000504F4C4C48555000436F6E6E656374692D
:105C20006F6E2077617320756E657870656374653B
:105C3000646C7920636C6F73656400536F636B658C
:105C400074206572726F723A20504F4C4C4552521C
:105C5000004D5154545F53544154455F5452414E8A
:105C600053504F52545F434F4E4E454354494E4755
:105C7000004D5154545F53544154455F434F4E4E71
:105C8000454354494E47004D5154545F5354415479
:105C9000455F5452414E53504F52545F434F4E4E06
:105CA0004543544544004D5154545F535441544569
:105CB0005F444953434F4E4E454354494E47006D50
:105CC0007174745F68656C7065725F746872656129
:105CD00064006D7174745F68656C70657200544621
:105CE0002D4D206E6F6E2D73656375726520636137
:105CF0006C6C6261636B20696E697469616C697A4E
:105D00006174696F6E206661696C65642C206572D0
:105D1000726F723A202564002A2A2A2A2A205345C3
:105D200043555245204641554C54202A2A2A2A2AB6
:105D3000002020416464726573733A2030782578BE
:105D4000002020496E76616C696420656E747279FA
:105D500020706F696E74002020496E76616C6964F2
:105D600020696E74656772697479207369676E6102
:105D700074757265002020496E76616C69642065D7
:105D80007863657074696F6E2072657475726E00E9
:105D900020204174747269627574696F6E20756E2B
:105DA00069742076696F6C6174696F6E0020204998
:105DB0006E76616C6964207472616E736974696F68
:105DC0006E0020204C617A792073746174652070B4
:105DD0007265736572766174696F6E0020204C6124
:105DE0007A79207374617465206572726F72002A0B
:105DF0002A2A2A2A2053505520494E54455252559A
:105E00005054202A2A2A2A2A0020205365637572BA
:105E10006974792076696F6C6174696F6E20666F42
:105E2000722074686520666C617368206D656D6FA3
:105E30007279207370616365002020536563757209
:105E40006974792076696F6C6174696F6E20666F12
:105E500072207468652052414D206D656D6F7279B6
:105E600020737061636500202053656375726974E7
:105E7000792076696F6C6174696F6E206F6E206F28
:105E80006E65206F72207365766572616C20706537
:105E9000726970686572616C732E00574553545F68
:105EA000544F504449522F6E72662F6D6F64756C5B
:105EB00065732F747275737465642D6669726D777E
:105EC0006172652D6D2F6661756C742E6300675F5E
:105ED000636F6E746578742E76616C696400094E28
:105EE0006F6E2D7365637572652063616C6C6261A2
:105EF000636B20776974686F75742076616C696470
:105F000020636F6E746578740A0071727374750023
:105F1000627365635F73656E736F725F636F6E74D8
:105F2000726F6C206572723A20256400626D65366E
:105F300038785F6765745F636F6E66206572723A6A
:105F400020256400626D653638785F7365745F6321
:105F50006F6E66206572723A20256400626D653648
:105F600038785F7365745F6F705F6D6F646520650F
:105F700072723A20256400756E6B6E6F776E206FBB
:105F800070206D6F64653A20256400627365635FFD
:105F9000646F5F7374657073206572723A20256454
:105FA00000756E6B6E6F776E2062736563206F7520
:105FB000747075742069643A202564005745535401
:105FC0005F544F504449522F6E72662F6472697647
:105FD0006572732F73656E736F722F626D653638DD
:105FE000785F6961712F626D653638785F696171BC
:105FF0002E6300726574203D3D20425345435F4F40
:106000004B0009627365635F6765745F73746174E5
:1060100065206661696C65642E0A00646174612D97
:106020003E73746174655F6C656E203C3D207369DE
:106030007A656F6628646174612D3E73746174655E
:106040005F62756666657229000973746174652004
:1060500062756666657220746F6F2062696720746E
:106060006F20736176652E0A00627365632F737407
:10607000617465000973746F72696E67207374616F
:10608000746520746F20666C617368206661696C4A
:1060900065642E0A0073657474696E67735F737547
:1060A000627379735F696E69742C206572726F72A6
:1060B0003A2025640073657474696E67735F6C6F52
:1060C00061645F737562747265652C206572726FAE
:1060D000723A2025640053504920646576696365EF
:1060E000206E6F74207265616479004661696C6529
:1060F0006420746F20696E697420626D653638782B
:106100003A202564004661696C656420746F2069DB
:106110006E697420425345433A2025640046616904
:106120006C656420746F207365742042534543206E
:1061300073746174653A20256400556E73757070D0
:106140006F727465642073656E736F72206368612B
:106150006E6E656C004E6F2073657474696E677344
:106160002064617461207265616400426F736368CA
:106170002053656E736F7274656320476D624800CB
:10618000626D6536383000626D65363830403000FB
:106190006273656300574553545F544F50444952EE
:1061A0002F6D6F64756C65732F68616C2F6E6F72E5
:1061B0006469632F6E7266782F68616C2F6E7266E9
:1061C0005F647070692E68006368616E6E656C2034
:1061D0003C206E72665F647070695F6368616E6EAA
:1061E000656C5F6E756D6265725F67657428705F60
:1061F0007265672900574553545F544F50444952C4
:106200002F6D6F64756C65732F68616C2F6E6F7284
:106210006469632F6E7266782F68656C706572733F
:106220002F6E7266785F677070695F647070692E38
:1062300063006565700074657000574553545F5482
:106240004F504449522F6D6F64756C65732F6861B0
:106250006C2F6E6F726469632F6E7266782F647232
:1062600069766572732F7372632F6E7266785F63DF
:106270006C6F636B2E6300574553545F544F50440B
:1062800049522F6D6F64756C65732F68616C2F6E4A
:106290006F726469632F6E7266782F68616C2F6EFF
:1062A00072665F636C6F636B2E68006D5F636C6F0B
:1062B000636B5F63622E6D6F64756C655F696E6999
:1062C0007469616C697A656400574553545F544F33
:1062D000504449522F6D6F64756C65732F68616C03
:1062E0002F6E6F726469632F6E7266782F68616CAF
:1062F0002F6E72665F6770696F74652E6800696ED5
:10630000646578203C203800574553545F544F5003
:106310004449522F6D6F64756C65732F68616C2FE3
:106320006E6F726469632F6E7266782F647269761D
:106330006572732F7372632F6E7266785F67706910
:106340006F74652E63006E7266795F6770696F5F48
:1063500070696E5F70726573656E745F63686563A4
:106360006B2870696E290070696E5F69735F696E72
:1063700070757428705F696E7374616E63652C202C
:1063800070696E290070696E5F6861735F7472690D
:106390006767657228705F696E7374616E63652CE0
:1063A0002070696E2900705F6368616E6E656C00B5
:1063B000705F696E7374616E63652D3E705F7265A8
:1063C00067203D3D2028284E52465F4750494F5494
:1063D000455F547970652A29203078343030333164
:1063E000303030554C2900696E745F656E61626CA7
:1063F0006500574553545F544F504449522F6D6FB9
:1064000064756C65732F68616C2F6E6F726469635D
:106410002F6E7266782F647269766572732F73724D
:10642000632F6E7266785F6970632E6300705F63BE
:106430006F6E666967006D5F63622E737461746569
:10644000203D3D204E5246585F4452565F535441C2
:1064500054455F494E495449414C495A45440057B7
:106460004553545F544F504449522F6D6F64756CBF
:1064700065732F68616C2F6E6F726469632F6E7223
:1064800066782F68616C2F6E72665F6970632E6824
:1064900000574553545F544F504449522F6D6F6419
:1064A000756C65732F68616C2F6E6F726469632FF2
:1064B0006E7266782F647269766572732F73726379
:1064C0002F6E7266785F6E766D632E6300627974EC
:1064D00065735F636F756E74203C3D202834202DFA
:1064E00020627974655F7368696674290069735FF7
:1064F00076616C69645F616464726573732861645A
:1065000064722C2030290069735F76616C69645F66
:106510006164647265737328616464722C2031292C
:10652000006E7266785F69735F776F72645F616C2B
:1065300069676E65642828766F696420636F6E737F
:1065400074202A29616464722900574553545F54AA
:106550004F504449522F6D6F64756C65732F68619D
:106560006C2F6E6F726469632F6E7266782F64721F
:1065700069766572732F7372632F6E7266785F73BC
:1065800070696D2E6300705F63622D3E7374617479
:106590006520213D204E5246585F4452565F535469
:1065A0004154455F554E494E495449414C495A451D
:1065B0004400705F786665725F646573632D3E703A
:1065C0005F74785F62756666657220213D202828B9
:1065D000766F6964202A293029207C7C20705F78BE
:1065E0006665725F646573632D3E74785F6C656E7B
:1065F000677468203D3D203000705F786665725F8B
:10660000646573632D3E705F72785F627566666560
:106610007220213D202828766F6964202A2930299C
:10662000207C7C20705F786665725F646573632D83
:106630003E72785F6C656E677468203D3D20300067
:106640002828705F786665725F646573632D3E729B
:10665000785F6C656E677468203C202831554C204B
:106660003C3C202865617379646D615F737570705F
:106670006F72745F626974735B705F696E7374616B
:106680006E63652D3E6472765F696E73745F6964D4
:10669000785D2929292026262028705F7866657272
:1066A0005F646573632D3E74785F6C656E677468B4
:1066B000203C202831554C203C3C202865617379D2
:1066C000646D615F737570706F72745F626974730B
:1066D0005B705F696E7374616E63652D3E64727684
:1066E0005F696E73745F6964785D292929290021C7
:1066F00028666C6167732026202831554C203C3C6D
:1067000020332929207C7C2028705F63622D3E7312
:10671000735F70696E203D3D2030784646464646A0
:106720004646462900705F63622D3E68616E646C68
:10673000657200574553545F544F504449522F6D72
:106740006F64756C65732F68616C2F6E6F7264690E
:10675000632F6E7266782F647269766572732F7319
:1067600072632F6E7266785F7477696D2E63007046
:106770005F636F6E6669672D3E73636C5F70696EF1
:1067800020213D20705F636F6E6669672D3E7364E4
:10679000615F70696E00705F63622D3E7374617437
:1067A00065203D3D204E5246585F4452565F53543B
:1067B0004154455F494E495449414C495A4544006A
:1067C0002830207C7C2030207C7C20282828705F8A
:1067D000696E7374616E63652D3E6472765F696E77
:1067E00073745F69647829203D3D204E5246585F9E
:1067F0005457494D325F494E53545F4944582920FC
:10680000262620282828705F786665725F64657385
:10681000632D3E7072696D6172795F6C656E67742D
:106820006829203C20283155203C3C20313329293F
:10683000202626202828705F786665725F6465735D
:10684000632D3E7365636F6E646172795F6C656E14
:1068500067746829203C20283155203C3C20313386
:1068600029292929207C7C2030207C7C2030207C18
:106870007C2030207C7C2030207C7C2030207C7C64
:106880002030207C7C2030207C7C2030207C7C20B0
:1068900030207C7C2030207C7C2030207C7C203090
:1068A000207C7C2030207C7C2030207C7C20302090
:1068B0007C7C2030207C7C2030207C7C2030207C24
:1068C0007C2030207C7C2030207C7C2030207C7C14
:1068D0002030207C7C2030207C7C2030207C7C2060
:1068E00030207C7C2030207C7C2030207C7C203040
:1068F000207C7C2030207C7C2030207C7C20302040
:106900007C7C2030207C7C2030207C7C2030207CD3
:106910007C2030207C7C2030207C7C2030207C7CC3
:106920002030207C7C2030207C7C2030207C7C200F
:1069300030207C7C2030207C7C2030207C7C2030EF
:10694000207C7C2030207C7C2030207C7C203020EF
:106950007C7C2030207C7C2030207C7C2030207C83
:106960007C2030207C7C2030207C7C2030207C7C73
:106970002030207C7C2030207C7C2030207C7C20BF
:1069800030207C7C2030207C7C2030207C7C20309F
:10699000207C7C2030207C7C2030207C7C2030209F
:1069A0007C7C2030207C7C2030207C7C2030207C33
:1069B0007C2030207C7C2030207C7C2030207C7C23
:1069C0002030207C7C2030207C7C2030207C7C206F
:1069D00030207C7C2030207C7C2030207C7C20304F
:1069E000207C7C2030207C7C2030207C7C2030204F
:1069F0007C7C2030207C7C2030207C7C2030207CE3
:106A00007C2030207C7C2030207C7C2030207C7CD2
:106A10002030207C7C2030207C7C2030207C7C201E
:106A200030207C7C2030207C7C2030207C7C2030FE
:106A3000207C7C2030207C7C2030207C7C203020FE
:106A40007C7C2030207C7C2030207C7C2030207C92
:106A50007C2030207C7C2030207C7C2030207C7C82
:106A60002030207C7C2030207C7C2030207C7C20CE
:106A700030207C7C2030207C7C2030207C7C2030AE
:106A8000207C7C2030207C7C2030207C7C203020AE
:106A90007C7C2030207C7C2030207C7C2030207C42
:106AA0007C2030207C7C2030207C7C2030207C7C32
:106AB0002030207C7C2030207C7C2030207C7C207E
:106AC00030207C7C2030207C7C2030207C7C20305E
:106AD000207C7C2030207C7C2030207C7C2030205E
:106AE0007C7C2030207C7C2030207C7C2030207CF2
:106AF0007C2030207C7C2030207C7C2030207C7CE2
:106B00002030207C7C2030207C7C2030207C7C202D
:106B100030207C7C2030207C7C2030207C7C20300D
:106B2000207C7C2030207C7C2030207C7C2030200D
:106B30007C7C2030207C7C2030207C7C2030207CA1
:106B40007C2030207C7C2030207C7C2030207C7C91
:106B50002030207C7C2030207C7C2030207C7C20DD
:106B600030207C7C2030207C7C2030207C7C2030BD
:106B7000207C7C2030207C7C2030207C7C203020BD
:106B80007C7C2030207C7C2030207C7C2030207C51
:106B90007C2030207C7C2030207C7C2030207C7C41
:106BA0002030207C7C2030207C7C2030207C7C208D
:106BB00030207C7C2030207C7C2030207C7C20306D
:106BC000207C7C2030207C7C2030207C7C2030206D
:106BD0007C7C2030207C7C2030207C7C2030207C01
:106BE0007C2030207C7C2030207C7C2030207C7CF1
:106BF0002030207C7C2030207C7C2030207C7C203D
:106C000030207C7C2030207C7C2030207C7C20301C
:106C1000207C7C2030207C7C2030207C7C2030201C
:106C20007C7C2030207C7C2030207C7C2030207CB0
:106C30007C2030207C7C2030207C7C2030207C7CA0
:106C40002030207C7C2030207C7C2030207C7C20EC
:106C500030207C7C2030207C7C2030207C7C2030CC
:106C6000207C7C2030207C7C2030207C7C203020CC
:106C70007C7C2030207C7C2030207C7C2030207C60
:106C80007C2030207C7C2030207C7C2030207C7C50
:106C90002030207C7C2030207C7C2030207C7C209C
:106CA00030207C7C2030207C7C2030207C7C20307C
:106CB000207C7C2030207C7C2030207C7C2030207C
:106CC0007C7C2030207C7C2030207C7C2030207C10
:106CD0007C2030207C7C2030207C7C2030207C7C00
:106CE0002030207C7C2030207C7C2030207C7C204C
:106CF00030207C7C2030207C7C2030207C7C20302C
:106D0000207C7C2030207C7C2030207C7C2030202B
:106D10007C7C2030207C7C2030207C7C2030207CBF
:106D20007C2030207C7C2030207C7C2030207C7CAF
:106D30002030207C7C2030207C7C2030207C7C20FB
:106D400030207C7C2030207C7C2030207C7C2030DB
:106D5000207C7C2030207C7C2030207C7C203020DB
:106D60007C7C2030207C7C2030207C7C2030207C6F
:106D70007C2030207C7C2030207C7C2030207C7C5F
:106D80002030207C7C2030207C7C2030207C7C20AB
:106D900030207C7C2030207C7C2030207C7C20308B
:106DA000207C7C2030207C7C2030207C7C2030208B
:106DB0007C7C2030207C7C2030207C7C2030207C1F
:106DC0007C2030207C7C2030207C7C2030207C7C0F
:106DD0002030207C7C2030207C7C2030207C7C205B
:106DE00030207C7C2030207C7C2030207C7C20303B
:106DF000207C7C2030207C7C2030207C7C2030203B
:106E00007C7C2030207C7C2030207C7C2030207CCE
:106E10007C2030207C7C2030207C7C2030207C7CBE
:106E20002030207C7C2030207C7C2030207C7C200A
:106E300030207C7C2030207C7C2030207C7C2030EA
:106E4000207C7C2030207C7C2030207C7C203020EA
:106E50007C7C2030207C7C2030207C7C2030207C7E
:106E60007C2030207C7C2030207C7C2030207C7C6E
:106E70002030207C7C2030207C7C2030207C7C20BA
:106E800030207C7C2030207C7C2030207C7C20309A
:106E9000207C7C2030207C7C2030207C7C2030209A
:106EA0007C7C2030207C7C2030207C7C2030207C2E
:106EB0007C2030207C7C2030207C7C2030207C7C1E
:106EC0002030207C7C2030207C7C2030207C7C206A
:106ED00030207C7C2030207C7C2030207C7C20304A
:106EE000207C7C2030207C7C2030207C7C2030204A
:106EF0007C7C2030207C7C2030207C7C2030207CDE
:106F00007C2030207C7C2030207C7C2030207C7CCD
:106F10002030207C7C2030207C7C2030207C7C2019
:106F200030207C7C2030207C7C2030207C7C2030F9
:106F3000207C7C2030207C7C2030207C7C203020F9
:106F40007C7C2030207C7C2030207C7C2030207C8D
:106F50007C2030207C7C2030207C7C2030207C7C7D
:106F60002030207C7C2030207C7C2030207C7C20C9
:106F700030207C7C2030207C7C20302900705F63B6
:106F8000622D3E7374617465203D3D204E5246581B
:106F90005F4452565F53544154455F504F574552DA
:106FA00045445F4F4E00212828705F63622D3E6884
:106FB000616E646C6572203D3D202828766F69649F
:106FC000202A293029292026262028705F78666506
:106FD000725F646573632D3E74797065203D3D205A
:106FE0004E5246585F5457494D5F584645525F547C
:106FF000585258292900212828705F63622D3E6865
:10700000616E646C6572203D3D202828766F69644E
:10701000202A293029292026262028705F786665B5
:10702000725F646573632D3E74797065203D3D2009
:107030004E5246585F5457494D5F584645525F542B
:107040005854582929002128666C6167732026202E
:107050002831554C203C3C20342929002128666CDD
:107060006167732026202831554C203C3C20332971
:1070700029002128666C6167732026202831554C31
:10708000203C3C203229290041542B4346554E3D9B
:10709000002B434D45204552524F523A002B434D51
:1070A00053204552524F523A0070646E0000010264
:1070B00005574553545F544F504449522F7A6570D9
:1070C0006879722F6B65726E656C2F646576696383
:1070D000652E6300646576203C3D205F64657669BB
:1070E00063655F6C6973745F656E640048616C749E
:1070F000696E672073797374656D00556E6B6E6F82
:10710000776E206572726F7200756E6B6E6F776E40
:10711000003E3E3E205A4550485952204641544177
:107120004C204552524F522025643A202573206F3F
:107130006E20435055202564004661756C742064B0
:107140007572696E6720696E7465727275707420ED
:1071500068616E646C696E670A0043757272656E71
:1071600074207468726561643A2025702028257344
:107170002900574553545F544F504449522F7A6564
:10718000706879722F6B65726E656C2F66617461C1
:107190006C2E6300726561736F6E20213D204B5F22
:1071A0004552525F4B45524E454C5F50414E49430C
:1071B0000009417474656D7074656420746F207289
:1071C00065636F7665722066726F6D2061206B65F6
:1071D000726E656C2070616E696320636F6E6469A6
:1071E00074696F6E0A00435055206578636570744A
:1071F000696F6E00556E68616E646C656420696EBF
:107200007465727275707400537461636B206F766D
:107210006572666C6F77004B65726E656C206F6F80
:107220007073004B65726E656C2070616E696300EF
:10723000574553545F544F504449522F7A657068F4
:1072400079722F6B65726E656C2F696E69742E632F
:10725000007468726561645F64617461203C3D2004
:107260005F5F7374617469635F7468726561645FA2
:10727000646174615F6C6973745F656E64006D61F5
:10728000696E006F7300574553545F544F50444923
:10729000522F7A65706879722F6B65726E656C2FEC
:1072A0006B686561702E630068656170203C3D20ED
:1072B0005F6B5F686561705F6C6973745F656E6456
:1072C0000021617263685F69735F696E5F697372E1
:1072D0002829207C7C20282874696D656F757429A5
:1072E0002E7469636B73203D3D202828286B5F74E2
:1072F000696D656F75745F7429207B307D29292E37
:107300007469636B732900574553545F544F50445D
:1073100049522F7A65706879722F6B65726E656C51
:107320002F6D656D5F736C61622E6300736C6162BB
:10733000203C3D205F6B5F6D656D5F736C61625FCC
:107340006C6973745F656E6400574553545F544FA6
:10735000504449522F7A65706879722F6B65726E4E
:10736000656C2F69646C652E63005F6B65726E657A
:107370006C2E637075735B305D2E63757272656E13
:10738000742D3E626173652E7072696F203E3D20E0
:107390003000574553545F544F504449522F7A653B
:1073A000706879722F6B65726E656C2F6D73675F95
:1073B000712E63006D7367712D3E77726974655F1E
:1073C000707472203E3D206D7367712D3E6275664C
:1073D0006665725F7374617274202626206D736710
:1073E000712D3E77726974655F707472203C206DF8
:1073F0007367712D3E6275666665725F656E6400C7
:10740000574553545F544F504449522F7A65706822
:1074100079722F6B65726E656C2F6D757465782E41
:10742000630021617263685F69735F696E5F69738E
:1074300072282900096D7574657865732063616E23
:107440006E6F74206265207573656420696E736960
:10745000646520495352730A006D757465782D3E3A
:107460006C6F636B5F636F756E74203E20305500E8
:10747000574553545F544F504449522F7A657068B2
:1074800079722F6B65726E656C2F73656D2E63005C
:107490002828617263685F69735F696E5F697372E0
:1074A0002829203D3D203029207C7C202828746913
:1074B0006D656F7574292E7469636B73203D3D2073
:1074C0002828286B5F74696D656F75745F74292057
:1074D0007B307D29292E7469636B732929007379A8
:1074E00073776F726B7100574553545F544F50441C
:1074F00049522F7A65706879722F6B65726E656C70
:107500002F776F726B2E6300776F726B2D3E7175E4
:1075100065756520213D202828766F6964202A2919
:10752000302900776F726B2D3E68616E646C6572F6
:1075300020213D202828766F6964202A29302900DF
:10754000717565756500737461636B0021666C61AC
:10755000675F74657374282671756575652D3E6661
:107560006C6167732C204B5F574F524B5F515545F1
:1075700055455F535441525445445F424954290094
:1075800064776F726B20213D202828766F69642014
:107590002A29302900574553545F544F50444952CB
:1075A0002F7A65706879722F6B65726E656C2F74B7
:1075B00068726561642E6300282828287072696FDC
:1075C0002929203D3D203135202626207A5F697308
:1075D0005F69646C655F7468726561645F656E7431
:1075E00072792828656E747279292929207C7C207B
:1075F0002828283135202D203129203E3D202828DB
:107600002D31362929292026262028287072696FD5
:107610002929203E3D2028282D31362929202626BB
:107620002028287072696F2929203C3D2028313597
:10763000202D20312929290009696E76616C696441
:10764000207072696F7269747920282564293B2043
:10765000616C6C6F7765642072616E67653A202596
:107660006420746F2025640A00095468726561649F
:1076700073206D6179206E6F74206265206372657E
:107680006174656420696E20495352730A0057453E
:1076900053545F544F504449522F7A657068797241
:1076A0002F6B65726E656C2F696E636C7564652FE8
:1076B0006B7468726561642E68005F6B65726E65DD
:1076C0006C2E637075735B305D2E63757272656EC0
:1076D0007420213D202828766F6964202A293029CA
:1076E00000574553545F544F504449522F7A6570A8
:1076F0006879722F6B65726E656C2F736368656451
:107700002E6300217A5F69735F69646C655F7468DA
:10771000726561645F6F626A65637428746872651C
:10772000616429007468726561642D3E62617365ED
:107730002E70656E6465645F6F6E00217465726D96
:10774000696E617465000961626F72746564205FBF
:1077500063757272656E74206261636B2066726F0E
:107760006D20646561640A0073697A656F66285FDD
:1077700073636865645F7370696E6C6F636B2920F7
:107780003D3D2030207C7C206C6F636B20213D20B0
:10779000265F73636865645F7370696E6C6F636B9B
:1077A00000574553545F544F504449522F7A6570E7
:1077B0006879722F6B65726E656C2F696E636C757C
:1077C00064652F6B73636865642E68005F6B657218
:1077D0006E656C2E637075735B305D2E63757272AF
:1077E000656E742D3E626173652E73636865645FB8
:1077F0006C6F636B656420213D203155005F6B65C4
:10780000726E656C2E637075735B305D2E6375727E
:1078100072656E742D3E626173652E736368656474
:107820005F6C6F636B656420213D20305500217AC9
:107830005F69735F7468726561645F7374617465B6
:107840005F736574285F6B65726E656C2E6370750F
:10785000735B305D2E63757272656E742C20282800
:1078600031554C203C3C2028342929292900096124
:10787000626F7274696E6720657373656E74696197
:107880006C207468726561642025700A0057455346
:10789000545F544F504449522F7A65706879722F63
:1078A0006B65726E656C2F74696D65736C69636965
:1078B0006E672E6300282874696D656F75742920C2
:1078C000262620282875696E747074725F742920CA
:1078D00028736C6963655F74696D656F757473296E
:1078E00029203C3D20282875696E747074725F747D
:1078F00029202874696D656F757429292026262032
:10790000282875696E747074725F742920287469F0
:107910006D656F75742929203C20282875696E745F
:107920007074725F742920282628736C6963655F00
:1079300074696D656F757473295B282873697A653E
:107940005F742920282828696E74292073697A6554
:107950006F6628636861725B31202D2032202A20F7
:107960002128215F5F6275696C74696E5F7479703C
:1079700065735F636F6D70617469626C655F7028B9
:107980005F5F747970656F665F5F28736C696365AC
:107990005F74696D656F757473292C205F5F7479EE
:1079A00070656F665F5F282628736C6963655F7416
:1079B000696D656F757473295B305D2929295D29AF
:1079C000202D203129202B202873697A656F6628A5
:1079D000736C6963655F74696D656F757473292075
:1079E0002F2073697A656F662828736C6963655FF9
:1079F00074696D656F757473295B305D2929292958
:107A00005D29292026262028282875696E7470741F
:107A1000725F7429202874696D656F757429292037
:107A20002D20282875696E747074725F742920285F
:107A3000736C6963655F74696D656F75747329290B
:107A40002920252073697A656F662828736C69631D
:107A5000655F74696D656F757473295B305D29208E
:107A60003D3D20302900574553545F544F50444901
:107A7000522F7A65706879722F6B65726E656C2F04
:107A800074696D656F75742E6300217379735F641B
:107A90006E6F64655F69735F6C696E6B65642826E1
:107AA000746F2D3E6E6F64652900574553545F54C3
:107AB0004F504449522F7A65706879722F6B657206
:107AC0006E656C2F706F6C6C2E63006576656E74DE
:107AD0002D3E73656D20213D202828766F69642036
:107AE0002A2930290009696E76616C696420736502
:107AF0006D6170686F72650A0A006576656E742D37
:107B00003E717565756520213D202828766F696472
:107B1000202A2930290009696E76616C6964207118
:107B2000756575650A0A006576656E742D3E736924
:107B3000676E616C20213D202828766F6964202AB9
:107B40002930290009696E76616C696420706F6C58
:107B50006C207369676E616C0A0A006576656E74E5
:107B60002D3E6D73677120213D202828766F696452
:107B7000202A2930290009696E76616C6964206DBC
:107B80006573736167652071756575650A0A00091B
:107B9000696E76616C6964206576656E74207479AF
:107BA00070650A0A0009696E76616C696420657601
:107BB000656E742074797065202830782578290ADC
:107BC0000A006D6F6465203D3D204B5F504F4C4C6B
:107BD0005F4D4F44455F4E4F544946595F4F4E4CA1
:107BE0005900096F6E6C79204E4F544946595F4FCA
:107BF0004E4C59206D6F64652069732073757070E9
:107C00006F727465640A0A0074797065203C2028DC
:107C10002831554C203C3C20285F504F4C4C5F4E47
:107C2000554D5F54595045532929290009696E76ED
:107C3000616C696420747970650A0A006F626A2059
:107C4000213D202828766F6964202A2930290009DF
:107C50006D7573742070726F7669646520616E2033
:107C60006F626A6563740A0A006576656E747320D4
:107C7000213D202828766F6964202A2930290009AF
:107C80004E554C4C206576656E74730A0A006E750D
:107C90006D5F6576656E7473203E3D203000093C53
:107CA00030206576656E74730A0A00574553545F39
:107CB000544F504449522F7A65706879722F6B6522
:107CC000726E656C2F6D656D706F6F6C2E630061E9
:107CD0006C69676E203D3D2030207C7C2028287513
:107CE000696E747074725F74296D656D202620282A
:107CF000616C69676E202D20312929203D3D20309F
:107D000000096D6973616C69676E6564206D656DEE
:107D10006F72792061742025702028616C69676E0C
:107D2000203D20257A75290A00616C69676E202F35
:107D30002073697A656F6628766F6964202A292026
:107D40003E3D20312026262028616C69676E202563
:107D50002073697A656F6628766F6964202A2929FD
:107D6000203D3D20300009616C69676E206D7573A0
:107D7000742062652061206D756C7469706C65207B
:107D80006F662073697A656F6628766F6964202A4A
:107D9000290A007374643A3A6261645F616C6C6FC3
:107DA00063005374396261645F616C6C6F6300736C
:107DB00074643A3A6261645F657863657074696F90
:107DC0006E00537439657863657074696F6E005323
:107DD0007431336261645F657863657074696F6E76
:107DE000004E31305F5F637878616269763131359A
:107DF0005F5F666F726365645F756E77696E644519
:107E0000004E31305F5F6378786162697631313975
:107E10005F5F666F726569676E5F657863657074D2
:107E2000696F6E45004E31305F5F637878616269DB
:107E3000763132305F5F73695F636C6173735F7457
:107E40007970655F696E666F450053743974797037
:107E5000655F696E666F004E31305F5F6378786191
:107E60006269763131375F5F636C6173735F747918
:107E700070655F696E666F45006E616E00286E7595
:107E80006C6C29006364696E6F70737578585B65FC
:107E9000666745464700616E006E66696E69747973
:107EA00000000000E9D7010000000000DDD3010060
:107EB00000000000E9BB01000000000099A50100DE
:107EC00000000000A9D4010000000000C1CA0200A7
:107ED00000000000FFFFFFFFFFFFFFFFFFFFFFFFAE
:107EE000FFFFFFFFFFFFFFFFFFFFFFFF000000009E
:107EF000000000000000000000000000956002008B
:107F0000000000000000000000000000A0C50020EC
:107F1000A0C5002035BD02000000000000000000E8
:107F2000000000000000000000000000C0C50020AC
:107F3000C0C500200000000001000000D0C50020E6
:107F4000D0C50020D8C50020D8C500200000000002
:107F500001000000E8C50020E8C500200000000086
:107F60000000000000000000000000000000000011
:107F70000000000000000000000000000000000001
:107F800000000000000000000000000000000000F1
:107F90000000000000000000E1CA02000000000034
:107FA00000010000000000000000000000000000D0
:107FB00000000000000000000000000000000000C1
:107FC00000000000C0FC02000C000100C0FC020028
:107FD0000B000100C0FC02000A00010021A7020002
:107FE00049B10200D00803000000000000000000BA
:107FF00000000000EEEEFFC000000000B804012009
:108000000000000000000000000000000000000070
:108010000000000000000000000000000000000060
:108020000000000000000000000000000000000050
:10803000000000001C09030000000000D1B602008F
:108040000000000000000000DCC60020DCC60020AC
:1080500000000000000000000E000000F0C600203C
:10806000F0C60020010000000100000000C7002051
:1080700000C7002008C7002008C70020000000003B
:108080000100000018C7002018C7002000000000F1
:108090002612012068250000D14A0000A3950000A7
:1080A000E9C001000000000000C20100000103005F
:1080B00000000000371201203612012000000000ED
:1080C0000000000000C201000001030000000000E9
:1080D00039120120381201200000000000000000C9
:1080E00000000000740C03000100000080C70020A5
:1080F00080C70020000000000100000090C70020A1
:1081000090C7002098C7002098C7002000000000FA
:1081100001000000A8C70020A8C700200000000040
:10812000000000000000000000000000000000004F
:10813000000000000000000000000000000000003F
:108140004CFD02000000000000000000421201206F
:108150003A1201202DAB0100AFC502000000000063
:108160000000000045B10100000000000000000018
:108170000000000085C201000000000000000000B7
:108180000000000079B801000000000000000000BD
:108190000000000069C101000000000000000000B4
:1081A0006300000000000000C1D7010000000000D3
:1081B000000000004CFD020000127A0006010000E1
:1081C000C0FC02001900010000000000FFFF0000D9
:1081D000000000000000000000000000000000009F
:1081E000000000000000000000000000000000008F
:1081F000000000000000000000000000000000007F
:10820000000000000000000000000000000000006E
:10821000000000000000000000000000000000005E
:1082200008000000FF000000000000000100000046
:10823000000000000000000000000000000000003E
:10824000000000000000000000000000000000002E
:10825000000000000000000000000000000000001E
:10826000000000000000000000000000000000000E
:1082700000000000000000000000000000000000FE
:108280000000000008000000FF00000000000000E7
:108290000100000000000000A9120200A910020065
:1082A000CD120200B5100200B11502003913020010
:1082B000791502005BD4020055D402004FD40200AD
:1082C00054C9002054C900205CC900205CC90020AA
:1082D00081EB020049630100030730303030303059
:1082E00031310030303130303030310031303031E8
:1082F0000031303031000000BA4C03004DBB0100AA
:1083000000000000C94C030095BC01000000000003
:10831000C24C0300A1BA010000000000934C03000E
:1083200011BC010000000000A74C030025BE0100A5
:10833000000000009A4C0300E1B9010000000000B9
:10834000B24C03006DB9010000000000585B03004F
:1083500005D801000000000000000000000000003F
:10836000000000000000000000000000000000000D
:1083700000000000000000000000000000000000FD
:1083800000000000000000000000000000000000ED
:1083900000000000000000000000000000000000DD
:1083A00000000000000000000000000000000000CD
:1083B00000000000000000000000000000000000BD
:1083C00000000000956002000000000000000000B6
:1083D0000000000068CA002068CA002000000000F9
:1083E000000000000000000000000000000000008D
:1083F0000000000000000000E874012000080000F8
:10840000000000000000000000000000000000006C
:10841000A82F012000010000000000000000000063
:1084200000000000B8CA0020B8CA00200000000008
:10843000000000000E000000CCCA0020CCCA0020C2
:1084400000000000000000000E000000E0CA002054
:10845000E0CA002000000000000000000E00000044
:10846000F4CA0020F4CA0020000000000000000050
:108470000E00000008CB002008CB00200000000008
:10848000000000000E0000001CCB00201CCB0020D0
:1084900000000000000000000E00000030CB0020B3
:1084A00030CB002000000000000000000E000000A3
:1084B00044CB002044CB002000000000000000005E
:1084C0000E00000058CB002058CB00200000000018
:1084D0000100000068CB002068CB002070CB00209A
:1084E00070CB0020000000000100000080CB0020C5
:1084F00080CB002088CB002088CB0020000000002B
:108500000100000098CB002098CB0020A0CB0020D9
:10851000A0CB00200100000001000000B0CB002033
:10852000B0CB0020B8CB0020B8CB00200100000069
:1085300001000000C8CB0020C8CB002000000000D4
:108540000000000000000000DCCB0020DCCB00209D
:10855000E4CB0020E4CB002028CC00200000000069
:10856000000000000000000000000000000000000B
:1085700000000000000000000000000000000000FB
:1085800000000000000000000000000000000000EB
:108590000000000098FC02004CCC0020000000000D
:1085A00000020000000000000000000000050000C4
:1085B00000000000000000000000000000000000BB
:1085C0009D6B010000000000CDA001608408B10196
:1085D000B0B0B000FF100D01040206080101000058
:1085E0000000000008B10181B0B00084000000006C
:1085F00008B10181B0B000840000000099A00160C2
:10860000A908B100FFFF010008B10181B0B00084EA
:108610000000000081A00160B0AF1200FF1019013E
:1086200010289C050000DA0504DE0501F60534007B
:1086300000010000000000005DA00160B0AF040078
:10864000FF1029011E2404280160049201006A041D
:108650006E0188010A9201009A01040000AE010235
:1086600092010001000000000000000008B101813B
:10867000B0B000840000000008B10181B0B00084F7
:088680000000000015E015E008
:00000001FF
